fecha,compra_ars,venta_ars
2011-01-03,4,4
2011-01-04,4,4
2011-01-05,4,4
2011-01-06,4,4
2011-01-07,4,4
2011-01-08,4,4
2011-01-09,4,4
2011-01-10,4,4
2011-01-11,4,4
2011-01-12,4,4
2011-01-13,4,4
2011-01-14,4,4
2011-01-15,4,4
2011-01-16,4,4
2011-01-17,4,4
2011-01-18,4,4
2011-01-19,4,4
2011-01-20,4,4
2011-01-21,4,4
2011-01-22,4,4
2011-01-23,4,4
2011-01-24,4,4
2011-01-25,4,4
2011-01-26,4,4
2011-01-27,4,4
2011-01-28,4,4
2011-01-29,4,4
2011-01-30,4,4
2011-01-31,4,4
2011-02-01,4,4
2011-02-02,4,4
2011-02-03,4,4
2011-02-04,4,4
2011-02-05,4,4
2011-02-06,4,4
2011-02-07,4,4
2011-02-08,4,4
2011-02-09,4,4
2011-02-10,4,4
2011-02-11,4,4
2011-02-12,4,4
2011-02-13,4,4
2011-02-14,4,4
2011-02-15,4,4
2011-02-16,4,4
2011-02-17,4,4
2011-02-18,4,4
2011-02-19,4,4
2011-02-20,4,4
2011-02-21,4,4
2011-02-22,4,4
2011-02-23,4,4
2011-02-24,4,4
2011-02-25,4,4
2011-02-26,4,4
2011-02-27,4,4
2011-02-28,4,4
2011-03-01,4,4
2011-03-02,4,4
2011-03-03,4,4
2011-03-04,4,4
2011-03-05,4,4
2011-03-06,4,4
2011-03-07,4,4
2011-03-08,4,4
2011-03-09,4,4
2011-03-10,4,4
2011-03-11,4,4
2011-03-12,4,4
2011-03-13,4,4
2011-03-14,4,4
2011-03-15,4,4
2011-03-16,4,4
2011-03-17,4,4
2011-03-18,4,4
2011-03-19,4,4
2011-03-20,4,4
2011-03-21,4,4
2011-03-22,4,4
2011-03-23,4,4
2011-03-24,4,4
2011-03-25,4,4
2011-03-26,4,4
2011-03-27,4,4
2011-03-28,4,4
2011-03-29,4,4
2011-03-30,4,4
2011-03-31,4,4
2011-04-01,4,4
2011-04-02,4,4
2011-04-03,4,4
2011-04-04,4,4
2011-04-05,4,4
2011-04-06,4,4
2011-04-07,4,4
2011-04-08,4,4
2011-04-09,4,4
2011-04-10,4,4
2011-04-11,4,4
2011-04-12,4,4
2011-04-13,4,4
2011-04-14,4,4
2011-04-15,4,4
2011-04-16,4,4
2011-04-17,4,4
2011-04-18,4,4
2011-04-19,4,4
2011-04-20,4,4
2011-04-21,4,4
2011-04-22,4,4
2011-04-23,4,4
2011-04-24,4,4
2011-04-25,4,4
2011-04-26,4,4
2011-04-27,4,4
2011-04-28,4,4
2011-04-29,4,4
2011-04-30,4,4
2011-05-01,4,4
2011-05-02,4,4
2011-05-03,4,4
2011-05-04,4,4
2011-05-05,4,4
2011-05-06,4,4
2011-05-07,4,4
2011-05-08,4,4
2011-05-09,4,4
2011-05-10,4,4
2011-05-11,4,4
2011-05-12,4,4
2011-05-13,4,4
2011-05-14,4,4
2011-05-15,4,4
2011-05-16,4,4
2011-05-17,4,4
2011-05-18,4,4
2011-05-19,4,4
2011-05-20,4,4
2011-05-21,4,4
2011-05-22,4,4
2011-05-23,4,4
2011-05-24,4,4
2011-05-25,4,4
2011-05-26,4,4
2011-05-27,4,4
2011-05-28,4,4
2011-05-29,4,4
2011-05-30,4,4
2011-05-31,4,4
2011-06-01,4,4
2011-06-02,4,4
2011-06-03,4,4
2011-06-04,4,4
2011-06-05,4,4
2011-06-06,4,4
2011-06-07,4,4
2011-06-08,4,4
2011-06-09,4,4
2011-06-10,4,4
2011-06-11,4,4
2011-06-12,4,4
2011-06-13,4,4
2011-06-14,4,4
2011-06-15,4,4
2011-06-16,4,4
2011-06-17,4,4
2011-06-18,4,4
2011-06-19,4,4
2011-06-20,4,4
2011-06-21,4,4
2011-06-22,4,4
2011-06-23,4,4
2011-06-24,4,4
2011-06-25,4,4
2011-06-26,4,4
2011-06-27,4,4
2011-06-28,4,4
2011-06-29,4,4
2011-06-30,4,4
2011-07-01,4,4
2011-07-02,4,4
2011-07-03,4,4
2011-07-04,4,4
2011-07-05,4,4
2011-07-06,4,4
2011-07-07,4,4
2011-07-08,4,4
2011-07-09,4,4
2011-07-10,4,4
2011-07-11,4,4
2011-07-12,4,4
2011-07-13,4,4
2011-07-14,4,4
2011-07-15,4,4
2011-07-16,4,4
2011-07-17,4,4
2011-07-18,4,4
2011-07-19,4,4
2011-07-20,4,4
2011-07-21,4,4
2011-07-22,4,4
2011-07-23,4,4
2011-07-24,4,4
2011-07-25,4,4
2011-07-26,4,4
2011-07-27,4,4
2011-07-28,4,4
2011-07-29,4,4
2011-07-30,4,4
2011-07-31,4,4
2011-08-01,4,4
2011-08-02,4,4
2011-08-03,4,4
2011-08-04,4,4
2011-08-05,4,4
2011-08-06,4,4
2011-08-07,4,4
2011-08-08,4,4
2011-08-09,4,4
2011-08-10,4,4
2011-08-11,4,4
2011-08-12,4,4
2011-08-13,4,4
2011-08-14,4,4
2011-08-15,4,4
2011-08-16,4,4
2011-08-17,4,4
2011-08-18,4,4
2011-08-19,4,4
2011-08-20,4,4
2011-08-21,4,4
2011-08-22,4,4
2011-08-23,4,4
2011-08-24,4,4
2011-08-25,4,4
2011-08-26,4,4
2011-08-27,4,4
2011-08-28,4,4
2011-08-29,4,4
2011-08-30,4,4
2011-08-31,4,4
2011-09-01,4,4
2011-09-02,4,4
2011-09-03,4,4
2011-09-04,4,4
2011-09-05,4,4
2011-09-06,4,4
2011-09-07,4,4
2011-09-08,4,4
2011-09-09,4,4
2011-09-10,4,4
2011-09-11,4,4
2011-09-12,4,4
2011-09-13,4,4
2011-09-14,4,4
2011-09-15,4,4
2011-09-16,4,4
2011-09-17,4,4
2011-09-18,4,4
2011-09-19,4,4
2011-09-20,4,4
2011-09-21,4,4
2011-09-22,4,4
2011-09-23,4,4
2011-09-24,4,4
2011-09-25,4,4
2011-09-26,4,4
2011-09-27,4,4
2011-09-28,4,4
2011-09-29,4,4
2011-09-30,4,4
2011-10-01,4,4
2011-10-02,4,4
2011-10-03,4,4
2011-10-04,4,4
2011-10-05,4,4
2011-10-06,4,4
2011-10-07,4,4
2011-10-08,4,4
2011-10-09,4,4
2011-10-10,4,4
2011-10-11,4,4
2011-10-12,4,4
2011-10-13,4,4
2011-10-14,4,4
2011-10-15,4,4
2011-10-16,4,4
2011-10-17,4,4
2011-10-18,4,4
2011-10-19,4,4
2011-10-20,4,4
2011-10-21,4,4
2011-10-22,4,4
2011-10-23,4,4
2011-10-24,4,4
2011-10-25,4,4
2011-10-26,4,4
2011-10-27,4,4
2011-10-28,4,4
2011-10-29,4,4
2011-10-30,4,4
2011-10-31,4,4
2011-11-01,4,4
2011-11-02,4,4
2011-11-03,4,4
2011-11-04,4,4
2011-11-05,4,4
2011-11-06,4,4
2011-11-07,4,4
2011-11-08,4,4
2011-11-09,4,4
2011-11-10,4,4
2011-11-11,4,4
2011-11-12,4,4
2011-11-13,4,4
2011-11-14,4,4
2011-11-15,4,4
2011-11-16,4,4
2011-11-17,4,4
2011-11-18,4,4
2011-11-19,4,4
2011-11-20,4,4
2011-11-21,4,4
2011-11-22,4,4
2011-11-23,4,4
2011-11-24,4,4
2011-11-25,4,4
2011-11-26,4,4
2011-11-27,4,4
2011-11-28,4,4
2011-11-29,4,4
2011-11-30,4,4
2011-12-01,4,4
2011-12-02,4,4
2011-12-03,4,4
2011-12-04,4,4
2011-12-05,4,4
2011-12-06,4,4
2011-12-07,4,4
2011-12-08,4,4
2011-12-09,4,4
2011-12-10,4,4
2011-12-11,4,4
2011-12-12,4,4
2011-12-13,4,4
2011-12-14,4,4
2011-12-15,4,4
2011-12-16,4,4
2011-12-17,4,4
2011-12-18,4,4
2011-12-19,4,4
2011-12-20,4,4
2011-12-21,4,4
2011-12-22,4,4
2011-12-23,4,4
2011-12-24,4,4
2011-12-25,4,4
2011-12-26,4,4
2011-12-27,4,4
2011-12-28,4,4
2011-12-29,4,4
2011-12-30,4,4
2011-12-31,4,4
2012-01-01,4,4
2012-01-02,4,4
2012-01-03,4,4
2012-01-04,4,4
2012-01-05,4,4
2012-01-06,4,4
2012-01-07,4,4
2012-01-08,4,4
2012-01-09,4,4
2012-01-10,4,4
2012-01-11,4,4
2012-01-12,4,4
2012-01-13,4,4
2012-01-14,4,4
2012-01-15,4,4
2012-01-16,4,4
2012-01-17,4,4
2012-01-18,4,4
2012-01-19,4,4
2012-01-20,4,4
2012-01-21,4,4
2012-01-22,4,4
2012-01-23,4,4
2012-01-24,4,4
2012-01-25,4,4
2012-01-26,4,4
2012-01-27,4,4
2012-01-28,4,4
2012-01-29,4,4
2012-01-30,4,4
2012-01-31,4,4
2012-02-01,4,4
2012-02-02,4,4
2012-02-03,4,4
2012-02-04,4,4
2012-02-05,4,4
2012-02-06,4,4
2012-02-07,4,4
2012-02-08,4,4
2012-02-09,4,4
2012-02-10,4,4
2012-02-11,4,4
2012-02-12,4,4
2012-02-13,4,4
2012-02-14,4,4
2012-02-15,4,4
2012-02-16,4,4
2012-02-17,4,4
2012-02-18,4,4
2012-02-19,4,4
2012-02-20,4,4
2012-02-21,4,4
2012-02-22,4,4
2012-02-23,4,4
2012-02-24,4,4
2012-02-25,4,4
2012-02-26,4,4
2012-02-27,4,4
2012-02-28,4,4
2012-02-29,4,4
2012-03-01,4,4
2012-03-02,4,4
2012-03-03,4,4
2012-03-04,4,4
2012-03-05,4,4
2012-03-06,4,4
2012-03-07,4,4
2012-03-08,4,4
2012-03-09,4,4
2012-03-10,4,4
2012-03-11,4,4
2012-03-12,4,4
2012-03-13,4,4
2012-03-14,4,4
2012-03-15,4,4
2012-03-16,4,4
2012-03-17,4,4
2012-03-18,4,4
2012-03-19,4,4
2012-03-20,4,4
2012-03-21,4,4
2012-03-22,4,4
2012-03-23,4,4
2012-03-24,4,4
2012-03-25,4,4
2012-03-26,4,4
2012-03-27,4,4
2012-03-28,4,4
2012-03-29,4,4
2012-03-30,4,4
2012-03-31,4,4
2012-04-01,4,4
2012-04-02,4,4
2012-04-03,4,4
2012-04-04,4,4
2012-04-05,4,4
2012-04-06,4,4
2012-04-07,4,4
2012-04-08,4,4
2012-04-09,4,4
2012-04-10,4,4
2012-04-11,4,4
2012-04-12,4,4
2012-04-13,4,4
2012-04-14,4,4
2012-04-15,4,4
2012-04-16,4,4
2012-04-17,4,4
2012-04-18,4,4
2012-04-19,4,4
2012-04-20,4,4
2012-04-21,4,4
2012-04-22,4,4
2012-04-23,4,4
2012-04-24,4,4
2012-04-25,4,4
2012-04-26,4,4
2012-04-27,4,4
2012-04-28,4,4
2012-04-29,4,4
2012-04-30,4,4
2012-05-01,4,4
2012-05-02,4,4
2012-05-03,4,4
2012-05-04,4,4
2012-05-05,4,4
2012-05-06,4,4
2012-05-07,4,4
2012-05-08,4,4
2012-05-09,4,4
2012-05-10,4,4
2012-05-11,4,4
2012-05-12,4,4
2012-05-13,4,4
2012-05-14,4,4
2012-05-15,4,4
2012-05-16,4,4
2012-05-17,4,4
2012-05-18,4,4
2012-05-19,4,4
2012-05-20,4,4
2012-05-21,4,4
2012-05-22,4,4
2012-05-23,4,4
2012-05-24,4,4
2012-05-25,4,4
2012-05-26,4,4
2012-05-27,4,4
2012-05-28,4,4
2012-05-29,4,4
2012-05-30,4,4
2012-05-31,4,4
2012-06-01,4,4
2012-06-02,4,4
2012-06-03,4,4
2012-06-04,4,4
2012-06-05,4,4
2012-06-06,5,4
2012-06-07,5,4
2012-06-08,5,4
2012-06-09,5,4
2012-06-10,5,4
2012-06-11,5,4
2012-06-12,5,4
2012-06-13,5,4
2012-06-14,5,4
2012-06-15,5,4
2012-06-16,5,4
2012-06-17,5,4
2012-06-18,5,4
2012-06-19,5,4
2012-06-20,5,4
2012-06-21,5,4
2012-06-22,5,4
2012-06-23,5,4
2012-06-24,5,4
2012-06-25,5,4
2012-06-26,5,4
2012-06-27,5,4
2012-06-28,5,4
2012-06-29,5,4
2012-06-30,5,4
2012-07-01,5,4
2012-07-02,5,4
2012-07-03,5,4
2012-07-04,5,4
2012-07-05,5,4
2012-07-06,5,4
2012-07-07,5,4
2012-07-08,5,4
2012-07-09,5,4
2012-07-10,5,4
2012-07-11,5,4
2012-07-12,5,4
2012-07-13,5,4
2012-07-14,5,4
2012-07-15,5,4
2012-07-16,5,4
2012-07-17,5,4
2012-07-18,5,4
2012-07-19,5,4
2012-07-20,5,4
2012-07-21,5,4
2012-07-22,5,4
2012-07-23,5,4
2012-07-24,5,4
2012-07-25,5,4
2012-07-26,5,4
2012-07-27,5,4
2012-07-28,5,4
2012-07-29,5,4
2012-07-30,5,4
2012-07-31,5,4
2012-08-01,5,4
2012-08-02,5,5
2012-08-03,5,5
2012-08-04,5,5
2012-08-05,5,5
2012-08-06,5,5
2012-08-07,5,5
2012-08-08,5,5
2012-08-09,5,5
2012-08-10,5,5
2012-08-11,5,5
2012-08-12,5,5
2012-08-13,5,5
2012-08-14,5,5
2012-08-15,5,5
2012-08-16,5,5
2012-08-17,5,5
2012-08-18,5,5
2012-08-19,5,5
2012-08-20,5,5
2012-08-21,5,5
2012-08-22,5,5
2012-08-23,5,5
2012-08-24,5,5
2012-08-25,5,5
2012-08-26,5,5
2012-08-27,5,5
2012-08-28,5,5
2012-08-29,5,5
2012-08-30,5,5
2012-08-31,5,5
2012-09-01,5,5
2012-09-02,5,5
2012-09-03,5,5
2012-09-04,5,5
2012-09-05,5,5
2012-09-06,5,5
2012-09-07,5,5
2012-09-08,5,5
2012-09-09,5,5
2012-09-10,5,5
2012-09-11,5,5
2012-09-12,5,5
2012-09-13,5,5
2012-09-14,5,5
2012-09-15,5,5
2012-09-16,5,5
2012-09-17,5,5
2012-09-18,5,5
2012-09-19,5,5
2012-09-20,5,5
2012-09-21,5,5
2012-09-22,5,5
2012-09-23,5,5
2012-09-24,5,5
2012-09-25,5,5
2012-09-26,5,5
2012-09-27,5,5
2012-09-28,5,5
2012-09-29,5,5
2012-09-30,5,5
2012-10-01,5,5
2012-10-02,5,5
2012-10-03,5,5
2012-10-04,5,5
2012-10-05,5,5
2012-10-06,5,5
2012-10-07,5,5
2012-10-08,5,5
2012-10-09,5,5
2012-10-10,5,5
2012-10-11,5,5
2012-10-12,5,5
2012-10-13,5,5
2012-10-14,5,5
2012-10-15,5,5
2012-10-16,5,5
2012-10-17,5,5
2012-10-18,5,5
2012-10-19,5,5
2012-10-20,5,5
2012-10-21,5,5
2012-10-22,5,5
2012-10-23,5,5
2012-10-24,5,5
2012-10-25,5,5
2012-10-26,5,5
2012-10-27,5,5
2012-10-28,5,5
2012-10-29,5,5
2012-10-30,5,5
2012-10-31,5,5
2012-11-01,5,5
2012-11-02,5,5
2012-11-03,5,5
2012-11-04,5,5
2012-11-05,5,5
2012-11-06,5,5
2012-11-07,5,5
2012-11-08,5,5
2012-11-09,5,5
2012-11-10,5,5
2012-11-11,5,5
2012-11-12,5,5
2012-11-13,5,5
2012-11-14,5,5
2012-11-15,5,5
2012-11-16,5,5
2012-11-17,5,5
2012-11-18,5,5
2012-11-19,5,5
2012-11-20,5,5
2012-11-21,5,5
2012-11-22,5,5
2012-11-23,5,5
2012-11-24,5,5
2012-11-25,5,5
2012-11-26,5,5
2012-11-27,5,5
2012-11-28,5,5
2012-11-29,5,5
2012-11-30,5,5
2012-12-01,5,5
2012-12-02,5,5
2012-12-03,5,5
2012-12-04,5,5
2012-12-05,5,5
2012-12-06,5,5
2012-12-07,5,5
2012-12-08,5,5
2012-12-09,5,5
2012-12-10,5,5
2012-12-11,5,5
2012-12-12,5,5
2012-12-13,5,5
2012-12-14,5,5
2012-12-15,5,5
2012-12-16,5,5
2012-12-17,5,5
2012-12-18,5,5
2012-12-19,5,5
2012-12-20,5,5
2012-12-21,5,5
2012-12-22,5,5
2012-12-23,5,5
2012-12-24,5,5
2012-12-25,5,5
2012-12-26,5,5
2012-12-27,5,5
2012-12-28,5,5
2012-12-29,5,5
2012-12-30,5,5
2012-12-31,5,5
2013-01-01,5,5
2013-01-02,5,5
2013-01-03,5,5
2013-01-04,5,5
2013-01-05,5,5
2013-01-06,5,5
2013-01-07,5,5
2013-01-08,5,5
2013-01-09,5,5
2013-01-10,5,5
2013-01-11,5,5
2013-01-12,5,5
2013-01-13,5,5
2013-01-14,5,5
2013-01-15,5,5
2013-01-16,5,5
2013-01-17,5,5
2013-01-18,5,5
2013-01-19,5,5
2013-01-20,5,5
2013-01-21,5,5
2013-01-22,5,5
2013-01-23,5,5
2013-01-24,5,5
2013-01-25,5,5
2013-01-26,5,5
2013-01-27,5,5
2013-01-28,5,5
2013-01-29,5,5
2013-01-30,5,5
2013-01-31,5,5
2013-02-01,5,5
2013-02-02,5,5
2013-02-03,5,5
2013-02-04,5,5
2013-02-05,5,5
2013-02-06,5,5
2013-02-07,5,5
2013-02-08,5,5
2013-02-09,5,5
2013-02-10,5,5
2013-02-11,5,5
2013-02-12,5,5
2013-02-13,5,5
2013-02-14,5,5
2013-02-15,5,5
2013-02-16,5,5
2013-02-17,5,5
2013-02-18,5,5
2013-02-19,5,5
2013-02-20,5,5
2013-02-21,5,5
2013-02-22,5,5
2013-02-23,5,5
2013-02-24,5,5
2013-02-25,5,5
2013-02-26,5,5
2013-02-27,5,5
2013-02-28,5,5
2013-03-01,5,5
2013-03-02,5,5
2013-03-03,5,5
2013-03-04,5,5
2013-03-05,5,5
2013-03-06,5,5
2013-03-07,5,5
2013-03-08,5,5
2013-03-09,5,5
2013-03-10,5,5
2013-03-11,5,5
2013-03-12,5,5
2013-03-13,5,5
2013-03-14,5,5
2013-03-15,5,5
2013-03-16,5,5
2013-03-17,5,5
2013-03-18,5,5
2013-03-19,5,5
2013-03-20,5,5
2013-03-21,5,5
2013-03-22,5,5
2013-03-23,5,5
2013-03-24,5,5
2013-03-25,5,5
2013-03-26,5,5
2013-03-27,5,5
2013-03-28,5,5
2013-03-29,5,5
2013-03-30,5,5
2013-03-31,5,5
2013-04-01,5,5
2013-04-02,5,5
2013-04-03,5,5
2013-04-04,5,5
2013-04-05,5.09,5.15
2013-04-06,5.09,5.15
2013-04-07,5.09,5.15
2013-04-08,5,5
2013-04-09,5,5
2013-04-10,5,5
2013-04-11,5,5
2013-04-12,5,5
2013-04-13,5,5
2013-04-14,5,5
2013-04-15,5,5
2013-04-16,5,5
2013-04-17,5,5
2013-04-18,5,5
2013-04-19,5,5
2013-04-20,5,5
2013-04-21,5,5
2013-04-22,5,5
2013-04-23,5,5
2013-04-24,5,5
2013-04-25,5,5
2013-04-26,5,5
2013-04-27,5,5
2013-04-28,5,5
2013-04-29,5,5
2013-04-30,5,5
2013-05-01,5,5
2013-05-02,5,5
2013-05-03,5,5
2013-05-04,5,5
2013-05-05,5,5
2013-05-06,5,5
2013-05-07,5,5
2013-05-08,5,5
2013-05-09,5,5
2013-05-10,5,5
2013-05-11,5,5
2013-05-12,5,5
2013-05-13,5,5
2013-05-14,5,5
2013-05-15,5,5
2013-05-16,5,5
2013-05-17,5,5
2013-05-18,5,5
2013-05-19,5,5
2013-05-20,5,5
2013-05-21,5,5
2013-05-22,5,5
2013-05-23,5,5
2013-05-24,5,5
2013-05-25,5,5
2013-05-26,5,5
2013-05-27,5,5
2013-05-28,5,5
2013-05-29,5,5
2013-05-30,5,5
2013-05-31,5,5
2013-06-01,5,5
2013-06-02,5,5
2013-06-03,5,5
2013-06-04,5,5
2013-06-05,5,5
2013-06-06,5,5
2013-06-07,5,5
2013-06-08,5,5
2013-06-09,5,5
2013-06-10,5,5
2013-06-11,5,5
2013-06-12,5,5
2013-06-13,5,5
2013-06-14,5,5
2013-06-15,5,5
2013-06-16,5,5
2013-06-17,5,5
2013-06-18,5,5
2013-06-19,5,5
2013-06-20,5,5
2013-06-21,5,5
2013-06-22,5,5
2013-06-23,5,5
2013-06-24,5,5
2013-06-25,5,5
2013-06-26,5,5
2013-06-27,5,5
2013-06-28,5,5
2013-06-29,5,5
2013-06-30,5,5
2013-07-01,5,5
2013-07-02,5,5
2013-07-03,5,5
2013-07-04,5,5
2013-07-05,5,5
2013-07-06,5,5
2013-07-07,5,5
2013-07-08,5,5
2013-07-09,5,5
2013-07-10,5,5
2013-07-11,5,5
2013-07-12,5,5
2013-07-13,5,5
2013-07-14,5,5
2013-07-15,5,5
2013-07-16,5,5
2013-07-17,5,5
2013-07-18,5,5
2013-07-19,5,5
2013-07-20,5,5
2013-07-21,5,5
2013-07-22,5,5
2013-07-23,5,5
2013-07-24,5,5
2013-07-25,5,5
2013-07-26,5,5
2013-07-27,5,5
2013-07-28,5,5
2013-07-29,6,5
2013-07-30,6,5
2013-07-31,6,5
2013-08-01,6,5
2013-08-02,6,5
2013-08-03,6,5
2013-08-04,6,5
2013-08-05,6,5
2013-08-06,6,5
2013-08-07,6,5
2013-08-08,6,5
2013-08-09,6,5
2013-08-10,6,5
2013-08-11,6,5
2013-08-12,6,5
2013-08-13,6,5
2013-08-14,6,5
2013-08-15,6,5
2013-08-16,6,5
2013-08-17,6,5
2013-08-18,6,5
2013-08-19,6,5
2013-08-20,6,6
2013-08-21,6,6
2013-08-22,6,6
2013-08-23,6,6
2013-08-24,6,6
2013-08-25,6,6
2013-08-26,6,6
2013-08-27,6,6
2013-08-28,6,6
2013-08-29,6,6
2013-08-30,6,6
2013-08-31,6,6
2013-09-01,6,6
2013-09-02,6,6
2013-09-03,6,6
2013-09-04,6,6
2013-09-05,6,6
2013-09-06,6,6
2013-09-07,6,6
2013-09-08,6,6
2013-09-09,6,6
2013-09-10,6,6
2013-09-11,6,6
2013-09-12,6,6
2013-09-13,6,6
2013-09-14,6,6
2013-09-15,6,6
2013-09-16,6,6
2013-09-17,6,6
2013-09-18,6,6
2013-09-19,6,6
2013-09-20,6,6
2013-09-21,6,6
2013-09-22,6,6
2013-09-23,6,6
2013-09-24,6,6
2013-09-25,6,6
2013-09-26,6,6
2013-09-27,6,6
2013-09-28,6,6
2013-09-29,6,6
2013-09-30,6,6
2013-10-01,6,6
2013-10-02,6,6
2013-10-03,6,6
2013-10-04,6,6
2013-10-05,6,6
2013-10-06,6,6
2013-10-07,6,6
2013-10-08,6,6
2013-10-09,6,6
2013-10-10,6,6
2013-10-11,6,6
2013-10-12,6,6
2013-10-13,6,6
2013-10-14,6,6
2013-10-15,6,6
2013-10-16,6,6
2013-10-17,6,6
2013-10-18,6,6
2013-10-19,6,6
2013-10-20,6,6
2013-10-21,6,6
2013-10-22,6,6
2013-10-23,6,6
2013-10-24,6,6
2013-10-25,6,6
2013-10-26,6,6
2013-10-27,6,6
2013-10-28,6,6
2013-10-29,6,6
2013-10-30,6,6
2013-10-31,6,6
2013-11-01,6,6
2013-11-02,6,6
2013-11-03,6,6
2013-11-04,6,6
2013-11-05,6,6
2013-11-06,6,6
2013-11-07,6,6
2013-11-08,6,6
2013-11-09,6,6
2013-11-10,6,6
2013-11-11,6,6
2013-11-12,6,6
2013-11-13,6,6
2013-11-14,6,6
2013-11-15,6,6
2013-11-16,6,6
2013-11-17,6,6
2013-11-18,6,6
2013-11-19,6,6
2013-11-20,6,6
2013-11-21,6,6
2013-11-22,6,6
2013-11-23,6,6
2013-11-24,6,6
2013-11-25,6,6
2013-11-26,6,6
2013-11-27,6,6
2013-11-28,6,6
2013-11-29,6,6
2013-11-30,6,6
2013-12-01,6,6
2013-12-02,6,6
2013-12-03,6,6
2013-12-04,6,6
2013-12-05,6,6
2013-12-06,6,6
2013-12-07,6,6
2013-12-08,6,6
2013-12-09,6,6
2013-12-10,6,6
2013-12-11,6,6
2013-12-12,6,6
2013-12-13,6,6
2013-12-14,6,6
2013-12-15,6,6
2013-12-16,6,6
2013-12-17,6,6
2013-12-18,6,6
2013-12-19,6,6
2013-12-20,6,6
2013-12-21,6,6
2013-12-22,6,6
2013-12-23,6,6
2013-12-24,6,6
2013-12-25,6,6
2013-12-26,6,6
2013-12-27,6,6
2013-12-28,6,6
2013-12-29,6,6
2013-12-30,7,6
2013-12-31,7,6
2014-01-01,7,6
2014-01-02,7,6
2014-01-03,7,6
2014-01-04,7,6
2014-01-05,7,6
2014-01-06,7,6
2014-01-07,7,7
2014-01-08,7,7
2014-01-09,7,7
2014-01-10,7,7
2014-01-11,7,7
2014-01-12,7,7
2014-01-13,7,7
2014-01-14,7,7
2014-01-15,7,7
2014-01-16,7,7
2014-01-17,7,7
2014-01-18,7,7
2014-01-19,7,7
2014-01-20,7,7
2014-01-21,7,7
2014-01-22,7,7
2014-01-23,8,8
2014-01-24,8,8
2014-01-25,8,8
2014-01-26,8,8
2014-01-27,8,8
2014-01-28,8,8
2014-01-29,8,8
2014-01-30,8,8
2014-01-31,8,8
2014-02-01,8,8
2014-02-02,8,8
2014-02-03,8,8
2014-02-04,8,8
2014-02-05,8,8
2014-02-06,8,8
2014-02-07,8,8
2014-02-08,8,8
2014-02-09,8,8
2014-02-10,8,8
2014-02-11,8,8
2014-02-12,8,8
2014-02-13,8,8
2014-02-14,8,8
2014-02-15,8,8
2014-02-16,8,8
2014-02-17,8,8
2014-02-18,8,8
2014-02-19,8,8
2014-02-20,8,8
2014-02-21,8,8
2014-02-22,8,8
2014-02-23,8,8
2014-02-24,8,8
2014-02-25,8,8
2014-02-26,8,8
2014-02-27,8,8
2014-02-28,8,8
2014-03-01,8,8
2014-03-02,8,8
2014-03-03,8,8
2014-03-04,8,8
2014-03-05,8,8
2014-03-06,8,8
2014-03-07,8,8
2014-03-08,8,8
2014-03-09,8,8
2014-03-10,8,8
2014-03-11,8,8
2014-03-12,8,8
2014-03-13,8,8
2014-03-14,8,8
2014-03-15,8,8
2014-03-16,8,8
2014-03-17,8,8
2014-03-18,8,8
2014-03-19,8,8
2014-03-20,8,8
2014-03-21,8,8
2014-03-22,8,8
2014-03-23,8,8
2014-03-24,8,8
2014-03-25,8,8
2014-03-26,8,8
2014-03-27,8,8
2014-03-28,8,8
2014-03-29,8,8
2014-03-30,8,8
2014-03-31,8,8
2014-04-01,8,8
2014-04-02,8,8
2014-04-03,8,8
2014-04-04,8,8
2014-04-05,8,8
2014-04-06,8,8
2014-04-07,8,8
2014-04-08,8,8
2014-04-09,8,8
2014-04-10,8,8
2014-04-11,8,8
2014-04-12,8,8
2014-04-13,8,8
2014-04-14,8,8
2014-04-15,8,8
2014-04-16,8,8
2014-04-17,8,8
2014-04-18,8,8
2014-04-19,8,8
2014-04-20,8,8
2014-04-21,8,8
2014-04-22,8,8
2014-04-23,8,8
2014-04-24,8,8
2014-04-25,8,8
2014-04-26,8,8
2014-04-27,8,8
2014-04-28,8,8
2014-04-29,8,8
2014-04-30,8,8
2014-05-01,8,8
2014-05-02,8,8
2014-05-03,8,8
2014-05-04,8,8
2014-05-05,8,8
2014-05-06,8,8
2014-05-07,8,8
2014-05-08,8,8
2014-05-09,8,8
2014-05-10,8,8
2014-05-11,8,8
2014-05-12,8,8
2014-05-13,8,8
2014-05-14,8,8
2014-05-15,8,8
2014-05-16,8,8
2014-05-17,8,8
2014-05-18,8,8
2014-05-19,8,8
2014-05-20,8,8
2014-05-21,8,8
2014-05-22,8,8
2014-05-23,8,8
2014-05-24,8,8
2014-05-25,8,8
2014-05-26,8,8
2014-05-27,8,8
2014-05-28,8,8
2014-05-29,8,8
2014-05-30,8,8
2014-05-31,8,8
2014-06-01,8,8
2014-06-02,8,8
2014-06-03,8,8
2014-06-04,8,8
2014-06-05,8,8
2014-06-06,8,8
2014-06-07,8,8
2014-06-08,8,8
2014-06-09,8,8
2014-06-10,8,8
2014-06-11,8,8
2014-06-12,8,8
2014-06-13,8,8
2014-06-14,8,8
2014-06-15,8,8
2014-06-16,8,8
2014-06-17,8,8
2014-06-18,8,8
2014-06-19,8,8
2014-06-20,8,8
2014-06-21,8,8
2014-06-22,8,8
2014-06-23,8,8
2014-06-24,8,8
2014-06-25,8,8
2014-06-26,8,8
2014-06-27,8,8
2014-06-28,8,8
2014-06-29,8,8
2014-06-30,8,8
2014-07-01,8,8
2014-07-02,8,8
2014-07-03,8,8
2014-07-04,8,8
2014-07-05,8,8
2014-07-06,8,8
2014-07-07,8,8
2014-07-08,8,8
2014-07-09,8,8
2014-07-10,8,8
2014-07-11,8,8
2014-07-12,8,8
2014-07-13,8,8
2014-07-14,8,8
2014-07-15,8,8
2014-07-16,8,8
2014-07-17,8,8
2014-07-18,8,8
2014-07-19,8,8
2014-07-20,8,8
2014-07-21,8,8
2014-07-22,8,8
2014-07-23,8,8
2014-07-24,8,8
2014-07-25,8,8
2014-07-26,8,8
2014-07-27,8,8
2014-07-28,8,8
2014-07-29,8,8
2014-07-30,8,8
2014-07-31,8,8
2014-08-01,8,8
2014-08-02,8,8
2014-08-03,8,8
2014-08-04,8,8
2014-08-05,8,8
2014-08-06,8,8
2014-08-07,8,8
2014-08-08,8,8
2014-08-09,8,8
2014-08-10,8,8
2014-08-11,8,8
2014-08-12,8,8
2014-08-13,8,8
2014-08-14,8,8
2014-08-15,8,8
2014-08-16,8,8
2014-08-17,8,8
2014-08-18,8,8
2014-08-19,8,8
2014-08-20,8,8
2014-08-21,8,8
2014-08-22,8,8
2014-08-23,8,8
2014-08-24,8,8
2014-08-25,8,8
2014-08-26,8,8
2014-08-27,8,8
2014-08-28,8,8
2014-08-29,8,8
2014-08-30,8,8
2014-08-31,8,8
2014-09-01,8,8
2014-09-02,8,8
2014-09-03,8,8
2014-09-04,8,8
2014-09-05,8,8
2014-09-06,8,8
2014-09-07,8,8
2014-09-08,8,8
2014-09-09,8,8
2014-09-10,8,8
2014-09-11,8,8
2014-09-12,8,8
2014-09-13,8,8
2014-09-14,8,8
2014-09-15,8,8
2014-09-16,8,8
2014-09-17,8,8
2014-09-18,8,8
2014-09-19,8,8
2014-09-20,8,8
2014-09-21,8,8
2014-09-22,8,8
2014-09-23,8,8
2014-09-24,8,8
2014-09-25,8,8
2014-09-26,8,8
2014-09-27,8,8
2014-09-28,8,8
2014-09-29,8,8
2014-09-30,8,8
2014-10-01,8,8
2014-10-02,8,8
2014-10-03,8,8
2014-10-04,8,8
2014-10-05,8,8
2014-10-06,8,8
2014-10-07,8,8
2014-10-08,8,8
2014-10-09,8,8
2014-10-10,8,8
2014-10-11,8,8
2014-10-12,8,8
2014-10-13,8,8
2014-10-14,8,8
2014-10-15,8,8
2014-10-16,8,8
2014-10-17,8,8
2014-10-18,8,8
2014-10-19,8,8
2014-10-20,8,8
2014-10-21,8,8
2014-10-22,8,8
2014-10-23,8,8
2014-10-24,8,8
2014-10-25,8,9
2014-10-26,8,9
2014-10-27,8,9
2014-10-28,8,9
2014-10-29,8,9
2014-10-30,8,9
2014-10-31,8,9
2014-11-01,8,9
2014-11-02,8,9
2014-11-03,8,9
2014-11-04,8,9
2014-11-05,8,9
2014-11-06,8,9
2014-11-07,8,9
2014-11-08,8,9
2014-11-09,8,9
2014-11-10,8,9
2014-11-11,8,9
2014-11-12,8,9
2014-11-13,8,9
2014-11-14,8,9
2014-11-15,8,9
2014-11-16,8,9
2014-11-17,8,9
2014-11-18,8,9
2014-11-19,8,9
2014-11-20,8,9
2014-11-21,8,9
2014-11-22,8,9
2014-11-23,8,9
2014-11-24,8,9
2014-11-25,8,9
2014-11-26,8,9
2014-11-27,8,9
2014-11-28,8,9
2014-11-29,8,9
2014-11-30,8,9
2014-12-01,8,9
2014-12-02,8,9
2014-12-03,9,9
2014-12-04,9,9
2014-12-05,9,9
2014-12-06,9,9
2014-12-07,9,9
2014-12-08,9,9
2014-12-09,9,9
2014-12-10,9,9
2014-12-11,9,9
2014-12-12,9,9
2014-12-13,9,9
2014-12-14,9,9
2014-12-15,9,9
2014-12-16,9,9
2014-12-17,9,9
2014-12-18,9,9
2014-12-19,9,9
2014-12-20,9,9
2014-12-21,9,9
2014-12-22,9,9
2014-12-23,9,9
2014-12-24,9,9
2014-12-25,9,9
2014-12-26,9,9
2014-12-27,9,9
2014-12-28,9,9
2014-12-29,9,9
2014-12-30,9,9
2014-12-31,9,9
2015-01-01,9,9
2015-01-02,9,9
2015-01-03,9,9
2015-01-04,9,9
2015-01-05,9,9
2015-01-06,9,9
2015-01-07,9,9
2015-01-08,9,9
2015-01-09,9,9
2015-01-10,9,9
2015-01-11,9,9
2015-01-12,9,9
2015-01-13,9,9
2015-01-14,9,9
2015-01-15,9,9
2015-01-16,9,9
2015-01-17,9,9
2015-01-18,9,9
2015-01-19,9,9
2015-01-20,9,9
2015-01-21,9,9
2015-01-22,9,9
2015-01-23,9,9
2015-01-24,9,9
2015-01-25,9,9
2015-01-26,9,9
2015-01-27,9,9
2015-01-28,9,9
2015-01-29,9,9
2015-01-30,9,9
2015-01-31,9,9
2015-02-01,9,9
2015-02-02,9,9
2015-02-03,9,9
2015-02-04,9,9
2015-02-05,9,9
2015-02-06,9,9
2015-02-07,9,9
2015-02-08,9,9
2015-02-09,9,9
2015-02-10,9,9
2015-02-11,9,9
2015-02-12,9,9
2015-02-13,9,9
2015-02-14,9,9
2015-02-15,9,9
2015-02-16,9,9
2015-02-17,9,9
2015-02-18,9,9
2015-02-19,9,9
2015-02-20,9,9
2015-02-21,9,9
2015-02-22,9,9
2015-02-23,9,9
2015-02-24,9,9
2015-02-25,9,9
2015-02-26,9,9
2015-02-27,9,9
2015-02-28,9,9
2015-03-01,9,9
2015-03-02,9,9
2015-03-03,9,9
2015-03-04,9,9
2015-03-05,9,9
2015-03-06,9,9
2015-03-07,9,9
2015-03-08,9,9
2015-03-09,9,9
2015-03-10,9,9
2015-03-11,9,9
2015-03-12,9,9
2015-03-13,9,9
2015-03-14,9,9
2015-03-15,9,9
2015-03-16,9,9
2015-03-17,9,9
2015-03-18,9,9
2015-03-19,9,9
2015-03-20,9,9
2015-03-21,9,9
2015-03-22,9,9
2015-03-23,9,9
2015-03-24,9,9
2015-03-25,9,9
2015-03-26,9,9
2015-03-27,9,9
2015-03-28,9,9
2015-03-29,9,9
2015-03-30,9,9
2015-03-31,9,9
2015-04-01,9,9
2015-04-02,9,9
2015-04-03,9,9
2015-04-04,9,9
2015-04-05,9,9
2015-04-06,9,9
2015-04-07,9,9
2015-04-08,9,9
2015-04-09,9,9
2015-04-10,9,9
2015-04-11,9,9
2015-04-12,9,9
2015-04-13,9,9
2015-04-14,9,9
2015-04-15,9,9
2015-04-16,9,9
2015-04-17,9,9
2015-04-18,9,9
2015-04-19,9,9
2015-04-20,9,9
2015-04-21,9,9
2015-04-22,9,9
2015-04-23,9,9
2015-04-24,9,9
2015-04-25,9,9
2015-04-26,9,9
2015-04-27,9,9
2015-04-28,9,9
2015-04-29,9,9
2015-04-30,9,9
2015-05-01,9,9
2015-05-02,9,9
2015-05-03,9,9
2015-05-04,9,9
2015-05-05,9,9
2015-05-06,9,9
2015-05-07,9,9
2015-05-08,9,9
2015-05-09,9,9
2015-05-10,9,9
2015-05-11,9,9
2015-05-12,9,9
2015-05-13,9,9
2015-05-14,9,9
2015-05-15,9,9
2015-05-16,9,9
2015-05-17,9,9
2015-05-18,9,9
2015-05-19,9,9
2015-05-20,9,9
2015-05-21,9,9
2015-05-22,9,9
2015-05-23,9,9
2015-05-24,9,9
2015-05-25,9,9
2015-05-26,9,9
2015-05-27,9,9
2015-05-28,9,9
2015-05-29,9,9
2015-05-30,9,9
2015-05-31,9,9
2015-06-01,9,9
2015-06-02,9,9
2015-06-03,9,9
2015-06-04,9,9
2015-06-05,9,9
2015-06-06,9,9
2015-06-07,9,9
2015-06-08,9,9
2015-06-09,9,9
2015-06-10,9,9
2015-06-11,9,9
2015-06-12,9,9
2015-06-13,9,9
2015-06-14,9,9
2015-06-15,9,9
2015-06-16,9,9
2015-06-17,9,9
2015-06-18,9,9
2015-06-19,9,9
2015-06-20,9,9
2015-06-21,9,9
2015-06-22,9,9
2015-06-23,9,9
2015-06-24,9,9
2015-06-25,9,9
2015-06-26,9,9
2015-06-27,9,9
2015-06-28,9,9
2015-06-29,9,9
2015-06-30,9,9
2015-07-01,9,9
2015-07-02,9,9
2015-07-03,9,9
2015-07-04,9,9
2015-07-05,9,9
2015-07-06,9,9
2015-07-07,9,9
2015-07-08,9,9
2015-07-09,9,9
2015-07-10,9,9
2015-07-11,9,9
2015-07-12,9,9
2015-07-13,9,9
2015-07-14,9,9
2015-07-15,9,9
2015-07-16,9,9
2015-07-17,9,9
2015-07-18,9,9
2015-07-19,9,9
2015-07-20,9,9
2015-07-21,9,9
2015-07-22,9,9
2015-07-23,9,9
2015-07-24,9,9
2015-07-25,9,9
2015-07-26,9,9
2015-07-27,9,9
2015-07-28,9,9
2015-07-29,9,9
2015-07-30,9,9
2015-07-31,9,9
2015-08-01,9,9
2015-08-02,9,9
2015-08-03,9,9
2015-08-04,9,9
2015-08-05,9,9
2015-08-06,9,9
2015-08-07,9,9
2015-08-08,9,9
2015-08-09,9,9
2015-08-10,9,9
2015-08-11,9,9
2015-08-12,9,9
2015-08-13,9,9
2015-08-14,9,9
2015-08-15,9,9
2015-08-16,9,9
2015-08-17,9,9
2015-08-18,9,9
2015-08-19,9,9
2015-08-20,9,9
2015-08-21,9,9
2015-08-22,9,9
2015-08-23,9,9
2015-08-24,9,9
2015-08-25,9,9
2015-08-26,9,9
2015-08-27,9,9
2015-08-28,9,9
2015-08-29,9,9
2015-08-30,9,9
2015-08-31,9,9
2015-09-01,9,9
2015-09-02,9,9
2015-09-03,9,9
2015-09-04,9,9
2015-09-05,9,9
2015-09-06,9,9
2015-09-07,9,9
2015-09-08,9,9
2015-09-09,9,9
2015-09-10,9,9
2015-09-11,9,9
2015-09-12,9,9
2015-09-13,9,9
2015-09-14,9,9
2015-09-15,9,9
2015-09-16,9,9
2015-09-17,9,9
2015-09-18,9,9
2015-09-19,9,9
2015-09-20,9,9
2015-09-21,9,9
2015-09-22,9,9
2015-09-23,9,9
2015-09-24,9,9
2015-09-25,9,9
2015-09-26,9,9
2015-09-27,9,9
2015-09-28,9,9
2015-09-29,9,9
2015-09-30,9,9
2015-10-01,9,9
2015-10-02,9,9
2015-10-03,9,9
2015-10-04,9,9
2015-10-05,9,9
2015-10-06,9,9
2015-10-07,9,9
2015-10-08,9,9
2015-10-09,9,9
2015-10-10,9,9
2015-10-11,9,9
2015-10-12,9,9
2015-10-13,9,9
2015-10-14,9,9
2015-10-15,9,9
2015-10-16,9,10
2015-10-17,9,10
2015-10-18,9,10
2015-10-19,9,10
2015-10-20,9,10
2015-10-21,9,10
2015-10-22,9,10
2015-10-23,9,10
2015-10-24,9,10
2015-10-25,9,10
2015-10-26,9,10
2015-10-27,9,10
2015-10-28,10,10
2015-10-29,10,10
2015-10-30,10,10
2015-10-31,10,10
2015-11-01,10,10
2015-11-02,10,10
2015-11-03,10,10
2015-11-04,10,10
2015-11-05,10,10
2015-11-06,10,10
2015-11-07,10,10
2015-11-08,10,10
2015-11-09,10,10
2015-11-10,10,10
2015-11-11,10,10
2015-11-12,10,10
2015-11-13,10,10
2015-11-14,10,10
2015-11-15,10,10
2015-11-16,10,10
2015-11-17,10,10
2015-11-18,10,10
2015-11-19,10,10
2015-11-20,10,10
2015-11-21,10,10
2015-11-22,10,10
2015-11-23,10,10
2015-11-24,10,10
2015-11-25,10,10
2015-11-26,10,10
2015-11-27,10,10
2015-11-28,10,10
2015-11-29,10,10
2015-11-30,10,10
2015-12-01,10,10
2015-12-02,10,10
2015-12-03,10,10
2015-12-04,10,10
2015-12-05,10,10
2015-12-06,10,10
2015-12-07,10,10
2015-12-08,10,10
2015-12-09,10,10
2015-12-10,10,10
2015-12-11,10,10
2015-12-12,10,10
2015-12-13,10,10
2015-12-14,10,10
2015-12-15,10,10
2015-12-16,10,10
2015-12-17,13,13
2015-12-18,14,14
2015-12-19,13,14
2015-12-20,13,14
2015-12-21,13,13
2015-12-22,13,13
2015-12-23,13,13
2015-12-24,13,13
2015-12-25,13,13
2015-12-26,13,13
2015-12-27,13,13
2015-12-28,13,13
2015-12-29,13,13
2015-12-30,13,13
2015-12-31,13,13
2016-01-01,13,13
2016-01-02,13,13
2016-01-03,13,13
2016-01-04,13,13
2016-01-05,13,14
2016-01-06,14,14
2016-01-07,14,14
2016-01-08,14,14
2016-01-09,14,14
2016-01-10,14,14
2016-01-11,14,14
2016-01-12,14,14
2016-01-13,13,14
2016-01-14,13,14
2016-01-15,13,14
2016-01-16,13,14
2016-01-17,13,14
2016-01-18,13,14
2016-01-19,13,14
2016-01-20,13,14
2016-01-21,13,14
2016-01-22,13,14
2016-01-23,14,14
2016-01-24,14,14
2016-01-25,14,14
2016-01-26,14,14
2016-01-27,14,14
2016-01-28,14,14
2016-01-29,14,14
2016-01-30,14,14
2016-01-31,14,14
2016-02-01,14,14
2016-02-02,14,14
2016-02-03,14,14
2016-02-04,14,14
2016-02-05,14,14
2016-02-06,14,15
2016-02-07,14,15
2016-02-08,14,15
2016-02-09,14,15
2016-02-10,14,15
2016-02-11,14,15
2016-02-12,14,15
2016-02-13,15,15
2016-02-14,15,15
2016-02-15,15,15
2016-02-16,15,15
2016-02-17,15,15
2016-02-18,15,15
2016-02-19,15,15
2016-02-20,15,15
2016-02-21,15,15
2016-02-22,15,15
2016-02-23,15,15
2016-02-24,15,16
2016-02-25,15,16
2016-02-26,15,16
2016-02-27,15,16
2016-02-28,15,16
2016-02-29,15,16
2016-03-01,16,16
2016-03-02,16,16
2016-03-03,15,16
2016-03-04,15,16
2016-03-05,15,15
2016-03-06,15,15
2016-03-07,15,16
2016-03-08,15,16
2016-03-09,15,16
2016-03-10,15,16
2016-03-11,15,15
2016-03-12,15,15
2016-03-13,15,15
2016-03-14,15,15
2016-03-15,15,15
2016-03-16,14,15
2016-03-17,15,15
2016-03-18,15,15
2016-03-19,15,15
2016-03-20,15,15
2016-03-21,15,15
2016-03-22,14,15
2016-03-23,14,15
2016-03-24,14,15
2016-03-25,14,15
2016-03-26,14,15
2016-03-27,14,15
2016-03-28,14,15
2016-03-29,15,15
2016-03-30,14,15
2016-03-31,14,15
2016-04-01,15,15
2016-04-02,15,15
2016-04-03,15,15
2016-04-04,15,15
2016-04-05,15,15
2016-04-06,15,15
2016-04-07,15,15
2016-04-08,14,15
2016-04-09,14,15
2016-04-10,14,15
2016-04-11,14,15
2016-04-12,14,15
2016-04-13,14,15
2016-04-14,14,15
2016-04-15,14,15
2016-04-16,14,15
2016-04-17,14,15
2016-04-18,14,15
2016-04-19,14,14
2016-04-20,14,15
2016-04-21,14,15
2016-04-22,14,15
2016-04-23,14,15
2016-04-24,14,15
2016-04-25,14,15
2016-04-26,14,15
2016-04-27,14,15
2016-04-28,14,15
2016-04-29,14,15
2016-04-30,14,15
2016-05-01,14,15
2016-05-02,14,15
2016-05-03,14,15
2016-05-04,14,15
2016-05-05,14,15
2016-05-06,14,15
2016-05-07,14,15
2016-05-08,14,15
2016-05-09,14,15
2016-05-10,14,15
2016-05-11,14,15
2016-05-12,14,14
2016-05-13,14,14
2016-05-14,14,14
2016-05-15,14,14
2016-05-16,14,14
2016-05-17,14,14
2016-05-18,14,14
2016-05-19,14,14
2016-05-20,14,14
2016-05-21,14,14
2016-05-22,14,14
2016-05-23,14,14
2016-05-24,14,14
2016-05-25,14,14
2016-05-26,14,14
2016-05-27,14,14
2016-05-28,14,14
2016-05-29,14,14
2016-05-30,14,14
2016-05-31,14,14
2016-06-01,14,14
2016-06-02,14,14
2016-06-03,14,14
2016-06-04,14,14
2016-06-05,14,14
2016-06-06,14,14
2016-06-07,14,14
2016-06-08,14,14
2016-06-09,14,14
2016-06-10,14,14
2016-06-11,14,14
2016-06-12,14,14
2016-06-13,14,14
2016-06-14,14,14
2016-06-15,14,14
2016-06-16,14,14
2016-06-17,14,14
2016-06-18,14,14
2016-06-19,14,14
2016-06-20,14,14
2016-06-21,14,14
2016-06-22,14,14
2016-06-23,14,14
2016-06-24,14,15
2016-06-25,15,15
2016-06-26,15,15
2016-06-27,15,15
2016-06-28,15,15
2016-06-29,15,15
2016-06-30,15,15
2016-07-01,15,15
2016-07-02,15,15
2016-07-03,15,15
2016-07-04,15,15
2016-07-05,15,15
2016-07-06,15,15
2016-07-07,15,15
2016-07-08,15,15
2016-07-09,15,15
2016-07-10,15,15
2016-07-11,15,15
2016-07-12,15,15
2016-07-13,14,15
2016-07-14,15,15
2016-07-15,15,15
2016-07-16,15,15
2016-07-17,15,15
2016-07-18,15,15
2016-07-19,15,15
2016-07-20,15,15
2016-07-21,15,15
2016-07-22,15,15
2016-07-23,15,15
2016-07-24,15,15
2016-07-25,15,15
2016-07-26,15,15
2016-07-27,15,15
2016-07-28,15,15
2016-07-29,15,15
2016-07-30,15,15
2016-07-31,15,15
2016-08-01,15,15
2016-08-02,15,15
2016-08-03,15,15
2016-08-04,15,15
2016-08-05,15,15
2016-08-06,15,15
2016-08-07,15,15
2016-08-08,15,15
2016-08-09,15,15
2016-08-10,15,15
2016-08-11,15,15
2016-08-12,15,15
2016-08-13,15,15
2016-08-14,15,15
2016-08-15,15,15
2016-08-16,15,15
2016-08-17,15,15
2016-08-18,15,15
2016-08-19,15,15
2016-08-20,15,15
2016-08-21,15,15
2016-08-22,15,15
2016-08-23,15,15
2016-08-24,15,15
2016-08-25,15,15
2016-08-26,15,15
2016-08-27,15,15
2016-08-28,15,15
2016-08-29,15,15
2016-08-30,15,15
2016-08-31,15,15
2016-09-01,15,15
2016-09-02,15,15
2016-09-03,15,15
2016-09-04,15,15
2016-09-05,15,15
2016-09-06,15,15
2016-09-07,15,15
2016-09-08,15,15
2016-09-09,15,15
2016-09-10,15,15
2016-09-11,15,15
2016-09-12,15,15
2016-09-13,15,15
2016-09-14,15,15
2016-09-15,15,15
2016-09-16,15,15
2016-09-17,15,15
2016-09-18,15,15
2016-09-19,15,15
2016-09-20,15,15
2016-09-21,15,15
2016-09-22,15,15
2016-09-23,15,15
2016-09-24,15,15
2016-09-25,15,15
2016-09-26,15,15
2016-09-27,15,15
2016-09-28,15,16
2016-09-29,15,16
2016-09-30,15,16
2016-10-01,15,16
2016-10-02,15,16
2016-10-03,15,16
2016-10-04,15,15
2016-10-05,15,15
2016-10-06,15,15
2016-10-07,15,15
2016-10-08,15,15
2016-10-09,15,15
2016-10-10,15,15
2016-10-11,15,15
2016-10-12,15,15
2016-10-13,15,15
2016-10-14,15,15
2016-10-15,15,15
2016-10-16,15,15
2016-10-17,15,15
2016-10-18,15,15
2016-10-19,15,15
2016-10-20,15,15
2016-10-21,15,15
2016-10-22,15,15
2016-10-23,15,15
2016-10-24,15,15
2016-10-25,15,15
2016-10-26,15,15
2016-10-27,15,15
2016-10-28,15,15
2016-10-29,15,15
2016-10-30,15,15
2016-10-31,15,15
2016-11-01,15,15
2016-11-02,15,15
2016-11-03,15,15
2016-11-04,15,15
2016-11-05,15,15
2016-11-06,15,15
2016-11-07,15,15
2016-11-08,15,15
2016-11-09,15,15
2016-11-10,15,15
2016-11-11,15,15
2016-11-12,15,15
2016-11-13,15,15
2016-11-14,15,16
2016-11-15,15,16
2016-11-16,15,16
2016-11-17,15,16
2016-11-18,15,16
2016-11-19,15,16
2016-11-20,15,16
2016-11-21,15,16
2016-11-22,15,16
2016-11-23,15,16
2016-11-24,15,16
2016-11-25,15,16
2016-11-26,15,16
2016-11-27,15,16
2016-11-28,15,16
2016-11-29,15,16
2016-11-30,16,16
2016-12-01,16,16
2016-12-02,16,16
2016-12-03,16,16
2016-12-04,16,16
2016-12-05,16,16
2016-12-06,16,16
2016-12-07,16,16
2016-12-08,16,16
2016-12-09,16,16
2016-12-10,16,16
2016-12-11,16,16
2016-12-12,16,16
2016-12-13,16,16
2016-12-14,16,16
2016-12-15,16,16
2016-12-16,16,16
2016-12-17,16,16
2016-12-18,16,16
2016-12-19,16,16
2016-12-20,16,16
2016-12-21,16,16
2016-12-22,16,16
2016-12-23,16,16
2016-12-24,15,16
2016-12-25,15,16
2016-12-26,15,16
2016-12-27,15,16
2016-12-28,15,16
2016-12-29,16,16
2016-12-30,16,16
2016-12-31,16,16
2017-01-01,16,16
2017-01-02,16,16
2017-01-03,16,16
2017-01-04,16,16
2017-01-05,16,16
2017-01-06,16,16
2017-01-07,16,16
2017-01-08,16,16
2017-01-09,16,16
2017-01-10,16,16
2017-01-11,16,16
2017-01-12,16,16
2017-01-13,16,16
2017-01-14,16,16
2017-01-15,16,16
2017-01-16,16,16
2017-01-17,16,16
2017-01-18,16,16
2017-01-19,16,16
2017-01-20,16,16
2017-01-21,16,16
2017-01-22,16,16
2017-01-23,16,16
2017-01-24,16,16
2017-01-25,16,16
2017-01-26,16,16
2017-01-27,16,16
2017-01-28,16,16
2017-01-29,16,16
2017-01-30,16,16
2017-01-31,16,16
2017-02-01,16,16
2017-02-02,16,16
2017-02-03,16,16
2017-02-04,16,16
2017-02-05,16,16
2017-02-06,16,16
2017-02-07,16,16
2017-02-08,16,16
2017-02-09,16,16
2017-02-10,16,16
2017-02-11,15,16
2017-02-12,15,16
2017-02-13,15,16
2017-02-14,15,16
2017-02-15,15,16
2017-02-16,15,16
2017-02-17,15,16
2017-02-18,16,16
2017-02-19,16,16
2017-02-20,16,16
2017-02-21,16,16
2017-02-22,16,16
2017-02-23,15,16
2017-02-24,15,16
2017-02-25,15,16
2017-02-26,15,16
2017-02-27,15,16
2017-02-28,15,16
2017-03-01,15,16
2017-03-02,15,16
2017-03-03,15,16
2017-03-04,15,16
2017-03-05,15,16
2017-03-06,15,16
2017-03-07,15,16
2017-03-08,15,16
2017-03-09,16,16
2017-03-10,15,16
2017-03-11,15,16
2017-03-12,15,16
2017-03-13,15,16
2017-03-14,15,16
2017-03-15,15,16
2017-03-16,15,16
2017-03-17,15,16
2017-03-18,15,16
2017-03-19,15,16
2017-03-20,15,16
2017-03-21,16,16
2017-03-22,16,16
2017-03-23,16,16
2017-03-24,16,16
2017-03-25,16,16
2017-03-26,16,16
2017-03-27,16,16
2017-03-28,15,16
2017-03-29,15,16
2017-03-30,15,16
2017-03-31,15,16
2017-04-01,15,16
2017-04-02,15,16
2017-04-03,15,16
2017-04-04,15,16
2017-04-05,15,16
2017-04-06,15,16
2017-04-07,15,16
2017-04-08,15,16
2017-04-09,15,16
2017-04-10,15,16
2017-04-11,15,16
2017-04-12,15,16
2017-04-13,15,15
2017-04-14,15,15
2017-04-15,15,15
2017-04-16,15,15
2017-04-17,15,16
2017-04-18,15,16
2017-04-19,15,16
2017-04-20,15,16
2017-04-21,15,16
2017-04-22,15,16
2017-04-23,15,16
2017-04-24,15,16
2017-04-25,15,16
2017-04-26,15,16
2017-04-27,15,16
2017-04-28,15,16
2017-04-29,15,16
2017-04-30,15,16
2017-05-01,15,16
2017-05-02,15,16
2017-05-03,15,16
2017-05-04,15,16
2017-05-05,15,16
2017-05-06,15,16
2017-05-07,15,16
2017-05-08,15,16
2017-05-09,15,16
2017-05-10,15,16
2017-05-11,15,16
2017-05-12,15,16
2017-05-13,15,16
2017-05-14,15,16
2017-05-15,15,16
2017-05-16,15,16
2017-05-17,16,16
2017-05-18,16,16
2017-05-19,16,16
2017-05-20,16,16
2017-05-21,16,16
2017-05-22,16,16
2017-05-23,16,16
2017-05-24,16,16
2017-05-25,16,16
2017-05-26,16,16
2017-05-27,16,16
2017-05-28,16,16
2017-05-29,16,16
2017-05-30,16,16
2017-05-31,16,16
2017-06-01,16,16
2017-06-02,16,16
2017-06-03,16,16
2017-06-04,16,16
2017-06-05,16,16
2017-06-06,16,16
2017-06-07,16,16
2017-06-08,16,16
2017-06-09,16,16
2017-06-10,16,16
2017-06-11,16,16
2017-06-12,16,16
2017-06-13,16,16
2017-06-14,16,16
2017-06-15,16,16
2017-06-16,16,16
2017-06-17,16,16
2017-06-18,16,16
2017-06-19,16,16
2017-06-20,16,16
2017-06-21,16,16
2017-06-22,16,16
2017-06-23,16,16
2017-06-24,16,16
2017-06-25,16,16
2017-06-26,16,16
2017-06-27,16,17
2017-06-28,16,17
2017-06-29,16,17
2017-06-30,16,17
2017-07-01,16,17
2017-07-02,16,17
2017-07-03,17,17
2017-07-04,17,17
2017-07-05,17,17
2017-07-06,17,17
2017-07-07,17,17
2017-07-08,17,17
2017-07-09,17,17
2017-07-10,17,17
2017-07-11,17,17
2017-07-12,17,17
2017-07-13,17,17
2017-07-14,17,17
2017-07-15,17,17
2017-07-16,17,17
2017-07-17,17,17
2017-07-18,17,17
2017-07-19,17,17
2017-07-20,17,17
2017-07-21,17,18
2017-07-22,17,18
2017-07-23,17,18
2017-07-24,17,18
2017-07-25,17,18
2017-07-26,17,18
2017-07-27,17,18
2017-07-28,18,18
2017-07-29,18,18
2017-07-30,18,18
2017-07-31,18,18
2017-08-01,18,18
2017-08-02,18,18
2017-08-03,18,18
2017-08-04,18,18
2017-08-05,18,18
2017-08-06,18,18
2017-08-07,18,18
2017-08-08,18,18
2017-08-09,18,18
2017-08-10,18,18
2017-08-11,18,18
2017-08-12,18,18
2017-08-13,18,18
2017-08-14,17,18
2017-08-15,17,17
2017-08-16,17,17
2017-08-17,17,18
2017-08-18,17,18
2017-08-19,17,18
2017-08-20,17,18
2017-08-21,17,18
2017-08-22,17,18
2017-08-23,17,18
2017-08-24,17,17
2017-08-25,17,18
2017-08-26,17,18
2017-08-27,17,18
2017-08-28,17,18
2017-08-29,17,18
2017-08-30,17,18
2017-08-31,17,18
2017-09-01,17,18
2017-09-02,17,18
2017-09-03,17,18
2017-09-04,17,18
2017-09-05,17,18
2017-09-06,17,18
2017-09-07,17,18
2017-09-08,17,18
2017-09-09,17,18
2017-09-10,17,18
2017-09-11,17,18
2017-09-12,17,17
2017-09-13,17,17
2017-09-14,17,17
2017-09-15,17,17
2017-09-16,17,17
2017-09-17,17,17
2017-09-18,17,17
2017-09-19,17,17
2017-09-20,17,17
2017-09-21,17,18
2017-09-22,17,18
2017-09-23,17,18
2017-09-24,17,18
2017-09-25,17,18
2017-09-26,17,18
2017-09-27,17,18
2017-09-28,17,18
2017-09-29,17,18
2017-09-30,17,18
2017-10-01,17,18
2017-10-02,17,18
2017-10-03,17,18
2017-10-04,17,18
2017-10-05,17,18
2017-10-06,17,18
2017-10-07,17,18
2017-10-08,17,18
2017-10-09,17,18
2017-10-10,17,18
2017-10-11,17,18
2017-10-12,17,18
2017-10-13,17,18
2017-10-14,17,18
2017-10-15,17,18
2017-10-16,17,18
2017-10-17,17,18
2017-10-18,17,18
2017-10-19,17,18
2017-10-20,17,18
2017-10-21,17,18
2017-10-22,17,18
2017-10-23,17,18
2017-10-24,17,18
2017-10-25,17,18
2017-10-26,17,18
2017-10-27,18,18
2017-10-28,18,18
2017-10-29,18,18
2017-10-30,18,18
2017-10-31,18,18
2017-11-01,18,18
2017-11-02,17,18
2017-11-03,17,18
2017-11-04,17,18
2017-11-05,17,18
2017-11-06,17,18
2017-11-07,18,18
2017-11-08,18,18
2017-11-09,17,18
2017-11-10,17,18
2017-11-11,17,18
2017-11-12,17,18
2017-11-13,17,18
2017-11-14,17,18
2017-11-15,17,18
2017-11-16,17,18
2017-11-17,17,18
2017-11-18,17,18
2017-11-19,17,18
2017-11-20,17,18
2017-11-21,17,18
2017-11-22,17,18
2017-11-23,17,18
2017-11-24,17,18
2017-11-25,17,18
2017-11-26,17,18
2017-11-27,17,18
2017-11-28,17,18
2017-11-29,17,18
2017-11-30,17,18
2017-12-01,17,18
2017-12-02,17,18
2017-12-03,17,18
2017-12-04,17,18
2017-12-05,17,18
2017-12-06,17,18
2017-12-07,17,18
2017-12-08,17,18
2017-12-09,17,18
2017-12-10,17,18
2017-12-11,17,18
2017-12-12,17,18
2017-12-13,17,18
2017-12-14,17,18
2017-12-15,17,18
2017-12-16,17,18
2017-12-17,17,18
2017-12-18,17,18
2017-12-19,17,18
2017-12-20,18,18
2017-12-21,18,18
2017-12-22,18,18
2017-12-23,18,18
2017-12-24,18,18
2017-12-25,18,18
2017-12-26,18,18
2017-12-27,18,19
2017-12-28,19,19
2017-12-29,19,19
2017-12-30,19,19
2017-12-31,19,19
2018-01-01,19,19
2018-01-02,18,19
2018-01-03,18,19
2018-01-04,18,19
2018-01-05,19,19
2018-01-06,19,19
2018-01-07,19,19
2018-01-08,19,19
2018-01-09,19,19
2018-01-10,19,19
2018-01-11,19,19
2018-01-12,19,19
2018-01-13,19,19
2018-01-14,19,19
2018-01-15,19,19
2018-01-16,19,19
2018-01-17,19,19
2018-01-18,19,19
2018-01-19,19,19
2018-01-20,19,19
2018-01-21,19,19
2018-01-22,19,19
2018-01-23,19,19
2018-01-24,19,19
2018-01-25,19,20
2018-01-26,19,20
2018-01-27,19,20
2018-01-28,19,20
2018-01-29,19,20
2018-01-30,20,20
2018-01-31,20,20
2018-02-01,19,20
2018-02-02,19,20
2018-02-03,19,20
2018-02-04,19,20
2018-02-05,19,20
2018-02-06,19,20
2018-02-07,20,20
2018-02-08,20,20
2018-02-09,20,20
2018-02-10,20,20
2018-02-11,20,20
2018-02-12,20,20
2018-02-13,20,20
2018-02-14,20,20
2018-02-15,20,20
2018-02-16,20,20
2018-02-17,20,20
2018-02-18,20,20
2018-02-19,20,20
2018-02-20,20,20
2018-02-21,20,20
2018-02-22,20,20
2018-02-23,20,20
2018-02-24,20,20
2018-02-25,20,20
2018-02-26,20,20
2018-02-27,20,20
2018-02-28,20,20
2018-03-01,20,20
2018-03-02,20,20
2018-03-03,20,21
2018-03-04,20,21
2018-03-05,20,21
2018-03-06,20,21
2018-03-07,20,21
2018-03-08,20,21
2018-03-09,20,21
2018-03-10,20,21
2018-03-11,20,21
2018-03-12,20,21
2018-03-13,20,21
2018-03-14,20,21
2018-03-15,20,21
2018-03-16,20,21
2018-03-17,20,21
2018-03-18,20,21
2018-03-19,20,21
2018-03-20,20,21
2018-03-21,20,21
2018-03-22,20,21
2018-03-23,20,21
2018-03-24,20,21
2018-03-25,20,21
2018-03-26,20,21
2018-03-27,20,20
2018-03-28,20,20
2018-03-29,20,20
2018-03-30,20,20
2018-03-31,20,20
2018-04-01,20,20
2018-04-02,20,20
2018-04-03,20,20
2018-04-04,20,20
2018-04-05,20,20
2018-04-06,20,21
2018-04-07,20,21
2018-04-08,20,21
2018-04-09,20,21
2018-04-10,20,20
2018-04-11,20,20
2018-04-12,20,20
2018-04-13,20,20
2018-04-14,20,21
2018-04-15,20,21
2018-04-16,20,21
2018-04-17,20,21
2018-04-18,20,20
2018-04-19,20,20
2018-04-20,20,20
2018-04-21,20,20
2018-04-22,20,20
2018-04-23,20,20
2018-04-24,20,21
2018-04-25,20,21
2018-04-26,20,21
2018-04-27,20,21
2018-04-28,20,21
2018-04-29,20,21
2018-04-30,20,21
2018-05-01,20,21
2018-05-02,21,21
2018-05-03,22,22
2018-05-04,22,23
2018-05-05,22,22
2018-05-06,22,22
2018-05-07,22,22
2018-05-08,22,23
2018-05-09,22,23
2018-05-10,22,23
2018-05-11,23,24
2018-05-12,23,24
2018-05-13,23,24
2018-05-14,24,25
2018-05-15,24,25
2018-05-16,24,25
2018-05-17,24,25
2018-05-18,24,25
2018-05-19,24,25
2018-05-20,24,25
2018-05-21,24,25
2018-05-22,24,25
2018-05-23,24,25
2018-05-24,24,25
2018-05-25,24,25
2018-05-26,24,25
2018-05-27,24,25
2018-05-28,24,25
2018-05-29,25,25
2018-05-30,25,25
2018-05-31,25,26
2018-06-01,25,26
2018-06-02,25,26
2018-06-03,25,26
2018-06-04,25,26
2018-06-05,25,26
2018-06-06,25,26
2018-06-07,25,26
2018-06-08,25,26
2018-06-09,25,26
2018-06-10,25,26
2018-06-11,25,26
2018-06-12,25,26
2018-06-13,25,26
2018-06-14,27,28
2018-06-15,28,29
2018-06-16,28,29
2018-06-17,28,29
2018-06-18,28,29
2018-06-19,27,28
2018-06-20,27,28
2018-06-21,27,28
2018-06-22,27,28
2018-06-23,27,28
2018-06-24,27,28
2018-06-25,27,28
2018-06-26,27,28
2018-06-27,27,28
2018-06-28,27,28
2018-06-29,28,29
2018-06-30,29,30
2018-07-01,29,30
2018-07-02,28,29
2018-07-03,28,29
2018-07-04,28,29
2018-07-05,28,29
2018-07-06,28,29
2018-07-07,28,29
2018-07-08,28,29
2018-07-09,28,29
2018-07-10,27,28
2018-07-11,27,28
2018-07-12,27,28
2018-07-13,27,28
2018-07-14,27,28
2018-07-15,27,28
2018-07-16,27,28
2018-07-17,27,28
2018-07-18,27,28
2018-07-19,27,28
2018-07-20,27,28
2018-07-21,27,28
2018-07-22,27,28
2018-07-23,27,28
2018-07-24,27,28
2018-07-25,27,28
2018-07-26,27,28
2018-07-27,27,28
2018-07-28,27,28
2018-07-29,27,28
2018-07-30,27,28
2018-07-31,27,28
2018-08-01,27,28
2018-08-02,27,28
2018-08-03,27,28
2018-08-04,27,28
2018-08-05,27,28
2018-08-06,27,28
2018-08-07,27,28
2018-08-08,27,28
2018-08-09,27,28
2018-08-10,28,29
2018-08-11,29,30
2018-08-12,29,30
2018-08-13,29,30
2018-08-14,29,30
2018-08-15,30,31
2018-08-16,30,31
2018-08-17,29,30
2018-08-18,29,30
2018-08-19,29,30
2018-08-20,29,30
2018-08-21,30,31
2018-08-22,30,31
2018-08-23,30,31
2018-08-24,30,31
2018-08-25,30,31
2018-08-26,30,31
2018-08-27,31,32
2018-08-28,31,32
2018-08-29,32,33
2018-08-30,37,38
2018-08-31,37,39
2018-09-01,36,38
2018-09-02,36,38
2018-09-03,37,39
2018-09-04,38,39
2018-09-05,38,40
2018-09-06,37,39
2018-09-07,37,38
2018-09-08,36,38
2018-09-09,36,38
2018-09-10,36,38
2018-09-11,37,38
2018-09-12,37,39
2018-09-13,38,40
2018-09-14,39,40
2018-09-15,39,41
2018-09-16,39,41
2018-09-17,39,40
2018-09-18,39,40
2018-09-19,39,40
2018-09-20,38,40
2018-09-21,37,39
2018-09-22,36,38
2018-09-23,36,38
2018-09-24,36,38
2018-09-25,37,39
2018-09-26,38,39
2018-09-27,38,40
2018-09-28,39,41
2018-09-29,40,42
2018-09-30,40,42
2018-10-01,39,41
2018-10-02,38,40
2018-10-03,37,39
2018-10-04,37,39
2018-10-05,37,39
2018-10-06,37,39
2018-10-07,37,39
2018-10-08,37,39
2018-10-09,36,38
2018-10-10,36,38
2018-10-11,36,38
2018-10-12,36,38
2018-10-13,36,38
2018-10-14,36,38
2018-10-15,36,38
2018-10-16,35,37
2018-10-17,35,37
2018-10-18,35,37
2018-10-19,36,38
2018-10-20,36,38
2018-10-21,36,38
2018-10-22,36,38
2018-10-23,36,38
2018-10-24,36,38
2018-10-25,36,38
2018-10-26,36,38
2018-10-27,36,38
2018-10-28,36,38
2018-10-29,36,38
2018-10-30,36,38
2018-10-31,35,37
2018-11-01,35,37
2018-11-02,35,37
2018-11-03,35,37
2018-11-04,35,37
2018-11-05,35,37
2018-11-06,35,37
2018-11-07,35,37
2018-11-08,35,37
2018-11-09,34,36
2018-11-10,34,36
2018-11-11,34,36
2018-11-12,34,36
2018-11-13,35,37
2018-11-14,35,37
2018-11-15,35,37
2018-11-16,35,37
2018-11-17,35,37
2018-11-18,35,37
2018-11-19,35,37
2018-11-20,35,37
2018-11-21,35,37
2018-11-22,35,37
2018-11-23,36,38
2018-11-24,36,38
2018-11-25,36,38
2018-11-26,37,39
2018-11-27,38,40
2018-11-28,38,40
2018-11-29,37,39
2018-11-30,37,39
2018-12-01,37,39
2018-12-02,37,39
2018-12-03,36,38
2018-12-04,36,38
2018-12-05,37,39
2018-12-06,37,39
2018-12-07,37,39
2018-12-08,36,38
2018-12-09,36,38
2018-12-10,37,39
2018-12-11,37,39
2018-12-12,37,39
2018-12-13,37,39
2018-12-14,37,39
2018-12-15,37,39
2018-12-16,37,39
2018-12-17,37,39
2018-12-18,37,39
2018-12-19,37,39
2018-12-20,37,39
2018-12-21,37,39
2018-12-22,37,39
2018-12-23,37,39
2018-12-24,37,39
2018-12-25,37,39
2018-12-26,37,39
2018-12-27,37,39
2018-12-28,37,39
2018-12-29,37,39
2018-12-30,37,39
2018-12-31,37,39
2019-01-01,37,39
2019-01-02,37,39
2019-01-03,37,39
2019-01-04,36,38
2019-01-05,36,38
2019-01-06,36,38
2019-01-07,36,38
2019-01-08,36,38
2019-01-09,37,39
2019-01-10,36,38
2019-01-11,36,38
2019-01-12,36,38
2019-01-13,36,38
2019-01-14,36,38
2019-01-15,36,38
2019-01-16,36,38
2019-01-17,37,39
2019-01-18,37,39
2019-01-19,37,39
2019-01-20,37,39
2019-01-21,37,39
2019-01-22,37,39
2019-01-23,37,39
2019-01-24,37,39
2019-01-25,36,38
2019-01-26,36,38
2019-01-27,36,38
2019-01-28,36,38
2019-01-29,36,38
2019-01-30,37,39
2019-01-31,36,38
2019-02-01,36,38
2019-02-02,36,38
2019-02-03,36,38
2019-02-04,36,38
2019-02-05,36,38
2019-02-06,36,38
2019-02-07,37,39
2019-02-08,37,39
2019-02-09,37,39
2019-02-10,37,39
2019-02-11,37,39
2019-02-12,37,39
2019-02-13,37,39
2019-02-14,37,39
2019-02-15,37,39
2019-02-16,38,40
2019-02-17,38,40
2019-02-18,38,40
2019-02-19,38,40
2019-02-20,39,41
2019-02-21,39,41
2019-02-22,39,40
2019-02-23,39,40
2019-02-24,39,40
2019-02-25,38,40
2019-02-26,38,40
2019-02-27,38,40
2019-02-28,38,40
2019-03-01,38,40
2019-03-02,39,41
2019-03-03,39,41
2019-03-04,39,41
2019-03-05,39,41
2019-03-06,39,41
2019-03-07,40,42
2019-03-08,41,43
2019-03-09,40,42
2019-03-10,40,42
2019-03-11,40,42
2019-03-12,40,42
2019-03-13,40,42
2019-03-14,40,42
2019-03-15,39,41
2019-03-16,39,41
2019-03-17,39,41
2019-03-18,39,41
2019-03-19,39,41
2019-03-20,40,42
2019-03-21,40,42
2019-03-22,41,43
2019-03-23,41,43
2019-03-24,41,43
2019-03-25,41,43
2019-03-26,41,43
2019-03-27,42,44
2019-03-28,43,45
2019-03-29,43,45
2019-03-30,42,44
2019-03-31,42,44
2019-04-01,42,44
2019-04-02,42,44
2019-04-03,42,44
2019-04-04,42,44
2019-04-05,43,45
2019-04-06,43,45
2019-04-07,43,45
2019-04-08,43,45
2019-04-09,43,45
2019-04-10,42,44
2019-04-11,42,44
2019-04-12,42,44
2019-04-13,41,43
2019-04-14,41,43
2019-04-15,41,43
2019-04-16,41,43
2019-04-17,41,43
2019-04-18,41,43
2019-04-19,41,43
2019-04-20,41,43
2019-04-21,41,43
2019-04-22,41,43
2019-04-23,42,44
2019-04-24,42,44
2019-04-25,44,46
2019-04-26,44,46
2019-04-27,45,47
2019-04-28,45,47
2019-04-29,44,46
2019-04-30,43,45
2019-05-01,43,45
2019-05-02,43,46
2019-05-03,44,46
2019-05-04,43,46
2019-05-05,43,46
2019-05-06,44,46
2019-05-07,44,46
2019-05-08,44,46
2019-05-09,44,46
2019-05-10,44,46
2019-05-11,44,46
2019-05-12,44,46
2019-05-13,44,46
2019-05-14,44,46
2019-05-15,44,46
2019-05-16,44,46
2019-05-17,44,46
2019-05-18,44,46
2019-05-19,44,46
2019-05-20,44,46
2019-05-21,44,46
2019-05-22,44,46
2019-05-23,44,46
2019-05-24,44,46
2019-05-25,44,46
2019-05-26,44,46
2019-05-27,44,46
2019-05-28,44,46
2019-05-29,44,46
2019-05-30,44,46
2019-05-31,44,46
2019-06-01,44,46
2019-06-02,44,46
2019-06-03,44,46
2019-06-04,44,46
2019-06-05,44,46
2019-06-06,44,46
2019-06-07,44,46
2019-06-08,44,46
2019-06-09,44,46
2019-06-10,44,46
2019-06-11,44,46
2019-06-12,43,45
2019-06-13,43,45
2019-06-14,43,45
2019-06-15,43,45
2019-06-16,43,45
2019-06-17,43,45
2019-06-18,43,45
2019-06-19,43,45
2019-06-20,43,45
2019-06-21,43,45
2019-06-22,43,45
2019-06-23,42,44
2019-06-24,42,44
2019-06-25,41,44
2019-06-26,42,44
2019-06-27,42,44
2019-06-28,42,44
2019-06-29,42,44
2019-06-30,42,44
2019-07-01,41,44
2019-07-02,41,44
2019-07-03,41,43
2019-07-04,41,43
2019-07-05,41,43
2019-07-06,41,43
2019-07-07,41,43
2019-07-08,41,43
2019-07-09,41,43
2019-07-10,41,43
2019-07-11,41,43
2019-07-12,41,43
2019-07-13,41,43
2019-07-14,41,43
2019-07-15,41,43
2019-07-16,41,44
2019-07-17,42,44
2019-07-18,41,44
2019-07-19,41,44
2019-07-20,41,44
2019-07-21,41,44
2019-07-22,41,44
2019-07-23,42,44
2019-07-24,42,44
2019-07-25,42,44
2019-07-26,42,45
2019-07-27,42,45
2019-07-28,42,45
2019-07-29,43,45
2019-07-30,43,45
2019-07-31,43,45
2019-08-01,43,45
2019-08-02,44,46
2019-08-03,44,46
2019-08-04,44,46
2019-08-05,44,46
2019-08-06,44,47
2019-08-07,44,47
2019-08-08,44,47
2019-08-09,44,47
2019-08-10,44,47
2019-08-11,44,47
2019-08-12,49,53
2019-08-13,52,58
2019-08-14,55,60
2019-08-15,56,61
2019-08-16,54,59
2019-08-17,53,58
2019-08-18,53,58
2019-08-19,53,58
2019-08-20,53,58
2019-08-21,52,57
2019-08-22,52,57
2019-08-23,52,57
2019-08-24,52,57
2019-08-25,52,57
2019-08-26,53,57
2019-08-27,54,58
2019-08-28,56,60
2019-08-29,56,60
2019-08-30,57,61
2019-08-31,58,62
2019-09-01,58,62
2019-09-02,56,60
2019-09-03,53,58
2019-09-04,53,58
2019-09-05,54,58
2019-09-06,54,58
2019-09-07,54,58
2019-09-08,54,58
2019-09-09,54,58
2019-09-10,54,58
2019-09-11,54,58
2019-09-12,54,58
2019-09-13,54,58
2019-09-14,54,58
2019-09-15,54,58
2019-09-16,55,59
2019-09-17,55,59
2019-09-18,55,59
2019-09-19,55,59
2019-09-20,55,59
2019-09-21,55,59
2019-09-22,55,59
2019-09-23,55,59
2019-09-24,55,59
2019-09-25,55,59
2019-09-26,55,59
2019-09-27,56,60
2019-09-28,56,60
2019-09-29,56,60
2019-09-30,56,60
2019-10-01,56,60
2019-10-02,56,60
2019-10-03,56,60
2019-10-04,56,60
2019-10-05,56,60
2019-10-06,56,60
2019-10-07,56,60
2019-10-08,56,60
2019-10-09,56,60
2019-10-10,56,60
2019-10-11,56,60
2019-10-12,56,60
2019-10-13,56,60
2019-10-14,56,60
2019-10-15,56,60
2019-10-16,56,60
2019-10-17,57,61
2019-10-18,57,61
2019-10-19,57,61
2019-10-20,57,61
2019-10-21,57,61
2019-10-22,57,61
2019-10-23,58,62
2019-10-24,59,63
2019-10-25,60,64
2019-10-26,61,65
2019-10-27,61,65
2019-10-28,60,64
2019-10-29,58,63
2019-10-30,58,63
2019-10-31,58,63
2019-11-01,58,63
2019-11-02,58,63
2019-11-03,58,63
2019-11-04,58,63
2019-11-05,58,63
2019-11-06,58,63
2019-11-07,58,63
2019-11-08,58,63
2019-11-09,58,63
2019-11-10,58,63
2019-11-11,58,63
2019-11-12,58,63
2019-11-13,58,63
2019-11-14,58,63
2019-11-15,58,63
2019-11-16,58,63
2019-11-17,58,63
2019-11-18,58,63
2019-11-19,58,63
2019-11-20,58,63
2019-11-21,58,63
2019-11-22,58,63
2019-11-23,58,63
2019-11-24,58,63
2019-11-25,58,63
2019-11-26,58,63
2019-11-27,58,63
2019-11-28,58,63
2019-11-29,58,63
2019-11-30,58,63
2019-12-01,58,63
2019-12-02,58,63
2019-12-03,58,63
2019-12-04,58,63
2019-12-05,59,63
2019-12-06,58,63
2019-12-07,58,63
2019-12-08,58,63
2019-12-09,59,63
2019-12-10,59,63
2019-12-11,58,63
2019-12-12,58,63
2019-12-13,58,63
2019-12-14,58,63
2019-12-15,58,63
2019-12-16,58,63
2019-12-17,58,63
2019-12-18,58,63
2019-12-19,58,63
2019-12-20,58,63
2019-12-21,58,63
2019-12-22,58,63
2019-12-23,58,63
2019-12-24,58,63
2019-12-25,58,63
2019-12-26,58,63
2019-12-27,58,63
2019-12-28,58,63
2019-12-29,58,63
2019-12-30,58,63
2019-12-31,58,63
2020-01-01,58,63
2020-01-02,58,63
2020-01-03,58,63
2020-01-04,58,63
2020-01-05,58,63
2020-01-06,58,63
2020-01-07,58,63
2020-01-08,58,63
2020-01-09,58,63
2020-01-10,58,63
2020-01-11,58,63
2020-01-12,58,63
2020-01-13,58,63
2020-01-14,58,63
2020-01-15,58,63
2020-01-16,58,63
2020-01-17,58,63
2020-01-18,58,63
2020-01-19,58,63
2020-01-20,58,63
2020-01-21,58,63
2020-01-22,58,63
2020-01-23,58,63
2020-01-24,58,63
2020-01-25,58,63
2020-01-26,58,63
2020-01-27,58,63
2020-01-28,58,63
2020-01-29,58,63
2020-01-30,58,63
2020-01-31,58,63
2020-02-01,58,63
2020-02-02,58,63
2020-02-03,58,63
2020-02-04,58,63
2020-02-05,58,63
2020-02-06,57,63
2020-02-07,57,63
2020-02-08,57,63
2020-02-09,57,63
2020-02-10,57,63
2020-02-11,57,63
2020-02-12,58,64
2020-02-13,58,64
2020-02-14,58,64
2020-02-15,58,64
2020-02-16,58,64
2020-02-17,58,64
2020-02-18,59,64
2020-02-19,59,64
2020-02-20,59,64
2020-02-21,59,64
2020-02-22,59,64
2020-02-23,59,64
2020-02-24,59,64
2020-02-25,59,64
2020-02-26,59,64
2020-02-27,59,64
2020-02-28,59,64
2020-02-29,59,64
2020-03-01,59,64
2020-03-02,59,64
2020-03-03,59,64
2020-03-04,60,65
2020-03-05,59,64
2020-03-06,60,65
2020-03-07,60,65
2020-03-08,60,65
2020-03-09,60,65
2020-03-10,60,65
2020-03-11,60,65
2020-03-12,60,65
2020-03-13,60,65
2020-03-14,60,65
2020-03-15,60,65
2020-03-16,60,65
2020-03-17,60,65
2020-03-18,60,65
2020-03-19,61,66
2020-03-20,61,66
2020-03-21,61,66
2020-03-22,61,66
2020-03-23,61,66
2020-03-24,61,66
2020-03-25,61,66
2020-03-26,61,66
2020-03-27,61,66
2020-03-28,61,66
2020-03-29,61,66
2020-03-30,61,67
2020-03-31,62,67
2020-04-01,62,67
2020-04-02,62,67
2020-04-03,62,67
2020-04-04,62,67
2020-04-05,62,67
2020-04-06,62,67
2020-04-07,62,67
2020-04-08,63,68
2020-04-09,62,67
2020-04-10,62,67
2020-04-11,62,67
2020-04-12,62,67
2020-04-13,62,67
2020-04-14,62,67
2020-04-15,63,68
2020-04-16,63,68
2020-04-17,63,68
2020-04-18,63,68
2020-04-19,63,68
2020-04-20,63,68
2020-04-21,63,68
2020-04-22,63,68
2020-04-23,63,68
2020-04-24,64,69
2020-04-25,64,69
2020-04-26,64,69
2020-04-27,64,69
2020-04-28,64,69
2020-04-29,64,69
2020-04-30,64,69
2020-05-01,64,69
2020-05-02,64,69
2020-05-03,64,69
2020-05-04,64,69
2020-05-05,64,69
2020-05-06,64,69
2020-05-07,64,69
2020-05-08,65,70
2020-05-09,65,70
2020-05-10,65,70
2020-05-11,65,70
2020-05-12,65,69
2020-05-13,65,70
2020-05-14,66,70
2020-05-15,65,70
2020-05-16,65,70
2020-05-17,65,70
2020-05-18,65,70
2020-05-19,65,70
2020-05-20,65,70
2020-05-21,65,70
2020-05-22,65,70
2020-05-23,65,70
2020-05-24,65,70
2020-05-25,66,71
2020-05-26,66,71
2020-05-27,66,71
2020-05-28,66,71
2020-05-29,66,71
2020-05-30,66,71
2020-05-31,66,71
2020-06-01,66,71
2020-06-02,66,71
2020-06-03,66,71
2020-06-04,66,71
2020-06-05,66,71
2020-06-06,66,71
2020-06-07,66,71
2020-06-08,67,72
2020-06-09,67,72
2020-06-10,67,72
2020-06-11,67,72
2020-06-12,68,72
2020-06-13,68,72
2020-06-14,68,72
2020-06-15,68,72
2020-06-16,68,73
2020-06-17,68,73
2020-06-18,68,73
2020-06-19,68,73
2020-06-20,68,73
2020-06-21,68,73
2020-06-22,68,73
2020-06-23,68,73
2020-06-24,69,74
2020-06-25,69,74
2020-06-26,69,74
2020-06-27,69,74
2020-06-28,69,74
2020-06-29,69,74
2020-06-30,69,74
2020-07-01,69,74
2020-07-02,69,74
2020-07-03,69,74
2020-07-04,69,74
2020-07-05,69,74
2020-07-06,70,75
2020-07-07,70,75
2020-07-08,70,75
2020-07-09,70,75
2020-07-10,70,75
2020-07-11,70,75
2020-07-12,70,75
2020-07-13,70,75
2020-07-14,70,75
2020-07-15,70,75
2020-07-16,70,75
2020-07-17,70,75
2020-07-18,70,75
2020-07-19,70,75
2020-07-20,71,76
2020-07-21,71,76
2020-07-22,71,76
2020-07-23,71,76
2020-07-24,71,76
2020-07-25,71,76
2020-07-26,71,76
2020-07-27,71,76
2020-07-28,71,76
2020-07-29,71,76
2020-07-30,71,76
2020-07-31,71,76
2020-08-01,71,76
2020-08-02,71,76
2020-08-03,72,77
2020-08-04,72,77
2020-08-05,72,77
2020-08-06,72,77
2020-08-07,72,77
2020-08-08,72,77
2020-08-09,72,77
2020-08-10,72,77
2020-08-11,72,77
2020-08-12,72,77
2020-08-13,72,77
2020-08-14,72,77
2020-08-15,72,77
2020-08-16,72,77
2020-08-17,72,77
2020-08-18,73,78
2020-08-19,73,78
2020-08-20,73,78
2020-08-21,73,78
2020-08-22,73,78
2020-08-23,73,78
2020-08-24,73,78
2020-08-25,73,78
2020-08-26,73,78
2020-08-27,73,78
2020-08-28,73,78
2020-08-29,73,78
2020-08-30,73,78
2020-08-31,73,78
2020-09-01,74,78
2020-09-02,74,79
2020-09-03,74,79
2020-09-04,74,79
2020-09-05,74,79
2020-09-06,74,79
2020-09-07,74,79
2020-09-08,74,79
2020-09-09,74,79
2020-09-10,74,79
2020-09-11,74,79
2020-09-12,74,79
2020-09-13,74,79
2020-09-14,74,79
2020-09-15,74,79
2020-09-16,75,80
2020-09-17,75,80
2020-09-18,75,80
2020-09-19,75,80
2020-09-20,75,80
2020-09-21,75,80
2020-09-22,75,80
2020-09-23,75,80
2020-09-24,75,80
2020-09-25,75,80
2020-09-26,75,80
2020-09-27,75,80
2020-09-28,75,80
2020-09-29,75,80
2020-09-30,76,81
2020-10-01,76,81
2020-10-02,76,82
2020-10-03,76,82
2020-10-04,76,82
2020-10-05,77,83
2020-10-06,77,83
2020-10-07,77,83
2020-10-08,77,83
2020-10-09,77,83
2020-10-10,77,83
2020-10-11,77,83
2020-10-12,77,83
2020-10-13,77,83
2020-10-14,77,83
2020-10-15,77,83
2020-10-16,77,83
2020-10-17,77,83
2020-10-18,77,83
2020-10-19,77,83
2020-10-20,77,83
2020-10-21,77,83
2020-10-22,78,84
2020-10-23,78,84
2020-10-24,78,84
2020-10-25,78,84
2020-10-26,78,84
2020-10-27,78,84
2020-10-28,78,84
2020-10-29,78,84
2020-10-30,78,84
2020-10-31,78,84
2020-11-01,78,84
2020-11-02,78,84
2020-11-03,79,85
2020-11-04,79,85
2020-11-05,79,85
2020-11-06,79,85
2020-11-07,79,85
2020-11-08,79,85
2020-11-09,79,85
2020-11-10,79,85
2020-11-11,79,85
2020-11-12,79,85
2020-11-13,79,85
2020-11-14,79,85
2020-11-15,79,85
2020-11-16,80,86
2020-11-17,80,86
2020-11-18,80,86
2020-11-19,80,86
2020-11-20,80,86
2020-11-21,80,86
2020-11-22,80,86
2020-11-23,80,86
2020-11-24,80,86
2020-11-25,80,86
2020-11-26,81,87
2020-11-27,81,87
2020-11-28,81,87
2020-11-29,81,87
2020-11-30,81,87
2020-12-01,81,87
2020-12-02,81,87
2020-12-03,81,87
2020-12-04,81,87
2020-12-05,81,87
2020-12-06,81,87
2020-12-07,81,87
2020-12-08,81,87
2020-12-09,81,87
2020-12-10,82,88
2020-12-11,82,88
2020-12-12,82,88
2020-12-13,82,88
2020-12-14,82,88
2020-12-15,82,88
2020-12-16,82,88
2020-12-17,82,88
2020-12-18,82,88
2020-12-19,82,88
2020-12-20,82,88
2020-12-21,83,89
2020-12-22,83,89
2020-12-23,83,89
2020-12-24,83,89
2020-12-25,83,89
2020-12-26,83,89
2020-12-27,83,89
2020-12-28,83,89
2020-12-29,84,90
2020-12-30,84,90
2020-12-31,84,90
2021-01-01,84,90
2021-01-02,84,90
2021-01-03,84,90
2021-01-04,84,90
2021-01-05,85,91
2021-01-06,85,91
2021-01-07,85,91
2021-01-08,85,91
2021-01-09,85,91
2021-01-10,85,91
2021-01-11,85,91
2021-01-12,85,91
2021-01-13,85,91
2021-01-14,85,91
2021-01-15,85,91
2021-01-16,85,91
2021-01-17,85,91
2021-01-18,85,91
2021-01-19,86,92
2021-01-20,86,92
2021-01-21,86,92
2021-01-22,86,92
2021-01-23,86,92
2021-01-24,86,92
2021-01-25,86,92
2021-01-26,86,92
2021-01-27,86,92
2021-01-28,87,93
2021-01-29,87,93
2021-01-30,87,93
2021-01-31,87,93
2021-02-01,87,93
2021-02-02,87,93
2021-02-03,87,93
2021-02-04,87,93
2021-02-05,87,93
2021-02-06,87,93
2021-02-07,87,93
2021-02-08,88,94
2021-02-09,88,94
2021-02-10,88,94
2021-02-11,88,94
2021-02-12,88,94
2021-02-13,88,94
2021-02-14,88,94
2021-02-15,88,94
2021-02-16,88,94
2021-02-17,88,94
2021-02-18,88,94
2021-02-19,88,94
2021-02-20,88,94
2021-02-21,88,94
2021-02-22,89,95
2021-02-23,89,95
2021-02-24,89,95
2021-02-25,90,95
2021-02-26,89,95
2021-02-27,89,95
2021-02-28,89,95
2021-03-01,89,95
2021-03-02,90,96
2021-03-03,90,96
2021-03-04,90,96
2021-03-05,90,96
2021-03-06,90,96
2021-03-07,90,96
2021-03-08,90,96
2021-03-09,90,96
2021-03-10,90,96
2021-03-11,90,96
2021-03-12,90,96
2021-03-13,90,96
2021-03-14,90,96
2021-03-15,91,97
2021-03-16,91,97
2021-03-17,91,97
2021-03-18,91,97
2021-03-19,91,97
2021-03-20,91,97
2021-03-21,91,97
2021-03-22,91,97
2021-03-23,91,97
2021-03-24,91,97
2021-03-25,91,97
2021-03-26,92,98
2021-03-27,92,98
2021-03-28,92,98
2021-03-29,92,98
2021-03-30,92,98
2021-03-31,92,98
2021-04-01,92,98
2021-04-02,92,98
2021-04-03,92,98
2021-04-04,92,98
2021-04-05,92,98
2021-04-06,92,98
2021-04-07,92,98
2021-04-08,92,98
2021-04-09,92,98
2021-04-10,92,98
2021-04-11,92,98
2021-04-12,92,98
2021-04-13,92,98
2021-04-14,92,98
2021-04-15,92,98
2021-04-16,93,99
2021-04-17,93,99
2021-04-18,93,99
2021-04-19,93,99
2021-04-20,93,99
2021-04-21,93,99
2021-04-22,93,99
2021-04-23,93,99
2021-04-24,93,99
2021-04-25,93,99
2021-04-26,93,99
2021-04-27,93,99
2021-04-28,93,99
2021-04-29,93,99
2021-04-30,93,99
2021-05-01,93,99
2021-05-02,93,99
2021-05-03,93,99
2021-05-04,93,99
2021-05-05,93,99
2021-05-06,93,99
2021-05-07,93,99
2021-05-08,93,99
2021-05-09,93,99
2021-05-10,94,100
2021-05-11,94,100
2021-05-12,94,100
2021-05-13,94,100
2021-05-14,94,100
2021-05-15,94,100
2021-05-16,94,100
2021-05-17,94,100
2021-05-18,94,100
2021-05-19,94,100
2021-05-20,94,100
2021-05-21,94,100
2021-05-22,94,100
2021-05-23,94,100
2021-05-24,94,100
2021-05-25,94,100
2021-05-26,94,100
2021-05-27,94,100
2021-05-28,94,100
2021-05-29,94,100
2021-05-30,94,100
2021-05-31,94,100
2021-06-01,94,100
2021-06-02,94,100
2021-06-03,94,100
2021-06-04,94,100
2021-06-05,94,100
2021-06-06,94,100
2021-06-07,94,100
2021-06-08,94,100
2021-06-09,94,100
2021-06-10,94,100
2021-06-11,94,100
2021-06-12,94,100
2021-06-13,94,100
2021-06-14,95,101
2021-06-15,95,101
2021-06-16,95,101
2021-06-17,95,101
2021-06-18,95,101
2021-06-19,95,101
2021-06-20,95,101
2021-06-21,95,101
2021-06-22,95,101
2021-06-23,95,101
2021-06-24,95,101
2021-06-25,95,101
2021-06-26,95,101
2021-06-27,95,101
2021-06-28,95,101
2021-06-29,95,101
2021-06-30,95,101
2021-07-01,95,101
2021-07-02,95,101
2021-07-03,95,101
2021-07-04,95,101
2021-07-05,95,101
2021-07-06,95,101
2021-07-07,95,101
2021-07-08,95,101
2021-07-09,95,101
2021-07-10,95,101
2021-07-11,95,101
2021-07-12,95,101
2021-07-13,95,101
2021-07-14,96,102
2021-07-15,96,102
2021-07-16,96,102
2021-07-17,96,102
2021-07-18,96,102
2021-07-19,96,102
2021-07-20,96,102
2021-07-21,96,102
2021-07-22,96,102
2021-07-23,96,102
2021-07-24,96,102
2021-07-25,96,102
2021-07-26,96,102
2021-07-27,96,102
2021-07-28,96,102
2021-07-29,96,102
2021-07-30,96,102
2021-07-31,96,102
2021-08-01,96,102
2021-08-02,96,102
2021-08-03,96,102
2021-08-04,96,102
2021-08-05,96,102
2021-08-06,96,102
2021-08-07,96,102
2021-08-08,96,102
2021-08-09,96,102
2021-08-10,96,102
2021-08-11,96,102
2021-08-12,96,102
2021-08-13,97,103
2021-08-14,97,103
2021-08-15,97,103
2021-08-16,97,103
2021-08-17,97,103
2021-08-18,97,103
2021-08-19,97,103
2021-08-20,97,103
2021-08-21,97,103
2021-08-22,97,103
2021-08-23,97,103
2021-08-24,97,103
2021-08-25,97,103
2021-08-26,97,103
2021-08-27,97,103
2021-08-28,97,103
2021-08-29,97,103
2021-08-30,97,103
2021-08-31,97,103
2021-09-01,97,103
2021-09-02,97,103
2021-09-03,97,103
2021-09-04,97,103
2021-09-05,97,103
2021-09-06,97,103
2021-09-07,97,103
2021-09-08,98,104
2021-09-09,98,104
2021-09-10,98,104
2021-09-11,98,104
2021-09-12,98,104
2021-09-13,98,104
2021-09-14,98,104
2021-09-15,98,104
2021-09-16,98,104
2021-09-17,98,104
2021-09-18,98,104
2021-09-19,98,104
2021-09-20,98,104
2021-09-21,98,104
2021-09-22,98,104
2021-09-23,98,104
2021-09-24,98,104
2021-09-25,98,104
2021-09-26,98,104
2021-09-27,98,104
2021-09-28,98,104
2021-09-29,98,104
2021-09-30,98,104
2021-10-01,98,104
2021-10-02,98,104
2021-10-03,98,104
2021-10-04,98,104
2021-10-05,99,105
2021-10-06,99,105
2021-10-07,99,105
2021-10-08,99,105
2021-10-09,99,105
2021-10-10,99,105
2021-10-11,99,105
2021-10-12,98,104
2021-10-13,99,105
2021-10-14,99,105
2021-10-15,99,105
2021-10-16,99,105
2021-10-17,99,105
2021-10-18,99,105
2021-10-19,99,105
2021-10-20,99,105
2021-10-21,99,105
2021-10-22,99,105
2021-10-23,99,105
2021-10-24,99,105
2021-10-25,99,105
2021-10-26,99,105
2021-10-27,99,105
2021-10-28,99,105
2021-10-29,99,105
2021-10-30,99,105
2021-10-31,99,105
2021-11-01,99,105
2021-11-02,99,105
2021-11-03,99,105
2021-11-04,99,105
2021-11-05,99,105
2021-11-06,99,105
2021-11-07,99,105
2021-11-08,100,106
2021-11-09,100,106
2021-11-10,100,106
2021-11-11,101,106
2021-11-12,100,106
2021-11-13,100,106
2021-11-14,100,106
2021-11-15,100,106
2021-11-16,100,106
2021-11-17,100,106
2021-11-18,100,106
2021-11-19,100,106
2021-11-20,100,106
2021-11-21,100,106
2021-11-22,100,106
2021-11-23,100,106
2021-11-24,100,106
2021-11-25,100,106
2021-11-26,100,106
2021-11-27,100,106
2021-11-28,100,106
2021-11-29,100,106
2021-11-30,100,106
2021-12-01,101,107
2021-12-02,101,107
2021-12-03,101,107
2021-12-04,101,107
2021-12-05,101,107
2021-12-06,101,107
2021-12-07,101,107
2021-12-08,101,107
2021-12-09,101,107
2021-12-10,101,107
2021-12-11,101,107
2021-12-12,101,107
2021-12-13,101,107
2021-12-14,101,107
2021-12-15,102,108
2021-12-16,102,108
2021-12-17,102,108
2021-12-18,102,108
2021-12-19,102,108
2021-12-20,102,108
2021-12-21,102,108
2021-12-22,102,108
2021-12-23,102,108
2021-12-24,102,108
2021-12-25,102,108
2021-12-26,102,108
2021-12-27,102,108
2021-12-28,102,108
2021-12-29,102,108
2021-12-30,102,108
2021-12-31,102,108
2022-01-01,102,108
2022-01-02,102,108
2022-01-03,102,108
2022-01-04,103,109
2022-01-05,103,109
2022-01-06,103,109
2022-01-07,103,109
2022-01-08,103,109
2022-01-09,103,109
2022-01-10,103,109
2022-01-11,103,109
2022-01-12,103,109
2022-01-13,103,109
2022-01-14,103,109
2022-01-15,103,109
2022-01-16,103,109
2022-01-17,103,109
2022-01-18,104,110
2022-01-19,104,110
2022-01-20,104,110
2022-01-21,104,110
2022-01-22,104,110
2022-01-23,104,110
2022-01-24,104,110
2022-01-25,104,110
2022-01-26,104,110
2022-01-27,104,110
2022-01-28,105,111
2022-01-29,105,111
2022-01-30,105,111
2022-01-31,105,111
2022-02-01,105,111
2022-02-02,105,111
2022-02-03,105,111
2022-02-04,105,111
2022-02-05,105,111
2022-02-06,105,111
2022-02-07,105,111
2022-02-08,105,111
2022-02-09,106,112
2022-02-10,106,112
2022-02-11,106,112
2022-02-12,106,112
2022-02-13,106,112
2022-02-14,106,112
2022-02-15,106,112
2022-02-16,106,112
2022-02-17,106,112
2022-02-18,106,112
2022-02-19,106,112
2022-02-20,106,112
2022-02-21,107,113
2022-02-22,107,113
2022-02-23,107,113
2022-02-24,107,113
2022-02-25,107,113
2022-02-26,107,113
2022-02-27,107,113
2022-02-28,107,113
2022-03-01,107,113
2022-03-02,107,113
2022-03-03,107,113
2022-03-04,108,114
2022-03-05,108,114
2022-03-06,108,114
2022-03-07,108,114
2022-03-08,108,114
2022-03-09,108,114
2022-03-10,108,114
2022-03-11,108,114
2022-03-12,108,114
2022-03-13,108,114
2022-03-14,109,115
2022-03-15,109,115
2022-03-16,109,115
2022-03-17,109,115
2022-03-18,109,115
2022-03-19,109,115
2022-03-20,109,115
2022-03-21,109,115
2022-03-22,109,115
2022-03-23,110,116
2022-03-24,110,116
2022-03-25,110,116
2022-03-26,110,116
2022-03-27,110,116
2022-03-28,110,116
2022-03-29,110,116
2022-03-30,110,116
2022-03-31,110,116
2022-04-01,111,117
2022-04-02,111,117
2022-04-03,111,117
2022-04-04,111,117
2022-04-05,111,117
2022-04-06,111,117
2022-04-07,112,118
2022-04-08,112,118
2022-04-09,112,118
2022-04-10,112,118
2022-04-11,112,118
2022-04-12,112,118
2022-04-13,112,118
2022-04-14,112,118
2022-04-15,112,118
2022-04-16,112,118
2022-04-17,112,118
2022-04-18,113,119
2022-04-19,113,119
2022-04-20,113,119
2022-04-21,114,120
2022-04-22,114,120
2022-04-23,114,120
2022-04-24,114,120
2022-04-25,114,120
2022-04-26,114,120
2022-04-27,114,120
2022-04-28,114,120
2022-04-29,115,121
2022-04-30,115,121
2022-05-01,115,121
2022-05-02,115,121
2022-05-03,115,121
2022-05-04,115,121
2022-05-05,116,122
2022-05-06,116,122
2022-05-07,116,122
2022-05-08,116,122
2022-05-09,116,122
2022-05-10,116,122
2022-05-11,116,122
2022-05-12,117,123
2022-05-13,117,123
2022-05-14,117,123
2022-05-15,117,123
2022-05-16,117,123
2022-05-17,118,124
2022-05-18,118,124
2022-05-19,118,124
2022-05-20,118,124
2022-05-21,118,124
2022-05-22,118,124
2022-05-23,118,124
2022-05-24,118,124
2022-05-25,118,124
2022-05-26,119,125
2022-05-27,119,125
2022-05-28,119,125
2022-05-29,119,125
2022-05-30,119,125
2022-05-31,119,125
2022-06-01,120,126
2022-06-02,120,126
2022-06-03,120,126
2022-06-04,120,126
2022-06-05,120,126
2022-06-06,121,127
2022-06-07,121,127
2022-06-08,121,127
2022-06-09,121,127
2022-06-10,121,127
2022-06-11,121,127
2022-06-12,121,127
2022-06-13,122,128
2022-06-14,122,128
2022-06-15,122,128
2022-06-16,122,128
2022-06-17,122,128
2022-06-18,122,128
2022-06-19,122,128
2022-06-20,122,128
2022-06-21,123,129
2022-06-22,123,129
2022-06-23,123,129
2022-06-24,123,129
2022-06-25,123,129
2022-06-26,123,129
2022-06-27,124,130
2022-06-28,124,130
2022-06-29,124,130
2022-06-30,124,130
2022-07-01,125,131
2022-07-02,125,131
2022-07-03,125,131
2022-07-04,126,132
2022-07-05,127,133
2022-07-06,127,133
2022-07-07,127,133
2022-07-08,128,134
2022-07-09,128,134
2022-07-10,128,134
2022-07-11,129,135
2022-07-12,129,135
2022-07-13,129,135
2022-07-14,129,135
2022-07-15,129,135
2022-07-16,129,135
2022-07-17,129,135
2022-07-18,130,136
2022-07-19,130,136
2022-07-20,130,136
2022-07-21,130,136
2022-07-22,131,137
2022-07-23,131,137
2022-07-24,131,137
2022-07-25,131,137
2022-07-26,131,137
2022-07-27,132,138
2022-07-28,132,138
2022-07-29,132,138
2022-07-30,132,138
2022-07-31,132,138
2022-08-01,133,139
2022-08-02,133,139
2022-08-03,133,139
2022-08-04,134,140
2022-08-05,134,140
2022-08-06,134,140
2022-08-07,134,140
2022-08-08,134,140
2022-08-09,135,141
2022-08-10,135,141
2022-08-11,135,141
2022-08-12,136,142
2022-08-13,136,142
2022-08-14,136,142
2022-08-15,136,142
2022-08-16,136,142
2022-08-17,137,143
2022-08-18,136,142
2022-08-19,137,143
2022-08-20,137,143
2022-08-21,137,143
2022-08-22,138,144
2022-08-23,138,144
2022-08-24,138,144
2022-08-25,139,145
2022-08-26,139,145
2022-08-27,139,145
2022-08-28,139,145
2022-08-29,139,145
2022-08-30,140,146
2022-08-31,140,146
2022-09-01,140,146
2022-09-02,140,146
2022-09-03,140,146
2022-09-04,140,146
2022-09-05,141,147
2022-09-06,141,147
2022-09-07,142,148
2022-09-08,142,148
2022-09-09,142,148
2022-09-10,142,148
2022-09-11,142,148
2022-09-12,143,149
2022-09-13,144,150
2022-09-14,144,150
2022-09-15,144,150
2022-09-16,142,150
2022-09-17,142,150
2022-09-18,142,150
2022-09-19,143,151
2022-09-20,143,151
2022-09-21,144,152
2022-09-22,144,152
2022-09-23,144,152
2022-09-24,144,152
2022-09-25,144,152
2022-09-26,145,153
2022-09-27,145,153
2022-09-28,146,154
2022-09-29,146,154
2022-09-30,146,154
2022-10-01,146,154
2022-10-02,146,154
2022-10-03,147,155
2022-10-04,148,156
2022-10-05,148,156
2022-10-06,148,156
2022-10-07,148,156
2022-10-08,148,156
2022-10-09,148,156
2022-10-10,148,156
2022-10-11,150,158
2022-10-12,150,158
2022-10-13,150,158
2022-10-14,150,158
2022-10-15,150,158
2022-10-16,150,158
2022-10-17,151,159
2022-10-18,152,160
2022-10-19,152,160
2022-10-20,152,160
2022-10-21,153,161
2022-10-22,153,161
2022-10-23,153,161
2022-10-24,154,162
2022-10-25,154,162
2022-10-26,154,162
2022-10-27,154,162
2022-10-28,155,163
2022-10-29,155,163
2022-10-30,155,163
2022-10-31,155,164
2022-11-01,156,164
2022-11-02,156,164
2022-11-03,157,165
2022-11-04,157,165
2022-11-05,157,165
2022-11-06,157,165
2022-11-07,158,166
2022-11-08,159,167
2022-11-09,159,167
2022-11-10,160,168
2022-11-11,160,168
2022-11-12,160,168
2022-11-13,160,168
2022-11-14,161,169
2022-11-15,161,169
2022-11-16,162,170
2022-11-17,162,170
2022-11-18,162,170
2022-11-19,162,170
2022-11-20,162,170
2022-11-21,162,170
2022-11-22,164,172
2022-11-23,164,172
2022-11-24,164,172
2022-11-25,164,172
2022-11-26,164,172
2022-11-27,164,172
2022-11-28,166,174
2022-11-29,166,174
2022-11-30,166,175
2022-12-01,166,175
2022-12-02,166,175
2022-12-03,166,175
2022-12-04,166,175
2022-12-05,167,176
2022-12-06,168,177
2022-12-07,168,177
2022-12-08,168,177
2022-12-09,168,177
2022-12-10,168,177
2022-12-11,168,177
2022-12-12,170,179
2022-12-13,170,179
2022-12-14,170,179
2022-12-15,170,179
2022-12-16,171,180
2022-12-17,171,180
2022-12-18,171,180
2022-12-19,172,181
2022-12-20,172,181
2022-12-21,172,181
2022-12-22,172,181
2022-12-23,173,182
2022-12-24,173,182
2022-12-25,173,182
2022-12-26,174,183
2022-12-27,174,183
2022-12-28,175,184
2022-12-29,175,184
2022-12-30,176,185
2022-12-31,176,185
2023-01-01,176,185
2023-01-02,176,185
2023-01-03,177,186
2023-01-04,177,186
2023-01-05,177,186
2023-01-06,178,187
2023-01-07,178,187
2023-01-08,178,187
2023-01-09,179,188
2023-01-10,179,188
2023-01-11,179,188
2023-01-12,179,188
2023-01-13,180,189
2023-01-14,180,189
2023-01-15,180,189
2023-01-16,180,189
2023-01-17,181,190
2023-01-18,181,190
2023-01-19,181,190
2023-01-20,182,191
2023-01-21,182,191
2023-01-22,182,191
2023-01-23,183,192
2023-01-24,183,192
2023-01-25,183,192
2023-01-26,184,193
2023-01-27,184,193
2023-01-28,184,193
2023-01-29,184,193
2023-01-30,185,194
2023-01-31,185,194
2023-02-01,186,195
2023-02-02,186,195
2023-02-03,186,195
2023-02-04,186,195
2023-02-05,186,195
2023-02-06,188,197
2023-02-07,188,197
2023-02-08,188,197
2023-02-09,188,197
2023-02-10,189,198
2023-02-11,189,198
2023-02-12,189,198
2023-02-13,190,199
2023-02-14,190,199
2023-02-15,190,199
2023-02-16,191,200
2023-02-17,192,201
2023-02-18,192,201
2023-02-19,192,201
2023-02-20,192,201
2023-02-21,192,201
2023-02-22,193,202
2023-02-23,193,202
2023-02-24,194,203
2023-02-25,194,203
2023-02-26,194,203
2023-02-27,195,204
2023-02-28,195,204
2023-03-01,196,205
2023-03-02,196,205
2023-03-03,197,206
2023-03-04,197,206
2023-03-05,197,206
2023-03-06,198,207
2023-03-07,198,207
2023-03-08,198,207
2023-03-09,198,207
2023-03-10,199,208
2023-03-11,199,208
2023-03-12,199,208
2023-03-13,200,209
2023-03-14,200,209
2023-03-15,201,210
2023-03-16,201,210
2023-03-17,202,211
2023-03-18,202,211
2023-03-19,202,211
2023-03-20,203,212
2023-03-21,203,212
2023-03-22,204,213
2023-03-23,204,213
2023-03-24,204,213
2023-03-25,204,213
2023-03-26,204,213
2023-03-27,205,214
2023-03-28,206,215
2023-03-29,206,216
2023-03-30,207,216
2023-03-31,207,216
2023-04-01,207,216
2023-04-02,207,216
2023-04-03,208,217
2023-04-04,209,218
2023-04-05,210,219
2023-04-06,210,219
2023-04-07,210,219
2023-04-08,210,219
2023-04-09,210,219
2023-04-10,212,221
2023-04-11,212,221
2023-04-12,212,221
2023-04-13,213,222
2023-04-14,213,222
2023-04-15,213,222
2023-04-16,213,222
2023-04-17,214,223
2023-04-18,215,224
2023-04-19,216,225
2023-04-20,216,225
2023-04-21,217,226
2023-04-22,217,226
2023-04-23,217,226
2023-04-24,218,227
2023-04-25,219,228
2023-04-26,219,228
2023-04-27,220,229
2023-04-28,221,230
2023-04-29,221,230
2023-04-30,221,230
2023-05-01,221,230
2023-05-02,223,232
2023-05-03,224,233
2023-05-04,225,234
2023-05-05,227,236
2023-05-06,227,236
2023-05-07,227,236
2023-05-08,229,238
2023-05-09,230,239
2023-05-10,231,240
2023-05-11,231,240
2023-05-12,231,240
2023-05-13,231,240
2023-05-14,231,240
2023-05-15,231,241
2023-05-16,232,242
2023-05-17,233,243
2023-05-18,233,243
2023-05-19,234,244
2023-05-20,234,244
2023-05-21,234,244
2023-05-22,235,245
2023-05-23,236,246
2023-05-24,237,247
2023-05-25,237,247
2023-05-26,237,247
2023-05-27,237,247
2023-05-28,237,247
2023-05-29,239,249
2023-05-30,240,250
2023-05-31,240,250
2023-06-01,241,251
2023-06-02,242,252
2023-06-03,242,252
2023-06-04,242,252
2023-06-05,244,254
2023-06-06,245,255
2023-06-07,245,255
2023-06-08,246,256
2023-06-09,247,257
2023-06-10,247,257
2023-06-11,247,257
2023-06-12,249,259
2023-06-13,249,259
2023-06-14,250,260
2023-06-15,251,261
2023-06-16,252,262
2023-06-17,252,262
2023-06-18,252,262
2023-06-19,252,262
2023-06-20,252,262
2023-06-21,254,264
2023-06-22,255,265
2023-06-23,256,266
2023-06-24,256,266
2023-06-25,256,266
2023-06-26,257,267
2023-06-27,258,268
2023-06-28,258,268
2023-06-29,259,269
2023-06-30,260,270
2023-07-01,260,270
2023-07-02,260,270
2023-07-03,262,272
2023-07-04,262,272
2023-07-05,263,273
2023-07-06,264,274
2023-07-07,264,274
2023-07-08,264,274
2023-07-09,264,274
2023-07-10,266,276
2023-07-11,267,277
2023-07-12,267,277
2023-07-13,268,278
2023-07-14,268,278
2023-07-15,268,278
2023-07-16,268,278
2023-07-17,270,280
2023-07-18,271,281
2023-07-19,271,281
2023-07-20,272,282
2023-07-21,273,283
2023-07-22,273,283
2023-07-23,273,283
2023-07-24,274,284
2023-07-25,275,285
2023-07-26,275,285
2023-07-27,276,286
2023-07-28,277,287
2023-07-29,277,287
2023-07-30,277,287
2023-07-31,278,288
2023-08-01,279,289
2023-08-02,280,290
2023-08-03,281,291
2023-08-04,282,292
2023-08-05,282,292
2023-08-06,282,292
2023-08-07,285,295
2023-08-08,287,297
2023-08-09,288,298
2023-08-10,289,299
2023-08-11,290,300
2023-08-12,290,300
2023-08-13,290,300
2023-08-14,356,366
2023-08-15,357,367
2023-08-16,357,367
2023-08-17,357,367
2023-08-18,357,367
2023-08-19,357,367
2023-08-20,357,367
2023-08-21,357,367
2023-08-22,357,367
2023-08-23,357,367
2023-08-24,357,367
2023-08-25,357,367
2023-08-26,357,367
2023-08-27,357,367
2023-08-28,357,367
2023-08-29,357,367
2023-08-30,357,367
2023-08-31,357,367
2023-09-01,347,367
2023-09-02,347,367
2023-09-03,347,367
2023-09-04,347,367
2023-09-05,347,367
2023-09-06,347,367
2023-09-07,347,367
2023-09-08,349.03,366.64
2023-09-09,349.03,366.64
2023-09-10,349.03,366.64
2023-09-11,349.03,366.64
2023-09-12,349.03,366.64
2023-09-13,349.03,366.64
2023-09-14,349.04,366.65
2023-09-15,349.03,366.64
2023-09-16,349.03,366.64
2023-09-17,349.03,366.64
2023-09-18,349.03,366.64
2023-09-19,349.03,366.64
2023-09-20,349.03,366.64
2023-09-21,349.03,366.64
2023-09-22,349.04,366.65
2023-09-23,349.04,366.65
2023-09-24,349.04,366.65
2023-09-25,349.03,366.64
2023-09-26,349.03,366.7
2023-09-27,349.02,366.91
2023-09-28,349,366.9
2023-09-29,349,366.9
2023-09-30,349,366.9
2023-10-01,349,366.9
2023-10-02,349.03,366.86
2023-10-03,349.02,366.91
2023-10-04,349.02,367.23
2023-10-05,349.02,367.23
2023-10-06,349.02,367.23
2023-10-07,349.02,367.23
2023-10-08,349.02,367.23
2023-10-09,349.02,367.24
2023-10-10,367.39,367.39
2023-10-11,349.02,367.39
2023-10-12,349.02,367.39
2023-10-13,349.02,367.39
2023-10-14,349.02,367.39
2023-10-15,349.02,367.39
2023-10-16,348.79,367.17
2023-10-17,348.88,368.19
2023-10-18,348.96,368.6
2023-10-19,348.96,368.6
2023-10-20,348.96,368.6
2023-10-21,348.96,368.6
2023-10-22,348.96,368.6
2023-10-23,348.96,368.6
2023-10-24,348.96,368.6
2023-10-25,348.96,368.6
2023-10-26,348.96,368.6
2023-10-27,348.96,368.6
2023-10-28,348.96,368.6
2023-10-29,348.96,368.6
2023-10-30,348.96,368.6
2023-10-31,348.96,368.6
2023-11-01,348.96,368.6
2023-11-02,348.96,368.6
2023-11-03,348.96,368.6
2023-11-04,348.96,368.6
2023-11-05,348.96,368.6
2023-11-06,347.5,365.5
2023-11-07,347.5,365.5
2023-11-08,347.5,365.5
2023-11-09,347.5,365.5
2023-11-10,347.5,365.5
2023-11-11,347.5,365.5
2023-11-12,347.5,365.5
2023-11-13,347.5,365.5
2023-11-14,347.5,365.5
2023-11-15,350.5,368.5
2023-11-16,351,369
2023-11-17,351.5,369.5
2023-11-18,351.5,369.5
2023-11-19,351.5,369.5
2023-11-20,351.5,369.5
2023-11-21,353.5,371.5
2023-11-22,354,372
2023-11-23,354.5,372.5
2023-11-24,355,373
2023-11-25,355,373
2023-11-26,355,373
2023-11-27,356.5,374.5
2023-11-28,357,375
2023-11-29,357.5,375.5
2023-11-30,358,376
2023-12-01,358.5,376.5
2023-12-02,358.5,376.5
2023-12-03,358.5,376.5
2023-12-04,360,378
2023-12-05,360.5,378.5
2023-12-06,361,379
2023-12-07,382.5,400.5
2023-12-08,382.5,400.5
2023-12-09,382.5,400.5
2023-12-10,382.5,400.5
2023-12-11,365.5,400.5
2023-12-12,365.5,400.5
2023-12-13,780,820
2023-12-14,780.62,820.62
2023-12-15,781,821
2023-12-16,781,821
2023-12-17,781,821
2023-12-18,782.5,822.5
2023-12-19,783,823
2023-12-20,783.5,823.5
2023-12-21,784,824
2023-12-22,784.5,824.5
2023-12-23,784.5,824.5
2023-12-24,784.5,824.5
2023-12-25,784.5,824.5
2023-12-26,786.75,826.75
2023-12-27,787.25,827.25
2023-12-28,787.75,827.75
2023-12-29,788.25,828.25
2023-12-30,788.25,828.25
2023-12-31,788.25,828.25
2024-01-01,788.25,828.25
2024-01-02,790.25,830.25
2024-01-03,791,831
2024-01-04,791.5,831.5
2024-01-05,792,832
2024-01-06,792,832
2024-01-07,792,832
2024-01-08,793.5,833.5
2024-01-09,794,834
2024-01-10,794.5,834.5
2024-01-11,795,835
2024-01-12,795.5,835.5
2024-01-13,795.5,835.5
2024-01-14,795.5,835.5
2024-01-15,797.25,837.25
2024-01-16,797.75,837.75
2024-01-17,798.25,838.25
2024-01-18,798.75,838.75
2024-01-19,799.25,839.25
2024-01-20,799.25,839.25
2024-01-21,799.25,839.25
2024-01-22,800.75,840.75
2024-01-23,801.25,841.25
2024-01-24,801.75,841.75
2024-01-25,802.25,842.25
2024-01-26,802.75,842.75
2024-01-27,802.75,842.75
2024-01-28,802.75,842.75
2024-01-29,804.5,844.5
2024-01-30,805,845
2024-01-31,805.5,845.5
2024-02-01,806,846
2024-02-02,806.5,846.5
2024-02-03,806.5,846.5
2024-02-04,806.5,846.5
2024-02-05,808,848
2024-02-06,808.5,848.5
2024-02-07,809,849
2024-02-08,809.5,849.5
2024-02-09,810,850
2024-02-10,810,850
2024-02-11,810,850
2024-02-12,810,850
2024-02-13,810,850
2024-02-14,813,853
2024-02-15,813.5,853.5
2024-02-16,814,854
2024-02-17,814,854
2024-02-18,814,854
2024-02-19,815.5,855.5
2024-02-20,816,856
2024-02-21,816.5,856.5
2024-02-22,817,857
2024-02-23,817.5,857.5
2024-02-24,817.5,857.5
2024-02-25,817.5,857.5
2024-02-26,819.5,859.5
2024-02-27,820,860
2024-02-28,820.5,860.5
2024-02-29,821,861
2024-03-01,821.5,861.5
2024-03-02,821.5,861.5
2024-03-03,821.5,861.5
2024-03-04,823,863
2024-03-05,824,864
2024-03-06,824.5,864.5
2024-03-07,825,865
2024-03-08,825.5,865.5
2024-03-09,825.5,865.5
2024-03-10,825.5,865.5
2024-03-11,827,867
2024-03-12,827.5,867.5
2024-03-13,828.5,868.5
2024-03-14,829,869
2024-03-15,829.5,869.5
2024-03-16,829.5,869.5
2024-03-17,829.5,869.5
2024-03-18,831,871
2024-03-19,831.5,871.5
2024-03-20,832,872
2024-03-21,832.5,872.5
2024-03-22,833.5,873.5
2024-03-23,833.5,873.5
2024-03-24,833.5,873.5
2024-03-25,835,875
2024-03-26,835.5,875.5
2024-03-27,836,876
2024-03-28,836,876
2024-03-29,836,876
2024-03-30,836,876
2024-03-31,836,876
2024-04-01,836,876
2024-04-02,836,876
2024-04-03,840,880
2024-04-04,840.5,880.5
2024-04-05,841.5,881.5
2024-04-06,841.5,881.5
2024-04-07,841.5,881.5
2024-04-08,843,883
2024-04-09,843.5,883.5
2024-04-10,843.5,883.5
2024-04-11,884.5,884.5
2024-04-12,885.5,885.5
2024-04-13,885.5,885.5
2024-04-14,885.5,885.5
2024-04-15,847,887
2024-04-16,887.5,887.5
2024-04-17,888,888
2024-04-18,888.5,888.5
2024-04-19,890,890
2024-04-20,890,890
2024-04-21,890,890
2024-04-22,892,892
2024-04-23,892,892
2024-04-24,892.5,892.5
2024-04-25,893,893
2024-04-26,854,894
2024-04-27,894,894
2024-04-28,894,894
2024-04-29,895.5,895.5
2024-04-30,896,896
2024-05-01,896,896
2024-05-02,897,897
2024-05-03,897.5,897.5
2024-05-04,897.5,897.5
2024-05-05,897.5,897.5
2024-05-06,859,899
2024-05-07,859.5,899.5
2024-05-08,860.5,900.5
2024-05-09,861,901
2024-05-10,901.5,901.5
2024-05-11,901.5,901.5
2024-05-12,901.5,901.5
2024-05-13,863,903
2024-05-14,864,904
2024-05-15,904.5,904.5
2024-05-16,865,905
2024-05-17,905.5,905.5
2024-05-18,905.5,905.5
2024-05-19,905.5,905.5
2024-05-20,867.5,907.5
2024-05-21,908,908
2024-05-22,868.5,908.5
2024-05-23,909,909
2024-05-24,869.5,909.5
2024-05-25,909.5,909.5
2024-05-26,869.5,909.5
2024-05-27,871.5,911.5
2024-05-28,872.5,912.5
2024-05-29,873,913
2024-05-30,873,913
2024-05-31,874,914
2024-06-01,914,914
2024-06-02,914,914
2024-06-03,916,916
2024-06-04,916.5,916.5
2024-06-05,916.5,916.5
2024-06-06,878,918
2024-06-07,878,918
2024-06-08,918,918
2024-06-09,878,918
2024-06-10,880.5,920.5
2024-06-11,881,921
2024-06-12,881.5,921.5
2024-06-13,881.5,921.5
2024-06-14,882,922
2024-06-15,882,922
2024-06-16,882,922
2024-06-17,882,922
2024-06-18,884,924
2024-06-19,884.5,924.5
2024-06-20,884.5,924.5
2024-06-21,884.5,924.5
2024-06-22,884.5,924.5
2024-06-23,884.5,924.5
2024-06-24,887,927
2024-06-25,887.5,927.5
2024-06-26,888,928
2024-06-27,889.5,929.5
2024-06-28,890.5,930.5
2024-06-29,890.5,930.5
2024-06-30,890.5,930.5
2024-07-01,892.5,932.5
2024-07-02,893,933
2024-07-03,893.5,933.5
2024-07-04,894,934
2024-07-05,894.5,934.5
2024-07-06,894.5,934.5
2024-07-07,894.5,934.5
2024-07-08,896.5,936.5
2024-07-09,896.5,936.5
2024-07-10,897.5,937.5
2024-07-11,898,938
2024-07-12,900,940
2024-07-13,900,940
2024-07-14,900,940
2024-07-15,900.5,940.5
2024-07-16,901,941
2024-07-17,902,942
2024-07-18,902.5,942.5
2024-07-19,904.5,944.5
2024-07-20,904.5,944.5
2024-07-21,904.5,944.5
2024-07-22,906,946
2024-07-23,906,946
2024-07-24,906.5,946.5
2024-07-25,907.5,947.5
2024-07-26,910,950
2024-07-27,910,950
2024-07-28,910,950
2024-07-29,910.5,950.5
2024-07-30,911,951
2024-07-31,911.5,951.5
2024-08-01,911.5,951.5
2024-08-02,913.5,953.5
2024-08-03,913.5,953.5
2024-08-04,913.5,953.5
2024-08-05,914,954
2024-08-06,914.5,954.5
2024-08-07,915.5,955.5
2024-08-08,915.5,955.5
2024-08-09,917.5,957.5
2024-08-10,917.5,957.5
2024-08-11,917.5,957.5
2024-08-12,918,958
2024-08-13,918.5,958.5
2024-08-14,919,959
2024-08-15,920,960
2024-08-16,921.5,961.5
2024-08-17,922,962
2024-08-18,922,962
2024-08-19,923,963
2024-08-20,923,963
2024-08-21,923.5,963.5
2024-08-22,924,964
2024-08-23,926,966
2024-08-24,926,966
2024-08-25,926,966
2024-08-26,928,968
2024-08-27,929.5,969.5
2024-08-28,929.5,969.5
2024-08-29,930,970
2024-08-30,932,972
2024-08-31,932,972
2024-09-01,932,972
2024-09-02,933,973
2024-09-03,933,973
2024-09-04,933.5,973.5
2024-09-05,934,974
2024-09-06,936.5,976.5
2024-09-07,936.5,976.5
2024-09-08,936.5,976.5
2024-09-09,937,977
2024-09-10,938,978
2024-09-11,938,978
2024-09-12,938.5,978.5
2024-09-13,940.5,980.5
2024-09-14,940.5,980.5
2024-09-15,940.5,980.5
2024-09-16,942,982
2024-09-17,942,982
2024-09-18,942,982
2024-09-19,943.5,983.5
2024-09-20,945,985
2024-09-21,945,985
2024-09-22,945,985
2024-09-23,945.5,985.5
2024-09-24,946,986
2024-09-25,947,987
2024-09-26,948.5,988.5
2024-09-27,949.5,989.5
2024-09-28,949.5,989.5
2024-09-29,949.5,989.5
2024-09-30,950,990
2024-10-01,950.5,990.5
2024-10-02,951,991
2024-10-03,952.5,992.5
2024-10-04,954,994
2024-10-05,954,994
2024-10-06,954,994
2024-10-07,955,995
2024-10-08,955.5,995.5
2024-10-09,955.5,995.5
2024-10-10,958.5,998.5
2024-10-11,958.5,998.5
2024-10-12,958.5,998.5
2024-10-13,958.5,998.5
2024-10-14,959.5,999.5
2024-10-15,960,1000
2024-10-16,960.5,1000.5
2024-10-17,961,1001
2024-10-18,964,1004
2024-10-19,964,1004
2024-10-20,964,1004
2024-10-21,964.5,1004.5
2024-10-22,964.5,1004.5
2024-10-23,965,1005
2024-10-24,965.5,1005.5
2024-10-25,967.5,1007.5
2024-10-26,967.5,1007.5
2024-10-27,967.5,1007.5
2024-10-28,968,1008
2024-10-29,968.5,1008.5
2024-10-30,969.5,1009.5
2024-10-31,971.5,1011.5
2024-11-01,973,1013
2024-11-02,973,1013
2024-11-03,973,1013
2024-11-04,973,1013
2024-11-05,974,1014
2024-11-06,974,1014
2024-11-07,974.5,1014.5
2024-11-08,976.5,1016.5
2024-11-09,976.5,1016.5
2024-11-10,976.5,1016.5
2024-11-11,977.5,1017.5
2024-11-12,978,1018
2024-11-13,978.5,1018.5
2024-11-14,979,1019
2024-11-15,982,1022
2024-11-16,982,1022
2024-11-17,982,1022
2024-11-18,982,1022
2024-11-19,982.5,1022.5
2024-11-20,983,1023
2024-11-21,984.5,1024.5
2024-11-22,986.5,1026.5
2024-11-23,986.5,1026.5
2024-11-24,986.5,1026.5
2024-11-25,987,1027
2024-11-26,987.5,1027.5
2024-11-27,988,1028
2024-11-28,988.5,1028.5
2024-11-29,991,1031
2024-11-30,991,1031
2024-12-01,991,1031
2024-12-02,992,1032
2024-12-03,992.5,1032.5
2024-12-04,992.5,1032.5
2024-12-05,993,1033
2024-12-06,995,1035
2024-12-07,995,1035
2024-12-08,995,1035
2024-12-09,996,1036
2024-12-10,996.5,1036.5
2024-12-11,997,1037
2024-12-12,998.5,1038.5
2024-12-13,1000,1040
2024-12-14,1000,1040
2024-12-15,1000,1040
2024-12-16,1002,1042
2024-12-17,1002.5,1042.5
2024-12-18,1002.5,1042.5
2024-12-19,1002.5,1042.5
2024-12-20,1004.5,1044.5
2024-12-21,1004.5,1044.5
2024-12-22,1004.5,1044.5
2024-12-23,1008,1048
2024-12-24,1008,1048
2024-12-25,1008,1048
2024-12-26,1009,1049
2024-12-27,1011,1051
2024-12-28,1011,1051
2024-12-29,1011,1051
2024-12-30,1012.5,1052.5
2024-12-31,1012.5,1052.5
2025-01-01,1012.5,1052.5
2025-01-02,1012.5,1052.5
2025-01-03,1015,1055
2025-01-04,1015,1055
2025-01-05,1015,1055
2025-01-06,1015,1055
2025-01-07,1015.5,1055.5
2025-01-08,1016,1056
2025-01-09,1017,1057
2025-01-10,1019,1059
2025-01-11,1019,1059
2025-01-12,1019,1059
2025-01-13,1019.5,1059.5
2025-01-14,1020.5,1060.5
2025-01-15,1021.5,1061.5
2025-01-16,1022,1062
2025-01-17,1023.5,1063.5
2025-01-18,1023.5,1063.5
2025-01-19,1023.5,1063.5
2025-01-20,1026,1066
2025-01-21,1026.5,1066.5
2025-01-22,1027.5,1067.5
2025-01-23,1028,1068
2025-01-24,1029,1069
2025-01-25,1029,1069
2025-01-26,1029,1069
2025-01-27,1030,1070
2025-01-28,1030.5,1070.5
2025-01-29,1031.5,1071.5
2025-01-30,1032,1072
2025-01-31,1033.5,1073.5
2025-02-01,1033.5,1073.5
2025-02-02,1033.5,1073.5
2025-02-03,1034.25,1074.25
2025-02-04,1034.5,1074.5
2025-02-05,1034.5,1074.5
2025-02-06,1034.75,1074.75
2025-02-07,1035.75,1075.75
2025-02-08,1035.75,1075.75
2025-02-09,1035.75,1075.75
2025-02-10,1036,1076
2025-02-11,1036,1076
2025-02-12,1036.25,1076.25
2025-02-13,1037.25,1077.25
2025-02-14,1038,1078
2025-02-15,1038,1078
2025-02-16,1038,1078
2025-02-17,1038.75,1078.75
2025-02-18,1039,1079
2025-02-19,1039,1079
2025-02-20,1039.25,1079.25
2025-02-21,1040.25,1080.25
2025-02-22,1040.25,1080.25
2025-02-23,1040.25,1080.25
2025-02-24,1040.5,1080.5
2025-02-25,1041,1081
2025-02-26,1041.25,1081.25
2025-02-27,1041.75,1081.75
2025-02-28,1044.25,1084.25
2025-03-01,1044.25,1084.25
2025-03-02,1044.25,1084.25
2025-03-03,1044.25,1084.25
2025-03-04,1044.25,1084.25
2025-03-05,1044.5,1084.5
2025-03-06,1044.5,1084.5
2025-03-07,1046,1086
2025-03-08,1046,1086
2025-03-09,1046,1086
2025-03-10,1046.25,1086.25
2025-03-11,1046.25,1086.25
2025-03-12,1046.25,1086.25
2025-03-13,1046.5,1086.5
2025-03-14,1048,1088
2025-03-15,1048,1088
2025-03-16,1048,1088
2025-03-17,1048.25,1088.25
2025-03-18,1048.5,1088.5
2025-03-19,1049.25,1089.25
2025-03-20,1049.5,1089.5
2025-03-21,1051,1091
2025-03-22,1051,1091
2025-03-23,1051,1091
2025-03-24,1051,1091
2025-03-25,1051.25,1091.25
2025-03-26,1051.5,1091.5
2025-03-27,1051.75,1091.75
2025-03-28,1053,1093
2025-03-29,1053,1093
2025-03-30,1053,1093
2025-03-31,1053.5,1093.5
2025-04-01,1054.25,1094.25
2025-04-02,1054.25,1094.25
2025-04-03,1054.5,1094.5
2025-04-04,1055.5,1095.5
2025-04-05,1055.5,1095.5
2025-04-06,1055.5,1095.5
2025-04-07,1055.75,1095.75
2025-04-08,1056,1096
2025-04-09,1036.5,1096.5
2025-04-10,1036.75,1096.75
2025-04-11,1037.5,1097.5
2025-04-12,1037.5,1097.5
2025-04-13,1037.5,1097.5
2025-04-14,1180,1230
2025-04-15,1180,1230
2025-04-16,1110,1160
2025-04-17,1110,1160
2025-04-18,1110,1160
2025-04-19,1110,1160
2025-04-20,1110,1160
2025-04-21,1060,1110
2025-04-22,1070,1120
2025-04-23,1120,1170
2025-04-24,1140,1190
2025-04-25,1140,1190
2025-04-26,1140,1190
2025-04-27,1140,1190
2025-04-28,1140,1190
2025-04-29,1130,1180
2025-04-30,1140,1190
2025-05-01,1140,1190
2025-05-02,1140,1190
2025-05-03,1140,1190
2025-05-04,1140,1190
2025-05-05,1160,1210
2025-05-06,1165,1215
2025-05-07,1090,1140
2025-05-08,1080,1130
2025-05-09,1100,1150
2025-05-10,1100,1150
2025-05-11,1100,1150
2025-05-12,1100,1150
2025-05-13,1100,1150
2025-05-14,1100,1150
2025-05-15,1100,1150
2025-05-16,1110,1160
2025-05-17,1110,1160
2025-05-18,1110,1160
2025-05-19,1105,1155
2025-05-20,1110,1160
2025-05-21,1110,1160
2025-05-22,1105,1155
2025-05-23,1100,1150
2025-05-24,1100,1150
2025-05-25,1100,1150
2025-05-26,1110,1160
2025-05-27,1120,1170
2025-05-28,1125,1175
2025-05-29,1145,1195
2025-05-30,1145,1195
2025-05-31,1145,1195
2025-06-01,1145,1195
2025-06-02,1150,1200
2025-06-03,1150,1200
2025-06-04,1150,1200
2025-06-05,1155,1205
2025-06-06,1150,1200
2025-06-07,1150,1200
2025-06-08,1150,1200
2025-06-09,1150,1200
2025-06-10,1150,1200
2025-06-11,1150,1200
2025-06-12,1150,1200
2025-06-13,1150,1200
2025-06-14,1150,1200
2025-06-15,1150,1200
2025-06-16,1150,1200
2025-06-17,1135,1185
2025-06-18,1110,1160
2025-06-19,1130,1180
2025-06-20,1130,1180
2025-06-21,1130,1180
2025-06-22,1130,1180
2025-06-23,1135,1185
2025-06-24,1145,1195
2025-06-25,1155,1205
2025-06-26,1155,1205
2025-06-27,1155,1205
2025-06-28,1155,1205
2025-06-29,1155,1205
2025-06-30,1165,1215
2025-07-01,1185,1235
2025-07-02,1195,1245
2025-07-03,1195,1245
2025-07-04,1210,1260
2025-07-05,1210,1260
2025-07-06,1210,1260
2025-07-07,1230,1280
2025-07-08,1225,1275
2025-07-09,1225,1275
2025-07-10,1225,1275
2025-07-11,1225,1275
2025-07-12,1225,1275
2025-07-13,1225,1275
2025-07-14,1245,1295
2025-07-15,1230,1280
2025-07-16,1225,1275
2025-07-17,1240,1290
2025-07-18,1250,1300
2025-07-19,1250,1300
2025-07-20,1250,1300
2025-07-21,1250,1300
2025-07-22,1225,1275
2025-07-23,1225,1275
2025-07-24,1235,1285
2025-07-25,1245,1295
2025-07-26,1245,1295
2025-07-27,1245,1295
2025-07-28,1255,1305
2025-07-29,1250,1300
2025-07-30,1275,1325
2025-07-31,1330,1380
2025-08-01,1325,1375
2025-08-02,1325,1375
2025-08-03,1325,1375
2025-08-04,1320,1370
2025-08-05,1300,1350
2025-08-06,1295,1345
2025-08-07,1290,1340
2025-08-08,1285,1335
2025-08-09,1285,1335
2025-08-10,1285,1335
2025-08-11,1295,1335
2025-08-12,1290,1330
2025-08-13,1285,1325
2025-08-14,1270,1310
2025-08-15,1270,1310
2025-08-16,1270,1310
2025-08-17,1270,1310
2025-08-18,1275,1315
2025-08-19,1270,1310
2025-08-20,1275,1315
2025-08-21,1285,1325
2025-08-22,1295,1335
2025-08-23,1295,1335
2025-08-24,1295,1335
2025-08-25,1330,1370
2025-08-26,1330,1370
2025-08-27,1320,1360
2025-08-28,1305,1345
2025-08-29,1320,1360
2025-08-30,1320,1360
2025-08-31,1320,1360
2025-09-01,1345,1385
2025-09-02,1335,1375
2025-09-03,1335,1375
2025-09-04,1335,1375
2025-09-05,1340,1380
2025-09-06,1340,1380
2025-09-07,1340,1380
2025-09-08,1365,1425
2025-09-09,1375,1425
2025-09-10,1385,1435
2025-09-11,1395,1445
2025-09-12,1415,1465
2025-09-13,1415,1465
2025-09-14,1415,1465
2025-09-15,1425,1475
2025-09-16,1430,1480
2025-09-17,1435,1485
2025-09-18,1445,1495
2025-09-19,1465,1515
2025-09-20,1465,1515
2025-09-21,1465,1515
2025-09-22,1380,1430
2025-09-23,1335,1385
2025-09-24,1310,1360
2025-09-25,1305,1355
2025-09-26,1300,1350
2025-09-27,1300,1350
2025-09-28,1300,1350
2025-09-29,1330,1380
2025-09-30,1350,1400
2025-10-01,1400,1450
2025-10-02,1400,1450
2025-10-03,1400,1450
2025-10-04,1400,1450
2025-10-05,1400,1450
2025-10-06,1405,1455
2025-10-07,1405,1455
2025-10-08,1405,1455
2025-10-09,1400,1450
2025-10-10,1400,1450
2025-10-11,1400,1450
2025-10-12,1400,1450
2025-10-13,1325,1375
2025-10-14,1335,1385
2025-10-15,1355,1405
2025-10-16,1380,1430
2025-10-17,1425,1475
2025-10-18,1425,1475
2025-10-19,1425,1475
2025-10-20,1445,1495
2025-10-21,1465,1515
2025-10-22,1465,1515
2025-10-23,1455,1505
2025-10-24,1465,1515
2025-10-25,1465,1515
2025-10-26,1465,1515
2025-10-27,1410,1460
2025-10-28,1445,1495
2025-10-29,1410,1460
2025-10-30,1415,1465
2025-10-31,1425,1475
2025-11-01,1425,1475
2025-11-02,1425,1475
2025-11-03,1450,1500
2025-11-04,1435,1485
2025-11-05,1425,1475
2025-11-06,1425,1475
2025-11-07,1395,1445
2025-11-08,1395,1445
2025-11-09,1395,1445
2025-11-10,1395,1445
2025-11-11,1390,1440
2025-11-12,1385,1435
2025-11-13,1380,1430
2025-11-14,1375,1425
2025-11-15,1375,1425
2025-11-16,1375,1425
2025-11-17,1365,1415
2025-11-18,1375,1425
2025-11-19,1380,1430
2025-11-20,1400,1450
2025-11-21,1400,1450
2025-11-22,1400,1450
2025-11-23,1400,1450
2025-11-24,1400,1450
2025-11-25,1420,1470
2025-11-26,1425,1475
2025-11-27,1425,1475
2025-11-28,1425,1475
2025-11-29,1425,1475
2025-11-30,1425,1475
2025-12-01,1425,1475
2025-12-02,1430,1480
2025-12-03,1430,1480
2025-12-04,1420,1470
2025-12-05,1410,1460
2025-12-06,1410,1460
2025-12-07,1410,1460
2025-12-08,1410,1460
2025-12-09,1415,1465
2025-12-10,1410,1460
2025-12-11,1410,1460
2025-12-12,1415,1465
2025-12-13,1415,1465
2025-12-14,1415,1465
2025-12-15,1415,1465
2025-12-16,1430,1480
2025-12-17,1425,1475
2025-12-18,1425,1475
2025-12-19,1425,1475
2025-12-20,1425,1475
2025-12-21,1425,1475
2025-12-22,1425,1475
2025-12-23,1425,1475
2025-12-24,1425,1475
2025-12-25,1425,1475
2025-12-26,1425,1475
2025-12-27,1425,1475
2025-12-28,1425,1475
2025-12-29,1425,1475
2025-12-30,1430,1480
2025-12-31,1430,1480
2026-01-01,1430,1480
2026-01-02,1445,1495
2026-01-03,1445,1495
2026-01-04,1445,1495
2026-01-05,1445,1495
2026-01-06,1440,1490
2026-01-07,1435,1485
2026-01-08,1435,1485
2026-01-09,1440,1490
2026-01-10,1440,1490
2026-01-11,1440,1490
2026-01-12,1440,1490
2026-01-13,1435,1485
2026-01-14,1430,1480
2026-01-15,1420,1470
2026-01-16,1405,1455
2026-01-17,1405,1455
2026-01-18,1405,1455
2026-01-19,1410,1460
2026-01-20,1410,1460
2026-01-21,1405,1455
2026-01-22,1400,1450
2026-01-23,1405,1455
2026-01-24,1405,1455
2026-01-25,1405,1455
2026-01-26,1410,1460
2026-01-27,1415,1465
2026-01-28,1415,1465
2026-01-29,1415,1465
2026-01-30,1415,1465
2026-01-31,1415,1465
2026-02-01,1415,1465
2026-02-02,1415,1465
2026-02-03,1415,1465
2026-02-04,1415,1465
2026-02-05,1410,1460
2026-02-06,1400,1450
2026-02-07,1400,1450
2026-02-08,1400,1450
2026-02-09,1390,1440
2026-02-10,1375,1425
2026-02-11,1370,1420
2026-02-12,1365,1415
2026-02-13,1370,1420
2026-02-14,1370,1420
2026-02-15,1370,1420
2026-02-16,1370,1420
2026-02-17,1370,1420
2026-02-18,1370,1420
2026-02-19,1360,1410
2026-02-20,1345,1395
2026-02-21,1345,1395
2026-02-22,1345,1395
2026-02-23,1340,1390
2026-02-24,1350,1400
2026-02-25,1365,1415
2026-02-26,1375,1425
2026-02-27,1370,1420
2026-02-28,1370,1420
2026-03-01,1370,1420
2026-03-02,1365,1415
2026-03-03,1385,1435
2026-03-04,1370,1420
2026-03-05,1375,1425
2026-03-06,1385,1435
2026-03-07,1385,1435
2026-03-08,1385,1435
2026-03-09,1385,1435
2026-03-10,1370,1420
2026-03-11,1365,1415
2026-03-12,1365,1415
2026-03-13,1370,1420
2026-03-14,1370,1420
2026-03-15,1370,1420
2026-03-16,1365,1415
2026-03-17,1365,1415
2026-03-18,1365,1415
2026-03-19,1365,1415
2026-03-20,1360,1410
2026-03-21,1360,1410
2026-03-22,1360,1410
2026-03-23,1360,1410
2026-03-24,1360,1410
2026-03-25,1350,1400
2026-03-26,1340,1390
2026-03-27,1355,1405
2026-03-28,1355,1405
2026-03-29,1355,1405
2026-03-30,1370,1420
2026-03-31,1355,1405
2026-04-01,1365,1415
2026-04-02,1365,1415
2026-04-03,1365,1415
2026-04-04,1365,1415
2026-04-05,1365,1415
2026-04-06,1365,1415
2026-04-07,1365,1415
2026-04-08,1360,1410
2026-04-09,1355,1405
2026-04-10,1345,1395
2026-04-11,1345,1395
2026-04-12,1345,1395
2026-04-13,1335,1385
2026-04-14,1335,1385
2026-04-15,1335,1385
2026-04-16,1330,1380
2026-04-17,1340,1390
2026-04-18,1340,1390
2026-04-19,1340,1390
2026-04-20,1350,1400
2026-04-21,1350,1400
2026-04-22,1350,1400
2026-04-23,1365,1415
2026-04-24,1370,1420
2026-04-25,1370,1420
2026-04-26,1370,1420
2026-04-27,1390,1440
2026-04-28,1380,1430
2026-04-29,1365,1415
2026-04-30,1365,1415
2026-05-01,1365,1415
2026-05-02,1365,1415
2026-05-03,1365,1415
2026-05-04,1375,1425
2026-05-05,1365,1415
2026-05-06,1360,1410
2026-05-07,1370,1420
2026-05-08,1370,1420
2026-05-09,1370,1420
2026-05-10,1370,1420
2026-05-11,1365,1415
2026-05-12,1355,1405
2026-05-13,1355,1405
2026-05-14,1365,1415
2026-05-15,1370,1420
2026-05-16,1370,1420
2026-05-17,1370,1420
2026-05-18,1370,1420
2026-05-19,1370,1420
2026-05-20,1370,1420
2026-05-21,1360,1410
2026-05-22,1375,1425
2026-05-23,1375,1425
2026-05-24,1375,1425
2026-05-25,1375,1425
2026-05-26,1380,1430
2026-05-27,1380,1430
2026-05-28,1380,1430
2026-05-29,1380,1430
2026-05-30,1380,1430
2026-05-31,1380,1430
2026-06-01,1395,1445
2026-06-02,1400,1450
2026-06-03,1410,1460
2026-06-04,1405,1455
2026-06-05,1410,1460
2026-06-06,1410,1460
2026-06-07,1410,1460
2026-06-08,1415,1465
2026-06-09,1410,1460
2026-06-10,1405,1455
2026-06-11,1400,1450
2026-06-12,1400,1450
2026-06-13,1400,1450
2026-06-14,1400,1450
2026-06-15,1400,1450
2026-06-16,1400,1450
2026-06-17,1409.97,1461.27
2026-06-18,1420,1470.01
2026-06-19,1432.05,1481.94
2026-06-20,1432.05,1481.94
2026-06-21,1432.05,1481.94
2026-06-22,1431.54,1481.79
2026-06-23,1440,1490
2026-06-24,1445,1495
2026-06-25,1445,1495
2026-06-26,1445,1495
2026-06-27,1445,1495
2026-06-28,1445,1495
2026-06-29,1445,1495
2026-06-30,1450,1500
2026-07-01,1460,1510
2026-07-02,1460,1510
2026-07-03,1460,1510
2026-07-04,1460,1510
2026-07-05,1460,1510
2026-07-06,1460,1510
2026-07-07,1465,1515
2026-07-08,1460,1510
2026-07-09,1460,1510
2026-07-10,1460,1510
2026-07-11,1460,1510
2026-07-12,1460,1510
2026-07-13,1460,1510
2026-07-14,1445,1495
2026-07-15,1445,1495
2026-07-16,1445,1495
2026-07-17,1450,1500
2026-07-18,1450,1500
2026-07-19,1450,1500
2026-07-20,1450,1500
2026-07-21,1450,1500
2026-07-22,1455,1505
2026-07-23,1460,1510
2026-07-24,1470,1520
2026-07-25,1470,1520
2026-07-26,1470,1520
2026-07-27,1470,1520
2026-07-28,1470,1520
2026-07-29,1465,1515
2026-07-30,1460,1510
2026-07-31,1460,1510
2026-08-01,1460,1510
2026-08-02,1460,1510
2026-08-03,1465,1515
2026-08-04,1465,1515
2026-08-05,1470,1520
2026-08-06,1470,1520
2026-08-07,1470,1520
2026-08-08,1470,1520
2026-08-09,1470,1520
2026-08-10,1470,1520
2026-08-11,1465,1515
2026-08-12,1465,1515
2026-08-13,1465,1515
2026-08-14,1460,1510
2026-08-15,1460,1510
2026-08-16,1460,1510
2026-08-17,1460,1510
2026-08-18,1465,1515
