/calculadora-acciones-bolsa-santiago-chile-comisiones-broker	/cl/dinero/donde-invierto-mis-ahorros	301
/calculadora-afore-saldo-pension-jubilacion-mexico-2026	/mx/finanzas/mi-afore	301
/calculadora-afp-pension-chile-2026-tabla-comisiones	/cl/dinero/cuanta-pension-voy-a-tener	301
/calculadora-aguinaldo-fiestas-patrias-Navidad-chile-2026	/cl/trabajo/gratificacion-y-aguinaldo	301
/calculadora-aguinaldo-mexico-2026-15-dias-tope-30	/mx/trabajo/aguinaldo-prima-y-ptu	301
/calculadora-ahorro-voluntario-afore-mexico-2026	/mx/finanzas/mi-afore	301
/calculadora-amortizacion-anticipada-hipoteca-plazo-o-cuota-espana	/es/vivienda/hipoteca	301
/calculadora-aporte-empleador-empleado-chile-total-costo-laboral	/cl/trabajo/costo-de-contratar	301
/calculadora-aporte-mutual-empresa-chile-trabajador-tasa-base	/cl/trabajo/costo-de-contratar	301
/calculadora-aporte-mutual-empresa-comparar-ist-asociacion-chilena	/cl/trabajo/costo-de-contratar	301
/calculadora-aporte-previsional-solidario-aps-chile	/cl/dinero/cuanta-pension-voy-a-tener	301
/calculadora-aporte-trabajador-honorarios-chile-cotizacion-obligatoria	/cl/trabajo/trabajo-a-honorarios	301
/calculadora-apv-beneficio-tributario-chile-regimen-a-b	/cl/impuestos/operacion-renta	301
/calculadora-arriendo-santiago-vina-concepcion-precio-promedio	/cl/hogar/arrendar-o-comprar	301
/calculadora-arriendo-vs-comprar-chile-10-anos-uf	/cl/hogar/arrendar-o-comprar	301
/calculadora-asignacion-familiar-chile-2026-tramos-renta	/cl/vida/bonos-y-beneficios-del-estado	301
/calculadora-asignacion-familiar-pareja-no-casados-chile-derechos	/cl/vida/bonos-y-beneficios-del-estado	301
/calculadora-asignacion-familiar-vs-gratuidad-chile	/cl/vida/bonos-y-beneficios-del-estado	301
/calculadora-asignacion-zona-extrema-chile-aysen-magallanes-arica	/cl/trabajo/sueldo-liquido	301
/calculadora-aumento-pension-reforma-seguro-social-chile-2026	/cl/dinero/cuanta-pension-voy-a-tener	301
/calculadora-aumento-renta-permitido-inpc-mexico	/mx/vida/cuanto-cuesta-vivir	301
/calculadora-aumento-salario-inflacion-mx	/mx/trabajo/sueldo-neto	301
/calculadora-auto-contado-vs-financiado-mexico	/mx/auto/comprar-o-vender-auto	301
/calculadora-autoconsumo-solar-compensacion-excedentes-espana	/es/vivienda/reforma-y-eficiencia	301
/calculadora-baja-laboral-incapacidad-temporal-espana-cuantia	/es/trabajo/no-puedo-trabajar	301
/calculadora-banca-digital-mach-tenpo-chita-tarjeta-comisiones	/cl/dinero/donde-invierto-mis-ahorros	301
/calculadora-bebidas-por-invitado-evento-chile	/cl/vida/cuanto-cuesta-vivir	301
/calculadora-bebidas-por-invitado-evento-mexico	/mx/vida/organizar-una-fiesta	301
/calculadora-beca-comedor-escolar-espana-renta-umbrales	/es/familia/tener-un-hijo	301
/calculadora-beca-erasmus-mensualidad-pais-destino-2026	/es/educacion/cuanto-cuesta-estudiar	301
/calculadora-beca-rita-cetina-benito-juarez-monto-mexico	/mx/vida/escuela-y-becas	301
/calculadora-becas-elisa-acuna-conahcyt-mexico-monto	/mx/vida/escuela-y-becas	301
/calculadora-becas-junaeb-chile-cuantia-requisitos-2026	/cl/vida/bonos-y-beneficios-del-estado	301
/calculadora-becas-mec-2026-espana-renta-familiar-rendimiento	/es/educacion/cuanto-cuesta-estudiar	301
/calculadora-bomba-calor-aerotermia-espana-coste-instalacion	/es/vivienda/reforma-y-eficiencia	301
/calculadora-bono-cultural-joven-2026-espana-reparto-400	/es/familia/ayudas-por-renta	301
/calculadora-bono-cumplimiento-laboral-chile-pago-empresa	/cl/trabajo/horas-extra-y-recargos	301
/calculadora-bono-electrico-chile-subsidio-cuenta-electrica	/cl/hogar/cuentas-de-la-casa	301
/calculadora-bono-marzo-bono-invierno-chile-cuantia-requisitos	/cl/vida/bonos-y-beneficios-del-estado	301
/calculadora-bono-renta-chile-cuanto-vale-mi-tiempo-uf	/cl/vida/cuanto-cuesta-vivir	301
/calculadora-bono-social-electrico-espana-2026-criterios	/es/familia/ayudas-por-renta	301
/calculadora-bonos-estado-espana-rentabilidad-vencimiento	/es/finanzas/donde-pongo-mis-ahorros	301
/calculadora-bonos-tesoro-chile-bcu-bce-rendimiento	/cl/dinero/donde-invierto-mis-ahorros	301
/calculadora-cae-credito-hipotecario-chile-bancos-2026	/cl/hogar/comprar-casa-con-credito	301
/calculadora-cambio-propietario-refrendo-vehicular-mexico-2026	/mx/auto/tenencia-verificacion-y-placas	301
/calculadora-canasta-basica-mensual-chile-ine-2026	/cl/vida/cuanto-cuesta-vivir	301
/calculadora-canasta-basica-mexico-costo-mensual-familia	/mx/vida/cuanto-cuesta-vivir	301
/calculadora-canasta-mascota-perro-gato-chile-mensual	/cl/vida/cuanto-cuesta-vivir	301
/calculadora-carne-asado-kg-por-persona-mexico	/mx/vida/organizar-una-fiesta	301
/calculadora-casetas-gasolina-viaje-carretera-mexico-2026	/mx/auto/gasto-de-usar-el-auto	301
/calculadora-cedula-habitabilidad-espana-precio-tramite	/es/vivienda/reforma-y-eficiencia	301
/calculadora-cesta-compra-mensual-familia-espana-inflacion	/es/vida/gastos-de-la-casa	301
/calculadora-cetes-mexico-rendimiento-28-91-182-364-dias	/mx/finanzas/donde-invierto	301
/calculadora-cfdi-version-4-mexico-emitir-coste-validacion	/mx/impuestos/impuestos-de-mi-empresa	301
/calculadora-cheque-guarderia-0-3-anos-espana-deduccion	/es/familia/tener-un-hijo	301
/calculadora-coche-electrico-vs-gasolina-chile-tco-5-anos	/cl/auto/cuanto-gasto-en-el-viaje	301
/calculadora-colegiaturas-deducibles-sat-mexico	/mx/impuestos/declaracion-anual	301
/calculadora-comisiones-afore-2026-cuanto-te-cobran-mexico	/mx/finanzas/mi-afore	301
/calculadora-comisiones-pasarelas-pago-mexico-2026	/mx/impuestos/impuestos-de-mi-empresa	301
/calculadora-comparativa-banco-comisiones-mexico-2026	/mx/finanzas/donde-invierto	301
/calculadora-compensacion-corte-luz-sec-chile	/cl/hogar/cuentas-de-la-casa	301
/calculadora-complemento-brecha-genero-pension-espana-2026	/es/trabajo/jubilacion	301
/calculadora-comprar-coche-electrico-vs-gasolina-espana-2026	/es/automotor/comprar-coche	301
/calculadora-comprar-iphone-usa-vs-chile-impuestos-viajero	/cl/vida/viajar-y-comprar-afuera	301
/calculadora-comunidad-autonoma-irpf-mas-alto-bajo-espana	/es/impuestos/irpf-nomina	301
/calculadora-comunidad-vecinos-gastos-mensuales-espana	/es/vida/gastos-de-la-casa	301
/calculadora-condonacion-cae-fes-chile-2026	/cl/vida/cuanto-cuesta-estudiar	301
/calculadora-consumo-aire-acondicionado-coste-luz-espana	/es/vida/gastos-de-la-casa	301
/calculadora-contabilidad-electronica-multa-sat-mexico	/mx/impuestos/impuestos-de-mi-empresa	301
/calculadora-contrato-alquiler-espana-fianza-aval-mes-renta	/es/vivienda/alquilar-piso	301
/calculadora-convenio-comercio-espana-sueldo-categoria-2026	/es/trabajo/mi-nomina	301
/calculadora-convenio-hosteleria-espana-sueldo-2026-categoria	/es/trabajo/mi-nomina	301
/calculadora-copago-bonificacion-fonasa-chile	/cl/vida/fonasa-o-isapre	301
/calculadora-copec-costo-viaje-bencina-chile	/cl/auto/cuanto-gasto-en-el-viaje	301
/calculadora-coste-funeral-mexico-promedio-2026-paquetes	/mx/vida/cuanto-cuesta-vivir	301
/calculadora-coste-funeral-promedio-chile-2026-cremacion-sepelio	/cl/vida/cuanto-cuesta-vivir	301
/calculadora-coste-inscripcion-conservador-bienes-raices-chile	/cl/hogar/comprar-casa-con-credito	301
/calculadora-coste-km-coche-espana-peajes-vs-alternativa	/es/automotor/costes-del-coche	301
/calculadora-coste-medico-particular-vs-fonasa-isapre-chile	/cl/vida/fonasa-o-isapre	301
/calculadora-coste-reforma-piso-cocina-bano-espana-m2	/es/vivienda/reforma-y-eficiencia	301
/calculadora-coste-trabajador-empresa-seguridad-social-espana	/es/trabajo/mi-nomina	301
/calculadora-coste-vida-mensual-chile-soltero-pareja-familia	/cl/vida/cuanto-cuesta-vivir	301
/calculadora-coste-vida-mensual-mexico-soltero-pareja-familia	/mx/vida/cuanto-cuesta-vivir	301
/calculadora-coste-vida-mensual-soltero-pareja-espana-ccaa	/es/vida/gastos-de-la-casa	301
/calculadora-coste-vuelta-al-cole-2026	/es/familia/tener-un-hijo	301
/calculadora-costo-construccion-m2-chile	/cl/hogar/comprar-casa-con-credito	301
/calculadora-costo-construccion-m2-espana	/es/vivienda/reforma-y-eficiencia	301
/calculadora-costo-construccion-m2-mexico	/mx/hogar/servicios-y-obra	301
/calculadora-costo-empleada-domestica-patron-mexico-2026	/mx/trabajo/costo-de-un-empleado	301
/calculadora-costo-empleado-patron-mexico-2026	/mx/trabajo/costo-de-un-empleado	301
/calculadora-costo-licencia-conducir-mexico-por-estado	/mx/tramites/costo-de-mis-documentos	301
/calculadora-costo-pasaporte-mexicano-2026	/mx/tramites/costo-de-mis-documentos	301
/calculadora-costo-tag-autopistas-santiago-chile	/cl/auto/cuanto-gasto-en-el-viaje	301
/calculadora-credito-automotriz-chile-cuota-cae-2026	/cl/auto/cuanto-cuesta-tener-auto	301
/calculadora-credito-automotriz-mexico-cat-mensualidad-2026	/mx/auto/comprar-o-vender-auto	301
/calculadora-credito-aval-cae-chile-deuda-final-promedio	/cl/vida/cuanto-cuesta-estudiar	301
/calculadora-credito-consumo-bci-chile-cuota-cae	/cl/dinero/pedir-un-credito	301
/calculadora-credito-fovissste-mexico-2026	/mx/finanzas/credito-de-vivienda	301
/calculadora-credito-hipotecario-bancario-mexico-2026	/mx/finanzas/credito-de-vivienda	301
/calculadora-credito-hipotecario-chile-uf-cmf-2026	/cl/hogar/comprar-casa-con-credito	301
/calculadora-credito-infonavit-descuento	/mx/finanzas/credito-de-vivienda	301
/calculadora-crefacile-financiar-electrodomesticos-chile-cuota-cae	/cl/dinero/pedir-un-credito	301
/calculadora-cripto-bitcoin-impuestos-mexico-isr-ganancia	/mx/impuestos/isr-de-mis-inversiones	301
/calculadora-cripto-chile-impuestos-trader-2026-sii	/cl/impuestos/operacion-renta	301
/calculadora-cuanta-renta-puedo-pagar-sueldo-mexico	/mx/vida/cuanto-cuesta-vivir	301
/calculadora-cuanto-falta-grito-independencia-mexico	/mx/vida/organizar-una-fiesta	301
/calculadora-cuenta-2-afp-chile-aporte-voluntario-rendimiento	/cl/dinero/cuanta-pension-voy-a-tener	301
/calculadora-cuenta-de-ahorro-mexico-rendimiento-cetes-directo-nu-mercado-pago	/mx/finanzas/donde-invierto	301
/calculadora-cuenta-remunerada-espana-rentabilidad-comparativa	/es/finanzas/donde-pongo-mis-ahorros	301
/calculadora-de-propinas-chile	/cl/vida/cuanto-cuesta-vivir	301
/calculadora-de-propinas-mexico	/mx/vida/organizar-una-fiesta	301
/calculadora-deduccion-gastos-medicos-mexico-personales-anual	/mx/impuestos/declaracion-anual	301
/calculadora-deduccion-intereses-hipoteca-declaracion-anual-mexico	/mx/impuestos/declaracion-anual	301
/calculadora-deduccion-maternidad-1200-euros-espana	/es/familia/tener-un-hijo	301
/calculadora-dependencia-grado-prestacion-espana-2026	/es/trabajo/no-puedo-trabajar	301
/calculadora-deposito-plazo-chile-bancos-2026-tasa	/cl/dinero/donde-invierto-mis-ahorros	301
/calculadora-deposito-vista-vs-cuenta-corriente-chile-comisiones	/cl/dinero/donde-invierto-mis-ahorros	301
/calculadora-depreciacion-valor-auto-usado-mexico	/mx/auto/comprar-o-vender-auto	301
/calculadora-descuento-pension-alimenticia-nomina-mexico	/mx/familia/pension-alimenticia	301
/calculadora-descuento-real-buen-fin-2026-mexico	/mx/finanzas/deudas-y-credito	301
/calculadora-desglose-precio-bencina-impuesto-especifico-chile	/cl/auto/cuanto-gasto-en-el-viaje	301
/calculadora-devolucion-ahorro-infonavit-subcuenta-vivienda-mexico	/mx/finanzas/credito-de-vivienda	301
/calculadora-devolucion-impuestos-declaracion-anual	/mx/impuestos/declaracion-anual	301
/calculadora-devolucion-impuestos-operacion-renta-chile-2026	/cl/impuestos/operacion-renta	301
/calculadora-devolucion-renta-2025-cuanto-tarda	/es/impuestos/irpf-nomina	301
/calculadora-diesel-vs-gasolina-rentabilidad-km-ano-espana	/es/automotor/comprar-coche	301
/calculadora-divorcio-chile-cese-convivencia-3-anos	/cl/vida	301
/calculadora-divorcio-particion-bienes-chile-sociedad-conyugal-vs-separacion	/cl/vida	301
/calculadora-emol-uf-pesos-chile	/cl/dinero/uf-utm-y-dolar-hoy	301
/calculadora-emprendedor-pyme-chile-puesta-marcha-1-dia	/cl/impuestos/impuestos-de-mi-empresa	301
/calculadora-erte-vs-ere-diferencias-cuantia-espana	/es/trabajo/perder-el-trabajo	301
/calculadora-etiqueta-dgt-coche-espana-eco-cero-b-c	/es/automotor/comprar-coche	301
/calculadora-evau-nota-media-ponderaciones-grado-espana	/es/educacion/nota-de-admision	301
/calculadora-excedencia-voluntaria-reincorporacion-espana	/es/trabajo/perder-el-trabajo	301
/calculadora-factor-integracion-salarial-imss-mexico	/mx/trabajo/costo-de-un-empleado	301
/calculadora-fibra-movil-mejor-precio-comparador-espana-2026	/es/vida/gastos-de-la-casa	301
/calculadora-finiquito-chile-completo-causal-despido	/cl/trabajo/me-quedo-sin-trabajo	301
/calculadora-finiquito-despido-improcedente-espana-2026	/es/trabajo/perder-el-trabajo	301
/calculadora-finiquito-liquidacion-mexico	/mx/trabajo/finiquito-y-liquidacion	301
/calculadora-finiquito-mexico-completo-rescision-relacion	/mx/trabajo/finiquito-y-liquidacion	301
/calculadora-finiquito-renuncia-voluntaria-chile-vacaciones-proporcionales	/cl/trabajo/me-quedo-sin-trabajo	301
/calculadora-fonacot-credito-mexico-monto-cat-tasa	/mx/finanzas/deudas-y-credito	301
/calculadora-fonasa-chile-tramos-a-b-c-d-cobertura	/cl/vida/fonasa-o-isapre	301
/calculadora-fondo-ahorro-vales-despensa-mexico-2026	/mx/trabajo/aguinaldo-prima-y-ptu	301
/calculadora-fondo-emergencia-chile-meses-gastos-recomendado	/cl/dinero/donde-invierto-mis-ahorros	301
/calculadora-fondo-emergencia-espana-meses-gastos	/es/finanzas/donde-pongo-mis-ahorros	301
/calculadora-fondo-mutuo-vs-deposito-plazo-chile-rendimiento	/cl/dinero/donde-invierto-mis-ahorros	301
/calculadora-fondos-mutuos-chile-rentabilidad-comparativa-2026	/cl/dinero/donde-invierto-mis-ahorros	301
/calculadora-fp-grado-medio-superior-precio-publica-privada	/es/educacion/cuanto-cuesta-estudiar	301
/calculadora-ganancia-patrimonial-venta-vivienda-espana	/es/vivienda/comprar-o-vender-piso	301
/calculadora-gas-lp-llenar-tanque-estacionario-cilindro-mexico	/mx/hogar/servicios-y-obra	301
/calculadora-gasolina-rendimiento-km-litro-vs-gas-lp-mexico	/mx/auto/gasto-de-usar-el-auto	301
/calculadora-gasto-regreso-clases-2026-mexico	/mx/vida/escuela-y-becas	301
/calculadora-gastos-escrituracion-isai-mexico-2026	/mx/impuestos/vender-o-heredar-un-inmueble	301
/calculadora-gratificacion-legal-chile-25-porcentaje-4-75-utm	/cl/trabajo/gratificacion-y-aguinaldo	301
/calculadora-gratuidad-educacion-superior-chile-deciles-1-6	/cl/vida/cuanto-cuesta-estudiar	301
/calculadora-hipoteca-euribor-cuota	/es/vivienda/hipoteca	301
/calculadora-honorarios-asimilados-vs-honorarios-libres-mexico	/mx/impuestos/isr-por-mi-cuenta	301
/calculadora-horas-extras-chile-recargo-50-ley-40-horas	/cl/trabajo/horas-extra-y-recargos	301
/calculadora-horas-extras-doble-triple-mexico	/mx/trabajo/vacaciones-y-jornada	301
/calculadora-horas-extras-valor-espana	/es/trabajo/mi-nomina	301
/calculadora-ibi-cuota-anual-espana-valor-catastral-municipio	/es/vida/gastos-de-la-casa	301
/calculadora-importacion-auto-estados-unidos-mexico-2026	/mx/auto/comprar-o-vender-auto	301
/calculadora-impuesto-aerolinea-chile-tasa-embarque-internacional	/cl/vida/viajar-y-comprar-afuera	301
/calculadora-impuesto-cedular-arrendamiento-mexico	/mx/impuestos/rentar-mi-departamento	301
/calculadora-impuesto-circulacion-vehiculos-espana-municipio	/es/automotor/costes-del-coche	301
/calculadora-impuesto-matriculacion-iedmt-coche-espana	/es/automotor/comprar-coche	301
/calculadora-impuesto-primera-categoria-chile-empresas-2026	/cl/impuestos/impuestos-de-mi-empresa	301
/calculadora-impuesto-renta-segunda-categoria-chile-2026-tabla	/cl/trabajo/sueldo-liquido	301
/calculadora-impuesto-segunda-categoria-anual-chile-rentas-altas	/cl/impuestos/operacion-renta	301
/calculadora-impuesto-verde-vehiculo-nuevo-chile-sii	/cl/auto/cuanto-cuesta-tener-auto	301
/calculadora-impuestos-herencia-donacion-inmueble-mexico	/mx/impuestos/vender-o-heredar-un-inmueble	301
/calculadora-impuestos-importacion-compras-internet-mexico	/mx/impuestos/iva	301
/calculadora-impuestos-loteria-premio-espana-hacienda	/es/impuestos/ahorro-e-inversiones	301
/calculadora-impuestos-venta-acciones-fondos-irpf-espana	/es/impuestos/ahorro-e-inversiones	301
/calculadora-imss-cuotas-empleado-patron-mexico-2026	/mx/trabajo/costo-de-un-empleado	301
/calculadora-imss-independientes-modalidad-10	/mx/trabajo/mi-pension-imss	301
/calculadora-imss-trabajadoras-hogar-mexico	/mx/trabajo/costo-de-un-empleado	301
/calculadora-incapacidad-imss-enfermedad-general	/mx/familia/licencias-e-incapacidades	301
/calculadora-incapacidad-permanente-total-absoluta-cuantia-espana	/es/trabajo/no-puedo-trabajar	301
/calculadora-indemnizacion-anos-servicio-chile-despido	/cl/trabajo/me-quedo-sin-trabajo	301
/calculadora-ine-renovacion-costo	/mx/tramites/costo-de-mis-documentos	301
/calculadora-infonavit-credito-mexico-puntaje-monto-2026	/mx/finanzas/credito-de-vivienda	301
/calculadora-ingreso-minimo-vital-imv-espana-2026-cuantia	/es/familia/ayudas-por-renta	301
/calculadora-inta-calorias-diarias-chile	/cl/vida/fonasa-o-isapre	301
/calculadora-internet-fibra-chile-claro-vtr-mundo-mejor-precio	/cl/hogar/cuentas-de-la-casa	301
/calculadora-iprem-2026-espana-veces-ingresos	/es/familia/ayudas-por-renta	301
/calculadora-irnr-no-residentes-alquiler-vivienda-espana	/es/vivienda/alquilar-piso	301
/calculadora-irpf-2026-tramos-espana-nomina	/es/impuestos/irpf-nomina	301
/calculadora-irpf-alquiler-vivienda-arrendador-espana	/es/vivienda/alquilar-piso	301
/calculadora-irpf-capital-mobiliario-intereses-dividendos-espana	/es/impuestos/ahorro-e-inversiones	301
/calculadora-isan-auto-nuevo-mexico-2026	/mx/auto/comprar-o-vender-auto	301
/calculadora-isapre-cotizacion-chile-7-porcentaje-plan	/cl/vida/fonasa-o-isapre	301
/calculadora-isn-impuesto-sobre-nominas-estado	/mx/trabajo/costo-de-un-empleado	301
/calculadora-isr-acciones-bolsa-mexico-10-por-ciento	/mx/impuestos/isr-de-mis-inversiones	301
/calculadora-isr-actividad-empresarial-persona-fisica-mexico-2026	/mx/impuestos/isr-por-mi-cuenta	301
/calculadora-isr-aguinaldo-exento-gravado-mexico	/mx/trabajo/aguinaldo-prima-y-ptu	301
/calculadora-isr-anual-personas-fisicas-mexico-tarifa-2026	/mx/impuestos/declaracion-anual	301
/calculadora-isr-arrendamiento-deduccion-ciega-mexico	/mx/impuestos/rentar-mi-departamento	301
/calculadora-isr-dividendos-persona-fisica-mexico	/mx/impuestos/isr-de-mis-inversiones	301
/calculadora-isr-finiquito-liquidacion-mexico-2026	/mx/trabajo/finiquito-y-liquidacion	301
/calculadora-isr-honorarios-persona-fisica	/mx/impuestos/isr-por-mi-cuenta	301
/calculadora-isr-intereses-bancarios-inversion-mexico-2026	/mx/impuestos/isr-de-mis-inversiones	301
/calculadora-isr-mensual-empleados-subsidio-empleo-mexico	/mx/trabajo/sueldo-neto	301
/calculadora-isr-mexico-2026-tarifa-mensual-empleado	/mx/trabajo/sueldo-neto	301
/calculadora-isr-personas-morales-mexico-30-porcentaje	/mx/impuestos/impuestos-de-mi-empresa	301
/calculadora-isr-premios-loteria-mexico-2026	/mx/impuestos/isr-de-mis-inversiones	301
/calculadora-isr-quincenal-mexico-2026	/mx/trabajo/sueldo-neto	301
/calculadora-isr-retiro-ppr-afore-voluntario-anticipado-mexico	/mx/finanzas/mi-afore	301
/calculadora-isr-venta-auto-usado-persona-fisica-mexico	/mx/auto/comprar-o-vender-auto	301
/calculadora-isr-venta-casa-mexico-700000-udis	/mx/impuestos/vender-o-heredar-un-inmueble	301
/calculadora-isr-venta-terreno-inmueble-comercial-mexico	/mx/impuestos/vender-o-heredar-un-inmueble	301
/calculadora-itp-actos-juridicos-documentados-espana-vivienda	/es/vivienda/comprar-o-vender-piso	301
/calculadora-itp-transferencia-coche-segunda-mano-espana	/es/automotor/costes-del-coche	301
/calculadora-iva-chile-19-porciento-tarifa-general	/cl/impuestos/impuestos-de-mi-empresa	301
/calculadora-iva-espana-21-10-4	/es/impuestos/autonomos	301
/calculadora-iva-espana-21-10-4-categorias	/es/impuestos/autonomos	301
/calculadora-iva-honorarios-chile-10-porciento-retencion	/cl/trabajo/trabajo-a-honorarios	301
/calculadora-iva-ieps-cigarros-bebidas-azucar-mexico	/mx/impuestos/iva	301
/calculadora-iva-mexico-16-tasa-cero-exenta-frontera	/mx/impuestos/iva	301
/calculadora-iva-mexico-trasladado-acreditable	/mx/impuestos/iva	301
/calculadora-jornada-40-horas-mexico-calendario-gradual-2027-2030	/mx/trabajo/vacaciones-y-jornada	301
/calculadora-jornada-42-horas-chile-2026-sueldo-hora	/cl/trabajo/horas-extra-y-recargos	301
/calculadora-jovenes-construyendo-futuro-monto-2026	/mx/vida/apoyos-del-bienestar	301
/calculadora-jubilacion-anticipada-coeficientes-reductores-espana-2026	/es/trabajo/jubilacion	301
/calculadora-jubilacion-espana-2026-pension-anos-cotizados	/es/trabajo/jubilacion	301
/calculadora-letras-tesoro-espana-3-6-12-meses-rentabilidad	/es/finanzas/donde-pongo-mis-ahorros	301
/calculadora-licencia-conducir-chile-renovacion-precio-vencimiento	/cl/auto/cuanto-cuesta-tener-auto	301
/calculadora-licencia-maternidad-mexico-imss-12-semanas	/mx/familia/licencias-e-incapacidades	301
/calculadora-licencia-medica-chile-pago-subsidio-isapre-fonasa	/cl/trabajo/licencias-y-permisos	301
/calculadora-licencia-paternidad-mexico-5-dias-laborables	/mx/familia/licencias-e-incapacidades	301
/calculadora-liquidacion-despido-mexico-3-meses-12-dias	/mx/trabajo/finiquito-y-liquidacion	301
/calculadora-luz-cfe-tarifa-domestica-bimestral-mexico	/mx/hogar/servicios-y-obra	301
/calculadora-master-oficial-titulo-propio-precio-espana	/es/educacion/cuanto-cuesta-estudiar	301
/calculadora-mensualidad-universidad-privada-chile-uc-uss-uss	/cl/vida/cuanto-cuesta-estudiar	301
/calculadora-mensualidad-universidad-privada-mexico-tec-uvm-anahuac	/mx/vida/escuela-y-becas	301
/calculadora-meses-sin-intereses-msi-mexico	/mx/finanzas/deudas-y-credito	301
/calculadora-mibor-euribor-historico-hipoteca-revision	/es/vivienda/hipoteca	301
/calculadora-millas-latam-pass-acumulacion-valor-chile	/cl/vida/viajar-y-comprar-afuera	301
/calculadora-modelo-100-irpf-declaracion-anual-espana	/es/impuestos/irpf-nomina	301
/calculadora-modelo-130-pago-fraccionado-autonomo-espana	/es/impuestos/autonomos	301
/calculadora-modelo-145-irpf-situacion-familiar-nomina	/es/impuestos/irpf-nomina	301
/calculadora-modelo-720-bienes-extranjero-espana	/es/impuestos/ahorro-e-inversiones	301
/calculadora-multa-no-aviso-uoct-transito-comuna-chile-2026	/cl/auto/cuanto-cuesta-tener-auto	301
/calculadora-nem-ranking-puntaje-demre-chile-2026	/cl/vida/cuanto-cuesta-estudiar	301
/calculadora-nota-media-expediente-universitario-espana	/es/educacion/nota-de-admision	301
/calculadora-paga-extra-prorrateo-espana	/es/trabajo/mi-nomina	301
/calculadora-pagare-bancario-vs-cete-rendimiento-mexico	/mx/finanzas/donde-invierto	301
/calculadora-pago-anticipado-credito-hipotecario-chile-ahorro-uf	/cl/hogar/comprar-casa-con-credito	301
/calculadora-pago-electronico-chile-transbank-comisiones-onepay-mach	/cl/dinero/donde-invierto-mis-ahorros	301
/calculadora-pago-feriado-irrenunciable-18-19-septiembre-chile	/cl/trabajo/horas-extra-y-recargos	301
/calculadora-pago-provisional-isr-arrendamiento-mexico-2026	/mx/impuestos/rentar-mi-departamento	301
/calculadora-pagos-hipoteca-infonavit	/mx/finanzas/credito-de-vivienda	301
/calculadora-paneles-solares-ahorro-cfe-mexico	/mx/hogar/servicios-y-obra	301
/calculadora-pareja-de-hecho-vs-matrimonio-espana-fiscal	/es/impuestos/irpf-nomina	301
/calculadora-paro-prestacion-desempleo-espana-2026-meses	/es/trabajo/perder-el-trabajo	301
/calculadora-pase-escolar-tne-chile-precio-2026-recargo	/cl/vida/cuanto-cuesta-estudiar	301
/calculadora-patente-comercial-municipal-chile-capital-propio	/cl/impuestos/impuestos-de-mi-empresa	301
/calculadora-pension-alimenticia-chile-padre-tribunal-familia	/cl/vida	301
/calculadora-pension-alimenticia-divorcio-espana-tabla	/es/familia/tener-un-hijo	301
/calculadora-pension-alimenticia-mexico-padre-divorcio	/mx/familia/pension-alimenticia	301
/calculadora-pension-bienestar-2026-monto	/mx/vida/apoyos-del-bienestar	301
/calculadora-pension-de-alimentos-mora-chile-registro-deudores	/cl/vida	301
/calculadora-pension-imss-1997	/mx/trabajo/mi-pension-imss	301
/calculadora-pension-imss-ley-73-mexico	/mx/trabajo/mi-pension-imss	301
/calculadora-pension-imss-modalidad-40-mexico-aportacion	/mx/trabajo/mi-pension-imss	301
/calculadora-pension-invalidez-imss-mexico	/mx/trabajo/mi-pension-imss	301
/calculadora-pension-issste-decimo-transitorio-mexico-2026	/mx/trabajo/mi-pension-imss	301
/calculadora-pension-jubilacion-chile-edad-aportes-2026	/cl/dinero/cuanta-pension-voy-a-tener	301
/calculadora-pension-minima-garantizada-ley-97-mexico-2026	/mx/trabajo/mi-pension-imss	301
/calculadora-pension-mujeres-bienestar-2026-elegibilidad-monto	/mx/vida/apoyos-del-bienestar	301
/calculadora-pension-no-contributiva-jubilacion-invalidez-espana	/es/trabajo/no-puedo-trabajar	301
/calculadora-pension-viudedad-cuantia-espana-2026	/es/trabajo/jubilacion	301
/calculadora-pension-viudez-imss-90-porcentaje-mexico	/mx/trabajo/mi-pension-imss	301
/calculadora-pension-viudez-vitalicia-chile-cuantia	/cl/dinero/cuanta-pension-voy-a-tener	301
/calculadora-pension-viudez-vs-pension-alimenticia-mexico	/mx/familia/pension-alimenticia	301
/calculadora-permiso-circulacion-chile-vehiculo-2026-comuna	/cl/auto/cuanto-cuesta-tener-auto	301
/calculadora-permiso-paternidad-chile-5-dias-corridos	/cl/trabajo/licencias-y-permisos	301
/calculadora-permiso-paternidad-maternidad-espana-2026-semanas	/es/familia/tener-un-hijo	301
/calculadora-permiso-postnatal-chile-12-semanas-extension	/cl/trabajo/licencias-y-permisos	301
/calculadora-peso-dolar-tipo-cambio-mexico	/mx/finanzas/donde-invierto	301
/calculadora-pgu-pension-garantizada-universal-chile-monto-requisitos	/cl/dinero/cuanta-pension-voy-a-tener	301
/calculadora-pias-plan-individual-ahorro-sistematico-espana	/es/finanzas/donde-pongo-mis-ahorros	301
/calculadora-placas-auto-costo-mexico	/mx/auto/tenencia-verificacion-y-placas	301
/calculadora-plan-pensiones-aportacion-deduccion-espana-2026	/es/finanzas/donde-pongo-mis-ahorros	301
/calculadora-plusvalia-municipal-iivtnu-espana	/es/vivienda/comprar-o-vender-piso	301
/calculadora-precio-itv-espana-2026-comunidad-tipo-vehiculo	/es/automotor/costes-del-coche	301
/calculadora-predial-cdmx-mexico	/mx/impuestos/rentar-mi-departamento	301
/calculadora-predial-cdmx-monterrey-guadalajara-2026	/mx/impuestos/rentar-mi-departamento	301
/calculadora-prestaciones-superiores-ley-mexico-2026	/mx/trabajo/aguinaldo-prima-y-ptu	301
/calculadora-prestamo-coche-espana-cdc-vs-renting	/es/automotor/comprar-coche	301
/calculadora-prestamo-coppel-abonos-quincenales-interes	/mx/finanzas/deudas-y-credito	301
/calculadora-prestamo-personal-chile-cae-cmf-cuota	/cl/dinero/pedir-un-credito	301
/calculadora-prestamo-personal-issste-2026-monto-descuento	/mx/finanzas/deudas-y-credito	301
/calculadora-prestamo-personal-tae-tin-comparador-espana	/es/finanzas/deudas-y-prestamos	301
/calculadora-presupuesto-asado-18-fiestas-patrias-chile	/cl/vida/cuanto-cuesta-vivir	301
/calculadora-presupuesto-fiesta-noche-mexicana-15-septiembre	/mx/vida/organizar-una-fiesta	301
/calculadora-prima-antiguedad-mexico	/mx/trabajo/finiquito-y-liquidacion	301
/calculadora-prima-dominical-dias-festivos-mexico	/mx/trabajo/aguinaldo-prima-y-ptu	301
/calculadora-prima-riesgo-trabajo-imss-siniestralidad	/mx/trabajo/costo-de-un-empleado	301
/calculadora-prima-vacacional-mexico	/mx/trabajo/aguinaldo-prima-y-ptu	301
/calculadora-promedio-calificaciones-sep-mexico	/mx/vida/escuela-y-becas	301
/calculadora-ptu-reparto-utilidades-mexico-10-porcentaje	/mx/trabajo/aguinaldo-prima-y-ptu	301
/calculadora-pyme-chile-regimen-14d-tributacion-simplificada	/cl/impuestos/impuestos-de-mi-empresa	301
/calculadora-reajuste-arriendo-ipc-chile	/cl/hogar/arrendar-o-comprar	301
/calculadora-reajuste-sueldo-minimo-chile-2026-imm	/cl/trabajo/gratificacion-y-aguinaldo	301
/calculadora-recargos-actualizacion-sat-mexico-2026	/mx/impuestos/impuestos-de-mi-empresa	301
/calculadora-recibo-gas-chile-metrogas-lipigas-cilindro-vs-red	/cl/hogar/cuentas-de-la-casa	301
/calculadora-recibo-luz-chile-enel-cge-saesa-tarifa-bt1	/cl/hogar/cuentas-de-la-casa	301
/calculadora-recibo-nomina-percepciones-deducciones-mexico-2026	/mx/trabajo/sueldo-neto	301
/calculadora-reforma-previsional-chile-cotizacion-adicional-fapp	/cl/trabajo/costo-de-contratar	301
/calculadora-renta-bruta-neta-espana-2026-irpf-ss	/es/impuestos/irpf-nomina	301
/calculadora-renta-mensual-cdmx-vs-guadalajara-monterrey	/mx/vida/cuanto-cuesta-vivir	301
/calculadora-renta-presunta-chile-agricola-transporte-mineria	/cl/impuestos/impuestos-de-mi-empresa	301
/calculadora-renta-vitalicia-mayores-65-espana-fiscalidad	/es/finanzas/donde-pongo-mis-ahorros	301
/calculadora-rentabilidad-alquiler-bruta-neta-espana	/es/vivienda/alquilar-piso	301
/calculadora-renting-leasing-compra-coche-espana-tco	/es/automotor/comprar-coche	301
/calculadora-resico-personas-fisicas-mexico-2026-cuota	/mx/impuestos/isr-por-mi-cuenta	301
/calculadora-resico-personas-morales-mexico-2026	/mx/impuestos/impuestos-de-mi-empresa	301
/calculadora-retencion-irpf-factura-autonomo-15-7-espana	/es/impuestos/autonomos	301
/calculadora-retencion-plataformas-digitales-mexico-2026	/mx/impuestos/isr-por-mi-cuenta	301
/calculadora-retiro-afore-desempleo-mexico	/mx/finanzas/mi-afore	301
/calculadora-retiro-programado-vs-renta-vitalicia-chile	/cl/dinero/cuanta-pension-voy-a-tener	301
/calculadora-retiro-seguro-cesantia-cic-afc-chile-giros	/cl/trabajo/me-quedo-sin-trabajo	301
/calculadora-reunificacion-deudas-espana-cuota-unificada	/es/finanzas/deudas-y-prestamos	301
/calculadora-revalorizacion-pension-2026-ipc-espana	/es/trabajo/jubilacion	301
/calculadora-rfc-cuota-resico-pf-mexico	/mx/impuestos/isr-por-mi-cuenta	301
/calculadora-rfc-homoclave-persona-fisica-mexico	/mx/tramites/costo-de-mis-documentos	301
/calculadora-salario-diario-integrado-sdi-mexico	/mx/trabajo/costo-de-un-empleado	301
/calculadora-salario-minimo-mexico-2026	/mx/trabajo/sueldo-neto	301
/calculadora-salario-por-hora-chile	/cl/trabajo/sueldo-liquido	301
/calculadora-salario-por-hora-mensual-diario-mexico	/mx/trabajo/sueldo-neto	301
/calculadora-saldo-afp-rentabilidad-multifondos-chile-2026	/cl/dinero/cuanta-pension-voy-a-tener	301
/calculadora-seguro-auto-chile-todo-riesgo-comparador-2026	/cl/auto/cuanto-cuesta-tener-auto	301
/calculadora-seguro-cesantia-chile-afc-cuota-fondo	/cl/trabajo/me-quedo-sin-trabajo	301
/calculadora-seguro-coche-precio-espana-2026-edad-bonus-malus	/es/automotor/costes-del-coche	301
/calculadora-semana-corrida-chile-remuneracion-variable	/cl/trabajo/horas-extra-y-recargos	301
/calculadora-semanas-cotizadas-imss-requisito	/mx/trabajo/mi-pension-imss	301
/calculadora-servel-edad-para-votar-chile	/cl/vida/bonos-y-beneficios-del-estado	301
/calculadora-sii-boleta-honorarios-2026	/cl/trabajo/trabajo-a-honorarios	301
/calculadora-smi-2026-espana-neto-14-pagas-media-jornada	/es/trabajo/mi-nomina	301
/calculadora-soap-seguro-obligatorio-chile-precio-2026	/cl/auto/cuanto-cuesta-tener-auto	301
/calculadora-soat-seguro-auto-mexico-cobertura-comparador	/mx/auto/gasto-de-usar-el-auto	301
/calculadora-subida-sueldo-funcionarios-2026-espana	/es/trabajo/mi-nomina	301
/calculadora-subsidio-arriendo-minvu-chile-2026-monto-requisitos	/cl/hogar/arrendar-o-comprar	301
/calculadora-subsidio-habitacional-chile-ds49-ds1-clase-media	/cl/hogar/comprar-casa-con-credito	301
/calculadora-subsidio-mayores-52-anos-espana-cuantia-meses	/es/trabajo/perder-el-trabajo	301
/calculadora-sueldo-bruto-desde-neto-mexico-2026	/mx/trabajo/sueldo-neto	301
/calculadora-sueldo-liquido-chile-2026-impuesto-segunda-categoria	/cl/trabajo/sueldo-liquido	301
/calculadora-sueldo-neto-mexico	/mx/trabajo/sueldo-neto	301
/calculadora-sueldo-proporcional-dias-trabajados-chile	/cl/trabajo/sueldo-liquido	301
/calculadora-tanda-ahorro-mexico-turnos-montos	/mx/finanzas/donde-invierto	301
/calculadora-tarifa-electrica-distribuidoras-chile-bt1-bt2-bt3	/cl/hogar/cuentas-de-la-casa	301
/calculadora-tarifa-vuelo-domestico-chile-impuestos-tasas-aeropuerto	/cl/vida/viajar-y-comprar-afuera	301
/calculadora-tarjeta-credito-chile-tasa-rotativa-pago-minimo	/cl/dinero/pedir-un-credito	301
/calculadora-tarjeta-credito-interes-cat-mexico	/mx/finanzas/deudas-y-credito	301
/calculadora-tarjeta-credito-interes-espana-tin-revolving	/es/finanzas/deudas-y-prestamos	301
/calculadora-tasa-basura-municipios-espana-anual	/es/vida/gastos-de-la-casa	301
/calculadora-tasacion-vivienda-chile-dictuc-perito-precio	/cl/hogar/comprar-casa-con-credito	301
/calculadora-tasacion-vivienda-espana-precio-m2-zona	/es/vivienda/comprar-o-vender-piso	301
/calculadora-tenencia-vehicular-mexico	/mx/auto/tenencia-verificacion-y-placas	301
/calculadora-tenencia-vehicular-mexico-cdmx-edomex-2026	/mx/auto/tenencia-verificacion-y-placas	301
/calculadora-tipo-cambio-dolar-peso-chile-clp-banco-central	/cl/dinero/uf-utm-y-dolar-hoy	301
/calculadora-tipo-marginal-irpf-espana-2026-tramos-rapido	/es/impuestos/irpf-nomina	301
/calculadora-tope-deducciones-personales-2026-mexico	/mx/impuestos/declaracion-anual	301
/calculadora-tope-imponible-cotizaciones-chile-2026	/cl/trabajo/sueldo-liquido	301
/calculadora-tramo-registro-social-hogares-rsh-chile	/cl/vida/bonos-y-beneficios-del-estado	301
/calculadora-trastero-garaje-precio-alquiler-espana-2026	/es/vivienda/alquilar-piso	301
/calculadora-uf-uta-utm-chile-conversion-pesos-2026	/cl/dinero/uf-utm-y-dolar-hoy	301
/calculadora-uma-conversion-mexico	/mx/trabajo/sueldo-neto	301
/calculadora-universidad-publica-vs-privada-coste-grado-espana	/es/educacion/cuanto-cuesta-estudiar	301
/calculadora-vacaciones-chile-15-dias-habiles-progresivas	/cl/trabajo/me-quedo-sin-trabajo	301
/calculadora-vacaciones-dias-antiguedad-mexico	/mx/trabajo/vacaciones-y-jornada	301
/calculadora-vacaciones-mexico-2024-reforma-12-dias-incremento	/mx/trabajo/vacaciones-y-jornada	301
/calculadora-vacaciones-pagadas-espana-22-dias-laborables	/es/trabajo/mi-nomina	301
/calculadora-verificacion-vehicular-costo	/mx/auto/tenencia-verificacion-y-placas	301
/calculadora-verificacion-vehicular-mexico-multas-cdmx-edomex	/mx/auto/tenencia-verificacion-y-placas	301
/cl/calculadora-contribuciones-morosas-tgr-chile-intereses-reajuste	/cl/impuestos/impuestos-de-mi-propiedad	301
/cl/calculadora-impuesto-herencias-donaciones-chile-tabla	/cl/impuestos/impuestos-de-mi-propiedad	301
/cl/calculadora-impuesto-mayor-valor-venta-propiedad-chile-8000-uf	/cl/impuestos/impuestos-de-mi-propiedad	301
/cl/calculadora-impuesto-territorial-contribuciones-bienes-raices-chile	/cl/impuestos/impuestos-de-mi-propiedad	301
/cl/calculadora-impuesto-timbres-estampillas-chile-credito-hipotecario	/cl/impuestos/impuestos-de-mi-propiedad	301
/co/calculadora-ahorro-comisiones-bre-b-vs-transferencia-colombia	/co/finanzas/comisiones-bancarias	301
/co/calculadora-ahorro-en-pesos-vs-cdt-vs-fic-vs-tes-colombia	/co/finanzas/donde-pongo-mis-ahorros	301
/co/calculadora-ahorros-en-dolares-colombia-bancos-internacionales-2026	/co/finanzas/donde-pongo-mis-ahorros	301
/co/calculadora-antiguedad-laboral-colombia	/co/trabajo/liquidacion-laboral	301
/co/calculadora-aporte-caja-compensacion-colombia-2026-subsidio-familiar	/co/trabajo/costo-de-contratar	301
/co/calculadora-aporte-cesantias-empleador-empleado-colombia-fondo	/co/trabajo/que-hago-con-mis-cesantias	301
/co/calculadora-aporte-eps-pension-empleado-colombia-2026	/co/trabajo/sueldo-neto	301
/co/calculadora-aporte-fic-fomento-investigacion-cientifica-colombia	/co/trabajo/costo-de-contratar	301
/co/calculadora-aporte-fondo-solidaridad-pension-fsp-colombia	/co/trabajo/sueldo-neto	301
/co/calculadora-aportes-arl-colombia-empleador-empleado-riesgo	/co/trabajo/costo-de-contratar	301
/co/calculadora-arriendo-bogota-medellin-cali-precio-promedio	/co/vida/arriendo	301
/co/calculadora-aumento-mesada-pensional-colombia-2026-ipc	/co/finanzas/pension	301
/co/calculadora-auxilio-transporte-colombia-2026	/co/trabajo/sueldo-neto	301
/co/calculadora-becas-icetex-colombia-credito-monto-2026	/co/vida/estudiar-en-colombia	301
/co/calculadora-beps-colpensiones-colombia-2026	/co/finanzas/pension	301
/co/calculadora-bono-hambre-cero-colombia-renta-ciudadana	/co/vida/presupuesto-del-hogar	301
/co/calculadora-canasta-familiar-colombia-dane-mes	/co/vida/presupuesto-del-hogar	301
/co/calculadora-canon-arrendamiento-comercial-colombia-comerciante	/co/vida/arriendo	301
/co/calculadora-canon-arrendamiento-vivienda-aumento-anual-colombia-ipc	/co/vida/arriendo	301
/co/calculadora-cdt-colombia-rentabilidad-90-180-360-dias	/co/finanzas/donde-pongo-mis-ahorros	301
/co/calculadora-cesantias-colombia-12-porciento-anual	/co/trabajo/liquidacion-laboral	301
/co/calculadora-cesantias-traslado-fondo-rendimiento-colombia	/co/trabajo/que-hago-con-mis-cesantias	301
/co/calculadora-comparador-tarjeta-debito-colombia-2026-comisiones	/co/finanzas/comisiones-bancarias	301
/co/calculadora-comparativa-banco-comisiones-colombia-2026	/co/finanzas/comisiones-bancarias	301
/co/calculadora-comparendos-transito-colombia-2026	/co/automotor/multas-y-pico-y-placa	301
/co/calculadora-contribucion-valorizacion-colombia	/co/impuestos/predial-y-avaluo	301
/co/calculadora-conversion-uvt-uvr-colombia-actualizacion-2026	/co/impuestos/sanciones-dian	301
/co/calculadora-cooperativas-prestamo-colombia-tasa-interes	/co/finanzas/creditos-y-tarjetas	301
/co/calculadora-coste-arriendo-vs-comprar-colombia-10-anos	/co/finanzas/comprar-vivienda	301
/co/calculadora-coste-funeral-promedio-colombia-2026-paquetes	/co/vida/presupuesto-del-hogar	301
/co/calculadora-coste-vida-mensual-colombia-soltero-pareja	/co/vida/presupuesto-del-hogar	301
/co/calculadora-costo-anual-moto-colombia-2026-soat-tecnomecanica	/co/automotor/costo-de-tener-carro	301
/co/calculadora-costo-despido-empleador-colombia-2026	/co/trabajo/costo-de-contratar	301
/co/calculadora-costo-hora-empleado-empresa-colombia-2026	/co/trabajo/costo-de-contratar	301
/co/calculadora-costo-matricula-vehiculo-nuevo-colombia-2026	/co/automotor/costo-de-tener-carro	301
/co/calculadora-costo-total-empleado-empleador-colombia-2026	/co/trabajo/costo-de-contratar	301
/co/calculadora-costo-vender-online-colombia-2026	/co/impuestos/impuestos-de-mi-negocio	301
/co/calculadora-credito-hipotecario-colombia-2026-uvr-pesos	/co/finanzas/comprar-vivienda	301
/co/calculadora-credito-hipotecario-davivienda-cuota	/co/finanzas/comprar-vivienda	301
/co/calculadora-credito-libranza-colombia-empleado-cuota-tasa	/co/finanzas/creditos-y-tarjetas	301
/co/calculadora-credito-vehiculos-colombia-leasing-vs-credito	/co/finanzas/creditos-y-tarjetas	301
/co/calculadora-cripto-colombia-impuestos-renta-trader-2026	/co/impuestos/renta-personas	301
/co/calculadora-cuanto-me-presta-banco-vivienda-sueldo-colombia	/co/finanzas/comprar-vivienda	301
/co/calculadora-cuenta-afc-ahorro-fomento-construccion-colombia	/co/impuestos/renta-personas	301
/co/calculadora-cuota-administracion-copropiedad-colombia	/co/vida/arriendo	301
/co/calculadora-cuota-compensacion-militar-libreta-2026	/co/vida/estudiar-en-colombia	301
/co/calculadora-cuota-inicial-vivienda-colombia-vis-no-vis	/co/finanzas/comprar-vivienda	301
/co/calculadora-cuota-moderadora-copago-eps-colombia-2026	/co/trabajo/incapacidad-y-licencias	301
/co/calculadora-de-propinas-colombia	/co/vida/presupuesto-del-hogar	301
/co/calculadora-deduccion-dependientes-colombia-renta-2026	/co/impuestos/renta-personas	301
/co/calculadora-deuda-mes-tarjeta-credito-colombia-pago-tope	/co/finanzas/creditos-y-tarjetas	301
/co/calculadora-devolucion-iva-dps-colombia-2026-ciclos	/co/vida/presupuesto-del-hogar	301
/co/calculadora-digito-verificacion-nit-dian-colombia	/co/impuestos/impuestos-de-mi-negocio	301
/co/calculadora-divorcio-cuota-litis-honorarios-abogado-colombia	/co/vida/divorcio-y-cuota-alimentaria	301
/co/calculadora-divorcio-particion-bienes-colombia-sociedad-conyugal	/co/vida/divorcio-y-cuota-alimentaria	301
/co/calculadora-dotacion-laboral-colombia-2026	/co/trabajo/liquidacion-laboral	301
/co/calculadora-edad-escolar-simat-colombia	/co/vida/estudiar-en-colombia	301
/co/calculadora-embargo-salario-colombia	/co/trabajo/sueldo-neto	301
/co/calculadora-empleada-domestica-dias-colombia-2026	/co/trabajo/liquidacion-laboral	301
/co/calculadora-fecha-declaracion-renta-2026-colombia-cedula	/co/impuestos/renta-personas	301
/co/calculadora-fecha-limite-secop-dias-habiles	/co/trabajo/independiente-y-honorarios	301
/co/calculadora-festivos-colombia-2026-calendario-puentes	/co/trabajo/horas-extras-y-recargos	301
/co/calculadora-fna-cesantias-colombia-vivienda-rentabilidad	/co/trabajo/que-hago-con-mis-cesantias	301
/co/calculadora-fondo-emergencia-colombia-meses-gastos	/co/vida/presupuesto-del-hogar	301
/co/calculadora-fondo-pensiones-voluntarias-colombia-deduccion-renta	/co/impuestos/renta-personas	301
/co/calculadora-fopep-pension-publica-colombia-cuantia	/co/finanzas/pension	301
/co/calculadora-ganancia-ocasional-venta-casa-colombia	/co/impuestos/patrimonio-y-herencia	301
/co/calculadora-ganancia-repartidor-apps-colombia-2026	/co/trabajo/independiente-y-honorarios	301
/co/calculadora-gastos-notariales-registro-compraventa-2026	/co/finanzas/comprar-vivienda	301
/co/calculadora-gravamen-movimientos-financieros-4-1000-colombia	/co/finanzas/comisiones-bancarias	301
/co/calculadora-honorarios-prestacion-servicios-colombia-retencion	/co/impuestos/retencion-en-la-fuente	301
/co/calculadora-horas-extras-colombia-2026	/co/trabajo/horas-extras-y-recargos	301
/co/calculadora-ibc-independientes-contratista-colombia-2026-40-porciento	/co/trabajo/independiente-y-honorarios	301
/co/calculadora-impoconsumo-restaurantes-bares-colombia-2026	/co/impuestos/impuestos-al-consumo	301
/co/calculadora-impuesto-bebidas-azucaradas-ibua-colombia-2026	/co/impuestos/impuestos-al-consumo	301
/co/calculadora-impuesto-cardo-tarjeta-credito-internacional-colombia	/co/impuestos/impuestos-al-consumo	301
/co/calculadora-impuesto-cervezas-licores-tabaco-colombia-2026	/co/impuestos/impuestos-al-consumo	301
/co/calculadora-impuesto-circulacion-vehiculo-electrico-colombia	/co/automotor/costo-de-tener-carro	301
/co/calculadora-impuesto-consumo-licores-colombia-cerveza-vino	/co/impuestos/impuestos-al-consumo	301
/co/calculadora-impuesto-departamento-loterias-vehiculos-cigarrillos	/co/impuestos/impuestos-al-consumo	301
/co/calculadora-impuesto-industria-comercio-ica-colombia-municipios	/co/impuestos/impuestos-de-mi-negocio	301
/co/calculadora-impuesto-loterias-juegos-azar-colombia-2026	/co/impuestos/impuestos-al-consumo	301
/co/calculadora-impuesto-patrimonio-colombia-personas-naturales-2026	/co/impuestos/patrimonio-y-herencia	301
/co/calculadora-impuesto-predial-bogota-2026	/co/impuestos/predial-y-avaluo	301
/co/calculadora-impuesto-predial-medellin-2026	/co/impuestos/predial-y-avaluo	301
/co/calculadora-impuesto-renta-empresas-colombia-35-porcentaje-2026	/co/impuestos/impuestos-de-mi-negocio	301
/co/calculadora-impuesto-sucesiones-herencia-colombia-2026	/co/impuestos/patrimonio-y-herencia	301
/co/calculadora-impuesto-timbre-nacional-colombia-2026	/co/impuestos/patrimonio-y-herencia	301
/co/calculadora-impuesto-vehiculos-bogota-2026-tabla	/co/automotor/costo-de-tener-carro	301
/co/calculadora-impuesto-vehiculos-colombia-2026-departamento	/co/automotor/costo-de-tener-carro	301
/co/calculadora-impuestos-compras-internacionales-colombia-aliexpress-temu	/co/impuestos/impuestos-al-consumo	301
/co/calculadora-incapacidad-medica-eps-colombia	/co/trabajo/incapacidad-y-licencias	301
/co/calculadora-indemnizacion-despido-sin-justa-causa-colombia-2026	/co/trabajo/liquidacion-laboral	301
/co/calculadora-indemnizacion-sustitutiva-colpensiones-colombia-2026	/co/finanzas/pension	301
/co/calculadora-ingresos-no-constitutivos-renta-colombia-vivienda	/co/impuestos/renta-personas	301
/co/calculadora-interes-mora-dian-colombia-2026	/co/impuestos/sanciones-dian	301
/co/calculadora-internet-fibra-claro-etb-tigo-colombia-mejor-precio	/co/vida/recibos-de-servicios	301
/co/calculadora-isr-anual-colombia-personas-naturales-cedulas	/co/impuestos/renta-personas	301
/co/calculadora-isr-arrendamiento-arrendador-colombia-deducciones	/co/impuestos/renta-personas	301
/co/calculadora-isr-rentas-de-capital-dividendos-intereses-colombia	/co/impuestos/renta-personas	301
/co/calculadora-iva-bienes-exentos-excluidos-colombia-2026	/co/impuestos/impuestos-de-mi-negocio	301
/co/calculadora-iva-colombia-19-porciento-tarifa-general	/co/impuestos/impuestos-de-mi-negocio	301
/co/calculadora-iva-frontera-paso-fronterizo-colombia-zonas-especiales	/co/impuestos/impuestos-de-mi-negocio	301
/co/calculadora-licencia-maternidad-colombia-18-semanas	/co/trabajo/incapacidad-y-licencias	301
/co/calculadora-licencia-paternidad-colombia-2-semanas	/co/trabajo/incapacidad-y-licencias	301
/co/calculadora-limites-retiro-recarga-nequi	/co/finanzas/comisiones-bancarias	301
/co/calculadora-liquidacion-contrato-termino-fijo-colombia-2026	/co/trabajo/liquidacion-laboral	301
/co/calculadora-liquidacion-empleada-domestica-por-dias-colombia-2026	/co/trabajo/liquidacion-laboral	301
/co/calculadora-liquidacion-laboral-colombia-completa-cesantias	/co/trabajo/liquidacion-laboral	301
/co/calculadora-monotributo-colombia-pequenos-comercios	/co/impuestos/impuestos-de-mi-negocio	301
/co/calculadora-nomina-vs-prestacion-servicios-colombia-2026	/co/trabajo/independiente-y-honorarios	301
/co/calculadora-notas-colombia	/co/vida/estudiar-en-colombia	301
/co/calculadora-obligado-declarar-renta-2026	/co/impuestos/renta-personas	301
/co/calculadora-pago-anticipado-credito-hipotecario-colombia-ahorro-intereses	/co/finanzas/comprar-vivienda	301
/co/calculadora-pcs-prestaciones-sociales-colombia-percent-salario	/co/trabajo/costo-de-contratar	301
/co/calculadora-peajes-combustible-ruta-colombia-2026	/co/automotor/multas-y-pico-y-placa	301
/co/calculadora-pension-alimentos-colombia-padre-divorcio-tabla	/co/vida/divorcio-y-cuota-alimentaria	301
/co/calculadora-pension-colombia-2026-edad-semanas-cotizadas	/co/finanzas/pension	301
/co/calculadora-pension-rais-vs-prima-media-colombia	/co/finanzas/pension	301
/co/calculadora-pico-placa-solidario-bogota-2026	/co/automotor/multas-y-pico-y-placa	301
/co/calculadora-pico-y-placa-hoy-colombia-bogota-medellin-cali	/co/automotor/multas-y-pico-y-placa	301
/co/calculadora-pila-independientes-colombia-2026	/co/trabajo/independiente-y-honorarios	301
/co/calculadora-precio-gasolina-acpm-galon-colombia-2026	/co/automotor/costo-de-tener-carro	301
/co/calculadora-prestaciones-empleada-domestica-colombia-2026	/co/trabajo/liquidacion-laboral	301
/co/calculadora-prestamo-nequi-colombia-cuota-salvavidas-bajo-monto	/co/finanzas/creditos-y-tarjetas	301
/co/calculadora-presuncion-costos-ugpp-colombia-2026	/co/trabajo/independiente-y-honorarios	301
/co/calculadora-prima-legal-colombia-30-dias-junio-diciembre	/co/trabajo/liquidacion-laboral	301
/co/calculadora-provision-prestaciones-sociales-mensual-empleador-colombia-2026	/co/trabajo/costo-de-contratar	301
/co/calculadora-pse-comision-ventas-colombia	/co/finanzas/comisiones-bancarias	301
/co/calculadora-puntaje-saber-11-icfes-colombia	/co/vida/estudiar-en-colombia	301
/co/calculadora-recargo-dominical-festivo-colombia-2026	/co/trabajo/horas-extras-y-recargos	301
/co/calculadora-recargo-nocturno-colombia-2026	/co/trabajo/horas-extras-y-recargos	301
/co/calculadora-recibo-agua-bogota-eaab-2026	/co/vida/recibos-de-servicios	301
/co/calculadora-recibo-gas-natural-colombia-vanti-epm-naturgas	/co/vida/recibos-de-servicios	301
/co/calculadora-recibo-luz-codensa-epm-colombia-estrato	/co/vida/recibos-de-servicios	301
/co/calculadora-redam-cuotas-alimentarias-mora	/co/vida/divorcio-y-cuota-alimentaria	301
/co/calculadora-reduccion-jornada-42-horas-colombia-2026	/co/trabajo/horas-extras-y-recargos	301
/co/calculadora-reforma-pensional-colombia-2025-pilares-ahorro	/co/finanzas/pension	301
/co/calculadora-rendimiento-cajitas-nu-nequi-bolsillos-colombia	/co/finanzas/donde-pongo-mis-ahorros	301
/co/calculadora-renta-pensionados-colombia-2026	/co/impuestos/renta-personas	301
/co/calculadora-renta-personas-naturales-colombia-2026-anual	/co/impuestos/renta-personas	301
/co/calculadora-rentabilidad-finca-raiz-colombia-renta-fija-comparada	/co/finanzas/donde-pongo-mis-ahorros	301
/co/calculadora-rentabilidad-fondo-inversion-colectiva-fic-colombia	/co/finanzas/donde-pongo-mis-ahorros	301
/co/calculadora-retefuente-colombia-2026-empleado-tabla	/co/impuestos/retencion-en-la-fuente	301
/co/calculadora-retencion-fuente-arrendamientos-colombia-2026	/co/impuestos/retencion-en-la-fuente	301
/co/calculadora-retencion-fuente-compras-servicios-2026	/co/impuestos/retencion-en-la-fuente	301
/co/calculadora-retencion-procedimiento-2-colombia-2026	/co/impuestos/retencion-en-la-fuente	301
/co/calculadora-retencion-salarios-procedimiento-1-colombia-2026	/co/impuestos/retencion-en-la-fuente	301
/co/calculadora-retiro-cesantias-porvenir	/co/trabajo/que-hago-con-mis-cesantias	301
/co/calculadora-revision-tecnomecanica-colombia-precio-multa	/co/automotor/costo-de-tener-carro	301
/co/calculadora-salario-aprendiz-sena-2026	/co/trabajo/sueldo-neto	301
/co/calculadora-salario-integral-colombia-2026	/co/trabajo/sueldo-neto	301
/co/calculadora-salario-minimo-colombia-2026-auxilio-transporte	/co/trabajo/sueldo-neto	301
/co/calculadora-salario-neto-colombia-2026-bruto-a-neto	/co/trabajo/sueldo-neto	301
/co/calculadora-salario-por-hora-colombia	/co/trabajo/sueldo-neto	301
/co/calculadora-salarios-minimos-a-pesos-colombia-2026	/co/trabajo/sueldo-neto	301
/co/calculadora-sancion-correccion-declaracion-dian-colombia-2026	/co/impuestos/sanciones-dian	301
/co/calculadora-sancion-extemporaneidad-dian-2026	/co/impuestos/sanciones-dian	301
/co/calculadora-sancion-minima-dian-colombia-2026-10-uvt	/co/impuestos/sanciones-dian	301
/co/calculadora-sancion-moratoria-no-pago-liquidacion-colombia	/co/trabajo/liquidacion-laboral	301
/co/calculadora-soat-colombia-precio-2026-vehiculo	/co/automotor/costo-de-tener-carro	301
/co/calculadora-subsidio-desempleo-proteccion-cesante-colombia	/co/trabajo/incapacidad-y-licencias	301
/co/calculadora-subsidio-vivienda-mi-casa-ya-colombia-2026	/co/finanzas/comprar-vivienda	301
/co/calculadora-tabla-impuesto-renta-personas-naturales-colombia-2026	/co/impuestos/renta-personas	301
/co/calculadora-tarifa-electrica-colombia-mes-recibo-codensa	/co/vida/recibos-de-servicios	301
/co/calculadora-tarifa-taxi-bogota-2026-unidades-recargos	/co/automotor/costo-de-tener-carro	301
/co/calculadora-tarjeta-credito-colombia-tasa-usura-cuota-pago-minimo	/co/finanzas/creditos-y-tarjetas	301
/co/calculadora-tasa-de-cambio-paralelo-colombia-dolar-blue	/co/finanzas/donde-pongo-mis-ahorros	301
/co/calculadora-tasa-impuesto-renta-fictop-paraisos-fiscales-colombia	/co/impuestos/patrimonio-y-herencia	301
/co/calculadora-tasa-interes-mora-colombia-tarjeta-credito-2026	/co/finanzas/creditos-y-tarjetas	301
/co/calculadora-tasacion-vivienda-colombia-precio-m2-zona-estrato	/co/impuestos/predial-y-avaluo	301
/co/calculadora-titulos-tes-colombia-rendimiento-vencimiento	/co/finanzas/donde-pongo-mis-ahorros	301
/co/calculadora-traspaso-vehiculo-colombia-2026	/co/automotor/costo-de-tener-carro	301
/co/calculadora-trm-dolar-hoy-pesos-colombianos	/co/finanzas/donde-pongo-mis-ahorros	301
/co/calculadora-universidad-publica-vs-privada-colombia-coste-2026	/co/vida/estudiar-en-colombia	301
/co/calculadora-vacaciones-colombia-15-dias-habiles-laborales	/co/trabajo/liquidacion-laboral	301
/conversor-tazas-a-gramos-cocina-mexico	/mx/vida/organizar-una-fiesta	301
/do/calculadora-actualizacion-inflacion-ipc-republica-dominicana	/do/finanzas/ahorro-y-dolar	301
/do/calculadora-anticipos-isr-dgii-republica-dominicana	/do/impuestos/negocio-dgii	301
/do/calculadora-articulo-86-retraso-prestaciones-republica-dominicana	/do/trabajo/liquidacion	301
/do/calculadora-bonificacion-republica-dominicana	/do/trabajo/regalia-y-bonificacion	301
/do/calculadora-bonos-superate-alimentate-monto-republica-dominicana	/do/finanzas/presupuesto-del-hogar	301
/do/calculadora-certificado-financiero-republica-dominicana	/do/finanzas/ahorro-y-dolar	301
/do/calculadora-cesantia-republica-dominicana	/do/trabajo/liquidacion	301
/do/calculadora-costo-vida-republica-dominicana	/do/finanzas/presupuesto-del-hogar	301
/do/calculadora-dias-laborables-feriados-republica-dominicana	/do/trabajo/sueldo-neto	301
/do/calculadora-doble-sueldo-republica-dominicana	/do/trabajo/regalia-y-bonificacion	301
/do/calculadora-euro-a-peso-dominicano	/do/finanzas/ahorro-y-dolar	301
/do/calculadora-factura-luz-consumo-electrico-republica-dominicana	/do/finanzas/presupuesto-del-hogar	301
/do/calculadora-ganancia-capital-venta-inmueble-dgii-republica-dominicana	/do/impuestos/comprar-vivienda	301
/do/calculadora-gasto-gasolina-viaje-republica-dominicana	/do/finanzas/presupuesto-del-hogar	301
/do/calculadora-gastos-cierre-compra-vivienda-republica-dominicana	/do/impuestos/comprar-vivienda	301
/do/calculadora-horas-extras-republica-dominicana	/do/trabajo/sueldo-neto	301
/do/calculadora-impuesto-cheques-transferencias-republica-dominicana	/do/impuestos/negocio-dgii	301
/do/calculadora-impuesto-premios-loteria-republica-dominicana	/do/impuestos/negocio-dgii	301
/do/calculadora-impuesto-sucesiones-herencia-republica-dominicana	/do/impuestos/comprar-vivienda	301
/do/calculadora-impuesto-transferencia-inmobiliaria-republica-dominicana	/do/impuestos/comprar-vivienda	301
/do/calculadora-ipi-republica-dominicana	/do/impuestos/comprar-vivienda	301
/do/calculadora-isr-empresas-sociedades-republica-dominicana	/do/impuestos/negocio-dgii	301
/do/calculadora-isr-republica-dominicana	/do/trabajo/sueldo-neto	301
/do/calculadora-itbis-republica-dominicana	/do/impuestos/negocio-dgii	301
/do/calculadora-liquidacion-republica-dominicana	/do/trabajo/liquidacion	301
/do/calculadora-mora-recargos-dgii-republica-dominicana	/do/impuestos/negocio-dgii	301
/do/calculadora-pension-afp-estimacion-republica-dominicana	/do/trabajo/tss-aportes-y-coberturas	301
/do/calculadora-preaviso-republica-dominicana	/do/trabajo/liquidacion	301
/do/calculadora-prestamo-hipotecario-republica-dominicana	/do/impuestos/comprar-vivienda	301
/do/calculadora-presupuesto-utiles-escolares-republica-dominicana	/do/finanzas/presupuesto-del-hogar	301
/do/calculadora-propina-legal-10-itbis-restaurante-republica-dominicana	/do/impuestos/negocio-dgii	301
/do/calculadora-recargo-nocturno-republica-dominicana	/do/trabajo/sueldo-neto	301
/do/calculadora-retencion-honorarios-servicios-profesionales-republica-dominicana	/do/impuestos/negocio-dgii	301
/do/calculadora-retencion-isr-salario-republica-dominicana	/do/trabajo/sueldo-neto	301
/do/calculadora-salario-minimo-republica-dominicana	/do/trabajo/sueldo-neto	301
/do/calculadora-salario-por-hora-republica-dominicana	/do/trabajo/sueldo-neto	301
/do/calculadora-san-ahorro-rotativo-republica-dominicana	/do/finanzas/ahorro-y-dolar	301
/do/calculadora-subsidio-maternidad-sisalril-republica-dominicana	/do/trabajo/tss-aportes-y-coberturas	301
/do/calculadora-tarjeta-credito-pago-minimo-republica-dominicana	/do/finanzas/presupuesto-del-hogar	301
/do/calculadora-tss-afp-sfs-republica-dominicana	/do/trabajo/tss-aportes-y-coberturas	301
/do/calculadora-vacaciones-republica-dominicana	/do/trabajo/liquidacion	301
/do/costo-empleador-republica-dominicana	/do/trabajo/tss-aportes-y-coberturas	301
/do/dolar-hoy-republica-dominicana	/do/finanzas/ahorro-y-dolar	301
/do/regalia-pascual-proporcional-republica-dominicana	/do/trabajo/regalia-y-bonificacion	301
/do/regalia-pascual-republica-dominicana	/do/trabajo/regalia-y-bonificacion	301
/do/salario-neto-republica-dominicana	/do/trabajo/sueldo-neto	301
/do/sueldo-anual-republica-dominicana	/do/trabajo/sueldo-neto	301
/do/sueldo-bruto-a-neto-republica-dominicana	/do/trabajo/sueldo-neto	301
/ec/calculadora-actualizacion-inflacion-ipc-ecuador	/ec/hogar/presupuesto-mensual	301
/ec/calculadora-antiguedad-laboral-ecuador	/ec/trabajo/liquidacion-y-despido	301
/ec/calculadora-aporte-iess-ecuador	/ec/trabajo/sueldo-neto	301
/ec/calculadora-aporte-voluntario-iess-ecuador	/ec/trabajo/iess-aportes-y-jubilacion	301
/ec/calculadora-arriendo-maximo-legal-ecuador	/ec/hogar/presupuesto-mensual	301
/ec/calculadora-canasta-basica-familiar-ecuador	/ec/hogar/presupuesto-mensual	301
/ec/calculadora-cesantia-iess-ecuador	/ec/trabajo/liquidacion-y-despido	301
/ec/calculadora-constitucion-compania-sas-ecuador	/ec/impuestos/regimen-rimpe-y-negocio	301
/ec/calculadora-costo-laboral-total-empleador-ecuador	/ec/trabajo/sueldo-neto	301
/ec/calculadora-costo-pasaporte-registro-civil-ecuador	/ec/tramites/tramites-y-costos-legales	301
/ec/calculadora-costo-universidad-privada-ecuador	/ec/estudio/entrar-y-pagar-la-universidad	301
/ec/calculadora-costo-viaje-gasolina-ecuador	/ec/auto/costos-del-auto	301
/ec/calculadora-costo-vida-mensual-ecuador	/ec/hogar/presupuesto-mensual	301
/ec/calculadora-credito-banco-pichincha-cuotas-ecuador	/ec/finanzas-personales/creditos-y-ahorro	301
/ec/calculadora-credito-hipotecario-biess-ecuador	/ec/finanzas-personales/creditos-y-ahorro	301
/ec/calculadora-credito-vehicular-ecuador	/ec/finanzas-personales/creditos-y-ahorro	301
/ec/calculadora-decimo-cuarto-sueldo-ecuador	/ec/trabajo/decimos-y-fondos-de-reserva	301
/ec/calculadora-decimo-tercer-sueldo-ecuador	/ec/trabajo/decimos-y-fondos-de-reserva	301
/ec/calculadora-deposito-plazo-fijo-ecuador	/ec/finanzas-personales/creditos-y-ahorro	301
/ec/calculadora-devolucion-iva-tercera-edad-discapacidad-ecuador	/ec/impuestos/iva-y-consumo	301
/ec/calculadora-fondos-de-reserva-ecuador	/ec/trabajo/decimos-y-fondos-de-reserva	301
/ec/calculadora-honorarios-notariales-ecuador	/ec/tramites/tramites-y-costos-legales	301
/ec/calculadora-horas-extra-suplementarias-ecuador	/ec/trabajo/sueldo-neto	301
/ec/calculadora-ice-consumos-especiales-ecuador	/ec/impuestos/iva-y-consumo	301
/ec/calculadora-impuesto-1-5-por-mil-activos-ecuador	/ec/impuestos/regimen-rimpe-y-negocio	301
/ec/calculadora-impuesto-alcabala-ecuador	/ec/impuestos/impuestos-del-inmueble	301
/ec/calculadora-impuesto-herencias-legados-donaciones-ecuador	/ec/impuestos/impuestos-del-inmueble	301
/ec/calculadora-impuesto-plusvalia-inmueble-ecuador	/ec/impuestos/impuestos-del-inmueble	301
/ec/calculadora-impuesto-predial-ecuador	/ec/impuestos/impuestos-del-inmueble	301
/ec/calculadora-impuesto-renta-ecuador	/ec/impuestos/impuesto-a-la-renta	301
/ec/calculadora-impuesto-rodaje-vehiculos-ecuador	/ec/auto/costos-del-auto	301
/ec/calculadora-impuesto-salida-divisas-isd-ecuador	/ec/impuestos/iva-y-consumo	301
/ec/calculadora-impuestos-importacion-senae-ecuador	/ec/impuestos/iva-y-consumo	301
/ec/calculadora-indemnizacion-despido-intempestivo-ecuador	/ec/trabajo/liquidacion-y-despido	301
/ec/calculadora-iva-ecuador	/ec/impuestos/iva-y-consumo	301
/ec/calculadora-jubilacion-iess-ecuador	/ec/trabajo/iess-aportes-y-jubilacion	301
/ec/calculadora-jubilacion-patronal-ecuador	/ec/trabajo/iess-aportes-y-jubilacion	301
/ec/calculadora-licencia-maternidad-ecuador	/ec/trabajo/licencias-y-pension-alimenticia	301
/ec/calculadora-licencia-paternidad-ecuador	/ec/trabajo/licencias-y-pension-alimenticia	301
/ec/calculadora-liquidacion-finiquito-ecuador	/ec/trabajo/liquidacion-y-despido	301
/ec/calculadora-matriculacion-vehicular-ecuador	/ec/auto/costos-del-auto	301
/ec/calculadora-mora-patronal-iess-ecuador	/ec/trabajo/iess-aportes-y-jubilacion	301
/ec/calculadora-multa-interes-mora-sri-ecuador	/ec/impuestos/impuesto-a-la-renta	301
/ec/calculadora-multa-no-sufragar-cne-ecuador	/ec/tramites/tramites-y-costos-legales	301
/ec/calculadora-multas-transito-ecuador	/ec/auto/costos-del-auto	301
/ec/calculadora-nota-postulacion-transformar-senescyt-ecuador	/ec/estudio/entrar-y-pagar-la-universidad	301
/ec/calculadora-patente-municipal-ecuador	/ec/impuestos/regimen-rimpe-y-negocio	301
/ec/calculadora-pension-alimenticia-ecuador	/ec/trabajo/licencias-y-pension-alimenticia	301
/ec/calculadora-pension-montepio-viudez-iess-ecuador	/ec/trabajo/iess-aportes-y-jubilacion	301
/ec/calculadora-planilla-agua-ecuador	/ec/hogar/presupuesto-mensual	301
/ec/calculadora-planilla-luz-cnel-ecuador	/ec/hogar/presupuesto-mensual	301
/ec/calculadora-prestamo-quirografario-iess-ecuador	/ec/finanzas-personales/creditos-y-ahorro	301
/ec/calculadora-presupuesto-utiles-escolares-sierra-ecuador	/ec/estudio/entrar-y-pagar-la-universidad	301
/ec/calculadora-promedio-notas-ecuador	/ec/estudio/entrar-y-pagar-la-universidad	301
/ec/calculadora-rebaja-gastos-personales-ecuador	/ec/impuestos/impuesto-a-la-renta	301
/ec/calculadora-recargo-nocturno-ecuador	/ec/trabajo/sueldo-neto	301
/ec/calculadora-retencion-fuente-dependencia-ecuador	/ec/impuestos/impuesto-a-la-renta	301
/ec/calculadora-retencion-honorarios-profesionales-ecuador	/ec/impuestos/impuesto-a-la-renta	301
/ec/calculadora-retencion-iva-ecuador	/ec/impuestos/iva-y-consumo	301
/ec/calculadora-revision-tecnica-vehicular-ecuador	/ec/auto/costos-del-auto	301
/ec/calculadora-rimpe-emprendedor-ecuador	/ec/impuestos/regimen-rimpe-y-negocio	301
/ec/calculadora-rimpe-negocio-popular-ecuador	/ec/impuestos/regimen-rimpe-y-negocio	301
/ec/calculadora-rol-de-pagos-ecuador	/ec/trabajo/sueldo-neto	301
/ec/calculadora-salario-digno-ecuador	/ec/trabajo/sueldo-neto	301
/ec/calculadora-sppat-seguro-accidentes-transito-ecuador	/ec/auto/costos-del-auto	301
/ec/calculadora-subsidio-enfermedad-iess-ecuador	/ec/trabajo/licencias-y-pension-alimenticia	301
/ec/calculadora-sueldo-iess-empleada-domestica-ecuador	/ec/trabajo/iess-aportes-y-jubilacion	301
/ec/calculadora-sueldo-neto-ecuador	/ec/trabajo/sueldo-neto	301
/ec/calculadora-tabla-amortizacion-frances-aleman-ecuador	/ec/finanzas-personales/creditos-y-ahorro	301
/ec/calculadora-tarjeta-credito-pago-minimo-ecuador	/ec/finanzas-personales/creditos-y-ahorro	301
/ec/calculadora-traspaso-dominio-vehicular-ecuador	/ec/tramites/tramites-y-costos-legales	301
/ec/calculadora-vacaciones-ecuador	/ec/trabajo/decimos-y-fondos-de-reserva	301
/en/10k-training-plan-weeks	/en/fitness/running-race-plan	301
/en/1rm-deadlift-estimator	/en/fitness/strength-and-training-volume	301
/en/2x2-linear-system-cramer-rule	/en/math/algebra	301
/en/2x2-matrix-determinant-inverse	/en/math/algebra	301
/en/3d-print-cost-per-part	/en/tech/batteries-and-electronics	301
/en/5k-training-plan-weeks	/en/fitness/running-race-plan	301
/en/abdominal-circumference-cardiovascular-risk	/en/health/body-weight	301
/en/age-discuss-difficult-topics-with-kids	/en/family/baby-and-child-milestones	301
/en/agua-riego-plantas-dia	/en/garden/watering-and-feeding	301
/en/aguinaldo-calculator-argentina	/en/money/paycheck-and-taxes	301
/en/air-conditioning-btu-room-calculator	/en/home/hvac-sizing	301
/en/al30-gd30-bond-yield	/en/money/grow-your-money	301
/en/alcohol-calories-beer-wine-fernet	/en/health/calories-and-macros	301
/en/alcohol-per-guest-event-calculator	/en/cooking/drinks-for-a-party	301
/en/aluminum-profile-linear-meters-window	/en/home/carpentry-and-stairs	301
/en/alyc-commissions-calculator	/en/money/grow-your-money	301
/en/amplifier-watts-per-channel	/en/tech/batteries-and-electronics	301
/en/annual-bonus-net	/en/money/paycheck-and-taxes	301
/en/annual-pet-carbon-footprint	/en/life/carbon-footprint	301
/en/annual-refrigerator-energy-consumption-kwh	/en/life/home-energy-savings	301
/en/annuity-payout-monthly-calculator	/en/money/retirement-income	301
/en/arithmetic-progression-nth-term-sum	/en/math/algebra	301
/en/aumento-alquiler-trimestral-cuatrimestral-semestral	/en/money/renting-a-home	301
/en/auto-insurance-monthly-premium-coverage	/en/cars/car-value-and-ownership	301
/en/average-calculator	/en/math/statistics	301
/en/aws-ec2-monthly-cost-calculator	/en/tech/cloud-and-ai-costs	301
/en/baby-diaper-calculator	/en/family/feeding-your-baby	301
/en/baby-feeding-amount-by-age-calculator	/en/family/feeding-your-baby	301
/en/baby-shoe-size	/en/family/baby-and-child-milestones	301
/en/baby-sleep-hours-by-age	/en/family/baby-and-child-milestones	301
/en/baby-sleep-hours-by-age-chart	/en/family/baby-and-child-milestones	301
/en/baby-teeth-eruption-timeline	/en/family/baby-and-child-milestones	301
/en/bakers-percentage-calculator	/en/cooking/baking-ratios-and-conversions	301
/en/barrel-aging-whiskey-calculator	/en/cooking/brewing-and-infusions	301
/en/basal-metabolic-rate-calculator	/en/health/calories-and-macros	301
/en/baseboard-linear-meters	/en/home/paint-and-tile	301
/en/battery-capacity-runtime-ah	/en/tech/batteries-and-electronics	301
/en/battery-runtime-mah-calculator	/en/tech/batteries-and-electronics	301
/en/bbq-meat-portions-per-person	/en/cooking/how-much-food-per-guest	301
/en/bcra-interest-rate-savings-impact	/en/money/grow-your-money	301
/en/best-languages-by-profession	/en/school/learn-a-language	301
/en/big-o-complexity-calculator	/en/tech/cloud-and-ai-costs	301
/en/bitcoin-halving-2028-proyeccion	/en/money/crypto-profit-and-fees	301
/en/bitcoin-profit-loss-calculator	/en/money/crypto-profit-and-fees	301
/en/biweekly-pay-periods-2026-calculator	/en/money/paycheck-and-taxes	301
/en/blood-oxygen-saturation-spo2	/en/health/blood-test-numbers	301
/en/blood-oxygen-saturation-spo2-altitude	/en/health/blood-test-numbers	301
/en/blood-pressure-normal-hypertension	/en/health/blood-test-numbers	301
/en/blood-pressure-who-classification	/en/health/blood-test-numbers	301
/en/blw-introduction-6-months	/en/family/feeding-your-baby	301
/en/bmi-calculator	/en/health/body-weight	301
/en/bmi-seniors-65-plus-table	/en/health/body-weight	301
/en/bmr-basal-harris-benedict-metabolism	/en/health/calories-and-macros	301
/en/body-composition-fat-vs-lean	/en/health/body-weight	301
/en/bogleheads-3-fund-portfolio-calculator	/en/money/grow-your-money	301
/en/bond-al30-al35-al41-yield	/en/money/grow-your-money	301
/en/bond-modified-duration	/en/money/grow-your-money	301
/en/bond-present-value-zero-coupon	/en/money/grow-your-money	301
/en/bread-rising-time-yeast-calculator	/en/cooking/baking-ratios-and-conversions	301
/en/breast-milk-formula	/en/family/feeding-your-baby	301
/en/breast-pump-production	/en/family/feeding-your-baby	301
/en/bricks-per-square-meter-wall	/en/home/concrete-and-structure	301
/en/bridge-fee-cripto-crosschain-costo	/en/money/crypto-profit-and-fees	301
/en/btc-nasdaq-sp500-correlation	/en/money/crypto-profit-and-fees	301
/en/buoyancy-force-volume	/en/science/motion-and-forces	301
/en/cable-awg-amperage-section	/en/home/electrical-and-solar	301
/en/cafeina-dosis-rendimiento	/en/fitness/endurance-thresholds	301
/en/cafeina-dosis-segura-diaria-peso	/en/health/supplements-and-daily-intake	301
/en/calcium-daily-intake-by-age-lactation-menopause	/en/health/supplements-and-daily-intake	301
/en/caldera-potencia-kw-ambiente-metros	/en/home/hvac-sizing	301
/en/cantidad-hamburguesas-parrilla-cumpleanos	/en/cooking/how-much-food-per-guest	301
/en/capital-gains-tax-calculator-usa	/en/money/sales-and-property-tax	301
/en/car-battery-cca-calculator	/en/cars/tires-brakes-and-specs	301
/en/car-depreciation-annual-residual-value	/en/cars/car-value-and-ownership	301
/en/car-loan-interest-deduction-calculator	/en/money/get-out-of-debt	301
/en/carbon-offset-trees-flight	/en/life/carbon-footprint	301
/en/caregiver-child-ratio-by-age	/en/family/baby-and-child-milestones	301
/en/cat-age-to-human-years	/en/pets/pet-age-and-life-stage	301
/en/cedear-dividend-yield-2026	/en/money/grow-your-money	301
/en/cedular-investment-income-tax	/en/money/sales-and-property-tax	301
/en/ceramic-tile-calculator	/en/home/paint-and-tile	301
/en/child-allowance-by-age	/en/family/baby-and-child-milestones	301
/en/child-bmi-percentile	/en/health/body-weight	301
/en/choking-heimlich-age-maneuver	/en/health/emergency-first-aid	301
/en/cholesterol-total-ldl-hdl-levels	/en/health/blood-test-numbers	301
/en/cidr-subnetting-calculator	/en/tech/network-and-security	301
/en/co2-savings-idle-chargers	/en/life/home-energy-savings	301
/en/code-lines-project-complexity-kloc	/en/tech/cloud-and-ai-costs	301
/en/coffee-hydration-myths	/en/health/exercise-and-training	301
/en/coffee-water-ratio-brewing-calculator	/en/cooking/brewing-and-infusions	301
/en/cold-wallet-vs-hot-wallet-riesgo	/en/money/crypto-profit-and-fees	301
/en/combinations-n-choose-k	/en/math/statistics	301
/en/comida-gato-gramos-peso-ideal-racion	/en/pets/how-much-to-feed-my-pet	301
/en/compound-interest-calculator-long-term	/en/money/grow-your-money	301
/en/concrete-beam-sizing-dimensions	/en/home/concrete-and-structure	301
/en/condo-fees-apartment-m2-category	/en/money/renting-a-home	301
/en/continuous-footing-m3-concrete	/en/home/concrete-and-structure	301
/en/conversion-btu-kcal-air-conditioning	/en/math/unit-converter	301
/en/conversion-bytes-kb-mb-gb-tb	/en/tech/storage-and-file-size	301
/en/conversion-meters-to-feet	/en/math/unit-converter	301
/en/conversion-ounce-gram-cooking	/en/math/unit-converter	301
/en/conversion-ppm-mg-l-quimica-agua	/en/math/unit-converter	301
/en/conversion-torque-nm-lb-ft-kgm	/en/cars/tires-brakes-and-specs	301
/en/cpr-bls-chest-compressions-rate	/en/health/emergency-first-aid	301
/en/creatine-loading-maintenance	/en/health/supplements-and-daily-intake	301
/en/credit-card-minimum-payment	/en/money/get-out-of-debt	301
/en/credit-card-payoff-time-calculator	/en/money/get-out-of-debt	301
/en/critical-power-cp	/en/fitness/endurance-thresholds	301
/en/crossfit-fran-benchmark-time	/en/fitness/competition-and-rankings	301
/en/crypto-balance-to-local-currency	/en/money/crypto-profit-and-fees	301
/en/currency-converter	/en/money/crypto-profit-and-fees	301
/en/daily-caffeine-safe-maximum-cups	/en/health/supplements-and-daily-intake	301
/en/daily-calcium-intake	/en/health/supplements-and-daily-intake	301
/en/daily-dietary-fiber-intake-calculator	/en/health/calories-and-macros	301
/en/daily-iron-requirements-by-sex-age	/en/health/supplements-and-daily-intake	301
/en/daily-steps-calculator	/en/health/exercise-and-training	301
/en/dash-diet-daily-sodium	/en/health/calories-and-macros	301
/en/date-difference-calculator	/en/life/dates-and-hours	301
/en/db-pool-max-connections	/en/tech/cloud-and-ai-costs	301
/en/dc-power-supply-watts-amperage	/en/tech/batteries-and-electronics	301
/en/dca-bitcoin-historical-returns	/en/money/crypto-profit-and-fees	301
/en/debt-avalanche-payoff-calculator	/en/money/get-out-of-debt	301
/en/deck-boards-patio	/en/home/carpentry-and-stairs	301
/en/dieta-mediterranea-adherencia-score-test	/en/health/calories-and-macros	301
/en/dilution-concentration-c1v1-c2v2	/en/science/chemistry-and-thermodynamics	301
/en/distance-two-points-cartesian-plane	/en/math/geometry-trigonometry	301
/en/dog-age-by-breed	/en/pets/pet-age-and-life-stage	301
/en/dog-apartment-compatibility	/en/pets/dog-lifestyle-and-costs	301
/en/dog-calories-by-breed-age	/en/pets/how-much-to-feed-my-pet	301
/en/dog-food-calculator-by-weight	/en/pets/how-much-to-feed-my-pet	301
/en/dog-shedding-by-season-calculator	/en/pets/dog-lifestyle-and-costs	301
/en/dog-vaccination-schedule-puppy-adult	/en/pets/pet-age-and-life-stage	301
/en/dog-walking-minutes-by-breed	/en/pets/dog-lifestyle-and-costs	301
/en/door-hinge-screw-calculator	/en/home/carpentry-and-stairs	301
/en/doppler-effect-frequency-calculator	/en/science/waves-light-and-astronomy	301
/en/dpi-ppp-print-resolution	/en/tech/screens-and-print-resolution	301
/en/drain-grate-size-calculator	/en/home/water-and-plumbing	301
/en/drive-time-calculator-stops	/en/cars/fuel-and-trip-cost	301
/en/dry-pasta-portions-per-person	/en/cooking/how-much-food-per-guest	301
/en/due-date-from-conception-date	/en/health/fertility-and-pregnancy	301
/en/duolingo-time-cefr-level-progress	/en/school/learn-a-language	301
/en/eficiencia-carnot-termodinamica	/en/science/chemistry-and-thermodynamics	301
/en/egg-size-gram-equivalents	/en/cooking/baking-ratios-and-conversions	301
/en/electricidad-cable-amperaje-seccion	/en/home/electrical-and-solar	301
/en/electrolyte-replacement-exercise	/en/health/exercise-and-training	301
/en/elo-rating-change-calculator	/en/fitness/competition-and-rankings	301
/en/emergency-fund-calculator-months-expenses	/en/money/grow-your-money	301
/en/empanadas-per-guest	/en/cooking/how-much-food-per-guest	301
/en/endurance-race-gel-calculator	/en/fitness/endurance-thresholds	301
/en/energy-efficient-appliance-savings	/en/life/home-energy-savings	301
/en/english-levels-cambridge-duolingo-time-conversion	/en/school/learn-a-language	301
/en/entropia-cambio-fase	/en/science/chemistry-and-thermodynamics	301
/en/epinephrine-dosage-weight-anaphylaxis	/en/health/emergency-first-aid	301
/en/estrogen-progesterone-cycle-phases	/en/health/blood-test-numbers	301
/en/ethernet-cable-category-speed-distance	/en/tech/network-and-security	301
/en/event-catering-cost-per-head-calculator	/en/life/party-and-event-planning	301
/en/eviction-timeline-attorney-fees	/en/money/renting-a-home	301
/en/exact-age-calculator	/en/life/dates-and-hours	301
/en/extra-ac-fuel-consumption	/en/cars/fuel-and-trip-cost	301
/en/fantasy-football-auction-draft-budget-calculator	/en/fitness/competition-and-rankings	301
/en/fasting-blood-glucose-levels	/en/health/blood-test-numbers	301
/en/female-dog-cat-spaying-age	/en/pets/pet-age-and-life-stage	301
/en/fertilizante-npk-dosis	/en/garden/watering-and-feeding	301
/en/fetal-weight-percentile-by-week	/en/health/fertility-and-pregnancy	301
/en/fideicomiso-construccion-aporte-cuotas	/en/money/home-loan	301
/en/file-compression-ratio	/en/tech/storage-and-file-size	301
/en/first-home-purchase-costs	/en/money/home-loan	301
/en/fish-tank-water-calculator	/en/pets/dog-lifestyle-and-costs	301
/en/food-digestion-time-calculator	/en/health/calories-and-macros	301
/en/free-fall-distance	/en/science/motion-and-forces	301
/en/freelance-hourly-rate-calculator	/en/money/self-employed-rates-and-taxes	301
/en/freelance-rate-usd-per-hour-by-experience	/en/money/paycheck-and-taxes	301
/en/friction-force-coefficient	/en/science/motion-and-forces	301
/en/fsh-lh-menopause-perimenopause-age	/en/health/blood-test-numbers	301
/en/ftp-cycling-watts	/en/fitness/endurance-thresholds	301
/en/fuel-tank-range-calculator	/en/cars/fuel-and-trip-cost	301
/en/funding-rate-perpetual-bitcoin-cost	/en/money/crypto-profit-and-fees	301
/en/gaming-pc-budget-fps-components	/en/tech/pc-build-and-power	301
/en/gas-ideal-pv-nrt	/en/science/chemistry-and-thermodynamics	301
/en/gcd-lcm-two-integers	/en/math/algebra	301
/en/gestational-age-calculator	/en/health/fertility-and-pregnancy	301
/en/git-repo-size-calculator	/en/tech/storage-and-file-size	301
/en/glycemic-index-load-food-portion	/en/health/calories-and-macros	301
/en/glycemic-load-meal	/en/health/calories-and-macros	301
/en/gnc-vs-gasoline-annual-savings	/en/cars/fuel-and-trip-cost	301
/en/gpa-4-0-american-scale-calculator	/en/school/gpa-and-grades	301
/en/graduation-timeline-calculator	/en/life/dates-and-hours	301
/en/gravitational-potential-energy	/en/science/motion-and-forces	301
/en/ground-coffee-per-cup-brewing-method	/en/cooking/brewing-and-infusions	301
/en/guinea-pig-vitamin-c-daily-dosage	/en/pets/how-much-to-feed-my-pet	301
/en/half-marathon-projection-from-10k-cameron	/en/fitness/running-race-plan	301
/en/hashes-bcrypt-costo-tiempo-cracking	/en/tech/network-and-security	301
/en/healthy-snacks-150-300-calories	/en/health/calories-and-macros	301
/en/heloc-home-equity-line-payment-calculator	/en/money/home-loan	301
/en/hemoglobin-a1c-diabetes-calculator	/en/health/blood-test-numbers	301
/en/high-school-gpa-calculator	/en/school/gpa-and-grades	301
/en/homemade-pizza-dough-grams-guests	/en/cooking/how-much-food-per-guest	301
/en/hookes-law-spring-force	/en/science/motion-and-forces	301
/en/hsa-contribution-limit-2026-calculator	/en/money/retirement-income	301
/en/huron-ferret-dieta-proteina-animal	/en/pets/how-much-to-feed-my-pet	301
/en/hydroponic-nutrients-ec-ppm	/en/garden/watering-and-feeding	301
/en/ice-party-calculator	/en/cooking/how-much-food-per-guest	301
/en/ideal-weight-calculator	/en/health/body-weight	301
/en/ideal-weight-for-women	/en/health/body-weight	301
/en/ideal-weight-lorentz-devine-formula	/en/health/body-weight	301
/en/inches-to-cm-screen-converter	/en/math/unit-converter	301
/en/inductive-capacitive-reactance	/en/tech/batteries-and-electronics	301
/en/infant-formula-bottle-ml-by-age	/en/family/feeding-your-baby	301
/en/inflation-calculator-us-cpi	/en/money/grow-your-money	301
/en/intermittent-fasting-16-8-calories	/en/health/calories-and-macros	301
/en/ira-401k-argentina-equivalent	/en/money/retirement-income	301
/en/iron-ferritin-anemia	/en/health/blood-test-numbers	301
/en/irregular-fertile-window	/en/health/fertility-and-pregnancy	301
/en/isolated-footing-columns	/en/home/concrete-and-structure	301
/en/iva-refund-debit-card	/en/money/sales-and-property-tax	301
/en/ivf-due-date-calculator	/en/health/fertility-and-pregnancy	301
/en/jpg-quality-size-web-optimization	/en/tech/screens-and-print-resolution	301
/en/karaoke-songs-per-hour	/en/life/party-and-event-planning	301
/en/kilos-to-pounds-converter	/en/math/unit-converter	301
/en/kinetic-energy-ec	/en/science/motion-and-forces	301
/en/language-app-effectiveness-comparison	/en/school/learn-a-language	301
/en/language-learning-hours-calculator	/en/school/learn-a-language	301
/en/language-variants-by-region	/en/school/learn-a-language	301
/en/lease-comparison-2-vs-3-years	/en/money/renting-a-home	301
/en/leasing-vs-auto-loan-comparison	/en/money/get-out-of-debt	301
/en/leer-mes-libros-meta-anual-reto	/en/school/study-time-and-focus	301
/en/llm-token-cost-calculator	/en/tech/cloud-and-ai-costs	301
/en/loan-payment-calculator	/en/money/home-loan	301
/en/logarithm-base-any-number	/en/math/algebra	301
/en/macros-16-8-intermittent-fasting	/en/health/calories-and-macros	301
/en/macros-atkins-fases	/en/health/calories-and-macros	301
/en/macros-cutting-bulking-calculator	/en/health/calories-and-macros	301
/en/macros-dash-hypertension	/en/health/calories-and-macros	301
/en/macros-iifym-flexible	/en/health/calories-and-macros	301
/en/macros-recomp-cut-bulk-lean-calorias	/en/health/calories-and-macros	301
/en/magnesio-dosis-deficiencia-sintomas	/en/health/supplements-and-daily-intake	301
/en/magnesium-daily-requirement	/en/health/supplements-and-daily-intake	301
/en/male-fertility-age	/en/health/fertility-and-pregnancy	301
/en/marathon-pace-goal-time-split-kilometer	/en/fitness/running-race-plan	301
/en/material-biodegradation-time	/en/life/carbon-footprint	301
/en/maximum-heart-rate-by-age	/en/health/exercise-and-training	301
/en/mean-median-mode-range-statistics	/en/math/statistics	301
/en/mechanical-work-force-distance	/en/science/motion-and-forces	301
/en/medicare-irmaa-2026-brackets-calculator	/en/money/retirement-income	301
/en/meeting-cost-calculator	/en/money/self-employed-rates-and-taxes	301
/en/melamine-board-cutting-calculator	/en/home/carpentry-and-stairs	301
/en/membrana-asfaltica-rollos	/en/home/paint-and-tile	301
/en/midjourney-stable-diffusion-credits-monthly	/en/tech/cloud-and-ai-costs	301
/en/minimum-retirement-pension-bonus-2026	/en/money/retirement-income	301
/en/missouri-personal-property-tax-vehicle-calculator	/en/money/sales-and-property-tax	301
/en/mlss-max-lactate-steady-state	/en/fitness/endurance-thresholds	301
/en/moles-masa-formula-molecular	/en/science/chemistry-and-thermodynamics	301
/en/momento-angular-rotacion	/en/science/motion-and-forces	301
/en/money-market-fund-yield	/en/money/grow-your-money	301
/en/mortgage-payoff-extra-payment-calculator	/en/money/home-loan	301
/en/mortgage-refinance-break-even-calculator	/en/money/home-loan	301
/en/movie-duration-snacks	/en/cooking/drinks-for-a-party	301
/en/moving-truck-cost-calculator	/en/money/renting-a-home	301
/en/mulching-espesor-cantidad	/en/garden/watering-and-feeding	301
/en/muscle-recovery-hours	/en/fitness/strength-and-training-volume	301
/en/music-equipment-budget-calculator	/en/life/party-and-event-planning	301
/en/natural-light-energy-savings	/en/life/home-energy-savings	301
/en/net-present-value-calculator	/en/money/grow-your-money	301
/en/net-worth-tracker-calculator	/en/money/grow-your-money	301
/en/no-tax-on-overtime-deduction-calculator	/en/money/paycheck-and-taxes	301
/en/omega-3-daily-dha-epa-dose	/en/health/supplements-and-daily-intake	301
/en/one-rep-max-calculator	/en/fitness/strength-and-training-volume	301
/en/optimal-age-language-learning	/en/school/learn-a-language	301
/en/oven-temperature-conversion-calculator	/en/cooking/baking-ratios-and-conversions	301
/en/overclock-temperatura-segura	/en/tech/pc-build-and-power	301
/en/ovulation-calculator	/en/health/fertility-and-pregnancy	301
/en/ovulation-fertile-window-calculator	/en/health/fertility-and-pregnancy	301
/en/pace-objetivo-maraton-tiempo	/en/fitness/running-race-plan	301
/en/page-load-time-core-web-vitals	/en/tech/network-and-security	301
/en/paint-coverage-liters-per-square-meter	/en/home/paint-and-tile	301
/en/paper-saved-double-sided-printing	/en/life/home-energy-savings	301
/en/parallax-distance-parsecs	/en/science/waves-light-and-astronomy	301
/en/parrot-parakeet-seed-distribution	/en/pets/how-much-to-feed-my-pet	301
/en/party-drinks-beer-wine-soda	/en/cooking/drinks-for-a-party	301
/en/password-cracking-time-length	/en/tech/network-and-security	301
/en/pc-power-consumption-psu	/en/tech/pc-build-and-power	301
/en/pe-ratio-calculator	/en/money/grow-your-money	301
/en/percentage-calculator	/en/math/percentages	301
/en/percentage-increase-decrease-calculator	/en/math/percentages	301
/en/percentage-of-number-calculator	/en/math/percentages	301
/en/permutaciones-n-tomados-k-pnk	/en/math/statistics	301
/en/peso-ideal-ninos	/en/health/body-weight	301
/en/pet-medication-dosage-by-weight	/en/pets/how-much-to-feed-my-pet	301
/en/ph-soil-correction-lime-sulfur	/en/garden/watering-and-feeding	301
/en/photon-energy-frequency-wavelength	/en/science/waves-light-and-astronomy	301
/en/ping-latency-distance	/en/tech/network-and-security	301
/en/pizzas-by-guests	/en/cooking/how-much-food-per-guest	301
/en/plant-spacing-vegetable-garden	/en/garden/planting-and-spacing	301
/en/planting-calendar-northern-hemisphere	/en/garden/when-to-plant	301
/en/planting-calendar-southern-hemisphere	/en/garden/when-to-plant	301
/en/playlist-duration-songs	/en/life/party-and-event-planning	301
/en/podcasts-learn-language-daily-minutes	/en/school/learn-a-language	301
/en/poh-hydroxide-concentration	/en/science/chemistry-and-thermodynamics	301
/en/polynomial-integral-calculator	/en/math/algebra	301
/en/pomodoro-25-5-timer	/en/school/study-time-and-focus	301
/en/pomodoro-sessions-calculator	/en/school/study-time-and-focus	301
/en/portfolio-60-40-crypto-traditional-allocation	/en/money/grow-your-money	301
/en/position-size-stocks-percentage	/en/money/grow-your-money	301
/en/post-marathon-rest-days-calculator	/en/fitness/running-race-plan	301
/en/pot-drainage-gravel	/en/garden/planting-and-spacing	301
/en/pot-size-calculator	/en/garden/planting-and-spacing	301
/en/power-factor-correction	/en/home/electrical-and-solar	301
/en/pregnancy-calendar-week-by-week	/en/health/fertility-and-pregnancy	301
/en/pregnancy-due-date-calculator	/en/health/fertility-and-pregnancy	301
/en/pregnancy-week-calculator	/en/health/fertility-and-pregnancy	301
/en/pregnancy-weeks-by-ultrasound-crl	/en/health/fertility-and-pregnancy	301
/en/pregnancy-weight-gain-bmi	/en/health/fertility-and-pregnancy	301
/en/premature-infant-corrected-age	/en/health/fertility-and-pregnancy	301
/en/priming-sugar-carbonation	/en/cooking/brewing-and-infusions	301
/en/probiotic-daily-cfu-dosage	/en/health/supplements-and-daily-intake	301
/en/property-tax-calculator-by-state-usa	/en/money/sales-and-property-tax	301
/en/puppy-cost-first-year	/en/pets/dog-lifestyle-and-costs	301
/en/quadratic-equation-roots-discriminant	/en/math/algebra	301
/en/quintal-to-metric-ton-converter	/en/math/unit-converter	301
/en/rabbit-age-in-human-years	/en/pets/pet-age-and-life-stage	301
/en/rabbit-diet-hay-pellets	/en/pets/how-much-to-feed-my-pet	301
/en/radians-to-degrees-angle	/en/math/geometry-trigonometry	301
/en/radiative-forcing-co2-ppm	/en/science/waves-light-and-astronomy	301
/en/radioactive-decay-half-life	/en/science/waves-light-and-astronomy	301
/en/raid-capacity-calculator	/en/tech/storage-and-file-size	301
/en/ratio-simplifier-calculator	/en/math/percentages	301
/en/recipe-scaling-calculator	/en/cooking/baking-ratios-and-conversions	301
/en/recommended-ram-by-use-case	/en/tech/pc-build-and-power	301
/en/redshift-radial-velocity	/en/science/waves-light-and-astronomy	301
/en/rent-to-own-property-calculator	/en/money/home-loan	301
/en/rental-contract-usd-pesification	/en/money/renting-a-home	301
/en/rental-deposit-months-return	/en/money/renting-a-home	301
/en/rental-guarantee-insurance-monthly-cost	/en/money/renting-a-home	301
/en/rice-portions-per-person-side-dish	/en/cooking/how-much-food-per-guest	301
/en/richter-scale-magnitude-energy	/en/science/waves-light-and-astronomy	301
/en/rmd-required-minimum-distribution-calculator	/en/money/retirement-income	301
/en/road-trip-time-distance-calculator	/en/cars/fuel-and-trip-cost	301
/en/roi-calculator	/en/money/grow-your-money	301
/en/roth-vs-traditional-ira-calculator	/en/money/retirement-income	301
/en/rough-plaster-mortar-calculator	/en/home/paint-and-tile	301
/en/rpe-rir-training-percentage	/en/health/exercise-and-training	301
/en/rugby-handicap-points-relegation-average	/en/fitness/competition-and-rankings	301
/en/rule-of-72-calculator	/en/money/grow-your-money	301
/en/rule-of-three-simple-direct-inverse	/en/math/percentages	301
/en/running-10-percent-rule	/en/fitness/running-race-plan	301
/en/salary-calculator-argentina	/en/money/paycheck-and-taxes	301
/en/sales-tax-calculator	/en/money/sales-and-property-tax	301
/en/sales-tax-holiday-2026-savings-calculator	/en/money/sales-and-property-tax	301
/en/scholarship-minimum-gpa-requirement	/en/school/gpa-and-grades	301
/en/screen-ppi-pixel-density	/en/tech/screens-and-print-resolution	301
/en/screen-time-recommendations-by-age	/en/family/baby-and-child-milestones	301
/en/seed-germination-days-temperature	/en/garden/planting-and-spacing	301
/en/self-employment-tax-calculator-1099	/en/money/paycheck-and-taxes	301
/en/semillas-por-m2-huerta	/en/garden/planting-and-spacing	301
/en/senior-bonus-deduction-65-calculator	/en/money/retirement-income	301
/en/servo-pwm-angle	/en/tech/batteries-and-electronics	301
/en/severance-calculator-argentina	/en/money/paycheck-and-taxes	301
/en/sharpe-ratio-backtest-calculator	/en/money/grow-your-money	301
/en/side-hustle-tax-savings-calculator	/en/money/self-employed-rates-and-taxes	301
/en/simple-interest-vs-compound-comparison	/en/money/get-out-of-debt	301
/en/simple-linear-regression-least-squares	/en/math/statistics	301
/en/simple-pendulum-period	/en/science/motion-and-forces	301
/en/sine-cosine-tangent-angle-calculator	/en/math/geometry-trigonometry	301
/en/social-security-benefits-calculator-usa	/en/money/retirement-income	301
/en/social-security-cola-2026-increase-calculator	/en/money/retirement-income	301
/en/social-security-earnings-limit-2026-calculator	/en/money/retirement-income	301
/en/solar-panel-kw-home-calculator	/en/home/electrical-and-solar	301
/en/sourdough-hydration-bakers-percentage-calculator	/en/cooking/baking-ratios-and-conversions	301
/en/speed-reading-progress-improvement	/en/school/study-time-and-focus	301
/en/spermiogram-reference-values-who-2021	/en/health/blood-test-numbers	301
/en/sphere-volume-surface-area	/en/math/geometry-trigonometry	301
/en/sports-hydration-electrolytes-exercise	/en/health/exercise-and-training	301
/en/square-feet-to-square-meters-real-estate	/en/math/unit-converter	301
/en/srm-color-cerveza-morey	/en/cooking/brewing-and-infusions	301
/en/stair-calculator-blondel-rule	/en/home/carpentry-and-stairs	301
/en/standard-deviation-variance-calculator	/en/math/statistics	301
/en/steel-kg-m2-slab	/en/home/concrete-and-structure	301
/en/stepper-pasos-grado	/en/tech/batteries-and-electronics	301
/en/stock-options-vesting-tech-startup	/en/money/grow-your-money	301
/en/stopping-distance-speed-friction	/en/cars/tires-brakes-and-specs	301
/en/streaming-carbon-emissions-calculator	/en/life/carbon-footprint	301
/en/study-abroad-costs-budget	/en/school/study-time-and-focus	301
/en/subcutaneous-visceral-fat-difference	/en/health/body-weight	301
/en/superficie-corporal-du-bois	/en/health/body-weight	301
/en/suplementos-deportivos-stack-principiante	/en/health/supplements-and-daily-intake	301
/en/sushi-per-person-calculator	/en/cooking/how-much-food-per-guest	301
/en/swimming-pace-100m	/en/fitness/endurance-thresholds	301
/en/swolf-swimming-index	/en/fitness/endurance-thresholds	301
/en/tax-refund-calculator-usa	/en/money/paycheck-and-taxes	301
/en/tdee-calorie-calculator	/en/health/calories-and-macros	301
/en/teacher-competition-scoring-calculator	/en/school/gpa-and-grades	301
/en/teaspoon-to-grams-converter	/en/cooking/baking-ratios-and-conversions	301
/en/testosterone-normal-levels-by-age-men	/en/health/blood-test-numbers	301
/en/thermal-k-minimum-zone	/en/home/hvac-sizing	301
/en/tile-boxes-coverage-calculator	/en/home/paint-and-tile	301
/en/time-card-hours-worked-calculator	/en/life/dates-and-hours	301
/en/timing-belt-change-interval-km	/en/cars/car-value-and-ownership	301
/en/tip-by-state-bill-calculator	/en/life/party-and-event-planning	301
/en/tip-income-tax-deduction-calculator	/en/money/paycheck-and-taxes	301
/en/tire-diameter-calculator	/en/cars/tires-brakes-and-specs	301
/en/tire-pressure-psi-bar-conversion	/en/cars/tires-brakes-and-specs	301
/en/total-employment-cost-with-taxes	/en/money/paycheck-and-taxes	301
/en/trail-running-elevation-pace-adjustment	/en/fitness/running-race-plan	301
/en/triangle-area-herons-formula	/en/math/geometry-trigonometry	301
/en/truck-payload-capacity-calculator	/en/cars/tires-brakes-and-specs	301
/en/ups-backup-runtime	/en/tech/pc-build-and-power	301
/en/usb-transfer-time-calculator	/en/tech/storage-and-file-size	301
/en/usd-broker-investment-calculator	/en/money/grow-your-money	301
/en/usda-hardiness-zone	/en/garden/when-to-plant	301
/en/usdt-vs-usdc-commission-exchange	/en/money/crypto-profit-and-fees	301
/en/used-car-depreciation-calculator	/en/cars/car-value-and-ownership	301
/en/vacation-days-seniority-lct	/en/money/paycheck-and-taxes	301
/en/vegetable-cooking-times-steamed-boiled	/en/cooking/baking-ratios-and-conversions	301
/en/ventilation-cfm-room	/en/home/hvac-sizing	301
/en/virginia-car-tax-personal-property-calculator	/en/money/sales-and-property-tax	301
/en/vitamin-b12-dosage-vegan-monthly	/en/health/supplements-and-daily-intake	301
/en/vitamin-d-dosage-daily-sun-exposure-age	/en/health/supplements-and-daily-intake	301
/en/vitamina-b12-vegano	/en/health/supplements-and-daily-intake	301
/en/vocabulary-level-calculator	/en/school/learn-a-language	301
/en/vodka-fruit-infusion-time	/en/cooking/brewing-and-infusions	301
/en/w4-paycheck-withholding-calculator	/en/money/paycheck-and-taxes	301
/en/waist-to-hip-ratio-cardiovascular-health	/en/health/body-weight	301
/en/water-heater-capacity-calculator	/en/home/water-and-plumbing	301
/en/water-pipe-diameter-by-flow-rate	/en/home/water-and-plumbing	301
/en/water-pump-power-watts	/en/home/water-and-plumbing	301
/en/water-tank-capacity-by-people	/en/home/water-and-plumbing	301
/en/water-turtle-diet-weight-age	/en/pets/how-much-to-feed-my-pet	301
/en/wedding-carbon-footprint	/en/life/carbon-footprint	301
/en/weekly-essay-writing-language-level	/en/school/learn-a-language	301
/en/weekly-training-frequency-muscle-group	/en/fitness/strength-and-training-volume	301
/en/weekly-volume-muscle-group	/en/fitness/strength-and-training-volume	301
/en/weight-on-other-planets	/en/science/waves-light-and-astronomy	301
/en/weighted-average-calculator	/en/math/statistics	301
/en/weighted-average-cost-crypto	/en/money/crypto-profit-and-fees	301
/en/when-to-prune-roses	/en/garden/when-to-plant	301
/en/whey-protein-daily-scoops	/en/health/supplements-and-daily-intake	301
/en/wifi-optimal-channels-24-5-ghz	/en/tech/network-and-security	301
/en/yield-farming-impermanent-loss-pool	/en/money/crypto-profit-and-fees	301
/en/yodo-diario-embarazo	/en/health/supplements-and-daily-intake	301
/en/yoga-calories-by-style	/en/health/exercise-and-training	301
/pe/calculadora-actualizacion-inflacion-ipc-peru	/pe/hogar/presupuesto-mensual	301
/pe/calculadora-afp-vs-onp-peru	/pe/finanzas-personales/afp-onp-y-jubilacion	301
/pe/calculadora-aguinaldo-fiestas-patrias-sector-publico-peru-2026	/pe/trabajo/regimenes-especiales	301
/pe/calculadora-aguinaldo-navidad-sector-publico-peru-2026	/pe/trabajo/regimenes-especiales	301
/pe/calculadora-alquiler-asequible-ingreso-peru	/pe/hogar/presupuesto-mensual	301
/pe/calculadora-arbitrios-municipales-peru	/pe/impuestos/impuestos-del-inmueble	301
/pe/calculadora-asignacion-familiar-peru	/pe/trabajo/dinero-por-hijos	301
/pe/calculadora-canasta-basica-peru-inei	/pe/hogar/presupuesto-mensual	301
/pe/calculadora-comparador-comisiones-afp-peru	/pe/finanzas-personales/afp-onp-y-jubilacion	301
/pe/calculadora-costo-brevete-licencia-conducir-peru-2026	/pe/tramites/tramites-del-estado	301
/pe/calculadora-costo-constitucion-empresa-peru	/pe/impuestos/que-regimen-tributario-elijo	301
/pe/calculadora-costo-laboral-total-empleador-peru	/pe/trabajo/sueldo-neto	301
/pe/calculadora-costo-pasaporte-peruano-2026	/pe/tramites/tramites-del-estado	301
/pe/calculadora-costo-viaje-gasolina-galon-peru	/pe/auto/costos-del-auto	301
/pe/calculadora-costo-vida-mensual-peru	/pe/hogar/presupuesto-mensual	301
/pe/calculadora-credito-hipotecario-peru	/pe/finanzas-personales/creditos-y-ahorro	301
/pe/calculadora-credito-mivivienda-bono-buen-pagador-peru	/pe/finanzas-personales/creditos-y-ahorro	301
/pe/calculadora-credito-vehicular-peru	/pe/finanzas-personales/creditos-y-ahorro	301
/pe/calculadora-cts-peru-deposito-semestral	/pe/trabajo/liquidacion-y-beneficios	301
/pe/calculadora-de-propinas-peru	/pe/hogar/presupuesto-mensual	301
/pe/calculadora-deduccion-adicional-3-uit-sunat-peru	/pe/impuestos/renta-de-personas	301
/pe/calculadora-deposito-plazo-fijo-peru	/pe/finanzas-personales/creditos-y-ahorro	301
/pe/calculadora-descuento-tardanzas-faltas-peru	/pe/trabajo/dias-que-no-trabajo	301
/pe/calculadora-detracciones-igv-peru	/pe/impuestos/igv-y-compras	301
/pe/calculadora-essalud-aporte-peru	/pe/trabajo/sueldo-neto	301
/pe/calculadora-feriados-peru-2026-calendario	/pe/trabajo/dias-que-no-trabajo	301
/pe/calculadora-gratificacion-peru-julio-diciembre	/pe/trabajo/liquidacion-y-beneficios	301
/pe/calculadora-gratificacion-trunca-peru	/pe/trabajo/liquidacion-y-beneficios	301
/pe/calculadora-igv-peru	/pe/impuestos/igv-y-compras	301
/pe/calculadora-impuesto-alcabala-peru	/pe/impuestos/impuestos-del-inmueble	301
/pe/calculadora-impuesto-predial-peru	/pe/impuestos/impuestos-del-inmueble	301
/pe/calculadora-impuesto-renta-empresa-regimen-general-peru	/pe/impuestos/que-regimen-tributario-elijo	301
/pe/calculadora-impuesto-renta-quinta-categoria-peru	/pe/impuestos/renta-de-personas	301
/pe/calculadora-impuesto-vehicular-peru	/pe/auto/costos-del-auto	301
/pe/calculadora-impuesto-venta-inmueble-renta-segunda-peru	/pe/impuestos/impuestos-del-inmueble	301
/pe/calculadora-impuestos-compras-temu-shein-aliexpress-peru	/pe/impuestos/igv-y-compras	301
/pe/calculadora-indemnizacion-despido-arbitrario-peru	/pe/trabajo/liquidacion-y-beneficios	301
/pe/calculadora-intereses-moratorios-sunat-peru	/pe/impuestos/renta-de-personas	301
/pe/calculadora-itf-peru	/pe/impuestos/igv-y-compras	301
/pe/calculadora-jornal-construccion-civil-peru-2026-tabla	/pe/trabajo/regimenes-especiales	301
/pe/calculadora-licencia-maternidad-subsidio-essalud-peru	/pe/trabajo/dinero-por-hijos	301
/pe/calculadora-licencia-paternidad-peru	/pe/trabajo/dinero-por-hijos	301
/pe/calculadora-liquidacion-beneficios-sociales-peru	/pe/trabajo/liquidacion-y-beneficios	301
/pe/calculadora-liquidacion-trabajadora-hogar-peru	/pe/trabajo/regimenes-especiales	301
/pe/calculadora-multa-no-votar-elecciones-2026-peru	/pe/tramites/tramites-del-estado	301
/pe/calculadora-pago-feriado-trabajado-triple-peru	/pe/trabajo/dias-que-no-trabajo	301
/pe/calculadora-papeletas-transito-peru	/pe/tramites/tramites-del-estado	301
/pe/calculadora-pension-65-peru	/pe/finanzas-personales/afp-onp-y-jubilacion	301
/pe/calculadora-pension-alimentos-peru	/pe/trabajo/dinero-por-hijos	301
/pe/calculadora-prestamo-personal-tcea-peru	/pe/finanzas-personales/creditos-y-ahorro	301
/pe/calculadora-recibo-agua-sedapal-peru	/pe/hogar/presupuesto-mensual	301
/pe/calculadora-recibo-gas-natural-calidda-peru	/pe/hogar/presupuesto-mensual	301
/pe/calculadora-recibo-luz-peru-osinergmin	/pe/hogar/presupuesto-mensual	301
/pe/calculadora-regimen-especial-renta-rer-peru	/pe/impuestos/que-regimen-tributario-elijo	301
/pe/calculadora-regimen-mype-tributario-rmt-peru	/pe/impuestos/que-regimen-tributario-elijo	301
/pe/calculadora-renta-anual-trabajo-cuarta-quinta-peru	/pe/impuestos/renta-de-personas	301
/pe/calculadora-renta-cuarta-categoria-honorarios-peru	/pe/impuestos/renta-de-personas	301
/pe/calculadora-renta-primera-categoria-alquiler-peru	/pe/impuestos/renta-de-personas	301
/pe/calculadora-renta-segunda-categoria-ganancia-capital-peru	/pe/impuestos/renta-de-personas	301
/pe/calculadora-retiro-afp-jubilacion-peru	/pe/finanzas-personales/afp-onp-y-jubilacion	301
/pe/calculadora-revision-tecnica-vehicular-peru	/pe/auto/costos-del-auto	301
/pe/calculadora-rus-nuevo-regimen-unico-simplificado-peru	/pe/impuestos/que-regimen-tributario-elijo	301
/pe/calculadora-salario-por-hora-dia-peru	/pe/trabajo/sueldo-neto	301
/pe/calculadora-soat-peru-precio	/pe/auto/costos-del-auto	301
/pe/calculadora-subsidio-incapacidad-temporal-essalud-peru	/pe/trabajo/dias-que-no-trabajo	301
/pe/calculadora-subsidio-lactancia-essalud-peru-monto-requisitos	/pe/trabajo/dinero-por-hijos	301
/pe/calculadora-subvencion-practicas-preprofesionales-peru	/pe/trabajo/regimenes-especiales	301
/pe/calculadora-sueldo-bruto-a-neto-peru	/pe/trabajo/sueldo-neto	301
/pe/calculadora-suspension-retencion-cuarta-categoria-peru	/pe/impuestos/renta-de-personas	301
/pe/calculadora-tipo-de-cambio-sunat-dolar-soles-peru	/pe/impuestos/igv-y-compras	301
/pe/calculadora-uit-2026-soles-peru-conversor	/pe/impuestos/renta-de-personas	301
/pe/calculadora-vacaciones-peru	/pe/trabajo/dias-que-no-trabajo	301
/pe/calculadora-vacaciones-truncas-peru	/pe/trabajo/liquidacion-y-beneficios	301
/pt-pt/calculadora-amortizacao-antecipada-credito-habitacao-portugal	/pt-pt/financas/credito-habitacao	301
/pt-pt/calculadora-atualizacao-renda-arrendamento-portugal	/pt-pt/financas/credito-habitacao	301
/pt-pt/calculadora-certificados-de-aforro-serie-f-portugal	/pt-pt/financas/credito-habitacao	301
/pt-pt/calculadora-dias-de-ferias-portugal	/pt-pt/trabalho/ferias-baixas-e-licencas	301
/pt-pt/calculadora-dias-uteis-feriados-portugal-2026	/pt-pt/trabalho/ferias-baixas-e-licencas	301
/pt-pt/calculadora-imi-portugal	/pt-pt/impostos/casa	301
/pt-pt/calculadora-mais-valias-acoes-cripto-irs-portugal	/pt-pt/impostos/irs	301
/pt-pt/calculadora-orcamento-regresso-as-aulas-2026	/pt-pt/familia/filhos	301
/pt-pt/calculadora-pensao-reforma-seguranca-social-portugal	/pt-pt/financas/reforma-e-apoios	301
/pt-pt/calculadora-propinas-universidade-portugal-2026	/pt-pt/familia/filhos	301
/pt-pt/calculadora-recibos-verdes-trabalhador-independente-portugal	/pt-pt/impostos/irs	301
/pt-pt/calculadora-reembolso-irs-2026-quando-recebo	/pt-pt/impostos/irs	301
/pt-pt/calculadora-retencao-na-fonte-irs-portugal	/pt-pt/trabalho/salario-liquido	301
/pt-pt/calculadora-salario-liquido-portugal	/pt-pt/trabalho/salario-liquido	301
/pt-pt/calculadora-salario-minimo-portugal-hora	/pt-pt/trabalho/salario-liquido	301
/pt-pt/calculadora-subsidio-de-doenca-baixa-medica-portugal	/pt-pt/trabalho/ferias-baixas-e-licencas	301
/pt-pt/calculadora-subsidio-ferias-portugal	/pt-pt/trabalho/salario-liquido	301
/pt-pt/calculadora-subsidio-parental-licenca-parental-portugal	/pt-pt/trabalho/ferias-baixas-e-licencas	301
/pt-pt/calculadora-subsidio-refeicao-portugal	/pt-pt/trabalho/salario-liquido	301
/pt-pt/calculadora-taxa-de-esforco-credito-habitacao-portugal	/pt-pt/financas/credito-habitacao	301
/pt-pt/simulador-abono-de-familia-2026-escaloes-portugal	/pt-pt/familia/filhos	301
/pt-pt/simulador-aimi-adicional-imi-portugal	/pt-pt/impostos/casa	301
/pt-pt/simulador-ajudas-de-custo-portugal-2026	/pt-pt/trabalho/salario-liquido	301
/pt-pt/simulador-csi-complemento-solidario-idosos-portugal	/pt-pt/financas/reforma-e-apoios	301
/pt-pt/simulador-imposto-selo-heranca-partilhas-portugal	/pt-pt/impostos/casa	301
/pt-pt/simulador-irs-conjunto-vs-separado-casados-portugal	/pt-pt/impostos/irs	301
/pt-pt/simulador-isencao-imt-imposto-selo-jovem-portugal	/pt-pt/impostos/casa	301
/pt-pt/simulador-pensao-alimentos-filhos-portugal	/pt-pt/familia/filhos	301
/pt-pt/simulador-pre-aviso-demissao-portugal	/pt-pt/trabalho/ferias-baixas-e-licencas	301
/pt-pt/simulador-rsi-rendimento-social-insercao-2026-portugal	/pt-pt/financas/reforma-e-apoios	301
/pt-pt/simulador-salario-layoff-portugal	/pt-pt/trabalho/ferias-baixas-e-licencas	301
/pt/abono-pecuniario-10-dias-ferias	/pt/trabalho/ferias-e-decimo-terceiro	301
/pt/abono-salarial-pis-pasep-elegibilidade-valor	/pt/trabalho/beneficios-do-governo	301
/pt/adicional-insalubridade-periculosidade-clt-10-20-30-40	/pt/trabalho/salario-liquido	301
/pt/adicional-noturno-20-porcento-clt	/pt/trabalho/salario-liquido	301
/pt/alcool-ou-gasolina-vale-a-pena-regra-70-porcento	/pt/veiculos/custo-do-carro	301
/pt/aluguel-com-opcao-de-compra-leasing-imovel	/pt/dinheiro/alugar-um-imovel	301
/pt/antecipacao-saque-aniversario-fgts	/pt/dinheiro/comprar-um-imovel	301
/pt/aposentadoria-inss-especial-insalubridade	/pt/trabalho/aposentadoria-inss	301
/pt/aposentadoria-inss-idade-65-mulher-62-homem	/pt/trabalho/aposentadoria-inss	301
/pt/aposentadoria-inss-professor-redutor-5-anos	/pt/trabalho/aposentadoria-inss	301
/pt/aposentadoria-inss-tempo-contribuicao-transicao	/pt/trabalho/aposentadoria-inss	301
/pt/aposentadoria-inss-transicao-idade-progressiva	/pt/trabalho/aposentadoria-inss	301
/pt/aposentadoria-inss-transicao-pontos	/pt/trabalho/aposentadoria-inss	301
/pt/area-triangulo-heron-tres-lados	/pt/matematica/geometria-e-trigonometria	301
/pt/auxilio-brasil-substituto-bolsa-familia-atual	/pt/trabalho/beneficios-do-governo	301
/pt/auxilio-doenca-inss-91-porcento-beneficio	/pt/trabalho/aposentadoria-inss	301
/pt/aviso-previo-indenizado-30-dias	/pt/trabalho/rescisao-clt	301
/pt/aviso-previo-proporcional-3-dias-ano	/pt/trabalho/rescisao-clt	301
/pt/bolsa-familia-valor-por-familia-2026	/pt/trabalho/beneficios-do-governo	301
/pt/calculadora-aposentadoria-inss-2026-tempo-contribuicao	/pt/trabalho/aposentadoria-inss	301
/pt/calculadora-de-horas-soma-banco-horas-jornada	/pt/trabalho/salario-liquido	301
/pt/calculadora-ferias-1-3-empregado-clt	/pt/trabalho/ferias-e-decimo-terceiro	301
/pt/calculadora-financiamento-veiculo-cdc-banco	/pt/veiculos/custo-do-carro	301
/pt/calculadora-rentabilidade-cdb-poupanca-tesouro	/pt/dinheiro/investir-renda-fixa	301
/pt/calculadora-restituicao-imposto-renda-2026-lotes	/pt/dinheiro/imposto-de-renda	301
/pt/capacidade-carga-pickup-peso-util	/pt/veiculos/custo-do-carro	301
/pt/cdb-rendimento-liquido-ir-regressivo	/pt/dinheiro/investir-renda-fixa	301
/pt/consorcio-parcela-taxa-administracao-vs-financiamento	/pt/veiculos/custo-do-carro	301
/pt/contrato-aluguel-2-anos-vs-3-anos	/pt/dinheiro/alugar-um-imovel	301
/pt/custo-empregada-domestica-esocial-2026	/pt/trabalho/quanto-custa-contratar	301
/pt/custo-inventario-extrajudicial-itcmd-cartorio	/pt/dinheiro/heranca-e-familia	301
/pt/custo-viagem-combustivel-km-litro	/pt/veiculos/custo-do-carro	301
/pt/darf-cripto-15-porcento-ganho-35k-mensal	/pt/dinheiro/imposto-de-renda	301
/pt/decimo-terceiro-salario-proporcional	/pt/trabalho/rescisao-clt	301
/pt/decimo-terceiro-segunda-parcela-dezembro	/pt/trabalho/ferias-e-decimo-terceiro	301
/pt/depositos-aluguel-quantos-meses-devolucao	/pt/dinheiro/alugar-um-imovel	301
/pt/despejo-causa-prazos-honorarios-processo	/pt/dinheiro/alugar-um-imovel	301
/pt/despesas-condominio-m2	/pt/dinheiro/alugar-um-imovel	301
/pt/desvio-padrao-variancia	/pt/matematica/estatistica-e-probabilidade	301
/pt/determinante-inversa-matriz-2x2	/pt/matematica/geometria-e-trigonometria	301
/pt/divorcio-liquidacao-bens-custo	/pt/dinheiro/heranca-e-familia	301
/pt/dolar-real-iof-cartao-credito-3-38	/pt/dinheiro/comprar-em-dolar-iof	301
/pt/dolar-real-iof-remessa-exterior-1-1	/pt/dinheiro/comprar-em-dolar-iof	301
/pt/dsr-descanso-semanal-remunerado-clt	/pt/trabalho/salario-liquido	301
/pt/emprestimo-consignado-margem-consignavel-inss-clt	/pt/trabalho/salario-liquido	301
/pt/escritura-registro-cartorio-custos-compra	/pt/dinheiro/comprar-um-imovel	301
/pt/euro-real-viagem-europa-iof-cambio	/pt/dinheiro/comprar-em-dolar-iof	301
/pt/fator-r-simples-nacional-anexo-iii-vs-v	/pt/dinheiro/simples-nacional	301
/pt/ferias-clt-integrais-mais-um-terco	/pt/trabalho/ferias-e-decimo-terceiro	301
/pt/ferias-proporcionais-clt-demitido	/pt/trabalho/rescisao-clt	301
/pt/fgts-aplicacao-compra-imovel-mcmv	/pt/dinheiro/comprar-um-imovel	301
/pt/fgts-saldo-rendimento-anual-tr	/pt/dinheiro/comprar-um-imovel	301
/pt/fideicomisso-construcao-aporte-cotas	/pt/dinheiro/comprar-um-imovel	301
/pt/financiamento-caixa-tr-poupanca-taxa	/pt/dinheiro/comprar-um-imovel	301
/pt/fundo-imobiliario-fii-rendimento-dividendo	/pt/dinheiro/investir-renda-fixa	301
/pt/imposto-importacao-compras-internacionais-remessa-conforme-20-60	/pt/dinheiro/comprar-em-dolar-iof	301
/pt/inss-patronal-empresa-20-porcento-folha	/pt/trabalho/quanto-custa-contratar	301
/pt/iptu-sao-paulo-valor-venal-aliquota	/pt/dinheiro/comprar-um-imovel	301
/pt/ipva-parana-1-9-porcento-autos	/pt/veiculos/custo-do-carro	301
/pt/ipva-santa-catarina-2-porcento-autos	/pt/veiculos/custo-do-carro	301
/pt/ipva-sao-paulo-tabela-4-porcento-autos	/pt/veiculos/custo-do-carro	301
/pt/ir-swing-trade-acoes-15-porcento-isento-20k	/pt/dinheiro/imposto-de-renda	301
/pt/irpf-deducao-previdencia-pgbl-12-porcento	/pt/dinheiro/investir-renda-fixa	301
/pt/irrf-mensal-folha-pagamento-2026	/pt/trabalho/salario-liquido	301
/pt/itbi-belo-horizonte-3-porcento	/pt/dinheiro/comprar-um-imovel	301
/pt/itcmd-sao-paulo-heranca-doacao-4-porcento	/pt/dinheiro/heranca-e-familia	301
/pt/leasing-versus-financiamento-auto	/pt/veiculos/custo-do-carro	301
/pt/multa-quebra-contrato-aluguel-proporcional	/pt/dinheiro/alugar-um-imovel	301
/pt/pensao-alimenticia-percentual-salario-filho	/pt/dinheiro/heranca-e-familia	301
/pt/permutacoes-n-escolhidos-k	/pt/matematica/estatistica-e-probabilidade	301
/pt/pj-vs-clt-comparador-liquido-br	/pt/trabalho/quanto-custa-contratar	301
/pt/pontos-cnh-suspensao-ctb-limite-12-meses	/pt/veiculos/custo-do-carro	301
/pt/previdencia-pgbl-vs-vgbl-comparador	/pt/dinheiro/investir-renda-fixa	301
/pt/probabilidade-binomial-ensaios-sucessos	/pt/matematica/estatistica-e-probabilidade	301
/pt/progressao-geometrica-soma-termo	/pt/matematica/estatistica-e-probabilidade	301
/pt/recesso-estagio-proporcional-dias	/pt/trabalho/ferias-e-decimo-terceiro	301
/pt/rescisao-clt-justa-causa	/pt/trabalho/rescisao-clt	301
/pt/rescisao-clt-sem-justa-causa	/pt/trabalho/rescisao-clt	301
/pt/salario-familia-2026-valor-filhos	/pt/trabalho/quanto-custa-contratar	301
/pt/salario-liquido-clt-inss-irrf-2026	/pt/trabalho/salario-liquido	301
/pt/salario-liquido-com-pensao-alimenticia-br	/pt/trabalho/salario-liquido	301
/pt/seguro-desemprego-valor-parcelas-trabalhador-clt	/pt/trabalho/rescisao-clt	301
/pt/seno-cosseno-tangente-angulo-triangulo	/pt/matematica/geometria-e-trigonometria	301
/pt/simples-nacional-anexo-i-comercio	/pt/dinheiro/simples-nacional	301
/pt/simples-nacional-anexo-ii-industria	/pt/dinheiro/simples-nacional	301
/pt/simples-nacional-anexo-iii-servicos	/pt/dinheiro/simples-nacional	301
/pt/simples-nacional-anexo-iv-servicos-construcao	/pt/dinheiro/simples-nacional	301
/pt/simples-nacional-anexo-v-profissional-liberal	/pt/dinheiro/simples-nacional	301
/pt/simulador-holerite-clt	/pt/trabalho/salario-liquido	301
/pt/tesouro-ipca-mais-juro-real-composto	/pt/dinheiro/investir-renda-fixa	301
/pt/tesouro-prefixado-rendimento-vencimento	/pt/dinheiro/investir-renda-fixa	301
/pt/vale-transporte-desconto-6-porcento-br	/pt/trabalho/salario-liquido	301
/pt/volume-cone-raio-altura	/pt/matematica/geometria-e-trigonometria	301
/py/aguinaldo-proporcional-paraguay	/py/trabajo/liquidacion-final	301
/py/bonificacion-familiar-paraguay	/py/trabajo/sueldo-neto	301
/py/calculadora-actualizacion-inflacion-ipc-paraguay	/py/finanzas/guaranies	301
/py/calculadora-aguinaldo-paraguay	/py/trabajo/liquidacion-final	301
/py/calculadora-antiguedad-laboral-paraguay	/py/trabajo/liquidacion-final	301
/py/calculadora-aporte-ips-independiente-paraguay	/py/impuestos/cuanto-pago	301
/py/calculadora-aporte-patronal-ips-paraguay	/py/trabajo/ips	301
/py/calculadora-comision-inmobiliaria-paraguay	/py/vivienda/casa-propia	301
/py/calculadora-costo-importar-auto-paraguay	/py/automotor/tener-auto	301
/py/calculadora-costo-transferencia-vehiculo-paraguay	/py/automotor/tener-auto	301
/py/calculadora-costo-viaje-nafta-paraguay	/py/automotor/tener-auto	301
/py/calculadora-cuota-che-roga-pora-paraguay	/py/vivienda/casa-propia	301
/py/calculadora-descuento-dia-no-trabajado-paraguay	/py/trabajo/sueldo-neto	301
/py/calculadora-embargo-salario-paraguay	/py/trabajo/sueldo-neto	301
/py/calculadora-empleada-domestica-paraguay	/py/trabajo/sueldo-neto	301
/py/calculadora-euro-a-guarani	/py/finanzas/guaranies	301
/py/calculadora-factura-ande-consumo-electrico-paraguay	/py/vivienda/casa-propia	301
/py/calculadora-feriado-trabajado-paraguay	/py/trabajo/sueldo-neto	301
/py/calculadora-gastos-escritura-compraventa-inmueble-paraguay	/py/vivienda/casa-propia	301
/py/calculadora-hora-trabajo-jornal-paraguay	/py/trabajo/sueldo-neto	301
/py/calculadora-horas-extras-paraguay	/py/trabajo/sueldo-neto	301
/py/calculadora-impuesto-inmobiliario-paraguay	/py/vivienda/casa-propia	301
/py/calculadora-iva-paraguay	/py/impuestos/cuanto-pago	301
/py/calculadora-jubilacion-ips-paraguay	/py/trabajo/ips	301
/py/calculadora-liquidacion-final-paraguay	/py/trabajo/liquidacion-final	301
/py/calculadora-patente-vehiculo-paraguay	/py/automotor/tener-auto	301
/py/calculadora-plazo-fijo-paraguay	/py/finanzas/guaranies	301
/py/calculadora-preaviso-paraguay	/py/trabajo/liquidacion-final	301
/py/calculadora-recargo-nocturno-paraguay	/py/trabajo/sueldo-neto	301
/py/calculadora-remesas-espana-paraguay	/py/finanzas/guaranies	301
/py/calculadora-salario-neto-paraguay	/py/trabajo/sueldo-neto	301
/py/calculadora-subsidio-maternidad-ips-paraguay	/py/trabajo/ips	301
/py/calculadora-vacaciones-paraguay	/py/trabajo/liquidacion-final	301
/py/cuanto-es-en-guaranies-peso-argentino	/py/finanzas/guaranies	301
/py/descuento-ips-9-salario	/py/trabajo/ips	301
/py/dolar-hoy-paraguay	/py/finanzas/guaranies	301
/py/indemnizacion-despido-paraguay	/py/trabajo/liquidacion-final	301
/py/ire-paraguay	/py/impuestos/cuanto-pago	301
/py/irp-paraguay-tramos	/py/impuestos/cuanto-pago	301
/py/salario-minimo-paraguay-2026	/py/trabajo/sueldo-neto	301
/uy/aguinaldo-uruguay	/uy/trabajo/liquidacion-final	301
/uy/aporte-jubilatorio-uruguay	/uy/finanzas/jubilacion	301
/uy/calculadora-actualizacion-inflacion-ipc-uruguay	/uy/finanzas/unidades-y-valores	301
/uy/calculadora-ajuste-alquiler-uruguay	/uy/finanzas/unidades-y-valores	301
/uy/calculadora-aportes-empleada-domestica-uruguay	/uy/trabajo/sueldo-liquido	301
/uy/calculadora-asignacion-familiar-bps-uruguay	/uy/trabajo/prestaciones-bps	301
/uy/calculadora-bpc-a-pesos-uruguay	/uy/finanzas/unidades-y-valores	301
/uy/calculadora-bps-aportes	/uy/trabajo/sueldo-liquido	301
/uy/calculadora-contribucion-inmobiliaria-uruguay	/uy/impuestos/vivienda	301
/uy/calculadora-despido-uruguay	/uy/trabajo/liquidacion-final	301
/uy/calculadora-edad-jubilacion-uruguay	/uy/finanzas/jubilacion	301
/uy/calculadora-fonasa-aporte-uruguay	/uy/trabajo/sueldo-liquido	301
/uy/calculadora-gastos-compraventa-inmueble-uruguay	/uy/impuestos/vivienda	301
/uy/calculadora-horas-extra-uruguay	/uy/trabajo/sueldo-liquido	301
/uy/calculadora-iass-uruguay	/uy/finanzas/jubilacion	301
/uy/calculadora-impuesto-patrimonio-uruguay	/uy/impuestos/vivienda	301
/uy/calculadora-impuesto-primaria-uruguay	/uy/impuestos/vivienda	301
/uy/calculadora-irae-uruguay	/uy/impuestos/trabajo-independiente	301
/uy/calculadora-irpf-aguinaldo-uruguay	/uy/trabajo/liquidacion-final	301
/uy/calculadora-irpf-alquiler-uruguay	/uy/impuestos/vivienda	301
/uy/calculadora-irpf-anual-devolucion-uruguay	/uy/trabajo/sueldo-liquido	301
/uy/calculadora-irpf-uruguay	/uy/trabajo/sueldo-liquido	301
/uy/calculadora-irpf-venta-inmueble-uruguay	/uy/impuestos/vivienda	301
/uy/calculadora-iva-uruguay	/uy/impuestos/trabajo-independiente	301
/uy/calculadora-jornal-uruguay	/uy/trabajo/sueldo-liquido	301
/uy/calculadora-licencia-uruguay	/uy/trabajo/liquidacion-final	301
/uy/calculadora-monotributo-uruguay	/uy/impuestos/trabajo-independiente	301
/uy/calculadora-monto-jubilacion-bps-uruguay	/uy/finanzas/jubilacion	301
/uy/calculadora-salario-minimo-uruguay	/uy/trabajo/sueldo-liquido	301
/uy/calculadora-salario-por-hora-uruguay	/uy/trabajo/sueldo-liquido	301
/uy/calculadora-seguro-de-paro-uruguay	/uy/trabajo/prestaciones-bps	301
/uy/calculadora-subsidio-enfermedad-uruguay	/uy/trabajo/prestaciones-bps	301
/uy/costo-empleador-uruguay	/uy/trabajo/sueldo-liquido	301
/uy/devolucion-fonasa-uruguay	/uy/trabajo/prestaciones-bps	301
/uy/dolar-hoy-uruguay	/uy/finanzas/unidades-y-valores	301
/uy/irpf-servicios-personales-uruguay	/uy/impuestos/trabajo-independiente	301
/uy/liquidacion-final-uruguay	/uy/trabajo/liquidacion-final	301
/uy/salario-liquido-uruguay	/uy/trabajo/sueldo-liquido	301
/uy/salario-vacacional-uruguay	/uy/trabajo/liquidacion-final	301
/uy/sueldo-nominal-a-liquido-uruguay	/uy/trabajo/sueldo-liquido	301
/uy/unidad-indexada-a-pesos-uruguay	/uy/finanzas/unidades-y-valores	301
/uy/unidad-reajustable-a-pesos-uruguay	/uy/finanzas/unidades-y-valores	301
/ve/calculadora-actualizacion-inflacion-inpc-venezuela	/ve/finanzas/dolar-y-bolivares	301
/ve/calculadora-anticipo-prestaciones-sociales-venezuela	/ve/trabajo/liquidacion-lottt	301
/ve/calculadora-antiguedad-laboral-venezuela	/ve/trabajo/liquidacion-lottt	301
/ve/calculadora-aporte-faov-banavih-venezuela	/ve/trabajo/ivss-y-deducciones	301
/ve/calculadora-bolivares-a-pesos-colombianos	/ve/finanzas/dolar-y-bolivares	301
/ve/calculadora-bono-guerra-economica-ingreso-integral-venezuela	/ve/trabajo/sueldo-y-recargos	301
/ve/calculadora-bono-nocturno-venezuela	/ve/trabajo/sueldo-y-recargos	301
/ve/calculadora-brecha-dolar-bcv-paralelo	/ve/finanzas/dolar-y-bolivares	301
/ve/calculadora-canasta-basica-salarios-minimos-venezuela	/ve/trabajo/sueldo-y-recargos	301
/ve/calculadora-cestaticket-bono-alimentacion-venezuela	/ve/trabajo/sueldo-y-recargos	301
/ve/calculadora-cuanto-vale-mi-sueldo-en-dolares-venezuela	/ve/finanzas/dolar-y-bolivares	301
/ve/calculadora-dias-feriados-domingos-trabajados-venezuela	/ve/trabajo/sueldo-y-recargos	301
/ve/calculadora-euros-a-bolivares-bcv-venezuela	/ve/finanzas/dolar-y-bolivares	301
/ve/calculadora-horas-extras-venezuela	/ve/trabajo/sueldo-y-recargos	301
/ve/calculadora-igtf-venezuela-3	/ve/impuestos/islr-y-tributos-seniat	301
/ve/calculadora-impuesto-sucesoral-herencia-venezuela	/ve/impuestos/islr-y-tributos-seniat	301
/ve/calculadora-inces-venezuela	/ve/impuestos/islr-y-tributos-seniat	301
/ve/calculadora-intereses-prestaciones-sociales-venezuela	/ve/trabajo/liquidacion-lottt	301
/ve/calculadora-islr-venezuela-2026	/ve/impuestos/islr-y-tributos-seniat	301
/ve/calculadora-liquidacion-finiquito-venezuela	/ve/trabajo/liquidacion-lottt	301
/ve/calculadora-pago-reposo-ivss-venezuela	/ve/trabajo/ivss-y-deducciones	301
/ve/calculadora-paro-forzoso-ivss-venezuela	/ve/trabajo/ivss-y-deducciones	301
/ve/calculadora-preaviso-venezuela	/ve/trabajo/liquidacion-lottt	301
/ve/calculadora-prestaciones-sociales-venezuela	/ve/trabajo/liquidacion-lottt	301
/ve/calculadora-reconversion-bolivares-viejos-actuales-venezuela	/ve/finanzas/dolar-y-bolivares	301
/ve/calculadora-remesa-zelle-bolivares-venezuela	/ve/finanzas/dolar-y-bolivares	301
/ve/calculadora-retencion-islr-venezuela	/ve/impuestos/islr-y-tributos-seniat	301
/ve/calculadora-retencion-iva-venezuela	/ve/impuestos/islr-y-tributos-seniat	301
/ve/calculadora-salario-integral-venezuela	/ve/trabajo/liquidacion-lottt	301
/ve/calculadora-salario-por-hora-venezuela	/ve/trabajo/sueldo-y-recargos	301
/ve/calculadora-semanas-cotizadas-pension-ivss-venezuela	/ve/trabajo/ivss-y-deducciones	301
/ve/calculadora-sueldo-neto-deducciones-venezuela	/ve/trabajo/ivss-y-deducciones	301
/ve/calculadora-usdt-a-bolivares-binance-p2p-venezuela	/ve/finanzas/dolar-y-bolivares	301
/ve/calculadora-utilidades-aguinaldo-venezuela	/ve/trabajo/liquidacion-lottt	301
/ve/calculadora-vacaciones-bono-vacacional-venezuela	/ve/trabajo/liquidacion-lottt	301
/ve/calculadora-vuelto-en-bolivares-pago-en-dolares-venezuela	/ve/finanzas/dolar-y-bolivares	301
/ve/cuanto-es-bolivares-en-dolares	/ve/finanzas/dolar-y-bolivares	301
/ve/cuanto-es-dolares-en-bolivares	/ve/finanzas/dolar-y-bolivares	301
/ve/cuanto-es-salario-minimo-venezuela-2026	/ve/trabajo/sueldo-y-recargos	301
/ve/cuanto-es-unidad-tributaria-bolivares	/ve/impuestos/islr-y-tributos-seniat	301
/ve/dolar-bcv-paralelo-bolivares-hoy	/ve/finanzas/dolar-y-bolivares	301
