url,file,country,formula_id,formula_passed,formula_error,sources,accessible_sources,reachable_sources,deep_accessible_sources,topic_matched_sources,source_automated_ready,source_verified,editorial_review,automated_tests
"https://hacecuentas.com/a-que-hora-acostarme","src/content/calcs/a-que-hora-acostarme.json","AR","a-que-hora-acostarme","true","","2","2","2","1","2","true","true","approved","passed"
"https://hacecuentas.com/calculadora-adaptador-enchufe-voltaje-pais","src/content/calcs/adaptador-enchufe-voltaje-pais.json","AR","adaptador-enchufe-voltaje-pais","true","","2","2","2","2","2","true","true","approved","passed"
"https://hacecuentas.com/calculadora-afinacion-frecuencia-nota","src/content/calcs/afinacion-frecuencia-nota.json","AR","afinacion-frecuencia-nota","true","","3","1","1","1","1","true","true","approved","passed"
"https://hacecuentas.com/calculadora-agua-jardin-consumo-mensual-m2","src/content/calcs/agua-jardin-mensual.json","AR","agua-jardin-mensual","true","","8","8","8","8","8","true","true","approved","passed"
"https://hacecuentas.com/calculadora-aguinaldo-mexico-2026","src/content/calcs/aguinaldo-mexico.json","AR","aguinaldo-mexico","true","","4","2","2","2","2","true","true","approved","passed"
"https://hacecuentas.com/calculadora-aguinaldo-sac","src/content/calcs/aguinaldo.json","AR","aguinaldo","true","","4","4","4","4","4","true","true","approved","passed"
"https://hacecuentas.com/calculadora-ahorro-compuesto-tiempo-duplicar-regla-72","src/content/calcs/ahorro-compuesto-tiempo-duplicar-regla-72.json","AR","ahorro-compuesto-tiempo-duplicar-regla-72","true","","4","0","4","4","2","false","false","pending","passed"
"https://hacecuentas.com/calculadora-ahorro-dejar-cigarrillos","src/content/calcs/ahorro-dejar-fumar.json","AR","ahorro-dejar-fumar","true","","2","1","1","1","1","true","true","approved","passed"
"https://hacecuentas.com/calculadora-ahorro-hormiga-gasto-diario","src/content/calcs/ahorro-hormiga.json","AR","ahorro-hormiga","true","","2","2","2","2","2","true","true","approved","passed"
"https://hacecuentas.com/calculadora-ahorro-meta-mensual","src/content/calcs/ahorro-meta.json","AR","ahorro-meta","true","","3","3","3","2","3","true","true","approved","passed"
"https://hacecuentas.com/calculadora-ahorro-termo-electrico-vs-gas","src/content/calcs/ahorro-termo-electrico-vs-gas.json","AR","ahorro-termo-electrico-vs-gas","true","","2","2","2","2","2","true","true","approved","passed"
"https://hacecuentas.com/calculadora-ajuste-sueldo-inflacion","src/content/calcs/ajuste-sueldo-inflacion.json","AR","ajuste-sueldo-inflacion","true","","2","2","2","2","2","true","true","approved","passed"
"https://hacecuentas.com/calculadora-alcohol-sangre-bac","src/content/calcs/alcohol-sangre.json","AR","alcohol-sangre","true","","5","5","5","3","5","true","true","approved","passed"
"https://hacecuentas.com/calculadora-almacenamiento-bytes-kb-mb-gb-tb","src/content/calcs/almacenamiento-bytes-kb-mb-gb-tb.json","AR","almacenamiento-bytes-kb-mb-gb-tb","true","","3","3","3","3","3","true","true","approved","passed"
"https://hacecuentas.com/calculadora-actualizacion-alquiler-icl","src/content/calcs/alquiler-icl.json","AR","alquiler-icl","true","","3","3","3","3","3","true","true","approved","passed"
"https://hacecuentas.com/calculadora-amplificador-watts-parlantes","src/content/calcs/amplificador-watts-parlantes.json","AR","amplificador-watts-parlantes","true","","4","1","2","2","1","true","true","approved","passed"
"https://hacecuentas.com/calculadora-ancho-banda-descarga-tiempo","src/content/calcs/ancho-banda-descarga-tiempo.json","AR","ancho-banda-descarga-tiempo","true","","3","2","2","2","2","true","true","approved","passed"
"https://hacecuentas.com/calculadora-angel-guardian-fecha","src/content/calcs/angel-guardian-fecha.json","AR","angel-guardian-fecha","true","","2","1","1","1","0","false","false","pending","passed"
"https://hacecuentas.com/calculadora-aniversario-pareja","src/content/calcs/aniversario-pareja.json","AR","aniversario-pareja","true","","2","2","2","2","2","true","true","approved","passed"
"https://hacecuentas.com/calculadora-anki-flashcards-dia-aprender-palabras","src/content/calcs/anki-flashcards-dia-aprender-palabras.json","AR","anki-flashcards-dia-aprender-palabras","true","","4","3","4","4","3","true","true","approved","passed"
"https://hacecuentas.com/calculadora-antiguedad-laboral","src/content/calcs/antiguedad-laboral.json","AR","antiguedad-laboral","true","","4","3","4","3","4","true","true","approved","passed"
"https://hacecuentas.com/calculadora-arba-sellos-inmobiliarios-pba-compraventa","src/content/calcs/arba-sellos-inmobiliarios-pba-compraventa.json","AR","arba-sellos-inmobiliarios-pba-compraventa","true","","3","3","3","3","3","true","true","approved","passed"
"https://hacecuentas.com/calculadora-area-perimetro-circulo-sector-circular","src/content/calcs/area-circulo-sector.json","AR","area-circulo-sector","true","","2","2","2","2","2","true","true","approved","passed"
"https://hacecuentas.com/calculadora-area-perimetro-figuras","src/content/calcs/area-perimetro.json","AR","area-perimetro","true","","3","3","3","3","2","true","true","approved","passed"
"https://hacecuentas.com/calculadora-area-triangulo-heron-tres-lados","src/content/calcs/area-triangulo-heron-tres-lados.json","AR","area-triangulo-heron-tres-lados","true","","3","3","3","2","3","true","true","approved","passed"
"https://hacecuentas.com/calculadora-area-triangulo-vertices-coordenadas","src/content/calcs/area-triangulo-vertices-coordenadas.json","AR","area-triangulo-vertices-coordenadas","true","","2","2","2","2","2","true","true","approved","passed"
"https://hacecuentas.com/calculadora-arena-sanitaria-gato-kg-mes","src/content/calcs/arena-sanitaria-gato-kg-mes.json","AR","arena-sanitaria-gato-kg-mes","true","","3","2","2","1","2","true","true","approved","passed"
"https://hacecuentas.com/calculadora-asignacion-desempleo-seguro-prestacion-anses","src/content/calcs/asignacion-desempleo-seguro-prestacion-anses.json","AR","asignacion-desempleo-seguro-prestacion-anses","true","","3","2","3","3","3","true","true","approved","passed"
"https://hacecuentas.com/calculadora-attribution-modelo-primer-ultimo-click","src/content/calcs/attribution-modelo-primer-ultimo-click.json","AR","attribution-modelo-primer-ultimo-click","true","","3","2","2","2","2","true","true","approved","passed"
"https://hacecuentas.com/calculadora-audio-bitrate-tamano-mp3","src/content/calcs/audio-bitrate-tamano-mp3.json","AR","audio-bitrate-tamano-mp3","true","","3","2","2","2","2","true","true","approved","passed"
"https://hacecuentas.com/calculadora-aumento-altura-adolescente-prediccion","src/content/calcs/aumento-altura-adolescente-prediccion.json","AR","aumento-altura-adolescente-prediccion","true","","5","4","4","4","4","true","true","approved","passed"
"https://hacecuentas.com/calculadora-autonomia-ups-tiempo-respaldo-servidor","src/content/calcs/autonomia-ups-tiempo-respaldo-servidor.json","AR","autonomia-ups-tiempo-respaldo-servidor","true","","8","6","6","6","5","true","true","approved","passed"
"https://hacecuentas.com/calculadora-autovia-peajes-argentina-ruta-2-ruta-3","src/content/calcs/autovia-peajes-argentina-ruta-2-ruta-3.json","AR","autovia-peajes-argentina-ruta-2-ruta-3","true","","5","4","4","4","4","true","true","approved","passed"
"https://hacecuentas.com/calculadora-ayuno-intermitente-beneficios-calorias-20-4","src/content/calcs/ayuno-intermitente-beneficios-calorias-20-4.json","AR","ayuno-intermitente-beneficios-calorias-20-4","true","","6","2","5","5","5","true","true","approved","passed"
"https://hacecuentas.com/calculadora-azulejos-baldosas-metros-cuadrados-cantidad","src/content/calcs/azulejos-baldosas-metros-cuadrados-cantidad.json","AR","azulejos-baldosas-metros-cuadrados-cantidad","true","","3","1","2","1","1","true","true","approved","passed"
"https://hacecuentas.com/calculadora-banco-baterias-solar-dias-autonomia","src/content/calcs/banco-baterias-solar-dias-autonomia.json","AR","banco-baterias-solar-dias-autonomia","true","","3","1","1","0","1","false","false","pending","passed"
"https://hacecuentas.com/calculadora-bateria-capacidad-runtime-ah","src/content/calcs/bateria-capacidad-runtime-ah.json","AR","bateria-capacidad-runtime-ah","true","","3","2","2","2","2","true","true","approved","passed"
"https://hacecuentas.com/calculadora-beca-promedio-minimo-requisito-universidades","src/content/calcs/beca-promedio-minimo-requisito-universidades.json","AR","beca-promedio-minimo-requisito-universidades","true","","4","3","3","2","3","true","true","approved","passed"
"https://hacecuentas.com/calculadora-bienes-personales-tramos-alicuota-2026","src/content/calcs/bienes-personales-tramos-alicuota-2026.json","AR","bienes-personales-tramos-alicuota-2026","true","","3","3","3","3","3","true","true","approved","passed"
"https://hacecuentas.com/calculadora-bienes-personales-2026","src/content/calcs/bienes-personales.json","AR","bienes-personales","true","","3","3","3","3","3","true","true","approved","passed"
"https://hacecuentas.com/calculadora-bisagras-tornillos-puerta-ventana-cantidad","src/content/calcs/bisagras-tornillos-puerta-ventana-cantidad.json","AR","bisagras-tornillos-puerta-ventana-cantidad","true","","4","4","4","3","4","true","true","approved","passed"
"https://hacecuentas.com/calculadora-punto-equilibrio-break-even","src/content/calcs/break-even.json","AR","break-even","true","","3","2","3","3","3","true","true","approved","passed"
"https://hacecuentas.com/calculadora-burn-rate-runway-startup","src/content/calcs/burn-rate-runway.json","AR","burn-rate-runway","true","","2","2","2","1","2","true","true","approved","passed"
"https://hacecuentas.com/calculadora-cable-awg-amperaje-seccion","src/content/calcs/cable-awg-amperaje-seccion.json","AR","cable-awg-amperaje-seccion","true","","2","2","2","1","2","true","true","approved","passed"
"https://hacecuentas.com/calculadora-cafe-molido-taza-metodo-preparacion","src/content/calcs/cafe-molido-taza-metodo-preparacion.json","AR","cafe-molido-taza-metodo-preparacion","true","","3","1","1","1","1","true","true","approved","passed"
"https://hacecuentas.com/calculadora-caja-seguridad-banco-comparativa-mensual","src/content/calcs/caja-seguridad-banco-comparativa-mensual.json","AR","caja-seguridad-banco-comparativa-mensual","true","","4","3","3","3","3","true","true","approved","passed"
"https://hacecuentas.com/calculadora-agua-pez-betta-litros","src/content/calcs/calculadora-agua-pez-betta-litros.json","AR","agua-pez-betta-litros","true","","3","3","3","2","3","true","true","approved","passed"
"https://hacecuentas.com/calculadora-agua-por-invitado-fiesta","src/content/calcs/calculadora-agua-por-invitado-fiesta.json","AR","agua-por-invitado-fiesta","true","","6","6","6","6","6","true","true","approved","passed"
"https://hacecuentas.com/calculadora-aguinaldo-empleada-casa-particular-medio-tiempo-categoria","src/content/calcs/calculadora-aguinaldo-empleada-casa-particular-medio-tiempo-categoria.json","AR","aguinaldo-empleada-casa-particular","true","","4","4","4","4","4","true","true","approved","passed"
"https://hacecuentas.com/calculadora-ahorro-led-vs-incandescente","src/content/calcs/calculadora-ahorro-led-vs-incandescente.json","AR","ahorro-led-vs-incandescente","true","","3","2","2","2","1","true","true","approved","passed"
"https://hacecuentas.com/calculadora-ahorro-uva-vs-pesos-vs-dolar-12-meses","src/content/calcs/calculadora-ahorro-uva-vs-pesos-vs-dolar-12-meses.json","AR","ahorro-uva-vs-pesos-vs-dolar-12-meses","true","","16","16","16","13","16","true","true","approved","passed"
"https://hacecuentas.com/calculadora-airdrop-jupiter-ena-pyth-eligibility-puntos","src/content/calcs/calculadora-airdrop-jupiter-ena-pyth-eligibility-puntos.json","AR","airdrop-jupiter-ena-pyth-eligibility-puntos","true","","5","1","1","1","1","true","true","approved","passed"
"https://hacecuentas.com/calculadora-aislante-termico-pared-eps-lana-vidrio-recomendado","src/content/calcs/calculadora-aislante-termico-pared-eps-lana-vidrio-recomendado.json","AR","aislante-termico-pared-eps-lana-vidrio-recomendado","true","","3","0","0","0","0","false","false","pending","passed"
"https://hacecuentas.com/calculadora-amplificador-operacional-ganancia","src/content/calcs/calculadora-amplificador-operacional-ganancia.json","AR","amplificador-operacional-ganancia","true","","3","2","2","1","2","true","true","approved","passed"
"https://hacecuentas.com/calculadora-ancho-angulo-lente-distancia","src/content/calcs/calculadora-ancho-angulo-lente-distancia.json","AR","ancho-angulo-lente-distancia","true","","3","2","2","2","2","true","true","approved","passed"
"https://hacecuentas.com/calculadora-anos-luz-distancia-conversion","src/content/calcs/calculadora-anos-luz-distancia-conversion.json","AR","anos-luz-distancia-conversion","true","","4","2","2","2","2","true","true","approved","passed"
"https://hacecuentas.com/calculadora-aportes-patronales-empleado-registrado-cargas-sociales-2026","src/content/calcs/calculadora-aportes-patronales-empleado-registrado-cargas-sociales-2026.json","AR","aportes-patronales-cargas-sociales","true","","4","4","4","4","4","true","true","approved","passed"
"https://hacecuentas.com/calculadora-arena-grava-hormigon","src/content/calcs/calculadora-arena-grava-hormigon.json","AR","arena-grava","true","","4","3","3","0","3","false","false","pending","passed"
"https://hacecuentas.com/calculadora-art-prestacion-dineraria-ilt-dias-pago-incapacidad-temporaria","src/content/calcs/calculadora-art-prestacion-dineraria-ilt-dias-pago-incapacidad-temporaria.json","AR","art-prestacion-ilt-incapacidad-temporaria","true","","4","4","4","4","4","true","true","approved","passed"
"https://hacecuentas.com/calculadora-asado-kg-por-persona-cortes-tira-vacio-pollo","src/content/calcs/calculadora-asado-kg-por-persona-cortes-tira-vacio-pollo.json","AR","asado-kg-por-persona-cortes-tira-vacio-pollo","true","","2","1","1","1","1","true","true","approved","passed"
"https://hacecuentas.com/calculadora-auto-electrico-vs-nafta-tco-5-anos-argentina","src/content/calcs/calculadora-auto-electrico-vs-nafta-tco-5-anos-argentina.json","AR","auto-electrico-vs-nafta-tco-5-anos-argentina","true","","4","1","1","1","1","true","true","approved","passed"
"https://hacecuentas.com/calculadora-cac-costo-adquisicion-sales-funnel","src/content/calcs/calculadora-cac-costo-adquisicion-sales-funnel.json","AR","cac-costo-adquisicion-sales-funnel","true","","4","2","2","2","2","true","true","approved","passed"
"https://hacecuentas.com/calculadora-cafeteria-cuanto-cobrar-pais-cafe-medialuna-margen","src/content/calcs/calculadora-cafeteria-cuanto-cobrar-pais-cafe-medialuna-margen.json","AR","cafeteria-cuanto-cobrar-pais-cafe-medialuna-margen","true","","4","2","2","2","2","true","true","approved","passed"
"https://hacecuentas.com/calculadora-calorias-caminando","src/content/calcs/calculadora-calorias-caminando.json","AR","calorias-caminando","true","","2","1","2","2","2","true","true","approved","passed"
"https://hacecuentas.com/calculadora-calorias-ciclismo-intensidad","src/content/calcs/calculadora-calorias-ciclismo-intensidad.json","AR","calorias-ciclismo","true","","3","3","3","1","3","true","true","approved","passed"
"https://hacecuentas.com/calculadora-calorias-copa-vino","src/content/calcs/calculadora-calorias-copa-vino.json","AR","calorias-copa-vino","true","","3","1","1","1","0","false","false","pending","passed"
"https://hacecuentas.com/calculadora-calorias-futbol-5-7-11","src/content/calcs/calculadora-calorias-futbol-5-7-11.json","AR","calorias-futbol","true","","3","3","3","1","3","true","true","approved","passed"
"https://hacecuentas.com/calculadora-calorias-natacion-estilos-distancia-velocidad","src/content/calcs/calculadora-calorias-natacion-estilos-distancia-velocidad.json","AR","calorias-natacion-estilos-distancia-velocidad","true","","4","3","4","3","2","true","true","approved","passed"
"https://hacecuentas.com/calculadora-calorias-padel-hora-intensidad","src/content/calcs/calculadora-calorias-padel-hora-intensidad.json","AR","calorias-padel","true","","3","2","2","1","2","true","true","approved","passed"
"https://hacecuentas.com/calculadora-canape-por-invitado-coctel","src/content/calcs/calculadora-canape-por-invitado-coctel.json","AR","canape-por-invitado-coctel","true","","0","0","0","0","0","false","false","pending","passed"
"https://hacecuentas.com/calculadora-capital-inicial-abrir-negocio","src/content/calcs/calculadora-capital-inicial-abrir-negocio.json","AR","calculadora-capital-inicial-abrir-negocio","true","","2","1","2","2","2","true","true","approved","passed"
"https://hacecuentas.com/calculadora-cerveza-invitado-evento","src/content/calcs/calculadora-cerveza-invitado-evento.json","AR","cerveza-invitado-evento","true","","3","2","2","1","2","true","true","approved","passed"
"https://hacecuentas.com/calculadora-check-in-anticipo-horas-aeropuerto","src/content/calcs/calculadora-check-in-anticipo-horas-aeropuerto.json","AR","check-in-anticipo-horas-aeropuerto","true","","0","0","0","0","0","false","false","pending","passed"
"https://hacecuentas.com/calculadora-chorizos-por-invitado-asado","src/content/calcs/calculadora-chorizos-por-invitado-asado.json","AR","chorizos-por-invitado-asado","true","","0","0","0","0","0","false","false","pending","passed"
"https://hacecuentas.com/calculadora-ciclo-circadiano-estudio","src/content/calcs/calculadora-ciclo-circadiano-estudio.json","AR","ciclo-circadiano-estudio","true","","3","2","3","2","3","true","true","approved","passed"
"https://hacecuentas.com/calculadora-cintura-cadera-rcc","src/content/calcs/calculadora-cintura-cadera-rcc.json","AR","cintura-cadera","true","","4","3","3","3","3","true","true","approved","passed"
"https://hacecuentas.com/calculadora-clausula-formacion-fifa-joven-jugador","src/content/calcs/calculadora-clausula-formacion-fifa-joven-jugador.json","AR","clausula-formacion-fifa","true","","4","3","3","2","3","true","true","approved","passed"
"https://hacecuentas.com/calculadora-comida-gato-diaria-gramos","src/content/calcs/calculadora-comida-gato-diaria-gramos.json","AR","comida-gato-diaria","true","","4","4","4","2","4","true","true","approved","passed"
"https://hacecuentas.com/calculadora-comida-perro-diaria-gramos","src/content/calcs/calculadora-comida-perro-diaria-gramos.json","AR","comida-perro-diaria","true","","4","4","4","2","2","true","true","approved","passed"
"https://hacecuentas.com/calculadora-comida-yorkshire-terrier-porcion-diaria-edad","src/content/calcs/calculadora-comida-yorkshire-terrier-porcion-diaria-edad.json","AR","comida-yorkshire-terrier-porcion-diaria-edad","true","","3","2","3","3","3","true","true","approved","passed"
"https://hacecuentas.com/calculadora-comision-amazon-fba-producto","src/content/calcs/calculadora-comision-amazon-fba-producto.json","AR","comision-amazon-fba-producto","true","","4","3","3","3","3","true","true","approved","passed"
"https://hacecuentas.com/calculadora-comision-doordash-rappi-pedidosya-restaurante-2026","src/content/calcs/calculadora-comision-doordash-rappi-pedidosya-restaurante-2026.json","AR","comision-doordash-rappi-pedidosya-restaurante-2026","true","","5","2","2","1","2","true","true","approved","passed"
"https://hacecuentas.com/calculadora-comision-tienda-nube-2026-monto-mensual-checkout","src/content/calcs/calculadora-comision-tienda-nube-2026-monto-mensual-checkout.json","AR","comision-tienda-nube-2026-monto-mensual-checkout","true","","3","3","3","3","3","true","true","approved","passed"
"https://hacecuentas.com/calculadora-comision-uber-driver-ganancia-real-argentina-2026","src/content/calcs/calculadora-comision-uber-driver-ganancia-real-argentina-2026.json","AR","comision-uber-driver-ganancia-real-argentina-2026","true","","4","2","2","1","2","true","true","approved","passed"
"https://hacecuentas.com/calculadora-comparador-messi-vs-cristiano-goles-asistencias-titulos","src/content/calcs/calculadora-comparador-messi-vs-cristiano-goles-asistencias-titulos.json","AR","messi-vs-ronaldo","true","","4","2","3","3","3","true","true","approved","passed"
"https://hacecuentas.com/calculadora-comprar-anos-aportes-moratoria-previsional-cuotas","src/content/calcs/calculadora-comprar-anos-aportes-moratoria-previsional-cuotas.json","AR","comprar-anos-aportes-moratoria","true","","5","4","5","5","5","true","true","approved","passed"
"https://hacecuentas.com/calculadora-comprension-lectora-score","src/content/calcs/calculadora-comprension-lectora-score.json","AR","comprension-lectora-score","true","","3","1","3","3","3","true","true","approved","passed"
"https://hacecuentas.com/calculadora-conexion-vuelo-minimo-minutos","src/content/calcs/calculadora-conexion-vuelo-minimo-minutos.json","AR","conexion-vuelo-minimo-minutos","true","","1","1","1","1","1","true","true","approved","passed"
"https://hacecuentas.com/calculadora-consumo-standby-aparatos","src/content/calcs/calculadora-consumo-standby-aparatos.json","AR","calculadora-consumo-standby-aparatos","true","","2","1","1","1","1","true","true","approved","passed"
"https://hacecuentas.com/calculadora-contador-de-palabras-y-caracteres","src/content/calcs/calculadora-contador-de-palabras-y-caracteres.json","AR","contador-de-palabras-y-caracteres","true","","3","2","3","3","2","true","true","approved","passed"
"https://hacecuentas.com/calculadora-conversion-atmosferas-pascales-bar","src/content/calcs/calculadora-conversion-atmosferas-pascales-bar.json","AR","conversion-atmosferas-pascales-bar","true","","4","4","4","3","3","true","true","approved","passed"
"https://hacecuentas.com/calculadora-conversion-celsius-fahrenheit-kelvin-rankine-temperatura","src/content/calcs/calculadora-conversion-celsius-fahrenheit-kelvin-rankine-temperatura.json","AR","conversion-celsius-fahrenheit-kelvin-rankine-temperatura","true","","8","6","6","6","5","true","true","approved","passed"
"https://hacecuentas.com/calculadora-conversion-litros-galones-onzas","src/content/calcs/calculadora-conversion-litros-galones-onzas.json","AR","conversion-litros-galones","true","","3","3","3","1","2","true","true","approved","passed"
"https://hacecuentas.com/calculadora-conversion-medidas-cocina-tazas-gramos","src/content/calcs/calculadora-conversion-medidas-cocina-tazas-gramos.json","AR","conversion-medidas-cocina-tazas-gramos","true","","4","3","3","3","3","true","true","approved","passed"
"https://hacecuentas.com/calculadora-conversion-millas-kilometros-nudos-velocidad","src/content/calcs/calculadora-conversion-millas-kilometros-nudos-velocidad.json","AR","conversion-millas-kilometros-nudos-velocidad","true","","4","2","2","2","2","true","true","approved","passed"
"https://hacecuentas.com/calculadora-conversion-temperatura-clima","src/content/calcs/calculadora-conversion-temperatura-clima.json","AR","conversion-temperatura-clima","true","","3","1","1","1","1","true","true","approved","passed"
"https://hacecuentas.com/calculadora-costo-aire-calefactor-toda-la-noche","src/content/calcs/calculadora-costo-aire-calefactor-toda-la-noche.json","AR","calculadora-costo-aire-calefactor-toda-la-noche","true","","4","3","3","2","3","true","true","approved","passed"
"https://hacecuentas.com/calculadora-costo-cargar-auto-electrico-vs-nafta","src/content/calcs/calculadora-costo-cargar-auto-electrico-vs-nafta.json","AR","calculadora-costo-cargar-auto-electrico-vs-nafta","true","","2","1","1","1","1","true","true","approved","passed"
"https://hacecuentas.com/calculadora-costo-cesped-sintetico-m2","src/content/calcs/calculadora-costo-cesped-sintetico-m2.json","AR","calculadora-costo-cesped-sintetico-m2","true","","1","1","1","1","1","true","true","approved","passed"
"https://hacecuentas.com/calculadora-costo-envio-peso-destino","src/content/calcs/calculadora-costo-envio-peso-destino.json","AR","costo-envio-peso-destino","true","","5","4","4","2","4","true","true","approved","passed"
"https://hacecuentas.com/calculadora-costo-hora-redactor-copywriter","src/content/calcs/calculadora-costo-hora-redactor-copywriter.json","AR","costo-hora-redactor-copywriter","true","","4","2","3","2","3","true","true","approved","passed"
"https://hacecuentas.com/calculadora-costo-mantener-propiedad-vacia-mensual","src/content/calcs/calculadora-costo-mantener-propiedad-vacia-mensual.json","AR","costo-mantener-propiedad-vacia-mensual","true","","2","0","2","2","1","false","false","pending","passed"
"https://hacecuentas.com/calculadora-costo-mensual-pileta","src/content/calcs/calculadora-costo-mensual-pileta.json","AR","calculadora-costo-mensual-pileta","true","","4","2","2","2","2","true","true","approved","passed"
"https://hacecuentas.com/calculadora-costo-mensual-raza-gato","src/content/calcs/calculadora-costo-mensual-raza-gato.json","AR","costo-mensual-raza-gato","true","","3","3","3","1","2","true","true","approved","passed"
"https://hacecuentas.com/calculadora-cotillon-cumple-personas","src/content/calcs/calculadora-cotillon-cumple-personas.json","AR","cotillon-cumple-personas","true","","4","2","2","1","2","true","true","approved","passed"
"https://hacecuentas.com/calculadora-cuando-es-el-dia-del-padre-madre-nino-por-pais","src/content/calcs/calculadora-cuando-es-el-dia-del-padre-madre-nino-por-pais.json","AR","cuando-es-el-dia-del-padre-madre-nino-por-pais","true","","3","3","3","3","3","true","true","approved","passed"
"https://hacecuentas.com/calculadora-cuando-son-las-proximas-elecciones-por-pais","src/content/calcs/calculadora-cuando-son-las-proximas-elecciones-por-pais.json","AR","cuando-son-las-proximas-elecciones-por-pais","true","","4","3","3","1","3","true","true","approved","passed"
"https://hacecuentas.com/calculadora-cuantas-calorias-bicicleta-distancia-pendiente-perfil","src/content/calcs/calculadora-cuantas-calorias-bicicleta-distancia-pendiente-perfil.json","AR","cuantas-calorias-bicicleta-distancia-pendiente-perfil","true","","4","4","4","4","2","true","true","approved","passed"
"https://hacecuentas.com/calculadora-cuantas-fotos-videos-entran-gb","src/content/calcs/calculadora-cuantas-fotos-videos-entran-gb.json","AR","calculadora-cuantas-fotos-videos-entran-gb","true","","3","2","2","2","2","true","true","approved","passed"
"https://hacecuentas.com/calculadora-cuanto-cobrar-traduccion-palabra-2026-espanol-ingles","src/content/calcs/calculadora-cuanto-cobrar-traduccion-palabra-2026-espanol-ingles.json","AR","cuanto-cobrar-traduccion-palabra-2026-espanol-ingles","true","","5","2","4","1","2","true","true","approved","passed"
"https://hacecuentas.com/calculadora-cuanto-facturar-cubrir-gastos","src/content/calcs/calculadora-cuanto-facturar-cubrir-gastos.json","AR","calculadora-cuanto-facturar-cubrir-gastos","true","","2","1","2","2","2","true","true","approved","passed"
"https://hacecuentas.com/calculadora-cuanto-pierdo-inflacion-plata-quieta","src/content/calcs/calculadora-cuanto-pierdo-inflacion-plata-quieta.json","AR","calculadora-cuanto-pierdo-inflacion-plata-quieta","true","","2","2","2","1","2","true","true","approved","passed"
"https://hacecuentas.com/calculadora-cuantos-dias-faltan-para-una-fecha","src/content/calcs/calculadora-cuantos-dias-faltan-para-una-fecha.json","AR","cuantos-dias-faltan-fecha","true","","3","3","3","3","3","true","true","approved","passed"
"https://hacecuentas.com/calculadora-cuna-colecho-edad-transicion-cama","src/content/calcs/calculadora-cuna-colecho-edad-transicion-cama.json","AR","cuna-colecho-edad-transicion-cama","true","","3","2","2","2","2","true","true","approved","passed"
"https://hacecuentas.com/calculadora-cuota-jardin-maternal-cama-cuna-mensual-2026","src/content/calcs/calculadora-cuota-jardin-maternal-cama-cuna-mensual-2026.json","AR","cuota-jardin-maternal-cama-cuna-mensual-2026","true","","4","1","2","2","2","true","true","approved","passed"
"https://hacecuentas.com/calculadora-cuota-socio-club-futbol-boca-river-real-madrid","src/content/calcs/calculadora-cuota-socio-club-futbol-boca-river-real-madrid.json","AR","cuota-socio-futbol","true","","5","3","3","2","3","true","true","approved","passed"
"https://hacecuentas.com/calculadora-daiquiri-clasico-personas","src/content/calcs/calculadora-daiquiri-clasico-personas.json","AR","daiquiri-clasico-personas","true","","3","2","3","3","3","true","true","approved","passed"
"https://hacecuentas.com/calculadora-de-escala","src/content/calcs/calculadora-de-escala.json","AR","calculadora-de-escala","true","","3","1","1","1","1","true","true","approved","passed"
"https://hacecuentas.com/calculadora-de-horas","src/content/calcs/calculadora-de-horas.json","AR","calculadora-de-horas","true","","3","2","2","2","2","true","true","approved","passed"
"https://hacecuentas.com/calculadora-derechos-tv-mundial-2026-argentina-espana-mexico-brasil","src/content/calcs/calculadora-derechos-tv-mundial-2026-argentina-espana-mexico-brasil.json","AR","derechos-tv-mundial-2026","true","","4","3","3","1","3","true","true","approved","passed"
"https://hacecuentas.com/calculadora-descuento-vuelo-millas-vs-cash","src/content/calcs/calculadora-descuento-vuelo-millas-vs-cash.json","AR","descuento-vuelo-millas-vs-cash","true","","3","2","3","2","3","true","true","approved","passed"
"https://hacecuentas.com/calculadora-despido-enfermedad-inculpable-art-211-art-212-lct","src/content/calcs/calculadora-despido-enfermedad-inculpable-art-211-art-212-lct.json","AR","despido-enfermedad-inculpable-art-211","true","","4","3","3","3","3","true","true","approved","passed"
"https://hacecuentas.com/calculadora-dias-sin-fumar-ahorro-salud","src/content/calcs/calculadora-dias-sin-fumar-ahorro-salud.json","AR","calculadora-dias-sin-fumar-ahorro-salud","true","","2","2","2","2","2","true","true","approved","passed"
"https://hacecuentas.com/calculadora-distancia-barrera-tiro-libre-9-15m","src/content/calcs/calculadora-distancia-barrera-tiro-libre-9-15m.json","AR","distancia-barrera-tiro-libre","true","","4","3","3","2","3","true","true","approved","passed"
"https://hacecuentas.com/calculadora-dividendos-yield-anual","src/content/calcs/calculadora-dividendos-yield-anual.json","AR","dividendos-yield-anual","true","","3","1","3","3","3","true","true","approved","passed"
"https://hacecuentas.com/calculadora-divisor-tension-formula","src/content/calcs/calculadora-divisor-tension-formula.json","AR","divisor-tension-formula","true","","3","2","3","3","1","true","true","approved","passed"
"https://hacecuentas.com/calculadora-domingos-restantes-Navidad-2026-fin-de-ano","src/content/calcs/calculadora-domingos-restantes-navidad-2026-fin-de-ano.json","AR","domingos-restantes-navidad-2026-fin-de-año","true","","2","1","2","2","2","true","true","approved","passed"
"https://hacecuentas.com/calculadora-ebbinghaus-curva-olvido","src/content/calcs/calculadora-ebbinghaus-curva-olvido.json","AR","ebbinghaus-curva-olvido","true","","4","4","4","4","3","true","true","approved","passed"
"https://hacecuentas.com/calculadora-emigrar-espana-presupuesto-primer-ano-familia","src/content/calcs/calculadora-emigrar-espana-presupuesto-primer-ano-familia.json","AR","emigrar-espana-presupuesto-primer-ano-familia","true","","4","2","3","3","3","true","true","approved","passed"
"https://hacecuentas.com/calculadora-equipaje-extra-costo-aerolinea","src/content/calcs/calculadora-equipaje-extra-costo-aerolinea.json","AR","equipaje-extra-costo-aerolinea","true","","3","2","2","2","2","true","true","approved","passed"
"https://hacecuentas.com/calculadora-equipaje-permitido-franquicia-aerolinea","src/content/calcs/calculadora-equipaje-permitido-franquicia-aerolinea.json","AR","equipaje-permitido-franquicia-aerolinea","true","","3","2","3","3","3","true","true","approved","passed"
"https://hacecuentas.com/calculadora-esta-usa-requisitos","src/content/calcs/calculadora-esta-usa-requisitos.json","AR","esta-usa-requisitos","true","","0","0","0","0","0","false","false","pending","passed"
"https://hacecuentas.com/calculadora-eta-canada-requisitos","src/content/calcs/calculadora-eta-canada-requisitos.json","AR","eta-canada-requisitos","true","","0","0","0","0","0","false","false","pending","passed"
"https://hacecuentas.com/calculadora-f1-puntos-campeonato-mundial-quedan","src/content/calcs/calculadora-f1-puntos-campeonato-mundial-quedan.json","AR","f1-puntos-restantes","true","","3","3","3","1","3","true","true","approved","passed"
"https://hacecuentas.com/calculadora-facebook-reels-bonus-pagos","src/content/calcs/calculadora-facebook-reels-bonus-pagos.json","AR","facebook-reels-bonus-pagos","true","","0","0","0","0","0","false","false","pending","passed"
"https://hacecuentas.com/calculadora-fantasy-mundial-2026-mejor-once","src/content/calcs/calculadora-fantasy-mundial-2026-mejor-once.json","AR","fantasy-mundial","true","","3","1","2","2","2","true","true","approved","passed"
"https://hacecuentas.com/calculadora-fecha-concepcion-desde-fpp","src/content/calcs/calculadora-fecha-concepcion-desde-fpp.json","AR","fecha-concepcion-desde-fpp","true","","4","1","2","2","1","true","true","approved","passed"
"https://hacecuentas.com/calculadora-ffmi-indice-masa-libre-grasa","src/content/calcs/calculadora-ffmi-indice-masa-libre-grasa.json","AR","ffmi","true","","2","2","2","2","2","true","true","approved","passed"
"https://hacecuentas.com/calculadora-fiambre-queso-por-invitado-picada","src/content/calcs/calculadora-fiambre-queso-por-invitado-picada.json","AR","fiambre-queso-por-invitado-picada","true","","0","0","0","0","0","false","false","pending","passed"
"https://hacecuentas.com/calculadora-fire-retiro-temprano","src/content/calcs/calculadora-fire-retiro-temprano.json","AR","fire-retiro-temprano","true","","4","1","4","4","4","true","true","approved","passed"
"https://hacecuentas.com/calculadora-fondo-emergencia-meses","src/content/calcs/calculadora-fondo-emergencia-meses.json","AR","fondo-emergencia-meses","true","","3","0","2","2","0","false","false","pending","passed"
"https://hacecuentas.com/calculadora-fructosa-malabsorcion","src/content/calcs/calculadora-fructosa-malabsorcion.json","AR","fructosa-malabsorcion","true","","4","3","4","3","2","true","true","approved","passed"
"https://hacecuentas.com/calculadora-ftp-watts-ciclismo","src/content/calcs/calculadora-ftp-watts-ciclismo.json","AR","ftp-watts-ciclismo","true","","3","2","2","1","2","true","true","approved","passed"
"https://hacecuentas.com/calculadora-gaseosa-por-invitado-cumple-infantil","src/content/calcs/calculadora-gaseosa-por-invitado-cumple-infantil.json","AR","gaseosa-por-invitado-cumple-infantil","true","","10","10","10","10","10","true","true","approved","passed"
"https://hacecuentas.com/calculadora-gasto-cafe-anual","src/content/calcs/calculadora-gasto-cafe-anual.json","AR","calculadora-gasto-cafe-anual","true","","2","1","2","2","1","true","true","approved","passed"
"https://hacecuentas.com/calculadora-gato-persa-grooming-bano-frecuencia-costo","src/content/calcs/calculadora-gato-persa-grooming-bano-frecuencia-costo.json","AR","gato-persa-grooming-baño-frecuencia-costo","true","","3","1","1","1","1","true","true","approved","passed"
"https://hacecuentas.com/calculadora-globos-decoracion-salon-metros","src/content/calcs/calculadora-globos-decoracion-salon-metros.json","AR","globos-decoracion-salon-metros","true","","0","0","0","0","0","false","false","pending","passed"
"https://hacecuentas.com/calculadora-gpu-h100-renta-hora-cloud-comparativa","src/content/calcs/calculadora-gpu-h100-renta-hora-cloud-comparativa.json","AR","gpu-h100-renta-hora-cloud-comparativa","true","","5","4","4","3","4","true","true","approved","passed"
"https://hacecuentas.com/calculadora-grados-dia-calefaccion-refrigeracion-hdd-cdd-consumo","src/content/calcs/calculadora-grados-dia-calefaccion-refrigeracion-hdd-cdd-consumo.json","AR","grados-dia-hdd-cdd","true","","3","2","3","1","3","true","true","approved","passed"
"https://hacecuentas.com/calculadora-gross-margin-vs-net","src/content/calcs/calculadora-gross-margin-vs-net.json","AR","gross-margin-vs-net","true","","3","1","3","3","3","true","true","approved","passed"
"https://hacecuentas.com/calculadora-hidromiel-proporciones-miel-agua","src/content/calcs/calculadora-hidromiel-proporciones-miel-agua.json","AR","hidromiel-proporciones-miel-agua","true","","1","1","1","0","1","false","false","pending","passed"
"https://hacecuentas.com/calculadora-hierro-diario-vegetariano","src/content/calcs/calculadora-hierro-diario-vegetariano.json","AR","hierro-diario-vegetariano","true","","4","3","4","4","3","true","true","approved","passed"
"https://hacecuentas.com/calculadora-hipoteca-mensual-cuota-fija","src/content/calcs/calculadora-hipoteca-mensual-cuota-fija.json","AR","hipoteca-mensual-cuota-fija","true","","8","4","5","5","4","true","true","approved","passed"
"https://hacecuentas.com/calculadora-hipoteca-uva-santander-argentina","src/content/calcs/calculadora-hipoteca-uva-santander-argentina.json","AR","hipoteca-uva-santander","true","","4","3","3","2","3","true","true","approved","passed"
"https://hacecuentas.com/calculadora-honorarios-abogado-espana-turno-oficio","src/content/calcs/calculadora-honorarios-abogado-espana-turno-oficio.json","AR","honorarios-abogado-espana-turno-oficio","true","","4","4","4","2","4","true","true","approved","passed"
"https://hacecuentas.com/calculadora-horario-de-verano-cambio-hora-por-pais","src/content/calcs/calculadora-horario-de-verano-cambio-hora-por-pais.json","AR","horario-de-verano-cambio-hora-por-pais","true","","3","2","3","3","3","true","true","approved","passed"
"https://hacecuentas.com/calculadora-horario-llegada-zona-horaria","src/content/calcs/calculadora-horario-llegada-zona-horaria.json","AR","horario-llegada-zona-horaria","true","","3","2","3","3","3","true","true","approved","passed"
"https://hacecuentas.com/calculadora-horas-aprender-ingles-nivel-c1","src/content/calcs/calculadora-horas-aprender-ingles-nivel-c1.json","AR","horas-aprender-ingles-nivel-c1","true","","5","3","4","4","4","true","true","approved","passed"
"https://hacecuentas.com/calculadora-horas-aprender-portugues-b2","src/content/calcs/calculadora-horas-aprender-portugues-b2.json","AR","horas-aprender-portugues-b2","true","","5","4","5","4","5","true","true","approved","passed"
"https://hacecuentas.com/calculadora-horas-de-sueno-por-edad","src/content/calcs/calculadora-horas-de-sueno-por-edad.json","AR","horas-sueno","true","","3","1","2","2","2","true","true","approved","passed"
"https://hacecuentas.com/calculadora-horas-preparar-gre","src/content/calcs/calculadora-horas-preparar-gre.json","AR","horas-preparar-gre","true","","4","2","2","2","2","true","true","approved","passed"
"https://hacecuentas.com/calculadora-ibu-cerveza-lupulo-tinseth","src/content/calcs/calculadora-ibu-cerveza-lupulo-tinseth.json","AR","ibu-cerveza-lupulo-tinseth","true","","4","1","3","3","3","true","true","approved","passed"
"https://hacecuentas.com/calculadora-impermeabilizacion-techo-membrana-rollos-m2-costo","src/content/calcs/calculadora-impermeabilizacion-techo-membrana-rollos-m2-costo.json","AR","impermeabilizacion-techo-membrana-rollos-m2-costo","true","","3","1","1","1","1","true","true","approved","passed"
"https://hacecuentas.com/calculadora-ingreso-minimo-credito-hipotecario-uva-banco-nacion","src/content/calcs/calculadora-ingreso-minimo-credito-hipotecario-uva-banco-nacion.json","AR","ingreso-minimo-credito-hipotecario-uva-banco-nacion","true","","4","3","3","3","3","true","true","approved","passed"
"https://hacecuentas.com/calculadora-instagram-carrousel-slides-optimas","src/content/calcs/calculadora-instagram-carrousel-slides-optimas.json","AR","instagram-carrousel-slides-optimas","true","","3","2","2","2","2","true","true","approved","passed"
"https://hacecuentas.com/calculadora-interes-acumulado-tarjeta","src/content/calcs/calculadora-interes-acumulado-tarjeta.json","AR","interes-acumulado-tarjeta","true","","3","1","2","2","1","true","true","approved","passed"
"https://hacecuentas.com/calculadora-invitaciones-cumple-numero","src/content/calcs/calculadora-invitaciones-cumple-numero.json","AR","invitaciones-cumple-numero","true","","0","0","0","0","0","false","false","pending","passed"
"https://hacecuentas.com/calculadora-irpf-cataluna-2026-asalariado","src/content/calcs/calculadora-irpf-cataluna-2026-asalariado.json","AR","irpf-cataluna-2026","true","","4","2","2","1","2","true","true","approved","passed"
"https://hacecuentas.com/calculadora-iva-mexico-frontera-norte-sur-8-vs-16-comparador","src/content/calcs/calculadora-iva-mexico-frontera-norte-sur-8-vs-16-comparador.json","AR","iva-mexico-frontera-norte-sur-8-vs-16-comparador","true","","4","0","2","2","2","false","false","pending","passed"
"https://hacecuentas.com/calculadora-kindle-kdp-ingreso-ebook","src/content/calcs/calculadora-kindle-kdp-ingreso-ebook.json","AR","kindle-kdp-ingreso-ebook","true","","0","0","0","0","0","false","false","pending","passed"
"https://hacecuentas.com/calculadora-lactosa-alimento-intolerancia","src/content/calcs/calculadora-lactosa-alimento-intolerancia.json","AR","lactosa-alimento-intolerancia","true","","3","3","3","2","2","true","true","approved","passed"
"https://hacecuentas.com/calculadora-levadura-fermentacion-pizza-pan","src/content/calcs/calculadora-levadura-fermentacion-pizza-pan.json","AR","levadura-fermentacion","true","","4","1","3","2","2","true","true","approved","passed"
"https://hacecuentas.com/calculadora-licencia-examen-estudiante-trabajador-art-149-lct","src/content/calcs/calculadora-licencia-examen-estudiante-trabajador-art-149-lct.json","AR","licencia-examen-estudiante-lct-149","true","","3","3","3","3","3","true","true","approved","passed"
"https://hacecuentas.com/calculadora-licencia-maternidad-anses-90-dias-extension","src/content/calcs/calculadora-licencia-maternidad-anses-90-dias-extension.json","AR","licencia-maternidad-anses-90-dias-extension","true","","5","3","5","5","5","true","true","approved","passed"
"https://hacecuentas.com/calculadora-linkedin-posts-alcance","src/content/calcs/calculadora-linkedin-posts-alcance.json","AR","linkedin-posts-alcance","true","","2","0","0","0","0","false","false","pending","passed"
"https://hacecuentas.com/calculadora-macros-deficit-volumen-mantenimiento","src/content/calcs/calculadora-macros-deficit-volumen-mantenimiento.json","AR","macros-deficit-volumen-mantenimiento","true","","5","4","5","5","3","true","true","approved","passed"
"https://hacecuentas.com/calculadora-macros-keto-dieta","src/content/calcs/calculadora-macros-keto-dieta.json","AR","macros-keto-dieta","true","","3","3","3","2","2","true","true","approved","passed"
"https://hacecuentas.com/calculadora-macros-mediterranea","src/content/calcs/calculadora-macros-mediterranea.json","AR","macros-mediterranea","true","","3","2","3","3","3","true","true","approved","passed"
"https://hacecuentas.com/calculadora-madera-necesaria-mueble","src/content/calcs/calculadora-madera-necesaria-mueble.json","AR","madera-necesaria-mueble","true","","3","1","1","1","1","true","true","approved","passed"
"https://hacecuentas.com/calculadora-mcm-mcd-minimo-comun-multiplo","src/content/calcs/calculadora-mcm-mcd-minimo-comun-multiplo.json","AR","mcm-mcd","true","","2","2","2","2","1","true","true","approved","passed"
"https://hacecuentas.com/calculadora-meseros-necesarios-invitados","src/content/calcs/calculadora-meseros-necesarios-invitados.json","AR","meseros-necesarios-invitados","true","","0","0","0","0","0","false","false","pending","passed"
"https://hacecuentas.com/calculadora-metros-cuadrados-terreno-irregular-poligono","src/content/calcs/calculadora-metros-cuadrados-terreno-irregular-poligono.json","AR","m2-terreno-irregular-poligono","true","","3","2","2","1","2","true","true","approved","passed"
"https://hacecuentas.com/calculadora-metros-cuadrados-vivienda-por-persona","src/content/calcs/calculadora-metros-cuadrados-vivienda-por-persona.json","AR","calculadora-metros-cuadrados-vivienda-por-persona","true","","2","2","2","1","2","true","true","approved","passed"
"https://hacecuentas.com/calculadora-mezcla-2-tiempos-nafta-aceite","src/content/calcs/calculadora-mezcla-2-tiempos-nafta-aceite.json","AR","calculadora-mezcla-2-tiempos-nafta-aceite","true","","1","1","1","1","1","true","true","approved","passed"
"https://hacecuentas.com/calculadora-millas-american-aa-destino","src/content/calcs/calculadora-millas-american-aa-destino.json","AR","millas-american-aa-destino","true","","3","2","3","1","2","true","true","approved","passed"
"https://hacecuentas.com/calculadora-millas-avianca-lifemiles","src/content/calcs/calculadora-millas-avianca-lifemiles.json","AR","millas-avianca-lifemiles","true","","0","0","0","0","0","false","false","pending","passed"
"https://hacecuentas.com/calculadora-millas-latam-destino","src/content/calcs/calculadora-millas-latam-destino.json","AR","millas-latam-destino","true","","1","0","1","1","1","false","false","pending","passed"
"https://hacecuentas.com/calculadora-millas-united-mileageplus","src/content/calcs/calculadora-millas-united-mileageplus.json","AR","millas-united-mileageplus","true","","0","0","0","0","0","false","false","pending","passed"
"https://hacecuentas.com/calculadora-modelismo-pintura-figuras-tiempo-warhammer-citadel","src/content/calcs/calculadora-modelismo-pintura-figuras-tiempo-warhammer-citadel.json","AR","modelismo-pintura-figuras-tiempo-warhammer-citadel","true","","3","2","2","2","2","true","true","approved","passed"
"https://hacecuentas.com/calculadora-monotributo-categoria-2026-recategorizacion-julio","src/content/calcs/calculadora-monotributo-categoria-2026-recategorizacion-julio.json","AR","monotributo-categoria-2026-recategorizacion-julio","true","","3","2","2","2","2","true","true","approved","passed"
"https://hacecuentas.com/calculadora-motogp-puntos-campeonato-restantes","src/content/calcs/calculadora-motogp-puntos-campeonato-restantes.json","AR","motogp-puntos-restantes","true","","3","2","2","1","2","true","true","approved","passed"
"https://hacecuentas.com/calculadora-mundial-2026-bonus-jugador-fase","src/content/calcs/calculadora-mundial-2026-bonus-jugador-fase.json","AR","mundial-2026-bonus-jugador-fase","true","","3","3","3","2","3","true","true","approved","passed"
"https://hacecuentas.com/calculadora-mundial-2026-botin-oro-goleador-estimador","src/content/calcs/calculadora-mundial-2026-botin-oro-goleador-estimador.json","AR","mundial-2026-botin-oro-goleador-estimador","true","","4","3","4","4","4","true","true","approved","passed"
"https://hacecuentas.com/calculadora-mundial-2026-camiseta-precio-comparador","src/content/calcs/calculadora-mundial-2026-camiseta-precio-comparador.json","AR","mundial-2026-camiseta-precio-comparador","true","","4","1","2","2","2","true","true","approved","passed"
"https://hacecuentas.com/calculadora-mundial-2026-cerveza-comida-estadio-precio","src/content/calcs/calculadora-mundial-2026-cerveza-comida-estadio-precio.json","AR","mundial-2026-cerveza-comida-estadio-precio","true","","4","3","3","2","3","true","true","approved","passed"
"https://hacecuentas.com/calculadora-mundial-2026-costo-entrada-fase","src/content/calcs/calculadora-mundial-2026-costo-entrada-fase.json","AR","mundial-2026-costo-entrada","true","","3","2","2","2","2","true","true","approved","passed"
"https://hacecuentas.com/calculadora-mundial-2026-costo-viaje-miami-toronto-cdmx","src/content/calcs/calculadora-mundial-2026-costo-viaje-miami-toronto-cdmx.json","AR","mundial-2026-costo-viaje","true","","4","4","4","3","4","true","true","approved","passed"
"https://hacecuentas.com/calculadora-mundial-2026-descanso-entre-partidos","src/content/calcs/calculadora-mundial-2026-descanso-entre-partidos.json","AR","mundial-2026-descanso","true","","3","1","1","1","1","true","true","approved","passed"
"https://hacecuentas.com/calculadora-mundial-2026-dias-hasta-debut-seleccion","src/content/calcs/calculadora-mundial-2026-dias-hasta-debut-seleccion.json","AR","mundial-2026-dias-debut","true","","4","4","4","2","4","true","true","approved","passed"
"https://hacecuentas.com/calculadora-mundial-2026-diferencia-gol-desempate","src/content/calcs/calculadora-mundial-2026-diferencia-gol-desempate.json","AR","mundial-2026-diferencia-gol","true","","3","2","2","1","2","true","true","approved","passed"
"https://hacecuentas.com/calculadora-mundial-2026-en-que-canal-pasan-el-partido-por-pais","src/content/calcs/calculadora-mundial-2026-en-que-canal-pasan-el-partido-por-pais.json","AR","mundial-2026-en-que-canal-pasan-el-partido-por-pais","true","","3","3","3","3","3","true","true","approved","passed"
"https://hacecuentas.com/calculadora-mundial-2026-estadios-comparador","src/content/calcs/calculadora-mundial-2026-estadios-comparador.json","AR","mundial-2026-estadios-comparador","true","","3","3","3","3","3","true","true","approved","passed"
"https://hacecuentas.com/calculadora-mundial-2026-goles-argentina-repetir-titulo","src/content/calcs/calculadora-mundial-2026-goles-argentina-repetir-titulo.json","AR","mundial-2026-goles-argentina","true","","4","4","4","2","4","true","true","approved","passed"
"https://hacecuentas.com/calculadora-mundial-2026-goles-prorroga-promedio","src/content/calcs/calculadora-mundial-2026-goles-prorroga-promedio.json","AR","mundial-2026-goles-prorroga","true","","3","2","2","1","2","true","true","approved","passed"
"https://hacecuentas.com/calculadora-mundial-2026-partidos-faltantes-seleccion","src/content/calcs/calculadora-mundial-2026-partidos-faltantes-seleccion.json","AR","mundial-2026-partidos-faltantes","true","","3","1","1","1","1","true","true","approved","passed"
"https://hacecuentas.com/calculadora-mundial-2026-predictor-campeon-ranking","src/content/calcs/calculadora-mundial-2026-predictor-campeon-ranking.json","AR","mundial-2026-predictor-campeon-ranking","true","","4","4","4","3","4","true","true","approved","passed"
"https://hacecuentas.com/calculadora-mundial-2026-quiniela-pool-probabilidad","src/content/calcs/calculadora-mundial-2026-quiniela-pool-probabilidad.json","AR","mundial-2026-quiniela-pool-probabilidad","true","","4","2","4","4","4","true","true","approved","passed"
"https://hacecuentas.com/calculadora-newsletter-ingreso-suscriptores-pago","src/content/calcs/calculadora-newsletter-ingreso-suscriptores-pago.json","AR","newsletter-ingreso-suscriptores-pago","true","","4","3","3","3","3","true","true","approved","passed"
"https://hacecuentas.com/calculadora-ninera-hora-noche-fin-de-semana-tarifa","src/content/calcs/calculadora-ninera-hora-noche-fin-de-semana-tarifa.json","AR","ninera-hora-noche-fin-de-semana-tarifa","true","","3","2","2","2","2","true","true","approved","passed"
"https://hacecuentas.com/calculadora-nivel-goethe-aleman","src/content/calcs/calculadora-nivel-goethe-aleman.json","AR","nivel-goethe-aleman","true","","3","2","3","3","3","true","true","approved","passed"
"https://hacecuentas.com/calculadora-paritaria-camioneros-2026-flete-larga-distancia","src/content/calcs/calculadora-paritaria-camioneros-2026-flete-larga-distancia.json","AR","paritaria-camioneros-2026-flete-larga-distancia","true","","4","3","3","3","3","true","true","approved","passed"
"https://hacecuentas.com/calculadora-paritaria-comercio-2026-aumento-acumulado","src/content/calcs/calculadora-paritaria-comercio-2026-aumento-acumulado.json","AR","paritaria-comercio-2026-aumento-acumulado","true","","3","2","2","0","2","false","false","pending","passed"
"https://hacecuentas.com/calculadora-paritaria-uocra-construccion-2026-categoria","src/content/calcs/calculadora-paritaria-uocra-construccion-2026-categoria.json","AR","paritaria-uocra-construccion-2026-categoria","true","","5","4","4","3","4","true","true","approved","passed"
"https://hacecuentas.com/calculadora-pasaporte-renovacion-costo-tiempo","src/content/calcs/calculadora-pasaporte-renovacion-costo-tiempo.json","AR","pasaporte-renovacion-costo-tiempo","true","","4","4","4","2","4","true","true","approved","passed"
"https://hacecuentas.com/calculadora-pasos-a-kilometros","src/content/calcs/calculadora-pasos-a-kilometros.json","AR","calculadora-pasos-a-kilometros","true","","2","2","2","0","2","false","false","pending","passed"
"https://hacecuentas.com/calculadora-piscina-cloro-mantenimiento-mensual-litros-tamano","src/content/calcs/calculadora-piscina-cloro-mantenimiento-mensual-litros-tamano.json","AR","piscina-cloro-mantenimiento-mensual-litros-tamaño","true","","3","1","1","0","1","false","false","pending","passed"
"https://hacecuentas.com/calculadora-pizza-por-invitado-porciones","src/content/calcs/calculadora-pizza-por-invitado-porciones.json","AR","pizza-por-invitado-porciones","true","","10","9","9","8","9","true","true","approved","passed"
"https://hacecuentas.com/calculadora-plan-maraton-semanas-experiencia","src/content/calcs/calculadora-plan-maraton-semanas-experiencia.json","AR","plan-maraton-semanas","true","","3","3","3","1","3","true","true","approved","passed"
"https://hacecuentas.com/calculadora-plantas-purificar-aire-habitacion","src/content/calcs/calculadora-plantas-purificar-aire-habitacion.json","AR","calculadora-plantas-purificar-aire-habitacion","true","","2","1","1","1","1","true","true","approved","passed"
"https://hacecuentas.com/calculadora-poisson-goles-esperados-partido","src/content/calcs/calculadora-poisson-goles-esperados-partido.json","AR","poisson-goles-partido","true","","4","1","2","1","2","true","true","approved","passed"
"https://hacecuentas.com/calculadora-porcentaje-aumento-disminucion","src/content/calcs/calculadora-porcentaje-aumento-disminucion.json","AR","porcentaje-aumento-disminucion","true","","3","2","3","3","1","true","true","approved","passed"
"https://hacecuentas.com/calculadora-porcentaje-pases-completados-top-5-ligas","src/content/calcs/calculadora-porcentaje-pases-completados-top-5-ligas.json","AR","porcentaje-pases-completados","true","","4","2","3","1","3","true","true","approved","passed"
"https://hacecuentas.com/calculadora-portal-nether-overworld-minecraft","src/content/calcs/calculadora-portal-nether-overworld-minecraft.json","AR","portal-nether-overworld","true","","3","0","2","2","2","false","false","pending","passed"
"https://hacecuentas.com/calculadora-position-size-cripto-leverage","src/content/calcs/calculadora-position-size-cripto-leverage.json","AR","position-size-cripto-leverage","true","","4","2","3","3","3","true","true","approved","passed"
"https://hacecuentas.com/calculadora-position-size-forex-pips-riesgo","src/content/calcs/calculadora-position-size-forex-pips-riesgo.json","AR","position-size-forex-pips-riesgo","true","","6","0","4","4","4","false","false","pending","passed"
"https://hacecuentas.com/calculadora-presion-atmosferica-altitud-barometrica","src/content/calcs/calculadora-presion-atmosferica-altitud-barometrica.json","AR","presion-atmosferica-altitud","true","","10","8","8","7","8","true","true","approved","passed"
"https://hacecuentas.com/calculadora-prestamo-personal-cuota-mensual","src/content/calcs/calculadora-prestamo-personal-cuota-mensual.json","AR","prestamo-personal-cuota-mensual","true","","4","2","2","2","2","true","true","approved","passed"
"https://hacecuentas.com/calculadora-presupuesto-casamiento-por-invitado","src/content/calcs/calculadora-presupuesto-casamiento-por-invitado.json","AR","presupuesto-casamiento-por-invitado","true","","0","0","0","0","0","false","false","pending","passed"
"https://hacecuentas.com/calculadora-presupuesto-cumple-15-quinceanera","src/content/calcs/calculadora-presupuesto-cumple-15-quinceanera.json","AR","presupuesto-cumple-15-quinceanera","true","","0","0","0","0","0","false","false","pending","passed"
"https://hacecuentas.com/calculadora-presupuesto-graduacion","src/content/calcs/calculadora-presupuesto-graduacion.json","AR","presupuesto-graduacion","true","","0","0","0","0","0","false","false","pending","passed"
"https://hacecuentas.com/calculadora-presupuesto-viaje-dubai","src/content/calcs/calculadora-presupuesto-viaje-dubai.json","AR","presupuesto-viaje-dubai","true","","1","1","1","1","1","true","true","approved","passed"
"https://hacecuentas.com/calculadora-presupuesto-viaje-lima-peru","src/content/calcs/calculadora-presupuesto-viaje-lima-peru.json","AR","presupuesto-viaje-lima-peru","true","","1","1","1","1","1","true","true","approved","passed"
"https://hacecuentas.com/calculadora-presupuesto-viaje-madrid","src/content/calcs/calculadora-presupuesto-viaje-madrid.json","AR","presupuesto-viaje-madrid","true","","1","1","1","1","1","true","true","approved","passed"
"https://hacecuentas.com/calculadora-presupuesto-viaje-rio-janeiro","src/content/calcs/calculadora-presupuesto-viaje-rio-janeiro.json","AR","presupuesto-viaje-rio-janeiro","true","","1","1","1","1","1","true","true","approved","passed"
"https://hacecuentas.com/calculadora-presupuesto-viaje-santiago-chile","src/content/calcs/calculadora-presupuesto-viaje-santiago-chile.json","AR","presupuesto-viaje-santiago-chile","true","","1","1","1","1","1","true","true","approved","passed"
"https://hacecuentas.com/calculadora-primer-millon-ahorro-interes","src/content/calcs/calculadora-primer-millon-ahorro-interes.json","AR","calculadora-primer-millon-ahorro-interes","true","","2","0","2","2","1","false","false","pending","passed"
"https://hacecuentas.com/calculadora-promedio-goles-tiempo-anadido-drama-late-match","src/content/calcs/calculadora-promedio-goles-tiempo-anadido-drama-late-match.json","AR","goles-tiempo-anadido","true","","4","2","3","3","2","true","true","approved","passed"
"https://hacecuentas.com/calculadora-proporciones-receta","src/content/calcs/calculadora-proporciones-receta.json","AR","calculadora-proporciones-receta","true","","1","0","0","0","0","false","false","pending","passed"
"https://hacecuentas.com/calculadora-puntaje-delf-frances","src/content/calcs/calculadora-puntaje-delf-frances.json","AR","puntaje-delf-frances","true","","3","2","3","2","3","true","true","approved","passed"
"https://hacecuentas.com/calculadora-que-generacion-sos","src/content/calcs/calculadora-que-generacion-sos.json","AR","calculadora-que-generacion-sos","true","","3","3","3","3","3","true","true","approved","passed"
"https://hacecuentas.com/calculadora-que-porcentaje-es-un-numero-de-otro","src/content/calcs/calculadora-que-porcentaje-es-un-numero-de-otro.json","AR","que-porcentaje-es-un-numero","true","","2","2","2","2","2","true","true","approved","passed"
"https://hacecuentas.com/calculadora-quita-jubilatoria-bono-refuerzo-anses-2026","src/content/calcs/calculadora-quita-jubilatoria-bono-refuerzo-anses-2026.json","AR","quita-jubilatoria-bono-refuerzo-anses-2026","true","","4","2","4","3","4","true","true","approved","passed"
"https://hacecuentas.com/calculadora-record-messi-goles-competencia-club-seleccion","src/content/calcs/calculadora-record-messi-goles-competencia-club-seleccion.json","AR","record-messi-competencia","true","","4","2","3","2","3","true","true","approved","passed"
"https://hacecuentas.com/calculadora-regalias-spotify-por-pais-streams-dolares","src/content/calcs/calculadora-regalias-spotify-por-pais-streams-dolares.json","AR","regalias-spotify-pais","true","","5","3","4","1","4","true","true","approved","passed"
"https://hacecuentas.com/calculadora-regalo-boda-apropiado-invitado","src/content/calcs/calculadora-regalo-boda-apropiado-invitado.json","AR","regalo-boda-apropiado-invitado","true","","0","0","0","0","0","false","false","pending","passed"
"https://hacecuentas.com/calculadora-regalos-invitado-souvenir","src/content/calcs/calculadora-regalos-invitado-souvenir.json","AR","regalos-invitado-souvenir","true","","0","0","0","0","0","false","false","pending","passed"
"https://hacecuentas.com/calculadora-regla-72-duplicar-dinero","src/content/calcs/calculadora-regla-72-duplicar-dinero.json","AR","regla-72-duplicar-dinero","true","","6","0","2","2","0","false","false","pending","passed"
"https://hacecuentas.com/calculadora-regla-de-tres-simple","src/content/calcs/calculadora-regla-de-tres-simple.json","AR","regla-de-tres-simple","true","","2","2","2","2","2","true","true","approved","passed"
"https://hacecuentas.com/calculadora-relacion-de-aspecto","src/content/calcs/calculadora-relacion-de-aspecto.json","AR","calculadora-relacion-de-aspecto","true","","3","2","2","2","2","true","true","approved","passed"
"https://hacecuentas.com/calculadora-remesa-western-union-usa-mexico","src/content/calcs/calculadora-remesa-western-union-usa-mexico.json","AR","remesa-wu-usa-mexico","true","","4","3","4","3","3","true","true","approved","passed"
"https://hacecuentas.com/calculadora-repaso-optimo-examen","src/content/calcs/calculadora-repaso-optimo-examen.json","AR","repaso-optimo-examen","true","","3","1","3","3","3","true","true","approved","passed"
"https://hacecuentas.com/calculadora-rollos-empapelado-papel-pared","src/content/calcs/calculadora-rollos-empapelado-papel-pared.json","AR","calculadora-rollos-empapelado-papel-pared","true","","1","1","1","1","1","true","true","approved","passed"
"https://hacecuentas.com/calculadora-rural-rentabilidad-hectarea-soja-maiz-trigo-2026","src/content/calcs/calculadora-rural-rentabilidad-hectarea-soja-maiz-trigo-2026.json","AR","rural-rentabilidad-hectarea-soja-maiz-trigo-2026","true","","4","3","3","2","3","true","true","approved","passed"
"https://hacecuentas.com/calculadora-semanas-meses-trimestres-embarazo","src/content/calcs/calculadora-semanas-meses-trimestres-embarazo.json","AR","semanas-meses-trimestres-embarazo","true","","3","3","3","3","2","true","true","approved","passed"
"https://hacecuentas.com/calculadora-share-of-voice-marketing","src/content/calcs/calculadora-share-of-voice-marketing.json","AR","share-of-voice-marketing","true","","3","3","3","2","3","true","true","approved","passed"
"https://hacecuentas.com/calculadora-sillas-mesas-invitados","src/content/calcs/calculadora-sillas-mesas-invitados.json","AR","sillas-mesas-invitados","true","","3","0","2","2","0","false","false","pending","passed"
"https://hacecuentas.com/calculadora-sube-argentina-costo-viaje-gasto-mensual","src/content/calcs/calculadora-sube-argentina-costo-viaje-gasto-mensual.json","AR","calculadora-sube-argentina-costo-viaje-gasto-mensual","true","","3","3","3","3","3","true","true","approved","passed"
"https://hacecuentas.com/calculadora-sueldo-en-dolares-poder-compra","src/content/calcs/calculadora-sueldo-en-dolares-poder-compra.json","AR","calculadora-sueldo-en-dolares-poder-compra","true","","10","9","9","9","9","true","true","approved","passed"
"https://hacecuentas.com/calculadora-sushi-piezas-por-persona-evento-cumpleanos","src/content/calcs/calculadora-sushi-piezas-por-persona-evento-cumpleanos.json","AR","sushi-piezas-por-persona-evento-cumpleanos","true","","2","1","1","1","1","true","true","approved","passed"
"https://hacecuentas.com/calculadora-sushi-por-invitado-cena","src/content/calcs/calculadora-sushi-por-invitado-cena.json","AR","sushi-por-invitado-cena","true","","0","0","0","0","0","false","false","pending","passed"
"https://hacecuentas.com/calculadora-sustituto-huevo-vegano-receta","src/content/calcs/calculadora-sustituto-huevo-vegano-receta.json","AR","sustituto-huevo-vegano","true","","4","2","2","0","2","false","false","pending","passed"
"https://hacecuentas.com/calculadora-tarifa-electrica-edenor-edesur-segmentacion-n1-n2-n3","src/content/calcs/calculadora-tarifa-electrica-edenor-edesur-segmentacion-n1-n2-n3.json","AR","tarifa-electrica-edenor-edesur-segmentacion-n1-n2-n3","true","","5","4","4","4","3","true","true","approved","passed"
"https://hacecuentas.com/calculadora-tarifario-creador-contenido-multiplataforma","src/content/calcs/calculadora-tarifario-creador-contenido-multiplataforma.json","AR","tarifario-creador-contenido-multiplataforma","true","","3","2","2","2","2","true","true","approved","passed"
"https://hacecuentas.com/calculadora-tasa-anual-equivalente-tea","src/content/calcs/calculadora-tasa-anual-equivalente-tea.json","AR","tasa-anual-equivalente-tea","true","","3","2","3","3","3","true","true","approved","passed"
"https://hacecuentas.com/calculadora-temperatura-horno-celsius-fahrenheit-gas","src/content/calcs/calculadora-temperatura-horno-celsius-fahrenheit-gas.json","AR","temperatura-horno-conversion","true","","4","2","3","2","2","true","true","approved","passed"
"https://hacecuentas.com/calculadora-tiempo-c1-ingles-horas-semanales-meta-meses","src/content/calcs/calculadora-tiempo-c1-ingles-horas-semanales-meta-meses.json","AR","tiempo-c1-ingles-horas-semanales-meta-meses","true","","3","1","2","2","2","true","true","approved","passed"
"https://hacecuentas.com/calculadora-tiempo-conexion-aeropuerto-internacional","src/content/calcs/calculadora-tiempo-conexion-aeropuerto-internacional.json","AR","tiempo-conexion-aeropuerto","true","","3","2","3","2","2","true","true","approved","passed"
"https://hacecuentas.com/calculadora-tiempo-ensayo-universitario","src/content/calcs/calculadora-tiempo-ensayo-universitario.json","AR","tiempo-ensayo-universitario","true","","4","3","4","4","4","true","true","approved","passed"
"https://hacecuentas.com/calculadora-tiktok-duracion-optima-video","src/content/calcs/calculadora-tiktok-duracion-optima-video.json","AR","tiktok-duracion-optima-video","true","","3","2","2","2","2","true","true","approved","passed"
"https://hacecuentas.com/calculadora-tiktok-live-diamonds-dolares","src/content/calcs/calculadora-tiktok-live-diamonds-dolares.json","AR","tiktok-live-diamonds-dolares","true","","3","2","3","2","3","true","true","approved","passed"
"https://hacecuentas.com/calculadora-tokens-por-modelo-de-ia-costo","src/content/calcs/calculadora-tokens-por-modelo-de-ia-costo.json","AR","tokens-por-modelo-de-ia-costo","true","","3","2","3","3","3","true","true","approved","passed"
"https://hacecuentas.com/calculadora-top-10-goleadores-historico-mundial-fifa","src/content/calcs/calculadora-top-10-goleadores-historico-mundial-fifa.json","AR","top-goleadores-mundial","true","","4","1","2","2","2","true","true","approved","passed"
"https://hacecuentas.com/calculadora-traslado-aeropuerto-ciudad-tiempo","src/content/calcs/calculadora-traslado-aeropuerto-ciudad-tiempo.json","AR","traslado-aeropuerto-ciudad-tiempo","true","","0","0","0","0","0","false","false","pending","passed"
"https://hacecuentas.com/calculadora-twitter-x-monetizacion-ingreso","src/content/calcs/calculadora-twitter-x-monetizacion-ingreso.json","AR","twitter-x-monetizacion-ingreso","true","","0","0","0","0","0","false","false","pending","passed"
"https://hacecuentas.com/calculadora-uber-driver-chile-ganancia-neta","src/content/calcs/calculadora-uber-driver-chile-ganancia-neta.json","AR","uber-driver-chile","true","","4","4","4","2","4","true","true","approved","passed"
"https://hacecuentas.com/calculadora-uber-driver-mexico-costos-reales","src/content/calcs/calculadora-uber-driver-mexico-costos-reales.json","AR","uber-driver-mexico","true","","3","2","3","3","3","true","true","approved","passed"
"https://hacecuentas.com/calculadora-ugc-tarifa-contenido-marca","src/content/calcs/calculadora-ugc-tarifa-contenido-marca.json","AR","ugc-tarifa-contenido-marca","true","","3","1","1","1","1","true","true","approved","passed"
"https://hacecuentas.com/calculadora-vacaciones-empleada-casa-particular-antiguedad-dias","src/content/calcs/calculadora-vacaciones-empleada-casa-particular-antiguedad-dias.json","AR","vacaciones-empleada-casa-particular","true","","3","3","3","3","3","true","true","approved","passed"
"https://hacecuentas.com/calculadora-vacuna-fiebre-amarilla-cuanto-antes","src/content/calcs/calculadora-vacuna-fiebre-amarilla-cuanto-antes.json","AR","vacuna-fiebre-amarilla-cuanto-antes","true","","3","1","1","1","1","true","true","approved","passed"
"https://hacecuentas.com/calculadora-vacunas-obligatorias-destino-viaje","src/content/calcs/calculadora-vacunas-obligatorias-destino-viaje.json","AR","vacunas-obligatorias-destino-viaje","true","","11","11","11","11","11","true","true","approved","passed"
"https://hacecuentas.com/calculadora-vajilla-alquiler-invitados","src/content/calcs/calculadora-vajilla-alquiler-invitados.json","AR","vajilla-alquiler-invitados","true","","0","0","0","0","0","false","false","pending","passed"
"https://hacecuentas.com/calculadora-valor-empresa-multiplo-ebitda","src/content/calcs/calculadora-valor-empresa-multiplo-ebitda.json","AR","valor-empresa-multiplo-ebitda","true","","3","2","3","3","3","true","true","approved","passed"
"https://hacecuentas.com/calculadora-valor-millas-punto-centavos","src/content/calcs/calculadora-valor-millas-punto-centavos.json","AR","valor-millas-punto-centavos","true","","3","0","0","0","0","false","false","pending","passed"
"https://hacecuentas.com/calculadora-valor-millas-viajero-frecuente","src/content/calcs/calculadora-valor-millas-viajero-frecuente.json","AR","valor-millas-viajero-frecuente","true","","3","2","2","1","2","true","true","approved","passed"
"https://hacecuentas.com/calculadora-valor-presente-neto-vpn","src/content/calcs/calculadora-valor-presente-neto-vpn.json","AR","valor-presente-neto-vpn","true","","4","2","3","3","3","true","true","approved","passed"
"https://hacecuentas.com/calculadora-vida-utilizada-porcentaje","src/content/calcs/calculadora-vida-utilizada-porcentaje.json","AR","vida-utilizada-porcentaje","true","","3","3","3","3","3","true","true","approved","passed"
"https://hacecuentas.com/calculadora-vino-por-invitado-horas-evento","src/content/calcs/calculadora-vino-por-invitado-horas-evento.json","AR","vino-por-invitado-horas-evento","true","","0","0","0","0","0","false","false","pending","passed"
"https://hacecuentas.com/calculadora-visa-brasil-ciudadano-argentino","src/content/calcs/calculadora-visa-brasil-ciudadano-argentino.json","AR","visa-brasil-ciudadano-argentino","true","","0","0","0","0","0","false","false","pending","passed"
"https://hacecuentas.com/calculadora-visa-china-turista-costo","src/content/calcs/calculadora-visa-china-turista-costo.json","AR","visa-china-turista-costo","true","","3","3","3","2","3","true","true","approved","passed"
"https://hacecuentas.com/calculadora-visa-japon-argentino","src/content/calcs/calculadora-visa-japon-argentino.json","AR","visa-japon-argentino","true","","0","0","0","0","0","false","false","pending","passed"
"https://hacecuentas.com/calculadora-visa-usa-costo-tiempo-pasaporte","src/content/calcs/calculadora-visa-usa-costo-tiempo-pasaporte.json","AR","visa-usa-costo-tiempo-pasaporte","true","","3","2","3","2","3","true","true","approved","passed"
"https://hacecuentas.com/calculadora-volatilidad-implicita-opciones","src/content/calcs/calculadora-volatilidad-implicita-opciones.json","AR","volatilidad-implicita-opciones","true","","3","1","3","3","2","true","true","approved","passed"
"https://hacecuentas.com/calculadora-vuelo-emisiones-co2-pasajero","src/content/calcs/calculadora-vuelo-emisiones-co2-pasajero.json","AR","vuelo-emisiones-co2-pasajero","true","","3","3","3","2","3","true","true","approved","passed"
"https://hacecuentas.com/calculadora-youtube-shorts-fund-ingreso","src/content/calcs/calculadora-youtube-shorts-fund-ingreso.json","AR","youtube-shorts-fund-ingreso","true","","7","5","5","4","5","true","true","approved","passed"
"https://hacecuentas.com/calculadora-calendario-ecografias-embarazo-semanas","src/content/calcs/calendario-ecografias-embarazo-semanas.json","AR","calendario-ecografias-embarazo-semanas","true","","15","12","12","12","12","true","true","approved","passed"
"https://hacecuentas.com/calculadora-calendario-estudio-parciales","src/content/calcs/calendario-estudio-parciales.json","AR","calendario-estudio-parciales","true","","4","3","4","4","4","true","true","approved","passed"
"https://hacecuentas.com/calculadora-calidad-sueno-pittsburgh","src/content/calcs/calidad-sueno-pittsburgh.json","AR","calidad-sueno-pittsburgh","true","","3","3","3","2","3","true","true","approved","passed"
"https://hacecuentas.com/calculadora-calor-especifico-delta-t","src/content/calcs/calor-especifico-delta-t.json","AR","calor-especifico-delta-t","true","","2","2","2","1","2","true","true","approved","passed"
"https://hacecuentas.com/calculadora-calorias-alimento-porcion","src/content/calcs/calorias-alimento.json","AR","calorias-alimento","true","","5","5","5","5","4","true","true","approved","passed"
"https://hacecuentas.com/calculadora-calorias-ciclismo-watts","src/content/calcs/calorias-ciclismo-watts.json","AR","calorias-ciclismo-watts","true","","3","3","3","3","2","true","true","approved","passed"
"https://hacecuentas.com/calculadora-calorias-quemadas-deporte","src/content/calcs/calorias-deporte.json","AR","calorias-deporte","true","","4","3","3","2","3","true","true","approved","passed"
"https://hacecuentas.com/calculadora-calorias-embarazo-trimestre","src/content/calcs/calorias-embarazo-trimestre.json","AR","calorias-embarazo-trimestre","true","","3","3","3","3","2","true","true","approved","passed"
"https://hacecuentas.com/calculadora-calorias-gym-pesas-hora","src/content/calcs/calorias-gym-pesas-hora.json","AR","calorias-gym-pesas-hora","true","","4","4","4","1","3","true","true","approved","passed"
"https://hacecuentas.com/calculadora-calorias-palta-aguacate-completa-mitad","src/content/calcs/calorias-palta-aguacate-completa-mitad.json","AR","calorias-palta-aguacate-completa-mitad","true","","5","3","4","4","4","true","true","approved","passed"
"https://hacecuentas.com/calculadora-calorias-aproximadas-receta-plato","src/content/calcs/calorias-receta.json","AR","calorias-receta","true","","2","2","2","2","1","true","true","approved","passed"
"https://hacecuentas.com/calculadora-calorias-remo-indoor-ergometro","src/content/calcs/calorias-remo.json","AR","calorias-remo","true","","2","2","2","1","2","true","true","approved","passed"
"https://hacecuentas.com/calculadora-calorias-sexo-relacion-intima-duracion","src/content/calcs/calorias-sexo-relacion-intima-duracion.json","AR","calorias-sexo-relacion-intima-duracion","true","","5","5","5","5","5","true","true","approved","passed"
"https://hacecuentas.com/calculadora-calorias-ski-snowboard-montana","src/content/calcs/calorias-ski-snowboard-montana.json","AR","calorias-ski-snowboard-montana","true","","3","3","3","2","3","true","true","approved","passed"
"https://hacecuentas.com/calculadora-calorias-diarias-tdee","src/content/calcs/calorias-tdee.json","AR","calorias-tdee","true","","3","2","2","2","2","true","true","approved","passed"
"https://hacecuentas.com/conversor-dolar-euro-pesos-argentinos","src/content/calcs/cambio-moneda.json","AR","cambio-moneda","true","","3","2","2","2","2","true","true","approved","passed"
"https://hacecuentas.com/calculadora-canasta-basica-hogar-inec-gasto-mensual","src/content/calcs/canasta-basica-hogar-inec-gasto-mensual.json","AR","canasta-basica-hogar-inec-gasto-mensual","true","","4","4","4","4","4","true","true","approved","passed"
"https://hacecuentas.com/calculadora-cantidad-ladrillos-metro-cuadrado-pared","src/content/calcs/cantidad-ladrillos-metro-cuadrado-pared.json","AR","cantidad-ladrillos-metro-cuadrado-pared","true","","5","3","3","1","2","true","true","approved","passed"
"https://hacecuentas.com/calculadora-cantidad-plantas-seto-metros","src/content/calcs/cantidad-plantas-seto-metros.json","AR","cantidad-plantas-seto-metros","true","","4","3","4","3","3","true","true","approved","passed"
"https://hacecuentas.com/calculadora-cantidad-ventanas-luz-natural-m2","src/content/calcs/cantidad-ventanas-luz-natural-m2.json","AR","cantidad-ventanas-luz-natural-m2","true","","2","1","1","0","1","false","false","pending","passed"
"https://hacecuentas.com/calculadora-carbohidratos-durante-ejercicio","src/content/calcs/carbohidratos-durante-ejercicio.json","AR","carbohidratos-durante-ejercicio","true","","9","5","7","7","7","true","true","approved","passed"
"https://hacecuentas.com/calculadora-carga-capacitor-constante-rc","src/content/calcs/carga-capacitor-constante-rc.json","AR","carga-capacitor-constante-rc","true","","3","2","3","3","2","true","true","approved","passed"
"https://hacecuentas.com/calculadora-carta-natal-basica","src/content/calcs/carta-natal-basica.json","AR","carta-natal-basica","true","","3","2","3","2","2","true","true","approved","passed"
"https://hacecuentas.com/calculadora-castracion-edad-ideal-perro-gato","src/content/calcs/castracion-edad-ideal-perro-gato.json","AR","castracion-edad-ideal-perro-gato","true","","3","2","2","1","2","true","true","approved","passed"
"https://hacecuentas.com/calculadora-categoria-cable-ethernet-velocidad-distancia","src/content/calcs/categoria-cable-ethernet-velocidad-distancia.json","AR","categoria-cable-ethernet-velocidad-distancia","true","","3","3","3","2","3","true","true","approved","passed"
"https://hacecuentas.com/calculadora-cedears-ratio-conversion-apple-microsoft","src/content/calcs/cedears-ratio-conversion-apple-microsoft.json","AR","cedears-ratio-conversion-apple-microsoft","true","","5","3","3","2","2","true","true","approved","passed"
"https://hacecuentas.com/calculadora-cemento-arena-piedra-por-m3-hormigon","src/content/calcs/cemento-m3.json","AR","cemento-m3","true","","4","2","2","0","2","false","false","pending","passed"
"https://hacecuentas.com/calculadora-cerramiento-perimetro-casa-ladrillos-costo","src/content/calcs/cerramiento-perimetro-casa-ladrillos-costo.json","AR","cerramiento-perimetro-casa-ladrillos-costo","true","","4","3","3","3","3","true","true","approved","passed"
"https://hacecuentas.com/calculadora-cesped-semillas-kg-m2","src/content/calcs/cesped-semillas-kg-m2.json","AR","cesped-semillas-kg-m2","true","","2","2","2","2","2","true","true","approved","passed"
"https://hacecuentas.com/calculadora-churn-retencion-clientes","src/content/calcs/churn.json","AR","churn","true","","3","2","2","2","2","true","true","approved","passed"
"https://hacecuentas.com/calculadora-ciclo-sueno-rem-no-rem-90min","src/content/calcs/ciclo-sueno-rem-no-rem-90min.json","AR","ciclo-sueno-rem-no-rem-90min","true","","3","3","3","2","3","true","true","approved","passed"
"https://hacecuentas.com/calculadora-cilindrada-motor-relacion-potencia","src/content/calcs/cilindrada-motor-relacion-potencia.json","AR","cilindrada-motor-relacion-potencia","true","","3","3","3","2","1","true","true","approved","passed"
"https://hacecuentas.com/calculadora-claude-gemini-tokens-comparativa-precio-uso","src/content/calcs/claude-gemini-tokens-comparativa-precio-uso.json","AR","claude-gemini-tokens-comparativa-precio-uso","true","","3","2","3","3","3","true","true","approved","passed"
"https://hacecuentas.com/calculadora-codigo-lineas-estimacion-proyecto","src/content/calcs/codigo-lineas-estimacion-proyecto.json","AR","codigo-lineas-estimacion-proyecto","true","","3","2","2","2","2","true","true","approved","passed"
"https://hacecuentas.com/calculadora-coeficiente-variacion","src/content/calcs/coeficiente-variacion.json","AR","coeficiente-variacion","true","","4","4","4","4","4","true","true","approved","passed"
"https://hacecuentas.com/calculadora-color-pared-combinacion-complementario","src/content/calcs/color-pared-combinacion.json","AR","color-pared-combinacion","true","","1","1","1","0","1","false","false","pending","passed"
"https://hacecuentas.com/calculadora-combinaciones-permutaciones-factorial","src/content/calcs/combinatoria-permutaciones.json","AR","combinatoria-permutaciones","true","","10","10","10","10","9","true","true","approved","passed"
"https://hacecuentas.com/calculadora-comida-cachorro-gramos-edad","src/content/calcs/comida-cachorro-gramos-edad.json","AR","comida-cachorro-gramos-edad","true","","3","3","3","2","1","true","true","approved","passed"
"https://hacecuentas.com/calculadora-comision-venta-vendedor","src/content/calcs/comision-venta.json","AR","comision-venta","true","","4","3","3","2","3","true","true","approved","passed"
"https://hacecuentas.com/calculadora-compatibilidad-nombres","src/content/calcs/compatibilidad-nombres.json","AR","compatibilidad-nombres","true","","2","1","2","2","0","false","false","pending","passed"
"https://hacecuentas.com/calculadora-complejidad-algoritmica-big-o-iteraciones","src/content/calcs/complejidad-algoritmica-big-o-iteraciones.json","AR","complejidad-algoritmica-big-o-iteraciones","true","","39","38","39","38","37","true","true","approved","passed"
"https://hacecuentas.com/calculadora-concurso-docente-puntaje-antecedentes-baires","src/content/calcs/concurso-docente-puntaje-antecedentes-baires.json","AR","concurso-docente-puntaje-antecedentes-baires","true","","3","2","2","2","2","true","true","approved","passed"
"https://hacecuentas.com/calculadora-consumo-datos-moviles-streaming","src/content/calcs/consumo-datos-moviles-streaming.json","AR","consumo-datos-moviles-streaming","true","","2","2","2","2","2","true","true","approved","passed"
"https://hacecuentas.com/calculadora-consumo-electricidad-electrodomestico","src/content/calcs/consumo-electricidad-electrodomestico.json","AR","consumo-electricidad-electrodomestico","true","","2","2","2","1","2","true","true","approved","passed"
"https://hacecuentas.com/calculadora-consumo-electrico-kwh-factura-luz","src/content/calcs/consumo-electrico.json","AR","consumo-electrico","true","","5","3","3","1","3","true","true","approved","passed"
"https://hacecuentas.com/calculadora-conversion-btu-kcal-aire-acondicionado","src/content/calcs/conversion-btu-kcal-aire-acondicionado.json","AR","conversion-btu-kcal-aire-acondicionado","true","","4","2","2","1","2","true","true","approved","passed"
"https://hacecuentas.com/calculadora-conversion-fahrenheit-celsius-clima","src/content/calcs/conversion-fahrenheit-celsius-clima.json","AR","conversion-fahrenheit-celsius-clima","true","","3","3","3","3","2","true","true","approved","passed"
"https://hacecuentas.com/calculadora-conversion-grados-radianes-gradianes","src/content/calcs/conversion-grados-radianes.json","AR","conversion-grados-radianes","true","","2","2","2","2","2","true","true","approved","passed"
"https://hacecuentas.com/calculadora-conversion-kilo-libra-lb-kg-exacto","src/content/calcs/conversion-kilo-libra-lb-kg-exacto.json","AR","conversion-kilo-libra-lb-kg-exacto","true","","3","3","3","1","3","true","true","approved","passed"
"https://hacecuentas.com/calculadora-conversion-milla-kilometro-ida-vuelta","src/content/calcs/conversion-milla-kilometro-ida-vuelta.json","AR","conversion-milla-kilometro-ida-vuelta","true","","4","3","4","3","3","true","true","approved","passed"
"https://hacecuentas.com/calculadora-conversion-porcentaje-fraccion-decimal","src/content/calcs/conversion-porcentaje-fraccion-decimal.json","AR","conversion-porcentaje-fraccion-decimal","true","","11","11","11","11","9","true","true","approved","passed"
"https://hacecuentas.com/calculadora-conversion-radianes-grados-angulo","src/content/calcs/conversion-radianes-grados-angulo.json","AR","conversion-radianes-grados-angulo","true","","4","4","4","4","3","true","true","approved","passed"
"https://hacecuentas.com/calculadora-conversion-velocidad-kmh-mph-nudos","src/content/calcs/conversion-velocidad-kmh-mph-nudos.json","AR","conversion-velocidad-kmh-mph-nudos","true","","4","2","2","2","2","true","true","approved","passed"
"https://hacecuentas.com/calculadora-conversor-bits-a-bytes","src/content/calcs/conversor-bits-a-bytes.json","AR","conversor-bits-a-bytes","true","","3","3","3","3","3","true","true","approved","passed"
"https://hacecuentas.com/calculadora-conversor-bolsas-cemento-por-metro-cubico","src/content/calcs/conversor-bolsas-cemento-por-metro-cubico.json","AR","conversor-bolsas-cemento-por-metro-cubico","true","","10","10","10","8","7","true","true","approved","passed"
"https://hacecuentas.com/calculadora-conversor-brazas-a-metros","src/content/calcs/conversor-brazas-a-metros.json","AR","conversor-brazas-a-metros","true","","3","3","3","1","2","true","true","approved","passed"
"https://hacecuentas.com/calculadora-conversor-btu-a-joules","src/content/calcs/conversor-btu-a-joules.json","AR","conversor-btu-a-joules","true","","3","3","3","3","3","true","true","approved","passed"
"https://hacecuentas.com/calculadora-conversor-calorias-a-joules","src/content/calcs/conversor-calorias-a-joules.json","AR","conversor-calorias-a-joules","true","","3","3","3","3","2","true","true","approved","passed"
"https://hacecuentas.com/conversor-celsius-fahrenheit-temperatura","src/content/calcs/conversor-celsius-fahrenheit-temperatura.json","AR","celsius-fahrenheit","true","","9","8","8","8","7","true","true","approved","passed"
"https://hacecuentas.com/conversor-decimal-binario-hexadecimal","src/content/calcs/conversor-decimal-binario-hexadecimal.json","AR","decimal-binario-hexadecimal","true","","3","3","3","3","3","true","true","approved","passed"
"https://hacecuentas.com/calculadora-conversor-fahrenheit-a-celsius-horno","src/content/calcs/conversor-fahrenheit-a-celsius-horno.json","AR","conversor-fahrenheit-a-celsius-horno","true","","3","3","3","1","3","true","true","approved","passed"
"https://hacecuentas.com/conversor-fraccion-a-decimal","src/content/calcs/conversor-fraccion-a-decimal.json","AR","fraccion-a-decimal","true","","2","2","2","2","2","true","true","approved","passed"
"https://hacecuentas.com/calculadora-conversor-gramos-a-onzas","src/content/calcs/conversor-gramos-a-onzas.json","AR","conversor-gramos-a-onzas","true","","3","2","2","2","2","true","true","approved","passed"
"https://hacecuentas.com/calculadora-conversor-horas-a-minutos","src/content/calcs/conversor-horas-a-minutos.json","AR","conversor-horas-a-minutos","true","","3","2","2","2","2","true","true","approved","passed"
"https://hacecuentas.com/calculadora-conversor-kb-a-mb","src/content/calcs/conversor-kb-a-mb.json","AR","conversor-kb-a-mb","true","","3","3","3","1","2","true","true","approved","passed"
"https://hacecuentas.com/conversor-kilogramos-libras-onzas","src/content/calcs/conversor-kilogramos-libras-onzas.json","AR","kg-libras","true","","2","1","1","1","1","true","true","approved","passed"
"https://hacecuentas.com/calculadora-conversor-kw-a-hp","src/content/calcs/conversor-kw-a-hp.json","AR","conversor-kw-a-hp","true","","3","3","3","2","2","true","true","approved","passed"
"https://hacecuentas.com/calculadora-conversor-kwh-a-joules","src/content/calcs/conversor-kwh-a-joules.json","AR","conversor-kwh-a-joules","true","","3","3","3","3","2","true","true","approved","passed"
"https://hacecuentas.com/conversor-letras-a-numero","src/content/calcs/conversor-letras-a-numero.json","AR","letras-a-numero","true","","3","3","3","3","3","true","true","approved","passed"
"https://hacecuentas.com/conversor-litros-galones-mililitros","src/content/calcs/conversor-litros-galones-mililitros.json","AR","litros-galones","true","","2","1","1","1","1","true","true","approved","passed"
"https://hacecuentas.com/calculadora-conversor-mb-a-gb","src/content/calcs/conversor-mb-a-gb.json","AR","conversor-mb-a-gb","true","","12","12","12","10","9","true","true","approved","passed"
"https://hacecuentas.com/calculadora-conversor-meses-a-semanas","src/content/calcs/conversor-meses-a-semanas.json","AR","conversor-meses-a-semanas","true","","8","8","8","7","6","true","true","approved","passed"
"https://hacecuentas.com/conversor-metros-cuadrados-hectareas-acres","src/content/calcs/conversor-metros-cuadrados-hectareas-acres.json","AR","metros-hectareas","true","","2","2","2","2","2","true","true","approved","passed"
"https://hacecuentas.com/calculadora-conversor-metros-lineales-a-metros-cuadrados","src/content/calcs/conversor-metros-lineales-a-metros-cuadrados.json","AR","conversor-metros-lineales-a-metros-cuadrados","true","","4","4","4","2","4","true","true","approved","passed"
"https://hacecuentas.com/calculadora-conversor-micrometros-a-milimetros","src/content/calcs/conversor-micrometros-a-milimetros.json","AR","conversor-micrometros-a-milimetros","true","","8","8","8","8","8","true","true","approved","passed"
"https://hacecuentas.com/calculadora-conversor-milimetros-a-pulgadas","src/content/calcs/conversor-milimetros-a-pulgadas.json","AR","conversor-milimetros-a-pulgadas","true","","3","3","3","3","3","true","true","approved","passed"
"https://hacecuentas.com/conversor-moneda-dolar-peso-real-latam","src/content/calcs/conversor-moneda-latam.json","AR","conversor-moneda-latam","true","","4","4","4","2","4","true","true","approved","passed"
"https://hacecuentas.com/conversor-numero-a-letras-cantidad","src/content/calcs/conversor-numero-a-letras-cantidad.json","AR","conversor-numero-a-letras-cantidad","true","","4","4","4","4","4","true","true","approved","passed"
"https://hacecuentas.com/conversor-numero-a-ordinal","src/content/calcs/conversor-numero-a-ordinal.json","AR","numero-a-ordinal","true","","3","3","3","3","3","true","true","approved","passed"
"https://hacecuentas.com/conversor-numeros-romanos-arabigos","src/content/calcs/conversor-numeros-romanos-arabigos.json","AR","numeros-romanos-arabigos","true","","3","1","3","3","3","true","true","approved","passed"
"https://hacecuentas.com/conversor-pulgadas-a-centimetros","src/content/calcs/conversor-pulgadas-a-centimetros.json","AR","pulgadas-a-centimetros","true","","2","2","2","2","2","true","true","approved","passed"
"https://hacecuentas.com/calculadora-conversor-radianes-a-grados","src/content/calcs/conversor-radianes-a-grados.json","AR","conversor-radianes-a-grados","true","","3","2","2","2","2","true","true","approved","passed"
"https://hacecuentas.com/calculadora-conversor-talles-calzado-us-ar-eu","src/content/calcs/conversor-talles-calzado-us-ar-eu.json","AR","conversor-talles-calzado-us-ar-eu","true","","3","2","3","3","3","true","true","approved","passed"
"https://hacecuentas.com/calculadora-conversor-tazas-a-mililitros","src/content/calcs/conversor-tazas-a-mililitros.json","AR","conversor-tazas-a-mililitros","true","","3","3","3","1","3","true","true","approved","passed"
"https://hacecuentas.com/calculadora-conversor-tb-a-gb","src/content/calcs/conversor-tb-a-gb.json","AR","conversor-tb-a-gb","true","","9","9","9","9","8","true","true","approved","passed"
"https://hacecuentas.com/conversor-unidades-longitud-peso-volumen-temperatura","src/content/calcs/conversor-unidades.json","AR","conversor-unidades","true","","3","3","3","3","2","true","true","approved","passed"
"https://hacecuentas.com/convertir-mayusculas-minusculas","src/content/calcs/convertir-mayusculas-minusculas.json","AR","convertir-mayusculas-minusculas","true","","2","1","1","1","1","true","true","approved","passed"
"https://hacecuentas.com/calculadora-correlacion-pearson","src/content/calcs/correlacion-pearson.json","AR","correlacion-pearson","true","","3","2","3","3","2","true","true","approved","passed"
"https://hacecuentas.com/calculadora-cortina-medida-ventana-tamano","src/content/calcs/cortina-medida-ventana.json","AR","cortina-medida-ventana","true","","0","0","0","0","0","false","false","pending","passed"
"https://hacecuentas.com/calculadora-cortinas-medir-tela-ventana-anchotelaje","src/content/calcs/cortinas-medir-tela-ventana-anchotelaje.json","AR","cortinas-medir-tela-ventana-anchotelaje","true","","4","4","4","4","3","true","true","approved","passed"
"https://hacecuentas.com/calculadora-cosecha-esperada-huerta-kg","src/content/calcs/cosecha-esperada-huerta-kg.json","AR","cosecha-esperada-huerta-kg","true","","2","2","2","2","2","true","true","approved","passed"
"https://hacecuentas.com/calculadora-costo-almacenamiento-inventario","src/content/calcs/costo-almacenamiento-inventario.json","AR","costo-almacenamiento-inventario","true","","2","1","2","1","2","true","true","approved","passed"
"https://hacecuentas.com/calculadora-costo-carrera-total","src/content/calcs/costo-carrera-total.json","AR","costo-carrera-total","true","","1","1","1","1","1","true","true","approved","passed"
"https://hacecuentas.com/calculadora-costo-cloud-servidor-mensual","src/content/calcs/costo-cloud-servidor-mensual.json","AR","costo-cloud-servidor-mensual","true","","3","3","3","3","3","true","true","approved","passed"
"https://hacecuentas.com/calculadora-costo-financiero-total-cft","src/content/calcs/costo-financiero-total-cft.json","AR","costo-financiero-total-cft","true","","2","1","1","1","1","true","true","approved","passed"
"https://hacecuentas.com/calculadora-costo-m2-construccion-argentina","src/content/calcs/costo-m2-construccion.json","AR","costo-m2-construccion","true","","4","2","2","1","2","true","true","approved","passed"
"https://hacecuentas.com/calculadora-costo-mantenimiento-hogar-anual","src/content/calcs/costo-mantenimiento-hogar-anual.json","AR","costo-mantenimiento-hogar-anual","true","","9","8","8","7","8","true","true","approved","passed"
"https://hacecuentas.com/calculadora-costo-mensual-mascota-perro-gato","src/content/calcs/costo-mascota-mes.json","AR","costo-mascota-mes","true","","3","1","1","1","1","true","true","approved","passed"
"https://hacecuentas.com/calculadora-costo-por-lead-cpl-marketing","src/content/calcs/costo-por-lead.json","AR","costo-por-lead","true","","2","2","2","2","2","true","true","approved","passed"
"https://hacecuentas.com/calculadora-costo-por-view-cpv-video","src/content/calcs/costo-por-view-cpv-video.json","AR","costo-por-view-cpv-video","true","","2","2","2","2","2","true","true","approved","passed"
"https://hacecuentas.com/calculadora-costo-supermercado-canasta-basica","src/content/calcs/costo-supermercado-canasta-basica.json","AR","costo-supermercado-canasta-basica","true","","2","2","2","1","2","true","true","approved","passed"
"https://hacecuentas.com/calculadora-costo-suscripciones-mensual","src/content/calcs/costo-suscripciones-mensual.json","AR","costo-suscripciones-mensual","true","","22","22","22","22","22","true","true","approved","passed"
"https://hacecuentas.com/calculadora-costo-tokens-api-openai-claude-mensual","src/content/calcs/costo-tokens-api-openai-claude-mensual.json","AR","costo-tokens-api-openai-claude-mensual","true","","2","1","2","2","2","true","true","approved","passed"
"https://hacecuentas.com/calculadora-costo-gas-fee-ethereum-2026","src/content/calcs/costo-transaccion-gas-eth.json","AR","costo-transaccion-gas-eth","true","","2","2","2","2","2","true","true","approved","passed"
"https://hacecuentas.com/calculadora-cpa-cac-ltv","src/content/calcs/cpa.json","AR","cpa","true","","4","4","4","4","4","true","true","approved","passed"
"https://hacecuentas.com/calculadora-credito-uva-cuota-actual","src/content/calcs/credito-uva-cuota-actual.json","AR","credito-uva-cuota-actual","true","","13","13","13","10","13","true","true","approved","passed"
"https://hacecuentas.com/calculadora-credito-uva-vs-tasa-fija","src/content/calcs/credito-uva.json","AR","credito-uva","true","","3","3","3","3","3","true","true","approved","passed"
"https://hacecuentas.com/calculadora-creditos-restantes-carrera","src/content/calcs/creditos-restantes-carrera.json","AR","creditos-restantes-carrera","true","","1","1","1","1","1","true","true","approved","passed"
"https://hacecuentas.com/calculadora-creditos-universitarios-avance","src/content/calcs/creditos-universitarios-avance.json","AR","creditos-universitarios-avance","true","","3","1","1","1","1","true","true","approved","passed"
"https://hacecuentas.com/calculadora-cuadro-altura-colgar-pared","src/content/calcs/cuadro-altura-colgar.json","AR","cuadro-altura-colgar","true","","2","2","2","2","2","true","true","approved","passed"
"https://hacecuentas.com/calculadora-cuanto-cobro-por-hora-freelance","src/content/calcs/cuanto-cobro-por-hora-freelance.json","AR","cuanto-cobro-por-hora-freelance","true","","1","1","1","1","1","true","true","approved","passed"
"https://hacecuentas.com/calculadora-cuanto-tengo-que-facturar-para-ganar-x-neto","src/content/calcs/cuanto-facturar-para-ganar-x-neto.json","AR","cuanto-facturar-para-ganar-x-neto","true","","2","1","1","1","1","true","true","approved","passed"
"https://hacecuentas.com/calculadora-cuanto-falta-aguinaldo-junio-diciembre","src/content/calcs/cuanto-falta-aguinaldo-junio-diciembre.json","AR","cuanto-falta-aguinaldo-junio-diciembre","true","","3","2","2","2","1","true","true","approved","passed"
"https://hacecuentas.com/calculadora-cuanto-falta-mundial-fifa-2026-2030","src/content/calcs/cuanto-falta-mundial-fifa-2026-2030.json","AR","cuanto-falta-mundial-fifa-2026-2030","true","","3","2","2","2","2","true","true","approved","passed"
"https://hacecuentas.com/calculadora-cuantos-dias-faltan-Navidad-2026","src/content/calcs/cuanto-falta-para-navidad.json","AR","cuanto-falta-para-navidad","true","","4","3","4","4","4","true","true","approved","passed"
"https://hacecuentas.com/calculadora-cuanto-falta-venc-tarjeta-credito-mes","src/content/calcs/cuanto-falta-venc-tarjeta-credito-mes.json","AR","cuanto-falta-venc-tarjeta-credito-mes","true","","3","2","2","2","1","true","true","approved","passed"
"https://hacecuentas.com/calculadora-cuanto-gano-por-segundo","src/content/calcs/cuanto-gano-por-segundo.json","AR","cuanto-gano-por-segundo","true","","4","4","4","4","3","true","true","approved","passed"
"https://hacecuentas.com/calculadora-cuanto-necesito-ganar-para-mantener-una-familia","src/content/calcs/cuanto-necesito-ganar-para-mantener-una-familia.json","AR","cuanto-necesito-ganar-para-mantener-una-familia","true","","2","2","2","2","2","true","true","approved","passed"
"https://hacecuentas.com/calculadora-cuantos-feriados-restan-ano-argentina","src/content/calcs/cuantos-feriados-restan-ano-argentina.json","AR","cuantos-feriados-restan-ano-argentina","true","","4","3","3","3","3","true","true","approved","passed"
"https://hacecuentas.com/calculadora-cuenta-regresiva-dias-hasta-fecha","src/content/calcs/cuenta-regresiva.json","AR","cuenta-regresiva","true","","3","3","3","3","3","true","true","approved","passed"
"https://hacecuentas.com/calculadora-cuerda-guitarra-tension","src/content/calcs/cuerda-guitarra-tension.json","AR","cuerda-guitarra-tension","true","","2","1","1","1","1","true","true","approved","passed"
"https://hacecuentas.com/calculadora-cuota-alimentaria-estimacion","src/content/calcs/cuota-alimentaria-estimacion.json","AR","cuota-alimentaria-estimacion","true","","2","2","2","2","2","true","true","approved","passed"
"https://hacecuentas.com/calculadora-cuota-alimentaria-hijos","src/content/calcs/cuota-alimentaria-hijos.json","AR","cuota-alimentaria-hijos","true","","1","1","1","1","1","true","true","approved","passed"
"https://hacecuentas.com/calculadora-cuota-alimentos-porcentaje-sueldo-hijo","src/content/calcs/cuota-alimentos-porcentaje-sueldo-hijo.json","AR","cuota-alimentos-porcentaje-sueldo-hijo","true","","2","1","2","2","2","true","true","approved","passed"
"https://hacecuentas.com/calculadora-cuota-credito-hipotecario-uva-banco-nacion","src/content/calcs/cuota-credito-hipotecario-uva-banco-nacion.json","AR","cuota-credito-hipotecario-uva-banco-nacion","true","","3","3","3","3","3","true","true","approved","passed"
"https://hacecuentas.com/calculadora-cuotas-sin-interes-costo-real-inflacion","src/content/calcs/cuotas-sin-interes-costo-real-inflacion.json","AR","costo-real-cuotas-sin-interes","true","","2","1","1","1","1","true","true","approved","passed"
"https://hacecuentas.com/calculadora-decibelios-distancia-sonido","src/content/calcs/decibelios-distancia-sonido.json","AR","decibelios-distancia-sonido","true","","2","2","2","2","1","true","true","approved","passed"
"https://hacecuentas.com/calculadora-deficit-calorico-perder-peso","src/content/calcs/deficit-calorico.json","AR","deficit-calorico","true","","2","0","2","2","0","false","false","pending","passed"
"https://hacecuentas.com/calculadora-depreciacion-activos-linea-recta","src/content/calcs/depreciacion-activos-linea-recta.json","AR","depreciacion-activos-linea-recta","true","","2","2","2","2","2","true","true","approved","passed"
"https://hacecuentas.com/calculadora-derivada-funcion-basica","src/content/calcs/derivada-funcion-basica.json","AR","derivada-funcion-basica","true","","12","12","12","12","10","true","true","approved","passed"
"https://hacecuentas.com/calculadora-derivada-polinomio-coeficientes","src/content/calcs/derivada-polinomio-coeficientes.json","AR","derivada-polinomio-coeficientes","true","","8","8","8","8","4","true","true","approved","passed"
"https://hacecuentas.com/calculadora-descenso-futbol-argentino-promedios","src/content/calcs/descenso-futbol.json","AR","descenso-futbol","true","","3","1","1","0","1","false","false","pending","passed"
"https://hacecuentas.com/calculadora-descuento-precio-final","src/content/calcs/descuento.json","AR","descuento","true","","3","3","3","3","3","true","true","approved","passed"
"https://hacecuentas.com/calculadora-desvio-estandar-varianza-conjunto","src/content/calcs/desvio-estandar-varianza-conjunto.json","AR","desvio-estandar-varianza-conjunto","true","","3","3","3","3","3","true","true","approved","passed"
"https://hacecuentas.com/calculadora-determinante-inversa-matriz-2x2","src/content/calcs/determinante-matriz.json","AR","determinante-matriz","true","","3","3","3","3","2","true","true","approved","passed"
"https://hacecuentas.com/dias-entre-dos-fechas","src/content/calcs/dias-entre-fechas.json","AR","dias-entre-fechas","true","","3","2","2","2","2","true","true","approved","passed"
"https://hacecuentas.com/calculadora-dias-minimos-test-embarazo-positivo","src/content/calcs/dias-minimos-test-embarazo-positivo.json","AR","dias-minimos-test-embarazo-positivo","true","","4","2","2","1","2","true","true","approved","passed"
"https://hacecuentas.com/calculadora-dias-preparacion-examen-oficial-idioma","src/content/calcs/dias-preparacion-examen-oficial-idioma.json","AR","dias-preparacion-examen-oficial-idioma","true","","3","2","3","3","3","true","true","approved","passed"
"https://hacecuentas.com/calculadora-dias-vacaciones-ley","src/content/calcs/dias-vacaciones-ley.json","AR","dias-vacaciones-ley","true","","4","3","3","3","3","true","true","approved","passed"
"https://hacecuentas.com/calculadora-dictado-velocidad-palabras-escuchar-idioma","src/content/calcs/dictado-velocidad-palabras-escuchar-idioma.json","AR","dictado-velocidad-palabras-escuchar-idioma","true","","4","2","3","2","3","true","true","approved","passed"
"https://hacecuentas.com/calculadora-diferencia-horaria-ciudades-paises","src/content/calcs/diferencia-horaria.json","AR","diferencia-horaria","true","","2","1","2","2","2","true","true","approved","passed"
"https://hacecuentas.com/calculadora-dilatacion-termica-longitud","src/content/calcs/dilatacion-termica-longitud.json","AR","dilatacion-termica-longitud","true","","1","1","1","1","1","true","true","approved","passed"
"https://hacecuentas.com/calculadora-distancia-caida-libre-altura","src/content/calcs/distancia-caida-libre-altura.json","AR","distancia-caida-libre-altura","true","","3","3","3","3","3","true","true","approved","passed"
"https://hacecuentas.com/calculadora-distancia-entre-dos-puntos-2d-3d","src/content/calcs/distancia-entre-dos-puntos-2d-3d.json","AR","distancia-entre-dos-puntos-2d-3d","true","","3","3","3","3","3","true","true","approved","passed"
"https://hacecuentas.com/calculadora-distancia-estrella-parsec","src/content/calcs/distancia-estrella-parsec.json","AR","distancia-estrella-parsec","true","","2","1","1","1","1","true","true","approved","passed"
"https://hacecuentas.com/calculadora-distancia-recorrida-futbol-jugador","src/content/calcs/distancia-recorrida-futbol-jugador.json","AR","distancia-recorrida-futbol-jugador","true","","3","1","2","2","2","true","true","approved","passed"
"https://hacecuentas.com/calculadora-distribucion-muebles-porcentaje-libre","src/content/calcs/distribucion-muebles-m2.json","AR","distribucion-muebles-m2","true","","2","1","1","0","1","false","false","pending","passed"
"https://hacecuentas.com/calculadora-distribucion-normal-area","src/content/calcs/distribucion-normal-area.json","AR","distribucion-normal-area","true","","3","3","3","3","3","true","true","approved","passed"
"https://hacecuentas.com/calculadora-diversificacion-portafolio-correlacion","src/content/calcs/diversificacion-portafolio-correlacion.json","AR","diversificacion-portafolio-correlacion","true","","3","3","3","2","3","true","true","approved","passed"
"https://hacecuentas.com/calculadora-division-bienes-divorcio","src/content/calcs/division-bienes-divorcio.json","AR","division-bienes-divorcio","true","","2","1","1","1","1","true","true","approved","passed"
"https://hacecuentas.com/calculadora-dni-pasaporte-costo-tramite-argentina","src/content/calcs/dni-pasaporte-costo-tramite-argentina.json","AR","dni-pasaporte-costo-tramite-argentina","true","","3","3","3","3","3","true","true","approved","passed"
"https://hacecuentas.com/conversor-dolar-argentina","src/content/calcs/dolar-ar.json","AR","dolar-ar","true","","4","3","3","3","3","true","true","approved","passed"
"https://hacecuentas.com/calculadora-dolar-blue-vs-oficial-brecha","src/content/calcs/dolar-blue-vs-oficial-brecha.json","AR","dolar-blue-vs-oficial-brecha","true","","2","2","2","2","2","true","true","approved","passed"
"https://hacecuentas.com/calculadora-dpi-ppp-impresion-resolucion","src/content/calcs/dpi-ppp-impresion-resolucion.json","AR","dpi-ppp-impresion-resolucion","true","","3","2","2","1","2","true","true","approved","passed"
"https://hacecuentas.com/calculadora-duolingo-tiempo-dia-nivel-mcer-progreso","src/content/calcs/duolingo-tiempo-dia-nivel-mcer-progreso.json","AR","duolingo-tiempo-dia-nivel-mcer-progreso","true","","4","3","4","4","4","true","true","approved","passed"
"https://hacecuentas.com/calculadora-duracion-bateria-mah-consumo","src/content/calcs/duracion-bateria-mah-consumo.json","AR","duracion-bateria-mah-consumo","true","","2","2","2","2","2","true","true","approved","passed"
"https://hacecuentas.com/calculadora-duracion-carrera-materias-por-cuatrimestre","src/content/calcs/duracion-carrera-materias-por-cuatrimestre.json","AR","duracion-carrera-materias-por-cuatrimestre","true","","2","1","1","0","1","false","false","pending","passed"
"https://hacecuentas.com/calculadora-duracion-carrera-universidad","src/content/calcs/duracion-carrera-universidad.json","AR","duracion-carrera-universidad","true","","7","4","4","4","2","true","true","approved","passed"
"https://hacecuentas.com/eclipse-solar-12-agosto-2026","src/content/calcs/eclipse-solar-12-agosto-2026.json","AR","eclipse-solar-12-agosto-2026","true","","3","2","2","1","2","true","true","approved","passed"
"https://hacecuentas.com/calculadora-ecuacion-cuadratica-raices-discriminante","src/content/calcs/ecuacion-cuadratica-raices-discriminante.json","AR","ecuacion-cuadratica-raices-discriminante","true","","4","4","4","4","4","true","true","approved","passed"
"https://hacecuentas.com/calculadora-ecuacion-cuadratica-formula-resolvente","src/content/calcs/ecuacion-cuadratica.json","AR","ecuacion-cuadratica","true","","3","3","3","3","3","true","true","approved","passed"
"https://hacecuentas.com/calculadora-ecuaciones-cinematicas-mru-mrua","src/content/calcs/ecuaciones-cinematicas-mru-mrua.json","AR","ecuaciones-cinematicas-mru-mrua","true","","32","31","31","31","30","true","true","approved","passed"
"https://hacecuentas.com/calculadora-edad-cachorro-humano","src/content/calcs/edad-cachorro-humano.json","AR","edad-cachorro-humano","true","","2","0","0","0","0","false","false","pending","passed"
"https://hacecuentas.com/calculadora-edad-en-dias","src/content/calcs/edad-en-dias.json","AR","edad-en-dias","true","","3","2","3","3","3","true","true","approved","passed"
"https://hacecuentas.com/calculadora-edad-en-semanas","src/content/calcs/edad-en-semanas.json","AR","edad-en-semanas","true","","3","3","3","3","3","true","true","approved","passed"
"https://hacecuentas.com/calculadora-edad-exacta-anos-meses-dias-segundos","src/content/calcs/edad-exacta-anos-meses-dias-segundos.json","AR","edad-exacta-anos-meses-dias-segundos","true","","3","3","3","3","3","true","true","approved","passed"
"https://hacecuentas.com/calculadora-edad-gato-humano-formula-anos","src/content/calcs/edad-gato-humano-formula-anos.json","AR","edad-gato-humano-formula-anos","true","","4","4","4","2","4","true","true","approved","passed"
"https://hacecuentas.com/calculadora-edad-gato-anos-humanos","src/content/calcs/edad-gato.json","AR","edad-gato","true","","4","4","4","3","4","true","true","approved","passed"
"https://hacecuentas.com/calculadora-edad-ideal-pareja","src/content/calcs/edad-ideal-pareja.json","AR","edad-ideal-pareja","true","","3","2","2","1","2","true","true","approved","passed"
"https://hacecuentas.com/calculadora-edad-metabolica","src/content/calcs/edad-metabolica.json","AR","edad-metabolica","true","","3","3","3","3","3","true","true","approved","passed"
"https://hacecuentas.com/calculadora-edad-perro-anos-humanos","src/content/calcs/edad-perro.json","AR","edad-perro","true","","4","2","3","3","3","true","true","approved","passed"
"https://hacecuentas.com/calculadora-edad-planeta","src/content/calcs/edad-planeta.json","AR","edad-planeta","true","","3","2","2","1","2","true","true","approved","passed"
"https://hacecuentas.com/calculadora-edad-sol-vida-restante","src/content/calcs/edad-sol-vida-restante.json","AR","edad-sol-vida-restante","true","","4","3","3","3","3","true","true","approved","passed"
"https://hacecuentas.com/calculadora-edad-exacta","src/content/calcs/edad.json","AR","edad","true","","3","2","3","3","3","true","true","approved","passed"
"https://hacecuentas.com/calculadora-embarazada-aumento-peso-semana-imc-previo","src/content/calcs/embarazada-aumento-peso-semana-imc-previo.json","AR","embarazada-aumento-peso-semana-imc-previo","true","","4","2","2","2","2","true","true","approved","passed"
"https://hacecuentas.com/calculadora-embarazo","src/content/calcs/embarazo.json","AR","embarazo","true","","4","1","2","2","2","true","true","approved","passed"
"https://hacecuentas.com/calculadora-embargo-sueldo-porcentaje-maximo","src/content/calcs/embargo-sueldo-porcentaje-maximo.json","AR","embargo-sueldo-porcentaje-maximo","true","","3","2","2","2","2","true","true","approved","passed"
"https://hacecuentas.com/calculadora-emisiones-co2-auto-g-km-anual","src/content/calcs/emisiones-co2-auto-g-km-anual.json","AR","emisiones-co2-auto-g-km-anual","true","","3","2","2","2","2","true","true","approved","passed"
"https://hacecuentas.com/calculadora-energia-cinetica-joules","src/content/calcs/energia-cinetica-joules.json","AR","energia-cinetica-joules","true","","16","16","16","16","14","true","true","approved","passed"
"https://hacecuentas.com/calculadora-energia-pc-gaming-costo-mes","src/content/calcs/energia-pc-gaming-costo-mes.json","AR","energia-pc-gaming-costo-mes","true","","2","2","2","1","2","true","true","approved","passed"
"https://hacecuentas.com/calculadora-engagement-rate-instagram","src/content/calcs/engagement-rate-instagram.json","AR","engagement-rate-instagram","true","","3","3","3","3","3","true","true","approved","passed"
"https://hacecuentas.com/calculadora-engagement-rate-redes-sociales","src/content/calcs/engagement.json","AR","engagement","true","","4","4","4","3","4","true","true","approved","passed"
"https://hacecuentas.com/calculadora-entropia-cambio-fase","src/content/calcs/entropia-cambio-fase.json","AR","entropia-cambio-fase","true","","3","3","3","3","3","true","true","approved","passed"
"https://hacecuentas.com/calculadora-envejecer-mascota-humano-tabla-raza-tamano","src/content/calcs/envejecer-mascota-humano-tabla-raza-tamano.json","AR","envejecer-mascota-humano-tabla-raza-tamano","true","","5","4","5","5","5","true","true","approved","passed"
"https://hacecuentas.com/calculadora-equipaje-peso-sobrepeso-coste-por-kilo","src/content/calcs/equipaje-peso-sobrepeso-coste-por-kilo.json","AR","equipaje-peso-sobrepeso-coste-por-kilo","true","","7","4","4","4","4","true","true","approved","passed"
"https://hacecuentas.com/calculadora-equipaje-vuelo-kg-lb-limites","src/content/calcs/equipaje-vuelo.json","AR","equipaje-vuelo","true","","5","1","2","2","2","true","true","approved","passed"
"https://hacecuentas.com/calculadora-equivalencia-huevos-tamano-gramos-claras","src/content/calcs/equivalencia-huevos-tamano-gramos-claras.json","AR","equivalencia-huevos-tamano-gramos-claras","true","","4","2","3","2","3","true","true","approved","passed"
"https://hacecuentas.com/calculadora-equivalencia-toefl-ielts-cambridge-mcer","src/content/calcs/equivalencia-toefl-ielts-cambridge-mcer.json","AR","equivalencia-toefl-ielts-cambridge-mcer","true","","3","1","2","2","2","true","true","approved","passed"
"https://hacecuentas.com/calculadora-ergonomia-escritorio-medidas","src/content/calcs/ergonomia-escritorio-medidas.json","AR","ergonomia-escritorio-medidas","true","","1","1","1","1","1","true","true","approved","passed"
"https://hacecuentas.com/calculadora-escala-richter-magnitud-energia","src/content/calcs/escala-richter-magnitud-energia.json","AR","escala-richter-magnitud-energia","true","","2","2","2","2","2","true","true","approved","passed"
"https://hacecuentas.com/calculadora-escalera-huella-contrahuella-ley-blondel","src/content/calcs/escalera-huella-contrahuella-ley-blondel.json","AR","escalera-huella-contrahuella-ley-blondel","true","","4","2","2","2","1","true","true","approved","passed"
"https://hacecuentas.com/calculadora-esperanza-vida-gato-raza-indoor","src/content/calcs/esperanza-vida-gato-raza-indoor.json","AR","esperanza-vida-gato-raza-indoor","true","","3","0","2","1","0","false","false","pending","passed"
"https://hacecuentas.com/calculadora-estante-peso-maximo-material","src/content/calcs/estante-peso-maximo.json","AR","estante-peso-maximo","true","","2","1","1","0","1","false","false","pending","passed"
"https://hacecuentas.com/calculadora-estimador-costo-viaje-taxi-remis","src/content/calcs/estimador-uber-taxi.json","AR","estimador-uber-taxi","true","","2","1","1","1","1","true","true","approved","passed"
"https://hacecuentas.com/calculadora-expectativa-vida","src/content/calcs/expectativa-vida.json","AR","expectativa-vida","true","","3","3","3","3","3","true","true","approved","passed"
"https://hacecuentas.com/calculadora-expensas-departamento-estimado","src/content/calcs/expensas-departamento-estimado.json","AR","expensas-departamento-estimado","true","","3","2","2","2","2","true","true","approved","passed"
"https://hacecuentas.com/calculadora-exposicion-ruido-decibeles-segura","src/content/calcs/exposicion-ruido.json","AR","exposicion-ruido","true","","3","3","3","3","3","true","true","approved","passed"
"https://hacecuentas.com/calculadora-factorial-numero-n","src/content/calcs/factorial-numero-n.json","AR","factorial-numero-n","true","","2","2","2","2","2","true","true","approved","passed"
"https://hacecuentas.com/calculadora-factura-gas-estimada","src/content/calcs/factura-gas-estimada.json","AR","factura-gas-estimada","true","","6","3","3","3","3","true","true","approved","passed"
"https://hacecuentas.com/calculadora-factura-luz-estimada","src/content/calcs/factura-luz-estimada.json","AR","factura-luz-estimada","true","","2","2","2","1","1","true","true","approved","passed"
"https://hacecuentas.com/calculadora-facturacion-maxima-monotributo-vs-ri","src/content/calcs/facturacion-maxima-monotributo-vs-ri.json","AR","facturacion-maxima-monotributo","true","","3","3","3","3","3","true","true","approved","passed"
"https://hacecuentas.com/calculadora-fecha-10000-dias","src/content/calcs/fecha-10000-dias.json","AR","fecha-10000-dias","true","","2","2","2","2","2","true","true","approved","passed"
"https://hacecuentas.com/calculadora-fecha-probable-parto","src/content/calcs/fecha-parto.json","AR","fecha-parto","true","","5","3","3","1","3","true","true","approved","passed"
"https://hacecuentas.com/calculadora-sucesion-fibonacci-termino-n","src/content/calcs/fibonacci.json","AR","fibonacci","true","","2","2","2","2","2","true","true","approved","passed"
"https://hacecuentas.com/calculadora-fibra-dietetica-recomendada-diaria-edad","src/content/calcs/fibra-dietetica-recomendada-diaria-edad.json","AR","fibra-dietetica-recomendada-diaria-edad","true","","5","3","3","3","3","true","true","approved","passed"
"https://hacecuentas.com/calculadora-flash-numero-guia-distancia","src/content/calcs/flash-numero-guia-distancia.json","AR","flash-numero-guia-distancia","true","","1","1","1","1","1","true","true","approved","passed"
"https://hacecuentas.com/calculadora-flujo-caja-libre-fcf","src/content/calcs/flujo-caja-libre-fcf.json","AR","flujo-caja-libre-fcf","true","","3","2","2","1","1","true","true","approved","passed"
"https://hacecuentas.com/calculadora-foco-led-equivalencia-watts-lumens","src/content/calcs/foco-led-equivalencia-watts.json","AR","foco-led-equivalencia-watts","true","","2","2","2","1","1","true","true","approved","passed"
"https://hacecuentas.com/calculadora-fondo-asistencia-laboral-fal-ley-27802","src/content/calcs/fondo-asistencia-laboral-fal.json","AR","fondo-asistencia-laboral-fal","true","","4","4","4","4","4","true","true","approved","passed"
"https://hacecuentas.com/calculadora-fondo-desempleo-anses-monto-tiempo","src/content/calcs/fondo-desempleo-anses-monto-tiempo.json","AR","fondo-desempleo-anses-monto-tiempo","true","","4","4","4","4","4","true","true","approved","passed"
"https://hacecuentas.com/calculadora-fps-fluidez-video-juego","src/content/calcs/fps-fluidez-video-juego.json","AR","fps-fluidez-video-juego","true","","3","1","1","1","1","true","true","approved","passed"
"https://hacecuentas.com/calculadora-fps-frames-por-segundo-juego","src/content/calcs/fps-frames-por-segundo-juego.json","AR","fps-frames-por-segundo-juego","true","","2","2","2","2","2","true","true","approved","passed"
"https://hacecuentas.com/calculadora-fps-ideal-monitor-hz","src/content/calcs/fps-ideal-monitor-hz.json","AR","fps-ideal-monitor-hz","true","","3","2","2","1","2","true","true","approved","passed"
"https://hacecuentas.com/calculadora-fracciones-suma-resta-multiplicacion-division","src/content/calcs/fracciones.json","AR","fracciones","true","","3","3","3","3","3","true","true","approved","passed"
"https://hacecuentas.com/calculadora-frecuencia-cardiaca-zonas-entrenamiento","src/content/calcs/frecuencia-cardiaca.json","AR","frecuencia-cardiaca","true","","5","4","4","3","4","true","true","approved","passed"
"https://hacecuentas.com/calculadora-frecuencia-entrenamiento-grupo-muscular","src/content/calcs/frecuencia-entrenamiento-grupo-muscular.json","AR","frecuencia-entrenamiento-grupo-muscular","true","","9","7","8","8","7","true","true","approved","passed"
"https://hacecuentas.com/calculadora-fuerza-friccion-coeficiente","src/content/calcs/fuerza-friccion-coeficiente.json","AR","fuerza-friccion-coeficiente","true","","2","2","2","2","2","true","true","approved","passed"
"https://hacecuentas.com/calculadora-gaming-fps-componentes-pc-armar-presupuesto","src/content/calcs/gaming-fps-componentes-pc-armar-presupuesto.json","AR","gaming-fps-componentes-pc-armar-presupuesto","true","","3","2","2","2","2","true","true","approved","passed"
"https://hacecuentas.com/calculadora-ganancia-perdida-criptomonedas","src/content/calcs/ganancia-crypto.json","AR","ganancia-crypto","true","","2","2","2","1","2","true","true","approved","passed"
"https://hacecuentas.com/calculadora-gas-natural-subsidio-zonas-frias-patagonia","src/content/calcs/gas-natural-subsidio-zonas-frias-patagonia.json","AR","gas-natural-subsidio-zonas-frias-patagonia","true","","3","1","1","1","1","true","true","approved","passed"
"https://hacecuentas.com/calculadora-gel-energetico-carrera-cuantos","src/content/calcs/gel-energetico-carrera-cuantos.json","AR","gel-energetico-carrera-cuantos","true","","3","1","3","3","3","true","true","approved","passed"
"https://hacecuentas.com/calculadora-generacion-perteneces","src/content/calcs/generacion-perteneces.json","AR","generacion-perteneces","true","","3","1","2","2","2","true","true","approved","passed"
"https://hacecuentas.com/generador-de-contrasenas-seguras","src/content/calcs/generador-de-contrasenas-seguras.json","AR","generador-contrasenas","true","","3","3","3","3","2","true","true","approved","passed"
"https://hacecuentas.com/generador-de-numeros-aleatorios","src/content/calcs/generador-de-numeros-aleatorios.json","AR","generador-numeros-aleatorios","true","","3","3","3","3","3","true","true","approved","passed"
"https://hacecuentas.com/calculadora-germinacion-tiempo-temperatura","src/content/calcs/germinacion-tiempo-temperatura.json","AR","germinacion-tiempo-temperatura","true","","2","2","2","2","2","true","true","approved","passed"
"https://hacecuentas.com/calculadora-gpa-promedio-americano-escala-4-0","src/content/calcs/gpa-promedio-americano-escala-4-0.json","AR","gpa-promedio-americano-escala-4-0","true","","5","3","3","1","3","true","true","approved","passed"
"https://hacecuentas.com/calculadora-porcentaje-grasa-corporal","src/content/calcs/grasa-corporal.json","AR","grasa-corporal","true","","4","2","3","1","3","true","true","approved","passed"
"https://hacecuentas.com/calculadora-gratificacion-peru-julio-diciembre-2026","src/content/calcs/gratificacion-peru.json","AR","gratificacion-peru","true","","2","1","1","1","1","true","true","approved","passed"
"https://hacecuentas.com/calculadora-guarderia-jardin-maternal-costo-caba-mensual","src/content/calcs/guarderia-jardin-maternal-costo-caba-mensual.json","AR","guarderia-jardin-maternal-costo-caba-mensual","true","","2","2","2","1","2","true","true","approved","passed"
"https://hacecuentas.com/calculadora-handicap-golf-diferencial","src/content/calcs/handicap-golf-diferencial.json","AR","handicap-golf-diferencial","true","","2","1","2","1","2","true","true","approved","passed"
"https://hacecuentas.com/calculadora-hashes-bcrypt-costo-tiempo-cracking","src/content/calcs/hashes-bcrypt-costo-tiempo-cracking.json","AR","hashes-bcrypt-costo-tiempo-cracking","true","","3","3","3","3","3","true","true","approved","passed"
"https://hacecuentas.com/calculadora-herencia-legitima","src/content/calcs/herencia-legitima.json","AR","herencia-legitima","true","","1","1","1","1","1","true","true","approved","passed"
"https://hacecuentas.com/calculadora-hidroponia-nutrientes-ec-ppm","src/content/calcs/hidroponia-nutrientes-ec-ppm.json","AR","hidroponia-nutrientes-ec-ppm","true","","19","18","18","18","18","true","true","approved","passed"
"https://hacecuentas.com/calculadora-hitos-desarrollo-bebe-edad-meses","src/content/calcs/hitos-desarrollo-bebe-edad-meses.json","AR","hitos-desarrollo-bebe-edad-meses","true","","4","0","0","0","0","false","false","pending","passed"
"https://hacecuentas.com/calculadora-horas-estudio-idioma-fluidez-fsi","src/content/calcs/horas-estudio-idioma-fluidez-fsi.json","AR","horas-estudio-idioma-fluidez-fsi","true","","2","1","1","1","1","true","true","approved","passed"
"https://hacecuentas.com/calculadora-horas-extra","src/content/calcs/horas-extra.json","AR","horas-extra","true","","4","4","4","4","4","true","true","approved","passed"
"https://hacecuentas.com/calculadora-horas-extras-50-100","src/content/calcs/horas-extras-50-100.json","AR","horas-extras-50-100","true","","2","2","2","2","2","true","true","approved","passed"
"https://hacecuentas.com/calculadora-horas-maestria-curva-aprendizaje-80-20","src/content/calcs/horas-maestria-curva-aprendizaje-80-20.json","AR","horas-maestria-curva-aprendizaje-80-20","true","","4","2","2","2","2","true","true","approved","passed"
"https://hacecuentas.com/calculadora-horas-peliculas-serie-inmersion-idioma","src/content/calcs/horas-peliculas-serie-inmersion-idioma.json","AR","horas-peliculas-serie-inmersion-idioma","true","","24","23","23","23","21","true","true","approved","passed"
"https://hacecuentas.com/calculadora-horas-practica-10000-maestria-gladwell","src/content/calcs/horas-practica-10000-maestria-gladwell.json","AR","horas-practica-10000-maestria-gladwell","true","","4","2","3","3","3","true","true","approved","passed"
"https://hacecuentas.com/calculadora-horas-vida-restantes","src/content/calcs/horas-vida-restantes.json","AR","horas-vida-restantes","true","","2","2","2","2","1","true","true","approved","passed"
"https://hacecuentas.com/calculadora-huella-digital-estimacion","src/content/calcs/huella-digital-estimacion.json","AR","huella-digital-estimacion","true","","3","2","3","3","3","true","true","approved","passed"
"https://hacecuentas.com/calculadora-imc-adultos-mayores-edad-tabla","src/content/calcs/imc-adultos-mayores-edad-tabla.json","AR","imc-adultos-mayores-edad-tabla","true","","6","5","6","5","5","true","true","approved","passed"
"https://hacecuentas.com/calculadora-imc","src/content/calcs/imc.json","AR","imc","true","","2","1","1","1","1","true","true","approved","passed"
"https://hacecuentas.com/calculadora-impedancia-circuito-rlc","src/content/calcs/impedancia-circuito-rlc.json","AR","impedancia-circuito-rlc","true","","10","7","8","8","7","true","true","approved","passed"
"https://hacecuentas.com/calculadora-impresion-dpi-calidad","src/content/calcs/impresion-dpi-calidad.json","AR","impresion-dpi-calidad","true","","3","3","3","2","3","true","true","approved","passed"
"https://hacecuentas.com/calculadora-indice-glucemico-carga-alimento-porcion","src/content/calcs/indice-glucemico-carga-alimento-porcion.json","AR","indice-glucemico-carga-alimento-porcion","true","","5","2","3","3","3","true","true","approved","passed"
"https://hacecuentas.com/calculadora-indice-masa-corporal-pediatrico","src/content/calcs/indice-masa-corporal-pediatrico.json","AR","indice-masa-corporal-pediatrico","true","","3","3","3","2","2","true","true","approved","passed"
"https://hacecuentas.com/calculadora-inflacion-acumulada-periodo","src/content/calcs/inflacion-acumulada-periodo.json","AR","inflacion-acumulada-periodo","true","","2","2","2","2","2","true","true","approved","passed"
"https://hacecuentas.com/calculadora-actualizacion-inflacion-ipc","src/content/calcs/inflacion-ipc.json","AR","inflacion-ipc","true","","4","4","4","4","4","true","true","approved","passed"
"https://hacecuentas.com/calculadora-ingreso-colegio-privado-cuota-anual-caba","src/content/calcs/ingreso-colegio-privado-cuota-anual-caba.json","AR","ingreso-colegio-privado-cuota-anual-caba","true","","3","2","2","2","2","true","true","approved","passed"
"https://hacecuentas.com/calculadora-interes-simple","src/content/calcs/interes-simple.json","AR","interes-simple","true","","3","3","3","2","3","true","true","approved","passed"
"https://hacecuentas.com/calculadora-interpolacion-lineal-valor","src/content/calcs/interpolacion-lineal-valor.json","AR","interpolacion-lineal-valor","true","","2","1","1","1","1","true","true","approved","passed"
"https://hacecuentas.com/calculadora-itba-utdt-costo-carrera-anual-privada","src/content/calcs/itba-utdt-costo-carrera-anual-privada.json","AR","itba-utdt-costo-carrera-anual-privada","true","","3","2","3","3","2","true","true","approved","passed"
"https://hacecuentas.com/calculadora-jet-lag-recuperacion","src/content/calcs/jet-lag.json","AR","jet-lag","true","","5","2","5","4","4","true","true","approved","passed"
"https://hacecuentas.com/calculadora-jpg-calidad-tamano-web-optimizacion","src/content/calcs/jpg-calidad-tamano-web-optimizacion.json","AR","jpg-calidad-tamano-web-optimizacion","true","","3","3","3","2","3","true","true","approved","passed"
"https://hacecuentas.com/calculadora-karaoke-canciones-por-hora","src/content/calcs/karaoke-canciones-por-hora.json","AR","karaoke-canciones-por-hora","true","","1","1","1","1","1","true","true","approved","passed"
"https://hacecuentas.com/calculadora-lectura-velocidad-paginas-hora-wpm","src/content/calcs/lectura-velocidad-paginas-hora-wpm.json","AR","lectura-velocidad-paginas-hora-wpm","true","","17","13","15","15","14","true","true","approved","passed"
"https://hacecuentas.com/calculadora-leer-rapido-palabras-por-minuto-tiempo-libro","src/content/calcs/leer-rapido-palabras-por-minuto-tiempo-libro.json","AR","leer-rapido-palabras-por-minuto-tiempo-libro","true","","4","2","4","3","4","true","true","approved","passed"
"https://hacecuentas.com/calculadora-letra-dni-argentina","src/content/calcs/letra-dni-argentina.json","AR","letra-dni-argentina","true","","1","1","1","1","1","true","true","approved","passed"
"https://hacecuentas.com/calculadora-ley-ohm-voltaje-resistencia","src/content/calcs/ley-ohm-voltaje-resistencia.json","AR","ley-ohm-voltaje-resistencia","true","","3","2","3","3","1","true","true","approved","passed"
"https://hacecuentas.com/calculadora-licencia-conducir-costo-categoria-b1-a","src/content/calcs/licencia-conducir-costo-categoria-b1-a.json","AR","licencia-conducir-costo-categoria-b1-a","true","","4","3","3","3","3","true","true","approved","passed"
"https://hacecuentas.com/calculadora-licencia-maternidad-paternidad","src/content/calcs/licencia-maternidad-paternidad.json","AR","licencia-maternidad-paternidad","true","","4","3","4","3","4","true","true","approved","passed"
"https://hacecuentas.com/calculadora-limpieza-frecuencia-ambiente-hogar","src/content/calcs/limpieza-frecuencia-ambiente.json","AR","limpieza-frecuencia-ambiente","true","","4","2","3","2","2","true","true","approved","passed"
"https://hacecuentas.com/calculadora-lineas-codigo-proyecto-complejidad-kloc","src/content/calcs/lineas-codigo-proyecto-complejidad-kloc.json","AR","lineas-codigo-proyecto-complejidad-kloc","true","","7","4","6","6","6","true","true","approved","passed"
"https://hacecuentas.com/calculadora-litros-nafta-por-salario-poder-compra","src/content/calcs/litros-nafta-por-salario-poder-compra.json","AR","litros-nafta-por-salario-poder-compra","true","","3","1","2","2","2","true","true","approved","passed"
"https://hacecuentas.com/calculadora-logaritmo-base-cualquiera-numero","src/content/calcs/logaritmo-base-cualquiera-numero.json","AR","logaritmo-base-cualquiera-numero","true","","3","3","3","3","3","true","true","approved","passed"
"https://hacecuentas.com/calculadora-logaritmos-base-10-natural-cualquier-base","src/content/calcs/logaritmos.json","AR","logaritmos","true","","3","3","3","3","3","true","true","approved","passed"
"https://hacecuentas.com/calculadora-love-calculator","src/content/calcs/love-calculator.json","AR","love-calculator","true","","1","1","1","1","1","true","true","approved","passed"
"https://hacecuentas.com/calculadora-macros-objetivo-fitness","src/content/calcs/macros-objetivo-fitness.json","AR","macros-objetivo-fitness","true","","3","2","3","3","1","true","true","approved","passed"
"https://hacecuentas.com/calculadora-macros-distribucion-proteina-carbos-grasas","src/content/calcs/macros.json","AR","macros","true","","4","2","3","3","1","true","true","approved","passed"
"https://hacecuentas.com/calculadora-maletas-peso-aerolineas-low-cost-premium","src/content/calcs/maletas-peso-aerolineas-low-cost-premium.json","AR","maletas-peso-aerolineas-low-cost-premium","true","","6","2","3","3","3","true","true","approved","passed"
"https://hacecuentas.com/calculadora-maraton-serie-tiempo","src/content/calcs/maraton-serie-tiempo.json","AR","maraton-serie-tiempo","true","","1","1","1","1","1","true","true","approved","passed"
"https://hacecuentas.com/calculadora-margen-ganancia-markup","src/content/calcs/margen-ganancia.json","AR","margen-ganancia","true","","3","1","2","2","2","true","true","approved","passed"
"https://hacecuentas.com/calculadora-cac-ltv-costo-adquisicion-cliente","src/content/calcs/marketing-cac.json","AR","marketing-cac","true","","4","4","4","4","4","true","true","approved","passed"
"https://hacecuentas.com/calculadora-tasa-de-conversion","src/content/calcs/marketing-conversion.json","AR","marketing-conversion","true","","4","2","2","2","2","true","true","approved","passed"
"https://hacecuentas.com/calculadora-cpm-costo-por-mil-impresiones","src/content/calcs/marketing-cpm.json","AR","marketing-cpm","true","","4","3","3","3","3","true","true","approved","passed"
"https://hacecuentas.com/calculadora-roas-retorno-inversion-publicitaria","src/content/calcs/marketing-roas.json","AR","marketing-roas","true","","3","2","2","2","2","true","true","approved","passed"
"https://hacecuentas.com/calculadora-masa-pizza-casera-gramos-invitados","src/content/calcs/masa-pizza-casera-gramos-invitados.json","AR","masa-pizza-casera-gramos-invitados","true","","4","3","3","2","2","true","true","approved","passed"
"https://hacecuentas.com/calculadora-mcd-mcm-dos-numeros-enteros","src/content/calcs/mcd-mcm-dos-numeros-enteros.json","AR","mcd-mcm-dos-numeros-enteros","true","","3","3","3","3","3","true","true","approved","passed"
"https://hacecuentas.com/calculadora-mcd-mcm-maximo-divisor-minimo-multiplo","src/content/calcs/mcd-mcm.json","AR","mcd-mcm","true","","3","3","3","3","3","true","true","approved","passed"
"https://hacecuentas.com/calculadora-media-mediana-moda-rango-estadistica","src/content/calcs/media-mediana-moda-rango-estadistica.json","AR","media-mediana-moda-rango-estadistica","true","","5","5","5","5","5","true","true","approved","passed"
"https://hacecuentas.com/calculadora-promedio-ponderado-notas-materias","src/content/calcs/media-ponderada.json","AR","media-ponderada","true","","2","2","2","1","1","true","true","approved","passed"
"https://hacecuentas.com/calculadora-megapixeles-impresion-tamano","src/content/calcs/megapixeles-impresion-tamano.json","AR","megapixeles-impresion-tamano","true","","4","1","1","1","1","true","true","approved","passed"
"https://hacecuentas.com/calculadora-mejor-hora-publicar","src/content/calcs/mejor-hora-publicar.json","AR","mejor-hora-publicar","true","","4","4","4","4","4","true","true","approved","passed"
"https://hacecuentas.com/calculadora-memoria-fotos-capacidad","src/content/calcs/memoria-fotos-capacidad.json","AR","memoria-fotos-capacidad","true","","4","3","4","4","4","true","true","approved","passed"
"https://hacecuentas.com/calculadora-metros-cuadrados-habitacion","src/content/calcs/metros-cuadrados-habitacion.json","AR","metros-cuadrados-habitacion","true","","4","1","1","1","1","true","true","approved","passed"
"https://hacecuentas.com/calculadora-moles-masa-formula-molecular","src/content/calcs/moles-masa-formula-molecular.json","AR","moles-masa-formula-molecular","true","","3","2","2","2","2","true","true","approved","passed"
"https://hacecuentas.com/calculadora-momento-angular-rotacion","src/content/calcs/momento-angular-rotacion.json","AR","momento-angular-rotacion","true","","4","4","4","4","4","true","true","approved","passed"
"https://hacecuentas.com/calculadora-moneda-local-cambio-pais","src/content/calcs/moneda-local-cambio-pais.json","AR","moneda-local-cambio-pais","true","","3","3","3","2","3","true","true","approved","passed"
"https://hacecuentas.com/calculadora-monotributo-mejor-categoria-2026","src/content/calcs/monotributo-mejor-categoria-2026.json","AR","monotributo-categoria-ideal","true","","3","3","3","3","3","true","true","approved","passed"
"https://hacecuentas.com/calculadora-monotributo-social-beneficio-exencion","src/content/calcs/monotributo-social-beneficio-exencion.json","AR","monotributo-social-beneficio-exencion","true","","3","3","3","3","3","true","true","approved","passed"
"https://hacecuentas.com/calculadora-monotributo-vs-responsable-inscripto","src/content/calcs/monotributo-vs-inscripto.json","AR","monotributo-vs-inscripto","true","","4","4","4","4","4","true","true","approved","passed"
"https://hacecuentas.com/calculadora-monotributo-2026","src/content/calcs/monotributo.json","AR","monotributo","true","","3","3","3","3","3","true","true","approved","passed"
"https://hacecuentas.com/calculadora-mortero-juntas-ladrillos-m2-pared","src/content/calcs/mortero-juntas.json","AR","mortero-juntas","true","","2","1","1","0","1","false","false","pending","passed"
"https://hacecuentas.com/calculadora-nivel-estres","src/content/calcs/nivel-estres.json","AR","nivel-estres","true","","3","2","2","2","2","true","true","approved","passed"
"https://hacecuentas.com/calculadora-nivel-introversion-extraversion","src/content/calcs/nivel-introversion-extraversion.json","AR","nivel-introversion-extraversion","true","","4","3","4","4","4","true","true","approved","passed"
"https://hacecuentas.com/calculadora-nombre-elfo","src/content/calcs/nombre-elfo.json","AR","nombre-elfo","true","","4","1","1","1","1","true","true","approved","passed"
"https://hacecuentas.com/calculadora-nombre-rapper","src/content/calcs/nombre-rapper.json","AR","nombre-rapper","true","","3","2","2","2","2","true","true","approved","passed"
"https://hacecuentas.com/calculadora-nota-minima-aprobar-final-parcial-promedio","src/content/calcs/nota-minima-aprobar-final-parcial-promedio.json","AR","nota-minima-aprobar-final-parcial-promedio","true","","12","9","9","9","9","true","true","approved","passed"
"https://hacecuentas.com/calculadora-nota-parcial-recuperatorio-promocion","src/content/calcs/nota-parcial-recuperatorio-promocion.json","AR","nota-parcial-recuperatorio-promocion","true","","3","2","2","1","1","true","true","approved","passed"
"https://hacecuentas.com/calculadora-nota-promedio-bachillerato-secundario-materias","src/content/calcs/nota-promedio-bachillerato-secundario-materias.json","AR","nota-promedio-bachillerato-secundario-materias","true","","25","18","24","24","24","true","true","approved","passed"
"https://hacecuentas.com/calculadora-notacion-cientifica","src/content/calcs/notacion-cientifica.json","AR","notacion-cientifica","true","","2","2","2","2","2","true","true","approved","passed"
"https://hacecuentas.com/calculadora-numeros-primos-factorizacion","src/content/calcs/numeros-primos.json","AR","numeros-primos","true","","3","3","3","2","3","true","true","approved","passed"
"https://hacecuentas.com/calculadora-pace-ritmo-running","src/content/calcs/pace-running.json","AR","pace-running","true","","4","3","3","3","3","true","true","approved","passed"
"https://hacecuentas.com/calculadora-panel-solar-kwh-dimensionar","src/content/calcs/panel-solar-kwh-dimensionar.json","AR","panel-solar-kwh-dimensionar","true","","3","2","2","1","2","true","true","approved","passed"
"https://hacecuentas.com/calculadora-paseos-perro-minutos-raza-energia","src/content/calcs/paseos-perro-minutos-raza-energia.json","AR","paseos-perro-minutos-raza-energia","true","","4","3","3","2","3","true","true","approved","passed"
"https://hacecuentas.com/calculadora-pasto-semilla-kg-m2-cesped-sembrar","src/content/calcs/pasto-semilla-kg-m2-cesped-sembrar.json","AR","pasto-semilla-kg-m2-cesped-sembrar","true","","7","2","6","6","6","true","true","approved","passed"
"https://hacecuentas.com/calculadora-patente-auto-valor","src/content/calcs/patente-auto-valor.json","AR","patente-auto-valor","true","","3","2","2","1","2","true","true","approved","passed"
"https://hacecuentas.com/calculadora-patente-ciclomotor-moto-argentina-costo","src/content/calcs/patente-ciclomotor-moto-argentina-costo.json","AR","patente-ciclomotor-moto-argentina-costo","true","","3","1","1","1","1","true","true","approved","passed"
"https://hacecuentas.com/calculadora-payback-periodo-recupero-inversion","src/content/calcs/payback-inversion.json","AR","payback-inversion","true","","2","1","2","1","2","true","true","approved","passed"
"https://hacecuentas.com/calculadora-peliculas-sin-subtitulos-horas-idioma","src/content/calcs/peliculas-sin-subtitulos-horas-idioma.json","AR","peliculas-sin-subtitulos-horas-idioma","true","","3","2","3","3","3","true","true","approved","passed"
"https://hacecuentas.com/calculadora-permutaciones-n-tomados-k-pnk","src/content/calcs/permutaciones-n-tomados-k-pnk.json","AR","permutaciones-n-tomados-k-pnk","true","","3","3","3","3","3","true","true","approved","passed"
"https://hacecuentas.com/calculadora-peso-ideal-embarazo-imc-previo","src/content/calcs/peso-ideal-embarazo-imc-previo.json","AR","peso-ideal-embarazo-imc-previo","true","","3","1","2","2","1","true","true","approved","passed"
"https://hacecuentas.com/calculadora-alimento-diario-perro","src/content/calcs/peso-ideal-perro.json","AR","peso-ideal-perro","true","","4","3","4","4","4","true","true","approved","passed"
"https://hacecuentas.com/calculadora-peso-mochila-ideal-trekking-senderismo","src/content/calcs/peso-mochila-trekking.json","AR","peso-mochila-trekking","true","","2","1","2","1","1","true","true","approved","passed"
"https://hacecuentas.com/calculadora-peso-objetivo-competicion","src/content/calcs/peso-objetivo-competicion.json","AR","peso-objetivo-competicion","true","","3","2","2","2","2","true","true","approved","passed"
"https://hacecuentas.com/calculadora-ping-latencia-gaming-aceptable","src/content/calcs/ping-latencia-gaming-aceptable.json","AR","ping-latencia-gaming-aceptable","true","","3","2","3","3","3","true","true","approved","passed"
"https://hacecuentas.com/calculadora-teorema-pitagoras-hipotenusa-cateto","src/content/calcs/pitagoras.json","AR","pitagoras","true","","3","3","3","3","3","true","true","approved","passed"
"https://hacecuentas.com/calculadora-plan-entrenamiento-21k-semi-maraton-semanas","src/content/calcs/plan-entrenamiento-21k-semi-maraton-semanas.json","AR","plan-entrenamiento-21k-semi-maraton-semanas","true","","3","2","2","2","2","true","true","approved","passed"
"https://hacecuentas.com/calculadora-plan-entrenamiento-5k-semanas","src/content/calcs/plan-entrenamiento-5k-semanas.json","AR","plan-entrenamiento-5k-semanas","true","","2","2","2","2","2","true","true","approved","passed"
"https://hacecuentas.com/calculadora-plan-entrenamiento-maraton-42k-semanas","src/content/calcs/plan-entrenamiento-maraton-42k-semanas.json","AR","plan-entrenamiento-maraton-42k-semanas","true","","1","1","1","1","1","true","true","approved","passed"
"https://hacecuentas.com/calculadora-playlist-duracion-canciones","src/content/calcs/playlist-duracion-canciones.json","AR","playlist-duracion-canciones","true","","4","3","3","2","2","true","true","approved","passed"
"https://hacecuentas.com/calculadora-podar-rosal-cuando-fecha","src/content/calcs/podar-rosal-cuando-fecha.json","AR","podar-rosal-cuando-fecha","true","","1","1","1","1","1","true","true","approved","passed"
"https://hacecuentas.com/calculadora-poder-adquisitivo-sueldo-real","src/content/calcs/poder-adquisitivo-sueldo-real.json","AR","poder-adquisitivo-sueldo-real","true","","2","2","2","2","2","true","true","approved","passed"
"https://hacecuentas.com/calculadora-poh-concentracion-oh","src/content/calcs/poh-concentracion-oh.json","AR","poh-concentracion-oh","true","","4","4","4","4","4","true","true","approved","passed"
"https://hacecuentas.com/calculadora-porcentajes","src/content/calcs/porcentaje.json","AR","porcentaje","true","","3","3","3","3","3","true","true","approved","passed"
"https://hacecuentas.com/calculadora-porcion-arroz-gramos-personas","src/content/calcs/porcion-arroz-personas.json","AR","porcion-arroz-personas","true","","3","2","2","2","1","true","true","approved","passed"
"https://hacecuentas.com/calculadora-porciones-arroz-por-persona-guarnicion","src/content/calcs/porciones-arroz-por-persona-guarnicion.json","AR","porciones-arroz-por-persona-guarnicion","true","","4","4","4","4","4","true","true","approved","passed"
"https://hacecuentas.com/calculadora-porciones-pasta-seca-persona-hambre","src/content/calcs/porciones-pasta-seca-persona-hambre.json","AR","porciones-pasta-seca-persona-hambre","true","","2","1","1","1","1","true","true","approved","passed"
"https://hacecuentas.com/calculadora-porciones-torta-cumpleanos-invitados-tamano","src/content/calcs/porciones-torta-cumpleanos-invitados-tamano.json","AR","porciones-torta-cumpleanos-invitados-tamano","true","","3","2","2","2","2","true","true","approved","passed"
"https://hacecuentas.com/calculadora-potencias-y-raices","src/content/calcs/potencias-raices.json","AR","potencias-raices","true","","3","3","3","3","3","true","true","approved","passed"
"https://hacecuentas.com/calculadora-precio-dolar-producto","src/content/calcs/precio-dolar-producto.json","AR","precio-dolar-producto","true","","2","2","2","2","2","true","true","approved","passed"
"https://hacecuentas.com/calculadora-iva-agregar-discriminar","src/content/calcs/precio-iva.json","AR","precio-iva","true","","4","4","4","4","4","true","true","approved","passed"
"https://hacecuentas.com/calculadora-precio-minimo-venta-con-margen","src/content/calcs/precio-minimo-venta.json","AR","precio-minimo-venta","true","","6","0","5","5","5","false","false","pending","passed"
"https://hacecuentas.com/calculadora-precio-por-kilo-litro","src/content/calcs/precio-por-kilo-litro.json","AR","precio-por-kilo-litro","true","","4","3","3","3","3","true","true","approved","passed"
"https://hacecuentas.com/calculadora-presion-hidrostatica","src/content/calcs/presion-hidrostatica.json","AR","presion-hidrostatica","true","","3","3","3","3","1","true","true","approved","passed"
"https://hacecuentas.com/calculadora-presupuesto-cumpleanos","src/content/calcs/presupuesto-cumpleanos.json","AR","presupuesto-cumpleanos","true","","1","1","1","1","1","true","true","approved","passed"
"https://hacecuentas.com/calculadora-probabilidad-binomial","src/content/calcs/probabilidad-binomial.json","AR","probabilidad-binomial","true","","3","3","3","3","3","true","true","approved","passed"
"https://hacecuentas.com/calculadora-probabilidad-drop-loot","src/content/calcs/probabilidad-drop-loot.json","AR","probabilidad-drop-loot","true","","3","3","3","3","3","true","true","approved","passed"
"https://hacecuentas.com/calculadora-productividad-empleados-output-hora","src/content/calcs/productividad-empleados-output-hora.json","AR","productividad-empleados-output-hora","true","","2","1","1","1","1","true","true","approved","passed"
"https://hacecuentas.com/calculadora-progresion-aritmetica","src/content/calcs/progresion-aritmetica.json","AR","progresion-aritmetica","true","","2","2","2","2","1","true","true","approved","passed"
"https://hacecuentas.com/calculadora-progresion-geometrica-suma-termino","src/content/calcs/progresion-geometrica-suma-termino.json","AR","progresion-geometrica-suma-termino","true","","2","2","2","2","1","true","true","approved","passed"
"https://hacecuentas.com/calculadora-promedio-mediana-moda-estadistica","src/content/calcs/promedio-mediana.json","AR","promedio-mediana","true","","3","2","2","2","2","true","true","approved","passed"
"https://hacecuentas.com/calculadora-promedio-notas-universidad","src/content/calcs/promedio-notas-universidad.json","AR","promedio-notas-universidad","true","","2","2","2","1","2","true","true","approved","passed"
"https://hacecuentas.com/calculadora-promedio-ponderado-universidad","src/content/calcs/promedio-ponderado-universidad.json","AR","promedio-ponderado-universidad","true","","3","2","2","1","2","true","true","approved","passed"
"https://hacecuentas.com/calculadora-dividir-cuenta-propina-amigos","src/content/calcs/propina-dividir-cuenta.json","AR","propina-dividir-cuenta","true","","2","1","1","1","1","true","true","approved","passed"
"https://hacecuentas.com/calculadora-propina-restaurante","src/content/calcs/propina-restaurante.json","AR","propina-restaurante","true","","2","1","1","1","1","true","true","approved","passed"
"https://hacecuentas.com/calculadora-proteina-diaria-fisicoculturismo-ganar-musculo","src/content/calcs/proteina-diaria-fisicoculturismo-ganar-musculo.json","AR","proteina-diaria-fisicoculturismo-ganar-musculo","true","","3","3","3","2","3","true","true","approved","passed"
"https://hacecuentas.com/calculadora-proteina-diaria-objetivo","src/content/calcs/proteina-diaria.json","AR","proteina-diaria","true","","5","3","4","4","4","true","true","approved","passed"
"https://hacecuentas.com/calculadora-proteina-por-comida-absorcion","src/content/calcs/proteina-por-comida-absorcion.json","AR","proteina-por-comida-absorcion","true","","24","19","21","21","19","true","true","approved","passed"
"https://hacecuentas.com/calculadora-proximo-cumpleanos","src/content/calcs/proximo-cumpleanos.json","AR","proximo-cumpleanos","true","","4","4","4","3","4","true","true","approved","passed"
"https://hacecuentas.com/calculadora-puntaje-ingreso-universidad","src/content/calcs/puntaje-ingreso-universidad.json","AR","puntaje-ingreso-universidad","true","","3","2","2","1","1","true","true","approved","passed"
"https://hacecuentas.com/calculadora-puntos-ranking-ajedrez-elo","src/content/calcs/puntos-ranking-ajedrez-elo.json","AR","puntos-ranking-ajedrez-elo","true","","2","2","2","1","2","true","true","approved","passed"
"https://hacecuentas.com/calculadora-que-dia-de-la-semana","src/content/calcs/que-dia.json","AR","que-dia","true","","4","4","4","4","4","true","true","approved","passed"
"https://hacecuentas.com/calculadora-que-sueldo-necesito-para-sacar-un-credito","src/content/calcs/que-sueldo-necesito-para-sacar-un-credito.json","AR","que-sueldo-necesito-para-sacar-un-credito","true","","2","1","1","1","1","true","true","approved","passed"
"https://hacecuentas.com/calculadora-raid-almacenamiento-util-discos","src/content/calcs/raid-almacenamiento-util-discos.json","AR","raid-almacenamiento-util-discos","true","","2","2","2","2","2","true","true","approved","passed"
"https://hacecuentas.com/calculadora-reactancia-inductiva-capacitiva","src/content/calcs/reactancia-inductiva-capacitiva.json","AR","reactancia-inductiva-capacitiva","true","","16","9","14","14","11","true","true","approved","passed"
"https://hacecuentas.com/calculadora-reciclaje-botellas-ahorro-co2","src/content/calcs/reciclaje-botellas-ahorro-co2.json","AR","reciclaje-botellas-ahorro-co2","true","","3","2","2","2","2","true","true","approved","passed"
"https://hacecuentas.com/calculadora-recuperacion-muscular-horas","src/content/calcs/recuperacion-muscular-horas.json","AR","recuperacion-muscular-horas","true","","21","17","19","19","19","true","true","approved","passed"
"https://hacecuentas.com/calculadora-rendimiento-masa-empanadas-cantidad","src/content/calcs/rendimiento-masa-empanadas-cantidad.json","AR","rendimiento-masa-empanadas-cantidad","true","","2","1","1","0","1","false","false","pending","passed"
"https://hacecuentas.com/calculadora-resistencia-codigo-colores-4-5-bandas","src/content/calcs/resistencia-codigo-colores-4-5-bandas.json","AR","resistencia-codigo-colores-4-5-bandas","true","","13","10","11","10","10","true","true","approved","passed"
"https://hacecuentas.com/calculadora-resistencia-led-serie-paralelo","src/content/calcs/resistencia-led-serie-paralelo.json","AR","resistencia-led-serie-paralelo","true","","3","1","3","2","1","true","true","approved","passed"
"https://hacecuentas.com/calculadora-resolucion-pantalla-ppi","src/content/calcs/resolucion-pantalla-ppi.json","AR","resolucion-pantalla-ppi","true","","4","3","3","2","2","true","true","approved","passed"
"https://hacecuentas.com/calculadora-retencion-afip-cuit-regimen-general","src/content/calcs/retencion-afip-cuit-regimen-general.json","AR","retencion-afip-cuit-regimen-general","true","","4","3","3","3","3","true","true","approved","passed"
"https://hacecuentas.com/calculadora-1rm-peso-maximo-levantamiento","src/content/calcs/rm.json","AR","rm","true","","5","4","4","1","4","true","true","approved","passed"
"https://hacecuentas.com/calculadora-roi-capacitacion-empleados","src/content/calcs/roi-capacitacion-empleados.json","AR","roi-capacitacion-empleados","true","","2","1","2","1","1","true","true","approved","passed"
"https://hacecuentas.com/calculadora-roi-publicidad-redes","src/content/calcs/roi-publicidad-redes.json","AR","roi-publicidad-redes","true","","2","2","2","2","2","true","true","approved","passed"
"https://hacecuentas.com/calculadora-rotacion-inventario-stock","src/content/calcs/rotacion-inventario.json","AR","rotacion-inventario","true","","3","2","3","3","3","true","true","approved","passed"
"https://hacecuentas.com/salario-minimo-vital-movil-argentina","src/content/calcs/salario-minimo.json","AR","salario-minimo","true","","4","4","4","4","4","true","true","approved","passed"
"https://hacecuentas.com/calculadora-sat-ielts-toefl-equivalencias-puntaje-convertidor","src/content/calcs/sat-ielts-toefl-equivalencias-puntaje-convertidor.json","AR","sat-ielts-toefl-equivalencias-puntaje-convertidor","true","","2","2","2","2","2","true","true","approved","passed"
"https://hacecuentas.com/calculadora-scrum-sprint-velocity-story-points","src/content/calcs/scrum-sprint-velocity-story-points.json","AR","scrum-sprint-velocity-story-points","true","","3","2","3","3","3","true","true","approved","passed"
"https://hacecuentas.com/calculadora-semanas-embarazo","src/content/calcs/semanas-embarazo.json","AR","semanas-embarazo","true","","3","3","3","1","3","true","true","approved","passed"
"https://hacecuentas.com/calculadora-semillas-por-m2-huerta","src/content/calcs/semillas-por-m2-huerta.json","AR","semillas-por-m2-huerta","true","","2","2","2","1","2","true","true","approved","passed"
"https://hacecuentas.com/calculadora-sharpe-ratio-portafolio-riesgo","src/content/calcs/sharpe-ratio-portafolio.json","AR","sharpe-ratio-portafolio","true","","2","2","2","1","1","true","true","approved","passed"
"https://hacecuentas.com/calculadora-siembra-calendario-argentina-zona","src/content/calcs/siembra-calendario-argentina.json","AR","siembra-calendario-argentina","true","","2","2","2","1","2","true","true","approved","passed"
"https://hacecuentas.com/simulador-monotributo-neto","src/content/calcs/simulador-monotributo-neto.json","AR","simulador-monotributo-neto","true","","4","3","3","3","3","true","true","approved","passed"
"https://hacecuentas.com/calculadora-sistemas-ecuaciones-2x2-cramer","src/content/calcs/sistemas-ecuaciones.json","AR","sistemas-ecuaciones","true","","2","2","2","2","2","true","true","approved","passed"
"https://hacecuentas.com/calculadora-dividir-gastos-pareja-proporcional","src/content/calcs/split-gastos-pareja.json","AR","split-gastos-pareja","true","","2","0","1","1","0","false","false","pending","passed"
"https://hacecuentas.com/calculadora-stepper-pasos-grado","src/content/calcs/stepper-pasos-grado.json","AR","stepper-pasos-grado","true","","1","1","1","1","1","true","true","approved","passed"
"https://hacecuentas.com/calculadora-stream-bitrate-calidad","src/content/calcs/stream-bitrate-calidad.json","AR","stream-bitrate-calidad","true","","2","2","2","2","2","true","true","approved","passed"
"https://hacecuentas.com/calculadora-subnetting-mascara-red-cidr","src/content/calcs/subnetting-mascara-red-cidr.json","AR","subnetting-mascara-red-cidr","true","","3","3","3","3","3","true","true","approved","passed"
"https://hacecuentas.com/calculadora-sueldo-aeronautico-piloto-azafata-tripulante","src/content/calcs/sueldo-aeronautico-piloto-azafata-tripulante.json","AR","sueldo-aeronautico-piloto-azafata-tripulante","true","","4","4","4","4","4","true","true","approved","passed"
"https://hacecuentas.com/sueldo-en-mano-argentina","src/content/calcs/sueldo-ar.json","AR","sueldo-ar","true","","4","4","4","4","4","true","true","approved","passed"
"https://hacecuentas.com/calculadora-sueldo-neto-autonomo-monotributista","src/content/calcs/sueldo-autonomo-neto.json","AR","sueldo-autonomo-neto","true","","4","2","2","2","2","true","true","approved","passed"
"https://hacecuentas.com/calculadora-sueldo-bruto-desde-neto","src/content/calcs/sueldo-bruto-desde-neto.json","AR","sueldo-bruto-desde-neto","true","","4","4","4","4","4","true","true","approved","passed"
"https://hacecuentas.com/calculadora-sueldo-chofer-colectivo-uta-urbano","src/content/calcs/sueldo-chofer-colectivo-uta-urbano.json","AR","sueldo-chofer-colectivo-uta-urbano","true","","5","4","4","4","4","true","true","approved","passed"
"https://hacecuentas.com/calculadora-sueldo-docente-argentina-cargo-antiguedad","src/content/calcs/sueldo-docente-argentina-cargo-antiguedad.json","AR","sueldo-docente-argentina-cargo-antiguedad","true","","5","5","5","5","5","true","true","approved","passed"
"https://hacecuentas.com/calculadora-sueldo-empleada-domestica-horas-retiro","src/content/calcs/sueldo-empleada-domestica-horas-retiro.json","AR","sueldo-empleada-domestica-horas-retiro","true","","4","3","3","3","3","true","true","approved","passed"
"https://hacecuentas.com/calculadora-sueldo-en-dolares","src/content/calcs/sueldo-en-dolares.json","AR","sueldo-en-dolares","true","","3","1","1","1","1","true","true","approved","passed"
"https://hacecuentas.com/calculadora-sueldo-enfermero-hospital-publico-categoria","src/content/calcs/sueldo-enfermero-hospital-publico-categoria.json","AR","sueldo-enfermero-hospital-publico-categoria","true","","4","3","3","3","3","true","true","approved","passed"
"https://hacecuentas.com/calculadora-sueldo-hora-extra-nocturna-feriado","src/content/calcs/sueldo-hora-extra-nocturna-feriado.json","AR","sueldo-hora-extra-nocturna-feriado","true","","4","4","4","4","4","true","true","approved","passed"
"https://hacecuentas.com/calculadora-sueldo-por-hora","src/content/calcs/sueldo-hora.json","AR","sueldo-hora","true","","4","4","4","4","4","true","true","approved","passed"
"https://hacecuentas.com/calculadora-sueldo-panadero-basico-feriado-nocturno","src/content/calcs/sueldo-panadero-basico-feriado-nocturno.json","AR","sueldo-panadero-basico-feriado-nocturno","true","","3","3","3","3","3","true","true","approved","passed"
"https://hacecuentas.com/calculadora-sueldo-policia-federal-grado-antiguedad","src/content/calcs/sueldo-policia-federal-grado-antiguedad.json","AR","sueldo-policia-federal-grado-antiguedad","true","","3","3","3","3","3","true","true","approved","passed"
"https://hacecuentas.com/calculadora-valor-hora-trabajo-mensual","src/content/calcs/sueldo-por-hora.json","AR","sueldo-por-hora","true","","1","1","1","1","1","true","true","approved","passed"
"https://hacecuentas.com/calculadora-sueldo-programador-desarrollador-argentina-seniority","src/content/calcs/sueldo-programador-desarrollador-argentina-seniority.json","AR","sueldo-programador-desarrollador-argentina-seniority","true","","4","4","4","4","4","true","true","approved","passed"
"https://hacecuentas.com/calculadora-sueldo-smata-mecanico-automotor-basico","src/content/calcs/sueldo-smata-mecanico-automotor-basico.json","AR","sueldo-smata-mecanico-automotor-basico","true","","4","4","4","4","4","true","true","approved","passed"
"https://hacecuentas.com/calculadora-sueldo-uom-metalurgico-basico-neto","src/content/calcs/sueldo-uom-metalurgico-basico-neto.json","AR","sueldo-uom-metalurgico-basico-neto","true","","4","3","3","3","3","true","true","approved","passed"
"https://hacecuentas.com/sueldo-vs-promedio-argentino","src/content/calcs/sueldo-vs-promedio-argentino.json","AR","sueldo-vs-promedio-argentino","true","","3","3","3","3","3","true","true","approved","passed"
"https://hacecuentas.com/calculadora-superavit-calorico-masa-muscular","src/content/calcs/superavit-calorico.json","AR","superavit-calorico","true","","4","2","3","3","3","true","true","approved","passed"
"https://hacecuentas.com/calculadora-swolf-natacion-indice","src/content/calcs/swolf-natacion-indice.json","AR","swolf-natacion-indice","true","","3","2","2","2","1","true","true","approved","passed"
"https://hacecuentas.com/calculadora-tallas-ropa-internacional","src/content/calcs/talla-ropa-internacional.json","AR","talla-ropa-internacional","true","","3","1","1","1","1","true","true","approved","passed"
"https://hacecuentas.com/calculadora-talle-zapatilla-conversion","src/content/calcs/talle-zapatilla-conversion.json","AR","talle-zapatilla-conversion","true","","4","2","4","4","4","true","true","approved","passed"
"https://hacecuentas.com/calculadora-tamano-archivo-conversor","src/content/calcs/tamano-archivo-conversor.json","AR","tamano-archivo-conversor","true","","2","2","2","2","2","true","true","approved","passed"
"https://hacecuentas.com/calculadora-tamano-cucha-perro-medidas","src/content/calcs/tamano-cucha-perro.json","AR","tamano-cucha-perro","true","","2","2","2","1","2","true","true","approved","passed"
"https://hacecuentas.com/calculadora-tamano-muestra-encuesta","src/content/calcs/tamano-muestra-encuesta.json","AR","tamano-muestra-encuesta","true","","3","2","2","2","2","true","true","approved","passed"
"https://hacecuentas.com/calculadora-tamano-tv-distancia-ideal-pulgadas","src/content/calcs/tamano-tv-distancia.json","AR","tamano-tv-distancia","true","","3","3","3","2","3","true","true","approved","passed"
"https://hacecuentas.com/calculadora-tanque-agua-litros-personas","src/content/calcs/tanque-agua-litros-personas.json","AR","tanque-agua-litros-personas","true","","3","2","2","1","2","true","true","approved","passed"
"https://hacecuentas.com/calculadora-tasa-abandono-carrito-ecommerce","src/content/calcs/tasa-abandono-carrito.json","AR","tasa-abandono-carrito","true","","2","2","2","1","2","true","true","approved","passed"
"https://hacecuentas.com/calculadora-tasa-rebote-benchmark-sitio-web","src/content/calcs/tasa-rebote-benchmark-sitio-web.json","AR","tasa-rebote-benchmark-sitio-web","true","","2","2","2","2","2","true","true","approved","passed"
"https://hacecuentas.com/calculadora-tecnica-pomodoro-bloques-descanso-optimo","src/content/calcs/tecnica-pomodoro-bloques-descanso-optimo.json","AR","tecnica-pomodoro-bloques-descanso-optimo","true","","3","3","3","3","1","true","true","approved","passed"
"https://hacecuentas.com/calculadora-temperatura-aceite-fritura-punto-humo","src/content/calcs/temperatura-aceite-fritura.json","AR","temperatura-aceite-fritura","true","","3","3","3","2","1","true","true","approved","passed"
"https://hacecuentas.com/calculadora-teorema-tales-proporcionalidad-segmentos","src/content/calcs/teorema-tales.json","AR","teorema-tales","true","","2","2","2","2","1","true","true","approved","passed"
"https://hacecuentas.com/calculadora-tesis-palabras-tiempo-necesario-elaboracion","src/content/calcs/tesis-palabras-tiempo-necesario-elaboracion.json","AR","tesis-palabras-tiempo-necesario-elaboracion","true","","4","4","4","4","4","true","true","approved","passed"
"https://hacecuentas.com/calculadora-test-lenguaje-amor","src/content/calcs/test-lenguaje-amor.json","AR","test-lenguaje-amor","true","","1","1","1","1","1","true","true","approved","passed"
"https://hacecuentas.com/calculadora-ticket-promedio-ventas","src/content/calcs/ticket-promedio.json","AR","ticket-promedio","true","","3","2","2","1","2","true","true","approved","passed"
"https://hacecuentas.com/calculadora-tiempo-calidad-hijos-padres-madres-minutos","src/content/calcs/tiempo-calidad-hijos-padres-madres-minutos.json","AR","tiempo-calidad-hijos-padres-madres-minutos","true","","5","2","4","4","3","true","true","approved","passed"
"https://hacecuentas.com/calculadora-tiempo-coccion-legumbres-remojo","src/content/calcs/tiempo-coccion-legumbres-remojo.json","AR","tiempo-coccion-legumbres-remojo","true","","2","2","2","2","2","true","true","approved","passed"
"https://hacecuentas.com/calculadora-tiempo-temperatura-coccion-carne","src/content/calcs/tiempo-coccion.json","AR","tiempo-coccion","true","","4","2","3","2","3","true","true","approved","passed"
"https://hacecuentas.com/calculadora-tiempo-descongelado-alimentos-peso","src/content/calcs/tiempo-descongelar.json","AR","tiempo-descongelar","true","","5","2","3","3","3","true","true","approved","passed"
"https://hacecuentas.com/calculadora-tiempo-digestion-alimentos-estomago","src/content/calcs/tiempo-digestion-alimentos-estomago.json","AR","tiempo-digestion-alimentos-estomago","true","","5","5","5","5","5","true","true","approved","passed"
"https://hacecuentas.com/calculadora-tiempo-en-redes-sociales","src/content/calcs/tiempo-en-redes-sociales.json","AR","tiempo-en-redes-sociales","true","","2","2","2","1","2","true","true","approved","passed"
"https://hacecuentas.com/calculadora-tiempo-estudio-examen-dificultad-paginas","src/content/calcs/tiempo-estudio-examen-dificultad-paginas.json","AR","tiempo-estudio-examen-dificultad-paginas","true","","3","1","3","3","1","true","true","approved","passed"
"https://hacecuentas.com/calculadora-tiempo-pantalla-ideal-edad","src/content/calcs/tiempo-pantalla-ideal-edad.json","AR","tiempo-pantalla-ideal-edad","true","","2","2","2","1","2","true","true","approved","passed"
"https://hacecuentas.com/calculadora-tokens-openai-gpt-costo-uso-mensual","src/content/calcs/tokens-openai-gpt-costo-uso-mensual.json","AR","tokens-openai-gpt-costo-uso-mensual","true","","4","2","4","3","4","true","true","approved","passed"
"https://hacecuentas.com/calculadora-transferencia-archivo-red-lan-tiempo","src/content/calcs/transferencia-archivo-red-lan-tiempo.json","AR","transferencia-archivo-red-lan-tiempo","true","","2","2","2","1","2","true","true","approved","passed"
"https://hacecuentas.com/calculadora-transformador-relacion-espiras","src/content/calcs/transformador-relacion-espiras.json","AR","transformador-relacion-espiras","true","","3","3","3","3","2","true","true","approved","passed"
"https://hacecuentas.com/calculadora-transposicion-acordes","src/content/calcs/transposicion-acordes.json","AR","transposicion-acordes","true","","2","2","2","2","1","true","true","approved","passed"
"https://hacecuentas.com/calculadora-trigonometria-seno-coseno-tangente","src/content/calcs/trigonometria.json","AR","trigonometria","true","","3","3","3","3","3","true","true","approved","passed"
"https://hacecuentas.com/calculadora-trimestre-embarazo","src/content/calcs/trimestre-embarazo.json","AR","trimestre-embarazo","true","","4","4","4","4","4","true","true","approved","passed"
"https://hacecuentas.com/calculadora-uber-didi-cabify-comparativa-ciudad","src/content/calcs/uber-didi-cabify-comparativa-ciudad.json","AR","uber-didi-cabify-comparativa-ciudad","true","","4","4","4","4","4","true","true","approved","passed"
"https://hacecuentas.com/calculadora-ups-autonomia-potencia-carga","src/content/calcs/ups-autonomia-potencia-carga.json","AR","ups-autonomia-potencia-carga","true","","4","0","0","0","0","false","false","pending","passed"
"https://hacecuentas.com/calculadora-vacaciones-argentina","src/content/calcs/vacaciones.json","AR","vacaciones","true","","4","4","4","4","4","true","true","approved","passed"
"https://hacecuentas.com/calculadora-vacunas-gato-calendario-gatito","src/content/calcs/vacunas-gato-calendario-gatito.json","AR","vacunas-gato-calendario-gatito","true","","4","3","3","1","3","true","true","approved","passed"
"https://hacecuentas.com/calculadora-vacunas-perro-calendario","src/content/calcs/vacunas-perro-calendario.json","AR","vacunas-perro-calendario","true","","1","0","0","0","0","false","false","pending","passed"
"https://hacecuentas.com/calculadora-valuacion-startup-metodo-berkus","src/content/calcs/valuacion-startup-metodo-berkus.json","AR","valuacion-startup-metodo-berkus","true","","2","2","2","1","2","true","true","approved","passed"
"https://hacecuentas.com/calculadora-velocidad-critica-natacion","src/content/calcs/velocidad-critica-natacion.json","AR","velocidad-critica-natacion","true","","3","1","2","2","2","true","true","approved","passed"
"https://hacecuentas.com/calculadora-velocidad-distancia-tiempo-fisica","src/content/calcs/velocidad-distancia-tiempo-fisica.json","AR","velocidad-distancia-tiempo-fisica","true","","0","0","0","0","0","false","false","pending","passed"
"https://hacecuentas.com/calculadora-velocidad-escape-planeta","src/content/calcs/velocidad-escape-planeta.json","AR","velocidad-escape-planeta","true","","4","4","4","3","4","true","true","approved","passed"
"https://hacecuentas.com/calculadora-velocidad-internet-mbps-real","src/content/calcs/velocidad-internet-mbps-real.json","AR","velocidad-internet-mbps-real","true","","2","1","1","1","1","true","true","approved","passed"
"https://hacecuentas.com/calculadora-velocidad-orbital-satelite","src/content/calcs/velocidad-orbital-satelite.json","AR","velocidad-orbital-satelite","true","","4","4","4","3","4","true","true","approved","passed"
"https://hacecuentas.com/calculadora-velocidad-pelota-futbol-tiro","src/content/calcs/velocidad-pelota-futbol-tiro.json","AR","velocidad-pelota-futbol-tiro","true","","4","2","4","3","1","true","true","approved","passed"
"https://hacecuentas.com/calculadora-velocidad-promedio-trayecto-ciudad","src/content/calcs/velocidad-promedio-trayecto-ciudad.json","AR","velocidad-promedio-trayecto-ciudad","true","","2","1","1","1","1","true","true","approved","passed"
"https://hacecuentas.com/calculadora-velocidad-traduccion-palabras-hora-profesional","src/content/calcs/velocidad-traduccion-palabras-hora-profesional.json","AR","velocidad-traduccion-palabras-hora-profesional","true","","1","1","1","1","1","true","true","approved","passed"
"https://hacecuentas.com/calculadora-combustible-viaje-auto","src/content/calcs/viaje-combustible.json","AR","viaje-combustible","true","","3","2","2","1","2","true","true","approved","passed"
"https://hacecuentas.com/calculadora-video-bitrate-tamano-archivo","src/content/calcs/video-bitrate-tamano-archivo.json","AR","video-bitrate-tamano-archivo","true","","2","2","2","2","2","true","true","approved","passed"
"https://hacecuentas.com/calculadora-dioptrias-receta-optica","src/content/calcs/vista-dioptrias.json","AR","vista-dioptrias","true","","3","3","3","3","3","true","true","approved","passed"
"https://hacecuentas.com/calculadora-vo2-max-test-cooper","src/content/calcs/vo2-max.json","AR","vo2-max","true","","4","2","4","3","4","true","true","approved","passed"
"https://hacecuentas.com/calculadora-vo2max-test-cooper-12-minutos","src/content/calcs/vo2max-cooper.json","AR","vo2max-cooper","true","","3","3","3","1","3","true","true","approved","passed"
"https://hacecuentas.com/calculadora-vocabulario-nivel-mcer-a1-c2-palabras","src/content/calcs/vocabulario-nivel-mcer-a1-c2-palabras.json","AR","vocabulario-nivel-mcer-a1-c2-palabras","true","","3","1","2","2","2","true","true","approved","passed"
"https://hacecuentas.com/calculadora-volumen-cilindro-radio-altura","src/content/calcs/volumen-cilindro-radio-altura.json","AR","volumen-cilindro-radio-altura","true","","2","2","2","1","2","true","true","approved","passed"
"https://hacecuentas.com/calculadora-volumen-excavacion-m3-tierra","src/content/calcs/volumen-excavacion.json","AR","volumen-excavacion","true","","2","0","0","0","0","false","false","pending","passed"
"https://hacecuentas.com/calculadora-volumen-superficie-esfera-radio","src/content/calcs/volumen-superficie-esfera-radio.json","AR","volumen-superficie-esfera-radio","true","","1","1","1","1","1","true","true","approved","passed"
"https://hacecuentas.com/calculadora-vtv-costo-provincia-2026","src/content/calcs/vtv-costo-provincia-2026.json","AR","vtv-costo-provincia-2026","true","","3","1","2","2","2","true","true","approved","passed"
"https://hacecuentas.com/calculadora-vtv-costo-provincias-2026","src/content/calcs/vtv-costo-provincias-2026.json","AR","vtv-costo-provincias-2026","true","","3","3","3","3","3","true","true","approved","passed"
"https://hacecuentas.com/calculadora-wifi-canal-optimo-24-5-ghz","src/content/calcs/wifi-canal-optimo-24-5-ghz.json","AR","wifi-canal-optimo-24-5-ghz","true","","3","2","2","2","2","true","true","approved","passed"
"https://hacecuentas.com/calculadora-z-score-valor-normal","src/content/calcs/z-score-valor-normal.json","AR","z-score-valor-normal","true","","3","3","3","3","3","true","true","approved","passed"
"https://hacecuentas.com/calculadora-zapatilla-usa-a-europa","src/content/calcs/zapatilla-usa-europa-conversion.json","AR","zapatilla-usa-europa-conversion","true","","4","1","2","2","2","true","true","approved","passed"
"https://hacecuentas.com/mx/calculadora-aguinaldo-proporcional-renuncia-mexico","src/content/calcs-mx/calculadora-aguinaldo-proporcional-renuncia-mexico.json","MX","aguinaldo-proporcional-renuncia-mexico","true","","5","2","2","2","2","true","true","approved","passed"
"https://hacecuentas.com/mx/calculadora-ahorro-voluntario-afore-mexico-2026","src/content/calcs-mx/calculadora-ahorro-voluntario-afore-mexico-2026.json","MX","ahorro-voluntario-afore-mexico-2026","true","","5","3","3","3","3","true","true","approved","passed"
"https://hacecuentas.com/mx/calculadora-becas-elisa-acuna-conahcyt-mexico-monto","src/content/calcs-mx/calculadora-becas-elisa-acuna-conahcyt-mexico-monto.json","MX","becas-elisa-acuna-conahcyt-mexico-monto","true","","4","0","0","0","0","false","false","pending","passed"
"https://hacecuentas.com/mx/calculadora-carne-asado-kg-por-persona-mexico","src/content/calcs-mx/calculadora-carne-asado-kg-por-persona-mexico.json","MX","carne-asado-kg-por-persona","true","","3","3","3","3","3","true","true","approved","passed"
"https://hacecuentas.com/mx/calculadora-cetes-mexico-rendimiento-28-91-182-364-dias","src/content/calcs-mx/calculadora-cetes-mexico-rendimiento-28-91-182-364-dias.json","MX","cetes-mexico-rendimiento-28-91-182-364-dias","true","","4","2","2","1","2","true","true","approved","passed"
"https://hacecuentas.com/mx/calculadora-colegiaturas-deducibles-sat-mexico","src/content/calcs-mx/calculadora-colegiaturas-deducibles-sat-mexico.json","MX","colegiaturas-deducibles-sat-mexico","true","","3","1","1","1","1","true","true","approved","passed"
"https://hacecuentas.com/mx/calculadora-costo-empleada-domestica-patron-mexico-2026","src/content/calcs-mx/calculadora-costo-empleada-domestica-patron-mexico-2026.json","MX","costo-empleada-domestica-patron-mexico-2026","true","","6","3","3","3","3","true","true","approved","passed"
"https://hacecuentas.com/mx/calculadora-costo-empleado-patron-mexico-2026","src/content/calcs-mx/calculadora-costo-empleado-patron-mexico-2026.json","MX","costo-empleado-patron-mexico-2026","true","","5","3","3","3","3","true","true","approved","passed"
"https://hacecuentas.com/mx/calculadora-costo-pasaporte-mexicano-2026","src/content/calcs-mx/calculadora-costo-pasaporte-mexicano-2026.json","MX","costo-pasaporte-mexicano-2026","true","","3","3","3","1","3","true","true","approved","passed"
"https://hacecuentas.com/mx/calculadora-credito-automotriz-mexico-cat-mensualidad-2026","src/content/calcs-mx/calculadora-credito-automotriz-mexico-cat-mensualidad-2026.json","MX","credito-automotriz-mexico-cat-mensualidad-2026","true","","5","1","2","2","2","true","true","approved","passed"
"https://hacecuentas.com/mx/calculadora-cuanto-falta-grito-independencia-mexico","src/content/calcs-mx/calculadora-cuanto-falta-grito-independencia-mexico.json","MX","cuanto-falta-grito-independencia-mexico","true","","5","1","1","1","1","true","true","approved","passed"
"https://hacecuentas.com/mx/calculadora-cuanto-tarda-ver-serie-mexico","src/content/calcs-mx/calculadora-cuanto-tarda-ver-serie-mexico.json","MX","maraton-serie-tiempo","true","","2","2","2","1","2","true","true","approved","passed"
"https://hacecuentas.com/mx/calculadora-cuenta-de-ahorro-mexico-rendimiento-cetes-directo-nu-mercado-pago","src/content/calcs-mx/calculadora-cuenta-de-ahorro-mexico-rendimiento-cetes-directo-nu-mercado-pago.json","MX","cuenta-de-ahorro-mexico-rendimiento-cetes-directo-nu-mercado-pago","true","","5","1","2","1","2","true","true","approved","passed"
"https://hacecuentas.com/mx/calculadora-curp-validacion-estructura-mexico","src/content/calcs-mx/calculadora-curp-validacion-estructura-mexico.json","MX","curp-validacion-estructura-mexico","true","","28","13","26","24","25","true","true","approved","passed"
"https://hacecuentas.com/mx/calculadora-factor-integracion-salarial-imss-mexico","src/content/calcs-mx/calculadora-factor-integracion-salarial-imss-mexico.json","MX","calculadora-factor-integracion-salarial-imss-mexico","true","","4","2","2","2","2","true","true","approved","passed"
"https://hacecuentas.com/mx/calculadora-gasolina-rendimiento-km-litro-vs-gas-lp-mexico","src/content/calcs-mx/calculadora-gasolina-rendimiento-km-litro-vs-gas-lp-mexico.json","MX","gasolina-rendimiento-km-litro-vs-gas-lp-mexico","true","","5","1","3","2","3","true","true","approved","passed"
"https://hacecuentas.com/mx/calculadora-horas-extras-doble-triple-mexico","src/content/calcs-mx/calculadora-horas-extras-doble-triple-mexico.json","MX","horas-extras-mexico","true","","4","2","2","1","1","true","true","approved","passed"
"https://hacecuentas.com/mx/calculadora-imss-independientes-modalidad-10","src/content/calcs-mx/calculadora-imss-independientes-modalidad-10.json","MX","imss-independientes-modalidad-10","true","","4","3","3","3","2","true","true","approved","passed"
"https://hacecuentas.com/mx/calculadora-imss-trabajadoras-hogar-mexico","src/content/calcs-mx/calculadora-imss-trabajadoras-hogar-mexico.json","MX","imss-trabajadoras-hogar-mexico","true","","6","4","4","4","4","true","true","approved","passed"
"https://hacecuentas.com/mx/calculadora-incapacidad-imss-enfermedad-general","src/content/calcs-mx/calculadora-incapacidad-imss-enfermedad-general.json","MX","incapacidad-imss-enfermedad-general","true","","3","2","2","2","2","true","true","approved","passed"
"https://hacecuentas.com/mx/calculadora-infonavit-credito-mexico-puntaje-monto-2026","src/content/calcs-mx/calculadora-infonavit-credito-mexico-puntaje-monto-2026.json","MX","infonavit-credito-mexico-puntaje-monto-2026","true","","5","2","3","2","3","true","true","approved","passed"
"https://hacecuentas.com/mx/calculadora-isr-acciones-bolsa-mexico-10-por-ciento","src/content/calcs-mx/calculadora-isr-acciones-bolsa-mexico-10-por-ciento.json","MX","isr-acciones-bolsa-mexico-10-por-ciento","true","","3","1","2","2","2","true","true","approved","passed"
"https://hacecuentas.com/mx/calculadora-isr-actividad-empresarial-persona-fisica-mexico-2026","src/content/calcs-mx/calculadora-isr-actividad-empresarial-persona-fisica-mexico-2026.json","MX","isr-actividad-empresarial-persona-fisica-mexico-2026","true","","5","1","3","3","3","true","true","approved","passed"
"https://hacecuentas.com/mx/calculadora-isr-aguinaldo-exento-gravado-mexico","src/content/calcs-mx/calculadora-isr-aguinaldo-exento-gravado-mexico.json","MX","isr-aguinaldo-exento-gravado-mexico","true","","4","1","1","1","0","false","false","pending","passed"
"https://hacecuentas.com/mx/calculadora-isr-arrendamiento-deduccion-ciega-mexico","src/content/calcs-mx/calculadora-isr-arrendamiento-deduccion-ciega-mexico.json","MX","isr-arrendamiento-deduccion-ciega-mexico","true","","3","2","2","2","2","true","true","approved","passed"
"https://hacecuentas.com/mx/calculadora-isr-intereses-bancarios-inversion-mexico-2026","src/content/calcs-mx/calculadora-isr-intereses-bancarios-inversion-mexico-2026.json","MX","isr-intereses-bancarios-inversion-mexico-2026","true","","5","1","2","2","2","true","true","approved","passed"
"https://hacecuentas.com/mx/calculadora-isr-mexico-2026-tarifa-mensual-empleado","src/content/calcs-mx/calculadora-isr-mexico-2026-tarifa-mensual-empleado.json","MX","isr-mexico-2026-tarifa-mensual-empleado","true","","5","1","3","3","3","true","true","approved","passed"
"https://hacecuentas.com/mx/calculadora-isr-personas-morales-mexico-30-porcentaje","src/content/calcs-mx/calculadora-isr-personas-morales-mexico-30-porcentaje.json","MX","isr-personas-morales-mexico-30-porcentaje","true","","4","2","3","3","3","true","true","approved","passed"
"https://hacecuentas.com/mx/calculadora-isr-premios-loteria-mexico-2026","src/content/calcs-mx/calculadora-isr-premios-loteria-mexico-2026.json","MX","isr-premios-loteria-mexico-2026","true","","5","2","4","3","4","true","true","approved","passed"
"https://hacecuentas.com/mx/calculadora-isr-quincenal-mexico-2026","src/content/calcs-mx/calculadora-isr-quincenal-mexico-2026.json","MX","isr-quincenal-mexico-2026","true","","4","3","3","3","3","true","true","approved","passed"
"https://hacecuentas.com/mx/calculadora-isr-venta-auto-usado-persona-fisica-mexico","src/content/calcs-mx/calculadora-isr-venta-auto-usado-persona-fisica-mexico.json","MX","isr-venta-auto-usado-persona-fisica-mexico","true","","4","1","2","2","1","true","true","approved","passed"
"https://hacecuentas.com/mx/calculadora-isr-venta-casa-mexico-700000-udis","src/content/calcs-mx/calculadora-isr-venta-casa-mexico-700000-udis.json","MX","isr-venta-casa-mexico-700000-udis","true","","3","2","2","2","2","true","true","approved","passed"
"https://hacecuentas.com/mx/calculadora-isr-venta-terreno-inmueble-comercial-mexico","src/content/calcs-mx/calculadora-isr-venta-terreno-inmueble-comercial-mexico.json","MX","isr-venta-terreno-inmueble-comercial-mexico","true","","4","1","2","2","1","true","true","approved","passed"
"https://hacecuentas.com/mx/calculadora-iva-ieps-cigarros-bebidas-azucar-mexico","src/content/calcs-mx/calculadora-iva-ieps-cigarros-bebidas-azucar-mexico.json","MX","iva-ieps-cigarros-bebidas-azucar-mexico","true","","4","1","2","1","2","true","true","approved","passed"
"https://hacecuentas.com/mx/calculadora-iva-mexico-16-tasa-cero-exenta-frontera","src/content/calcs-mx/calculadora-iva-mexico-16-tasa-cero-exenta-frontera.json","MX","iva-mexico-16-tasa-cero-exenta-frontera","true","","27","6","25","25","23","true","true","approved","passed"
"https://hacecuentas.com/mx/calculadora-licencia-maternidad-mexico-imss-12-semanas","src/content/calcs-mx/calculadora-licencia-maternidad-mexico-imss-12-semanas.json","MX","licencia-maternidad-mexico-imss-12-semanas","true","","5","2","2","1","2","true","true","approved","passed"
"https://hacecuentas.com/mx/calculadora-licencia-paternidad-mexico-5-dias-laborables","src/content/calcs-mx/calculadora-licencia-paternidad-mexico-5-dias-laborables.json","MX","licencia-paternidad-mexico-5-dias-laborables","true","","5","2","2","1","2","true","true","approved","passed"
"https://hacecuentas.com/mx/calculadora-luz-cfe-tarifa-domestica-bimestral-mexico","src/content/calcs-mx/calculadora-luz-cfe-tarifa-domestica-bimestral-mexico.json","MX","luz-cfe-tarifa-domestica-bimestral-mexico","true","","5","3","4","4","4","true","true","approved","passed"
"https://hacecuentas.com/mx/calculadora-pago-provisional-isr-arrendamiento-mexico-2026","src/content/calcs-mx/calculadora-pago-provisional-isr-arrendamiento-mexico-2026.json","MX","pago-provisional-isr-arrendamiento-mexico-2026","true","","6","3","5","5","5","true","true","approved","passed"
"https://hacecuentas.com/mx/calculadora-predial-cdmx-mexico","src/content/calcs-mx/calculadora-predial-cdmx-mexico.json","MX","predial-cdmx-mexico","true","","28","8","25","24","24","true","true","approved","passed"
"https://hacecuentas.com/mx/calculadora-prestaciones-superiores-ley-mexico-2026","src/content/calcs-mx/calculadora-prestaciones-superiores-ley-mexico-2026.json","MX","prestaciones-superiores-ley-mexico-2026","true","","5","1","2","2","2","true","true","approved","passed"
"https://hacecuentas.com/mx/calculadora-prima-antiguedad-mexico","src/content/calcs-mx/calculadora-prima-antiguedad-mexico.json","MX","prima-antiguedad-mexico","true","","4","3","3","2","3","true","true","approved","passed"
"https://hacecuentas.com/mx/calculadora-prima-dominical-dias-festivos-mexico","src/content/calcs-mx/calculadora-prima-dominical-dias-festivos-mexico.json","MX","prima-dominical-dias-festivos-mexico","true","","3","2","2","2","2","true","true","approved","passed"
"https://hacecuentas.com/mx/calculadora-prima-riesgo-trabajo-imss-siniestralidad","src/content/calcs-mx/calculadora-prima-riesgo-trabajo-imss-siniestralidad.json","MX","prima-riesgo-trabajo-imss-siniestralidad","true","","3","2","2","2","2","true","true","approved","passed"
"https://hacecuentas.com/mx/calculadora-recargos-actualizacion-sat-mexico-2026","src/content/calcs-mx/calculadora-recargos-actualizacion-sat-mexico-2026.json","MX","recargos-actualizacion-sat-mexico-2026","true","","5","2","3","3","3","true","true","approved","passed"
"https://hacecuentas.com/mx/calculadora-renta-mensual-cdmx-vs-guadalajara-monterrey","src/content/calcs-mx/calculadora-renta-mensual-cdmx-vs-guadalajara-monterrey.json","MX","renta-mensual-cdmx-vs-guadalajara-monterrey","true","","5","2","4","2","4","true","true","approved","passed"
"https://hacecuentas.com/mx/calculadora-resico-personas-fisicas-mexico-2026-cuota","src/content/calcs-mx/calculadora-resico-personas-fisicas-mexico-2026-cuota.json","MX","resico-personas-fisicas-mexico-2026-cuota","true","","4","1","3","3","3","true","true","approved","passed"
"https://hacecuentas.com/mx/calculadora-resico-personas-morales-mexico-2026","src/content/calcs-mx/calculadora-resico-personas-morales-mexico-2026.json","MX","resico-personas-morales-mexico-2026","true","","33","10","30","30","30","true","true","approved","passed"
"https://hacecuentas.com/mx/calculadora-retencion-plataformas-digitales-mexico-2026","src/content/calcs-mx/calculadora-retencion-plataformas-digitales-mexico-2026.json","MX","retencion-plataformas-digitales-mexico-2026","true","","5","3","3","3","3","true","true","approved","passed"
"https://hacecuentas.com/mx/calculadora-retiro-afore-desempleo-mexico","src/content/calcs-mx/calculadora-retiro-afore-desempleo-mexico.json","MX","retiro-afore-desempleo-mexico","true","","4","3","3","3","3","true","true","approved","passed"
"https://hacecuentas.com/mx/calculadora-rfc-cuota-resico-pf-mexico","src/content/calcs-mx/calculadora-rfc-cuota-resico-pf-mexico.json","MX","rfc-resico-pf-mexico","true","","3","1","1","1","1","true","true","approved","passed"
"https://hacecuentas.com/mx/calculadora-rfc-homoclave-persona-fisica-mexico","src/content/calcs-mx/calculadora-rfc-homoclave-persona-fisica-mexico.json","MX","rfc-homoclave-persona-fisica-mexico","true","","4","2","4","3","4","true","true","approved","passed"
"https://hacecuentas.com/mx/calculadora-salario-diario-integrado-sdi-mexico","src/content/calcs-mx/calculadora-salario-diario-integrado-sdi-mexico.json","MX","salario-diario-integrado-sdi-mexico","true","","4","2","2","2","2","true","true","approved","passed"
"https://hacecuentas.com/mx/calculadora-salario-minimo-mexico-2026","src/content/calcs-mx/calculadora-salario-minimo-mexico-2026.json","MX","smg-mexico-conversion","true","","3","2","2","2","2","true","true","approved","passed"
"https://hacecuentas.com/mx/calculadora-salario-por-hora-mensual-diario-mexico","src/content/calcs-mx/calculadora-salario-por-hora-mensual-diario-mexico.json","MX","salario-por-hora-mensual-diario-mexico","true","","3","1","1","1","1","true","true","approved","passed"
"https://hacecuentas.com/mx/calculadora-sueldo-bruto-desde-neto-mexico-2026","src/content/calcs-mx/calculadora-sueldo-bruto-desde-neto-mexico-2026.json","MX","sueldo-bruto-desde-neto-mexico-2026","true","","6","2","3","3","2","true","true","approved","passed"
"https://hacecuentas.com/mx/calculadora-tenencia-vehicular-mexico-cdmx-edomex-2026","src/content/calcs-mx/calculadora-tenencia-vehicular-mexico-cdmx-edomex-2026.json","MX","tenencia-vehicular-mexico-cdmx-edomex-2026","true","","5","1","2","2","2","true","true","approved","passed"
"https://hacecuentas.com/mx/calculadora-tope-deducciones-personales-2026-mexico","src/content/calcs-mx/calculadora-tope-deducciones-personales-2026-mexico.json","MX","tope-deducciones-personales-2026-mexico","true","","4","3","3","3","2","true","true","approved","passed"
"https://hacecuentas.com/mx/calculadora-vacaciones-dias-antiguedad-mexico","src/content/calcs-mx/calculadora-vacaciones-dias-antiguedad-mexico.json","MX","vacaciones-dias-antiguedad-mexico","true","","4","2","2","1","2","true","true","approved","passed"
"https://hacecuentas.com/mx/calculadora-vacaciones-mexico-2024-reforma-12-dias-incremento","src/content/calcs-mx/calculadora-vacaciones-mexico-2024-reforma-12-dias-incremento.json","MX","vacaciones-mexico-2024-reforma-12-dias-incremento","true","","3","1","1","1","1","true","true","approved","passed"
"https://hacecuentas.com/mx/calculadora-verificacion-vehicular-mexico-multas-cdmx-edomex","src/content/calcs-mx/calculadora-verificacion-vehicular-mexico-multas-cdmx-edomex.json","MX","verificacion-vehicular-mexico-multas-cdmx-edomex","true","","19","6","16","15","14","true","true","approved","passed"
"https://hacecuentas.com/co/calculadora-aporte-cesantias-empleador-empleado-colombia-fondo","src/content/calcs-co/calculadora-aporte-cesantias-empleador-empleado-colombia-fondo.json","CO","aporte-cesantias-empleador-empleado-colombia-fondo","true","","5","2","2","2","2","true","true","approved","passed"
"https://hacecuentas.com/co/calculadora-aporte-fic-fomento-investigacion-cientifica-colombia","src/content/calcs-co/calculadora-aporte-fic-fomento-investigacion-cientifica-colombia.json","CO","aporte-fic-fomento-investigacion-cientifica-colombia","true","","5","1","1","1","1","true","true","approved","passed"
"https://hacecuentas.com/co/calculadora-aportes-arl-colombia-empleador-empleado-riesgo","src/content/calcs-co/calculadora-aportes-arl-colombia-empleador-empleado-riesgo.json","CO","aportes-arl-colombia-empleador-empleado-riesgo","true","","4","3","3","2","3","true","true","approved","passed"
"https://hacecuentas.com/co/calculadora-auxilio-transporte-colombia-2026","src/content/calcs-co/calculadora-auxilio-transporte-colombia-2026.json","CO","auxilio-transporte-colombia-2026","true","","5","4","4","4","4","true","true","approved","passed"
"https://hacecuentas.com/co/calculadora-cesantias-traslado-fondo-rendimiento-colombia","src/content/calcs-co/calculadora-cesantias-traslado-fondo-rendimiento-colombia.json","CO","cesantias-traslado-fondo-rendimiento-colombia","true","","5","2","2","2","2","true","true","approved","passed"
"https://hacecuentas.com/co/calculadora-comparendos-transito-colombia-2026","src/content/calcs-co/calculadora-comparendos-transito-colombia-2026.json","CO","comparendos-transito-colombia-2026","true","","4","3","3","3","3","true","true","approved","passed"
"https://hacecuentas.com/co/calculadora-conversion-uvt-uvr-colombia-actualizacion-2026","src/content/calcs-co/calculadora-conversion-uvt-uvr-colombia-actualizacion-2026.json","CO","conversion-uvt-uvr-colombia-actualizacion-2026","true","","4","2","2","2","2","true","true","approved","passed"
"https://hacecuentas.com/co/calculadora-costo-despido-empleador-colombia-2026","src/content/calcs-co/calculadora-costo-despido-empleador-colombia-2026.json","CO","calculadora-costo-despido-empleador-colombia-2026","true","","3","3","3","3","3","true","true","approved","passed"
"https://hacecuentas.com/co/calculadora-costo-hora-empleado-empresa-colombia-2026","src/content/calcs-co/calculadora-costo-hora-empleado-empresa-colombia-2026.json","CO","costo-hora-empleado-empresa-colombia-2026","true","","5","4","4","4","4","true","true","approved","passed"
"https://hacecuentas.com/co/calculadora-costo-total-empleado-empleador-colombia-2026","src/content/calcs-co/calculadora-costo-total-empleado-empleador-colombia-2026.json","CO","costo-total-empleado-empleador-colombia-2026","true","","4","4","4","4","4","true","true","approved","passed"
"https://hacecuentas.com/co/calculadora-credito-educativo-icetex-vs-banco-colombia-2026","src/content/calcs-co/calculadora-credito-educativo-icetex-vs-banco-colombia-2026.json","CO","credito-educativo-icetex-vs-banco-colombia-2026","true","","7","5","6","4","6","true","true","approved","passed"
"https://hacecuentas.com/co/calculadora-dotacion-laboral-colombia-2026","src/content/calcs-co/calculadora-dotacion-laboral-colombia-2026.json","CO","dotacion-laboral-colombia-2026","true","","4","3","3","3","3","true","true","approved","passed"
"https://hacecuentas.com/co/calculadora-embargo-salario-colombia","src/content/calcs-co/calculadora-embargo-salario-colombia.json","CO","embargo-salario-colombia","true","","3","3","3","3","3","true","true","approved","passed"
"https://hacecuentas.com/co/calculadora-empleada-domestica-dias-colombia-2026","src/content/calcs-co/calculadora-empleada-domestica-dias-colombia-2026.json","CO","empleada-domestica-dias-colombia-2026","true","","4","4","4","4","4","true","true","approved","passed"
"https://hacecuentas.com/co/calculadora-fondo-emergencia-colombia-meses-gastos","src/content/calcs-co/calculadora-fondo-emergencia-colombia-meses-gastos.json","CO","fondo-emergencia-colombia-meses-gastos","true","","12","6","6","6","6","true","true","approved","passed"
"https://hacecuentas.com/co/calculadora-ganancia-ocasional-venta-casa-colombia","src/content/calcs-co/calculadora-ganancia-ocasional-venta-casa-colombia.json","CO","ganancia-ocasional-venta-casa-colombia","true","","3","3","3","3","3","true","true","approved","passed"
"https://hacecuentas.com/co/calculadora-ganancia-repartidor-apps-colombia-2026","src/content/calcs-co/calculadora-ganancia-repartidor-apps-colombia-2026.json","CO","ganancia-repartidor-apps-colombia-2026","true","","7","6","6","6","6","true","true","approved","passed"
"https://hacecuentas.com/co/calculadora-gravamen-movimientos-financieros-4-1000-colombia","src/content/calcs-co/calculadora-gravamen-movimientos-financieros-4-1000-colombia.json","CO","gravamen-movimientos-financieros-4-1000-colombia","true","","11","6","6","6","6","true","true","approved","passed"
"https://hacecuentas.com/co/calculadora-honorarios-prestacion-servicios-colombia-retencion","src/content/calcs-co/calculadora-honorarios-prestacion-servicios-colombia-retencion.json","CO","honorarios-prestacion-servicios-colombia-retencion","true","","5","2","2","1","2","true","true","approved","passed"
"https://hacecuentas.com/co/calculadora-horas-extras-colombia-2026","src/content/calcs-co/calculadora-horas-extras-colombia-2026.json","CO","horas-extras-colombia-2026","true","","4","4","4","4","4","true","true","approved","passed"
"https://hacecuentas.com/co/calculadora-ibc-independientes-contratista-colombia-2026-40-porciento","src/content/calcs-co/calculadora-ibc-independientes-contratista-colombia-2026-40-porciento.json","CO","ibc-independientes-contratista-colombia-2026","true","","4","3","3","3","3","true","true","approved","passed"
"https://hacecuentas.com/co/calculadora-impoconsumo-restaurantes-bares-colombia-2026","src/content/calcs-co/calculadora-impoconsumo-restaurantes-bares-colombia-2026.json","CO","impoconsumo-restaurantes-bares-colombia-2026","true","","5","4","4","4","4","true","true","approved","passed"
"https://hacecuentas.com/co/calculadora-incapacidad-medica-eps-colombia","src/content/calcs-co/calculadora-incapacidad-medica-eps-colombia.json","CO","incapacidad-medica-eps-colombia","true","","3","3","3","3","3","true","true","approved","passed"
"https://hacecuentas.com/co/calculadora-ingresos-no-constitutivos-renta-colombia-vivienda","src/content/calcs-co/calculadora-ingresos-no-constitutivos-renta-colombia-vivienda.json","CO","ingresos-no-constitutivos-renta-colombia-vivienda","true","","5","1","1","1","1","true","true","approved","passed"
"https://hacecuentas.com/co/calculadora-interes-mora-dian-colombia-2026","src/content/calcs-co/calculadora-interes-mora-dian-colombia-2026.json","CO","interes-mora-dian-colombia-2026","true","","4","2","2","2","2","true","true","approved","passed"
"https://hacecuentas.com/co/calculadora-iva-bienes-exentos-excluidos-colombia-2026","src/content/calcs-co/calculadora-iva-bienes-exentos-excluidos-colombia-2026.json","CO","iva-bienes-exentos-excluidos-colombia-2026","true","","5","2","2","2","2","true","true","approved","passed"
"https://hacecuentas.com/co/calculadora-iva-colombia-19-porciento-tarifa-general","src/content/calcs-co/calculadora-iva-colombia-19-porciento-tarifa-general.json","CO","iva-colombia-19-porciento-tarifa-general","true","","4","2","2","2","2","true","true","approved","passed"
"https://hacecuentas.com/co/calculadora-obligado-declarar-renta-2026","src/content/calcs-co/calculadora-obligado-declarar-renta-2026.json","CO","obligado-declarar-renta-2026","true","","3","3","3","3","3","true","true","approved","passed"
"https://hacecuentas.com/co/calculadora-pila-independientes-colombia-2026","src/content/calcs-co/calculadora-pila-independientes-colombia-2026.json","CO","pila-independientes-colombia-2026","true","","5","5","5","5","5","true","true","approved","passed"
"https://hacecuentas.com/co/calculadora-prestaciones-empleada-domestica-colombia-2026","src/content/calcs-co/calculadora-prestaciones-empleada-domestica-colombia-2026.json","CO","prestaciones-empleada-domestica-colombia-2026","true","","5","4","4","4","4","true","true","approved","passed"
"https://hacecuentas.com/co/calculadora-provision-prestaciones-sociales-mensual-empleador-colombia-2026","src/content/calcs-co/calculadora-provision-prestaciones-sociales-mensual-empleador-colombia-2026.json","CO","calculadora-provision-prestaciones-sociales-mensual-empleador-colombia-2026","true","","3","3","3","3","3","true","true","approved","passed"
"https://hacecuentas.com/co/calculadora-recargo-dominical-festivo-colombia-2026","src/content/calcs-co/calculadora-recargo-dominical-festivo-colombia-2026.json","CO","recargo-dominical-festivo-colombia-2026","true","","4","4","4","4","4","true","true","approved","passed"
"https://hacecuentas.com/co/calculadora-recargo-nocturno-colombia-2026","src/content/calcs-co/calculadora-recargo-nocturno-colombia-2026.json","CO","recargo-nocturno-colombia-2026","true","","4","4","4","4","4","true","true","approved","passed"
"https://hacecuentas.com/co/calculadora-reduccion-jornada-42-horas-colombia-2026","src/content/calcs-co/calculadora-reduccion-jornada-42-horas-colombia-2026.json","CO","reduccion-jornada-42-horas-colombia-2026","true","","4","4","4","4","4","true","true","approved","passed"
"https://hacecuentas.com/co/calculadora-retefuente-colombia-2026-empleado-tabla","src/content/calcs-co/calculadora-retefuente-colombia-2026-empleado-tabla.json","CO","retefuente-colombia-2026-empleado-tabla","true","","14","9","9","9","9","true","true","approved","passed"
"https://hacecuentas.com/co/calculadora-retencion-fuente-arrendamientos-colombia-2026","src/content/calcs-co/calculadora-retencion-fuente-arrendamientos-colombia-2026.json","CO","retencion-fuente-arrendamientos-colombia-2026","true","","3","3","3","3","3","true","true","approved","passed"
"https://hacecuentas.com/co/calculadora-retencion-fuente-compras-servicios-2026","src/content/calcs-co/calculadora-retencion-fuente-compras-servicios-2026.json","CO","retencion-fuente-compras-servicios-2026","true","","3","3","3","3","3","true","true","approved","passed"
"https://hacecuentas.com/co/calculadora-retencion-procedimiento-2-colombia-2026","src/content/calcs-co/calculadora-retencion-procedimiento-2-colombia-2026.json","CO","retencion-procedimiento-2-colombia-2026","true","","4","4","4","4","4","true","true","approved","passed"
"https://hacecuentas.com/co/calculadora-salario-aprendiz-sena-2026","src/content/calcs-co/calculadora-salario-aprendiz-sena-2026.json","CO","salario-aprendiz-sena-2026","true","","4","4","4","4","4","true","true","approved","passed"
"https://hacecuentas.com/co/calculadora-salario-integral-colombia-2026","src/content/calcs-co/calculadora-salario-integral-colombia-2026.json","CO","salario-integral-colombia-2026","true","","4","4","4","4","3","true","true","approved","passed"
"https://hacecuentas.com/co/calculadora-salario-minimo-colombia-2026-auxilio-transporte","src/content/calcs-co/calculadora-salario-minimo-colombia-2026-auxilio-transporte.json","CO","salario-minimo-colombia-2026-auxilio-transporte","true","","5","5","5","5","5","true","true","approved","passed"
"https://hacecuentas.com/co/calculadora-sancion-correccion-declaracion-dian-colombia-2026","src/content/calcs-co/calculadora-sancion-correccion-declaracion-dian-colombia-2026.json","CO","sancion-correccion-declaracion-dian-colombia-2026","true","","4","4","4","4","4","true","true","approved","passed"
"https://hacecuentas.com/co/calculadora-sancion-extemporaneidad-dian-2026","src/content/calcs-co/calculadora-sancion-extemporaneidad-dian-2026.json","CO","sancion-extemporaneidad-dian-2026","true","","3","3","3","3","3","true","true","approved","passed"
"https://hacecuentas.com/co/calculadora-subsidio-vivienda-mi-casa-ya-colombia-2026","src/content/calcs-co/calculadora-subsidio-vivienda-mi-casa-ya-colombia-2026.json","CO","subsidio-vivienda-mi-casa-ya-colombia-2026","true","","5","5","5","2","4","true","true","approved","passed"
"https://hacecuentas.com/co/calculadora-tasa-de-cambio-paralelo-colombia-dolar-blue","src/content/calcs-co/calculadora-tasa-de-cambio-paralelo-colombia-dolar-blue.json","CO","tasa-de-cambio-paralelo-colombia-dolar-blue","true","","4","0","0","0","0","false","false","pending","passed"
"https://hacecuentas.com/co/calculadora-universidad-publica-vs-privada-colombia-coste-2026","src/content/calcs-co/calculadora-universidad-publica-vs-privada-colombia-coste-2026.json","CO","universidad-publica-vs-privada-colombia-coste-2026","true","","5","1","2","2","2","true","true","approved","passed"
"https://hacecuentas.com/cl/calculadora-aguinaldo-fiestas-patrias-Navidad-chile-2026","src/content/calcs-cl/calculadora-aguinaldo-fiestas-patrias-navidad-chile-2026.json","CL","aguinaldo-fiestas-patrias-navidad-chile-2026","true","","3","2","2","1","2","true","true","approved","passed"
"https://hacecuentas.com/cl/calculadora-aporte-previsional-solidario-aps-chile","src/content/calcs-cl/calculadora-aporte-previsional-solidario-aps-chile.json","CL","aporte-previsional-solidario-aps-chile","true","","5","4","4","3","3","true","true","approved","passed"
"https://hacecuentas.com/cl/calculadora-arriendo-santiago-vina-concepcion-precio-promedio","src/content/calcs-cl/calculadora-arriendo-santiago-vina-concepcion-precio-promedio.json","CL","arriendo-santiago-vina-concepcion-precio-promedio","true","","4","2","2","2","2","true","true","approved","passed"
"https://hacecuentas.com/cl/calculadora-becas-junaeb-chile-cuantia-requisitos-2026","src/content/calcs-cl/calculadora-becas-junaeb-chile-cuantia-requisitos-2026.json","CL","becas-junaeb-chile-cuantia-requisitos-2026","true","","5","2","2","1","2","true","true","approved","passed"
"https://hacecuentas.com/cl/calculadora-bono-cumplimiento-laboral-chile-pago-empresa","src/content/calcs-cl/calculadora-bono-cumplimiento-laboral-chile-pago-empresa.json","CL","bono-cumplimiento-laboral-chile-pago-empresa","true","","5","4","4","1","3","true","true","approved","passed"
"https://hacecuentas.com/cl/calculadora-bono-electrico-chile-subsidio-cuenta-electrica","src/content/calcs-cl/calculadora-bono-electrico-chile-subsidio-cuenta-electrica.json","CL","bono-electrico-chile-subsidio-cuenta-electrica","true","","7","3","3","3","3","true","true","approved","passed"
"https://hacecuentas.com/cl/calculadora-bono-marzo-bono-invierno-chile-cuantia-requisitos","src/content/calcs-cl/calculadora-bono-marzo-bono-invierno-chile-cuantia-requisitos.json","CL","bono-marzo-bono-invierno-chile-cuantia-requisitos","true","","5","5","5","3","5","true","true","approved","passed"
"https://hacecuentas.com/cl/calculadora-canasta-basica-mensual-chile-ine-2026","src/content/calcs-cl/calculadora-canasta-basica-mensual-chile-ine-2026.json","CL","canasta-basica-mensual-chile-ine-2026","true","","5","3","3","2","3","true","true","approved","passed"
"https://hacecuentas.com/cl/calculadora-cobre-precio-bolsa-chile-impacto-fiscal-codelco","src/content/calcs-cl/calculadora-cobre-precio-bolsa-chile-impacto-fiscal-codelco.json","CL","cobre-precio-bolsa-chile-impacto-fiscal-codelco","true","","5","1","2","2","2","true","true","approved","passed"
"https://hacecuentas.com/cl/calculadora-copago-bonificacion-fonasa-chile","src/content/calcs-cl/calculadora-copago-bonificacion-fonasa-chile.json","CL","copago-bonificacion-fonasa-chile","true","","4","4","4","4","4","true","true","approved","passed"
"https://hacecuentas.com/cl/calculadora-coste-inscripcion-conservador-bienes-raices-chile","src/content/calcs-cl/calculadora-coste-inscripcion-conservador-bienes-raices-chile.json","CL","coste-inscripcion-conservador-bienes-raices-chile","true","","5","3","3","2","3","true","true","approved","passed"
"https://hacecuentas.com/cl/calculadora-coste-medico-particular-vs-fonasa-isapre-chile","src/content/calcs-cl/calculadora-coste-medico-particular-vs-fonasa-isapre-chile.json","CL","coste-medico-particular-vs-fonasa-isapre-chile","true","","9","8","8","3","8","true","true","approved","passed"
"https://hacecuentas.com/cl/calculadora-costo-construccion-m2-chile","src/content/calcs-cl/calculadora-costo-construccion-m2-chile.json","CL","costo-construccion-m2-chile","true","","3","3","3","2","3","true","true","approved","passed"
"https://hacecuentas.com/cl/calculadora-credito-consumo-bci-chile-cuota-cae","src/content/calcs-cl/calculadora-credito-consumo-bci-chile-cuota-cae.json","CL","credito-consumo-bci-chile-cuota-cae","true","","4","4","4","3","4","true","true","approved","passed"
"https://hacecuentas.com/cl/calculadora-cuanto-tarda-ver-serie-chile","src/content/calcs-cl/calculadora-cuanto-tarda-ver-serie-chile.json","CL","maraton-serie-tiempo","true","","2","2","2","1","2","true","true","approved","passed"
"https://hacecuentas.com/cl/calculadora-cuenta-rut-chile-banco-estado-comisiones","src/content/calcs-cl/calculadora-cuenta-rut-chile-banco-estado-comisiones.json","CL","cuenta-rut-chile-banco-estado-comisiones","true","","4","4","4","2","4","true","true","approved","passed"
"https://hacecuentas.com/cl/calculadora-deposito-vista-vs-cuenta-corriente-chile-comisiones","src/content/calcs-cl/calculadora-deposito-vista-vs-cuenta-corriente-chile-comisiones.json","CL","deposito-vista-vs-cuenta-corriente-chile-comisiones","true","","4","2","3","3","3","true","true","approved","passed"
"https://hacecuentas.com/cl/calculadora-divorcio-chile-cese-convivencia-3-anos","src/content/calcs-cl/calculadora-divorcio-chile-cese-convivencia-3-anos.json","CL","divorcio-chile-cese-convivencia-3-anos","true","","5","3","3","1","2","true","true","approved","passed"
"https://hacecuentas.com/cl/calculadora-fonasa-chile-tramos-a-b-c-d-cobertura","src/content/calcs-cl/calculadora-fonasa-chile-tramos-a-b-c-d-cobertura.json","CL","fonasa-chile-tramos-a-b-c-d-cobertura","true","","5","2","3","0","3","false","false","pending","passed"
"https://hacecuentas.com/cl/calculadora-fondo-emergencia-chile-meses-gastos-recomendado","src/content/calcs-cl/calculadora-fondo-emergencia-chile-meses-gastos-recomendado.json","CL","fondo-emergencia-chile-meses-gastos-recomendado","true","","5","1","1","1","1","true","true","approved","passed"
"https://hacecuentas.com/cl/calculadora-gratificacion-legal-chile-25-porcentaje-4-75-utm","src/content/calcs-cl/calculadora-gratificacion-legal-chile-25-porcentaje-4-75-utm.json","CL","gratificacion-legal-chile-25-porcentaje-4-75-utm","true","","4","2","2","1","2","true","true","approved","passed"
"https://hacecuentas.com/cl/calculadora-gratuidad-educacion-superior-chile-deciles-1-6","src/content/calcs-cl/calculadora-gratuidad-educacion-superior-chile-deciles-1-6.json","CL","gratuidad-educacion-superior-chile-deciles-1-6","true","","5","3","3","2","3","true","true","approved","passed"
"https://hacecuentas.com/cl/calculadora-iva-chile-19-porciento-tarifa-general","src/content/calcs-cl/calculadora-iva-chile-19-porciento-tarifa-general.json","CL","iva-chile-19-porciento-tarifa-general","true","","7","5","5","3","5","true","true","approved","passed"
"https://hacecuentas.com/cl/calculadora-iva-honorarios-chile-10-porciento-retencion","src/content/calcs-cl/calculadora-iva-honorarios-chile-10-porciento-retencion.json","CL","iva-honorarios-chile-10-porciento-retencion","true","","4","4","4","4","4","true","true","approved","passed"
"https://hacecuentas.com/cl/calculadora-licencia-medica-chile-pago-subsidio-isapre-fonasa","src/content/calcs-cl/calculadora-licencia-medica-chile-pago-subsidio-isapre-fonasa.json","CL","licencia-medica-chile-pago-subsidio-isapre-fonasa","true","","9","7","7","4","7","true","true","approved","passed"
"https://hacecuentas.com/cl/calculadora-mensualidad-universidad-privada-chile-uc-uss-uss","src/content/calcs-cl/calculadora-mensualidad-universidad-privada-chile-uc-uss-uss.json","CL","mensualidad-universidad-privada-chile-uc-uss-uss","true","","8","5","5","3","5","true","true","approved","passed"
"https://hacecuentas.com/cl/calculadora-millas-latam-pass-acumulacion-valor-chile","src/content/calcs-cl/calculadora-millas-latam-pass-acumulacion-valor-chile.json","CL","millas-latam-pass-acumulacion-valor-chile","true","","3","3","3","3","3","true","true","approved","passed"
"https://hacecuentas.com/cl/calculadora-multa-no-aviso-uoct-transito-comuna-chile-2026","src/content/calcs-cl/calculadora-multa-no-aviso-uoct-transito-comuna-chile-2026.json","CL","multa-no-aviso-uoct-transito-comuna-chile-2026","true","","5","1","1","1","1","true","true","approved","passed"
"https://hacecuentas.com/cl/calculadora-pago-anticipado-credito-hipotecario-chile-ahorro-uf","src/content/calcs-cl/calculadora-pago-anticipado-credito-hipotecario-chile-ahorro-uf.json","CL","pago-anticipado-credito-hipotecario-chile-ahorro-uf","true","","4","4","4","3","3","true","true","approved","passed"
"https://hacecuentas.com/cl/calculadora-patente-comercial-municipal-chile-capital-propio","src/content/calcs-cl/calculadora-patente-comercial-municipal-chile-capital-propio.json","CL","patente-comercial-municipal-chile","true","","3","3","3","1","3","true","true","approved","passed"
"https://hacecuentas.com/cl/calculadora-puntaje-ponderado-paes-universidad-de-chile","src/content/calcs-cl/calculadora-puntaje-ponderado-paes-universidad-de-chile.json","CL","puntaje-ponderado-paes-universidad-de-chile","true","","4","2","2","2","2","true","true","approved","passed"
"https://hacecuentas.com/cl/calculadora-recibo-gas-chile-metrogas-lipigas-cilindro-vs-red","src/content/calcs-cl/calculadora-recibo-gas-chile-metrogas-lipigas-cilindro-vs-red.json","CL","recibo-gas-chile-metrogas-lipigas-cilindro-vs-red","true","","6","4","4","0","4","false","false","pending","passed"
"https://hacecuentas.com/cl/calculadora-recibo-luz-chile-enel-cge-saesa-tarifa-bt1","src/content/calcs-cl/calculadora-recibo-luz-chile-enel-cge-saesa-tarifa-bt1.json","CL","recibo-luz-chile-enel-cge-saesa-tarifa-bt1","true","","5","3","3","2","3","true","true","approved","passed"
"https://hacecuentas.com/cl/calculadora-renta-presunta-chile-agricola-transporte-mineria","src/content/calcs-cl/calculadora-renta-presunta-chile-agricola-transporte-mineria.json","CL","renta-presunta-chile-agricola-transporte-mineria","true","","5","2","2","2","2","true","true","approved","passed"
"https://hacecuentas.com/cl/calculadora-salario-por-hora-chile","src/content/calcs-cl/calculadora-salario-por-hora-chile.json","CL","salario-por-hora-chile","true","","2","2","2","2","2","true","true","approved","passed"
"https://hacecuentas.com/cl/calculadora-saldo-afp-rentabilidad-multifondos-chile-2026","src/content/calcs-cl/calculadora-saldo-afp-rentabilidad-multifondos-chile-2026.json","CL","saldo-afp-rentabilidad-multifondos-chile-2026","true","","7","6","6","3","5","true","true","approved","passed"
"https://hacecuentas.com/cl/calculadora-soap-seguro-obligatorio-chile-precio-2026","src/content/calcs-cl/calculadora-soap-seguro-obligatorio-chile-precio-2026.json","CL","soap-seguro-obligatorio-chile-precio-2026","true","","6","3","3","1","3","true","true","approved","passed"
"https://hacecuentas.com/cl/calculadora-tarjeta-credito-chile-tasa-rotativa-pago-minimo","src/content/calcs-cl/calculadora-tarjeta-credito-chile-tasa-rotativa-pago-minimo.json","CL","tarjeta-credito-chile-tasa-rotativa-pago-minimo","true","","4","3","4","1","4","true","true","approved","passed"
"https://hacecuentas.com/cl/calculadora-tipo-cambio-dolar-peso-chile-clp-banco-central","src/content/calcs-cl/calculadora-tipo-cambio-dolar-peso-chile-clp-banco-central.json","CL","tipo-cambio-dolar-peso-chile-clp-banco-central","true","","4","2","2","1","2","true","true","approved","passed"
"https://hacecuentas.com/cl/calculadora-vacaciones-chile-15-dias-habiles-progresivas","src/content/calcs-cl/calculadora-vacaciones-chile-15-dias-habiles-progresivas.json","CL","vacaciones-chile-15-dias-habiles-progresivas","true","","4","3","3","1","3","true","true","approved","passed"
"https://hacecuentas.com/pe/calculadora-alquiler-asequible-ingreso-peru","src/content/calcs-pe/alquiler-asequible-ingreso-peru.json","PE","alquiler-asequible-ingreso-peru","true","","3","3","3","3","3","true","true","approved","passed"
"https://hacecuentas.com/pe/calculadora-asignacion-familiar-peru","src/content/calcs-pe/asignacion-familiar-peru.json","PE","asignacion-familiar-peru","true","","2","2","2","2","2","true","true","approved","passed"
"https://hacecuentas.com/pe/calculadora-actualizacion-inflacion-ipc-peru","src/content/calcs-pe/calculadora-actualizacion-inflacion-ipc-peru.json","PE","actualizacion-inflacion-ipc-peru","true","","3","3","3","3","3","true","true","approved","passed"
"https://hacecuentas.com/pe/calculadora-antiguedad-laboral-peru","src/content/calcs-pe/calculadora-antiguedad-laboral-peru.json","PE","antiguedad-laboral-peru","true","","2","2","2","2","2","true","true","approved","passed"
"https://hacecuentas.com/pe/calculadora-carne-asado-kg-por-persona-peru","src/content/calcs-pe/calculadora-carne-asado-kg-por-persona-peru.json","PE","carne-asado-kg-por-persona","true","","3","3","3","2","3","true","true","approved","passed"
"https://hacecuentas.com/pe/calculadora-devolucion-renta-quinta-categoria-peru","src/content/calcs-pe/calculadora-devolucion-renta-quinta-categoria-peru.json","PE","devolucion-renta-quinta-categoria-peru","true","","3","1","1","1","1","true","true","approved","passed"
"https://hacecuentas.com/pe/calculadora-horas-extras-peru","src/content/calcs-pe/calculadora-horas-extras-peru.json","PE","horas-extras-peru","true","","3","2","2","2","2","true","true","approved","passed"
"https://hacecuentas.com/pe/calculadora-recargo-nocturno-peru","src/content/calcs-pe/calculadora-recargo-nocturno-peru.json","PE","recargo-nocturno-peru","true","","2","2","2","2","2","true","true","approved","passed"
"https://hacecuentas.com/pe/calculadora-subsidio-incapacidad-temporal-essalud-peru","src/content/calcs-pe/calculadora-subsidio-incapacidad-temporal-essalud-peru.json","PE","subsidio-incapacidad-temporal-essalud-peru","true","","3","2","2","2","2","true","true","approved","passed"
"https://hacecuentas.com/pe/calculadora-canasta-basica-peru-inei","src/content/calcs-pe/canasta-basica-peru-inei.json","PE","canasta-basica-peru-inei","true","","2","2","2","2","2","true","true","approved","passed"
"https://hacecuentas.com/pe/calculadora-costo-constitucion-empresa-peru","src/content/calcs-pe/costo-constitucion-empresa-peru.json","PE","costo-constitucion-empresa-peru","true","","4","4","4","4","4","true","true","approved","passed"
"https://hacecuentas.com/pe/calculadora-costo-laboral-total-empleador-peru","src/content/calcs-pe/costo-laboral-total-empleador-peru.json","PE","costo-laboral-total-empleador-peru","true","","2","2","2","2","2","true","true","approved","passed"
"https://hacecuentas.com/pe/calculadora-costo-universidad-privada-peru","src/content/calcs-pe/costo-universidad-privada-peru.json","PE","costo-universidad-privada-peru","true","","5","5","5","5","5","true","true","approved","passed"
"https://hacecuentas.com/pe/calculadora-costo-vida-mensual-peru","src/content/calcs-pe/costo-vida-mensual-peru.json","PE","costo-vida-mensual-peru","true","","4","4","4","4","4","true","true","approved","passed"
"https://hacecuentas.com/pe/calculadora-credito-hipotecario-peru","src/content/calcs-pe/credito-hipotecario-peru.json","PE","credito-hipotecario-peru","true","","3","3","3","3","3","true","true","approved","passed"
"https://hacecuentas.com/pe/calculadora-credito-vehicular-peru","src/content/calcs-pe/credito-vehicular-peru.json","PE","credito-vehicular-peru","true","","3","2","3","3","3","true","true","approved","passed"
"https://hacecuentas.com/pe/calculadora-cts-peru-deposito-semestral","src/content/calcs-pe/cts-peru-calculo-deposito.json","PE","cts-peru-calculo-deposito","true","","2","2","2","2","2","true","true","approved","passed"
"https://hacecuentas.com/pe/calculadora-deposito-plazo-fijo-peru","src/content/calcs-pe/deposito-plazo-fijo-peru.json","PE","deposito-plazo-fijo-peru","true","","4","4","4","4","4","true","true","approved","passed"
"https://hacecuentas.com/pe/calculadora-descuento-tardanzas-faltas-peru","src/content/calcs-pe/descuento-tardanzas-faltas-peru.json","PE","descuento-tardanzas-faltas-peru","true","","2","2","2","2","2","true","true","approved","passed"
"https://hacecuentas.com/pe/calculadora-detracciones-igv-peru","src/content/calcs-pe/detracciones-igv-peru.json","PE","detracciones-igv-peru","true","","2","2","2","2","2","true","true","approved","passed"
"https://hacecuentas.com/pe/calculadora-essalud-aporte-peru","src/content/calcs-pe/essalud-aporte-peru.json","PE","essalud-aporte-peru","true","","2","2","2","1","2","true","true","approved","passed"
"https://hacecuentas.com/pe/calculadora-gratificacion-peru-julio-diciembre","src/content/calcs-pe/gratificacion-julio-diciembre-peru.json","PE","gratificacion-julio-diciembre-peru","true","","2","2","2","2","2","true","true","approved","passed"
"https://hacecuentas.com/pe/calculadora-gratificacion-trunca-peru","src/content/calcs-pe/gratificacion-trunca-peru.json","PE","gratificacion-trunca-peru","true","","2","2","2","2","2","true","true","approved","passed"
"https://hacecuentas.com/pe/calculadora-igv-peru","src/content/calcs-pe/igv-peru.json","PE","igv-peru","true","","18","17","17","16","17","true","true","approved","passed"
"https://hacecuentas.com/pe/calculadora-itf-peru","src/content/calcs-pe/itf-peru.json","PE","itf-peru","true","","3","3","3","3","3","true","true","approved","passed"
"https://hacecuentas.com/pe/calculadora-licencia-maternidad-subsidio-essalud-peru","src/content/calcs-pe/licencia-maternidad-subsidio-essalud-peru.json","PE","licencia-maternidad-subsidio-essalud-peru","true","","5","5","5","5","5","true","true","approved","passed"
"https://hacecuentas.com/pe/calculadora-licencia-paternidad-peru","src/content/calcs-pe/licencia-paternidad-peru.json","PE","licencia-paternidad-peru","true","","4","4","4","4","4","true","true","approved","passed"
"https://hacecuentas.com/pe/calculadora-prestamo-personal-tcea-peru","src/content/calcs-pe/prestamo-personal-tcea-peru.json","PE","prestamo-personal-tcea-peru","true","","3","3","3","3","3","true","true","approved","passed"
"https://hacecuentas.com/pe/calculadora-recibo-agua-sedapal-peru","src/content/calcs-pe/recibo-agua-sedapal-peru.json","PE","recibo-agua-sedapal-peru","true","","4","4","4","4","4","true","true","approved","passed"
"https://hacecuentas.com/pe/calculadora-recibo-luz-peru-osinergmin","src/content/calcs-pe/recibo-luz-peru-osinergmin.json","PE","recibo-luz-peru-osinergmin","true","","4","4","4","4","4","true","true","approved","passed"
"https://hacecuentas.com/pe/calculadora-regimen-especial-renta-rer-peru","src/content/calcs-pe/regimen-especial-renta-rer-peru.json","PE","regimen-especial-renta-rer-peru","true","","3","3","3","3","3","true","true","approved","passed"
"https://hacecuentas.com/pe/calculadora-regimen-mype-tributario-rmt-peru","src/content/calcs-pe/regimen-mype-tributario-rmt-peru.json","PE","regimen-mype-tributario-rmt-peru","true","","3","3","3","3","3","true","true","approved","passed"
"https://hacecuentas.com/pe/calculadora-renta-cuarta-categoria-honorarios-peru","src/content/calcs-pe/renta-cuarta-categoria-honorarios-peru.json","PE","renta-cuarta-categoria-honorarios-peru","true","","2","1","1","1","1","true","true","approved","passed"
"https://hacecuentas.com/pe/calculadora-renta-primera-categoria-alquiler-peru","src/content/calcs-pe/renta-primera-categoria-alquiler-peru.json","PE","renta-primera-categoria-alquiler-peru","true","","2","2","2","2","2","true","true","approved","passed"
"https://hacecuentas.com/pe/calculadora-renta-segunda-categoria-ganancia-capital-peru","src/content/calcs-pe/renta-segunda-categoria-ganancia-capital-peru.json","PE","renta-segunda-categoria-ganancia-capital-peru","true","","3","3","3","3","3","true","true","approved","passed"
"https://hacecuentas.com/pe/calculadora-retiro-cts-desempleo-peru","src/content/calcs-pe/retiro-cts-desempleo-peru.json","PE","retiro-cts-desempleo-peru","true","","3","3","3","3","3","true","true","approved","passed"
"https://hacecuentas.com/pe/calculadora-revision-tecnica-vehicular-peru","src/content/calcs-pe/revision-tecnica-vehicular-peru.json","PE","revision-tecnica-vehicular-peru","true","","3","3","3","3","3","true","true","approved","passed"
"https://hacecuentas.com/pe/calculadora-rus-nuevo-regimen-unico-simplificado-peru","src/content/calcs-pe/rus-nuevo-regimen-unico-simplificado-peru.json","PE","rus-nuevo-regimen-unico-simplificado-peru","true","","2","2","2","2","2","true","true","approved","passed"
"https://hacecuentas.com/pe/calculadora-salario-por-hora-dia-peru","src/content/calcs-pe/salario-por-hora-dia-peru.json","PE","salario-por-hora-dia-peru","true","","3","3","3","2","3","true","true","approved","passed"
"https://hacecuentas.com/pe/calculadora-soat-peru-precio","src/content/calcs-pe/soat-peru-precio.json","PE","soat-peru-precio","true","","4","4","4","4","4","true","true","approved","passed"
"https://hacecuentas.com/pe/calculadora-sueldo-bruto-a-neto-peru","src/content/calcs-pe/sueldo-bruto-a-neto-peru.json","PE","sueldo-bruto-a-neto-peru","true","","2","2","2","2","2","true","true","approved","passed"
"https://hacecuentas.com/pe/calculadora-tarjeta-credito-pago-minimo-peru","src/content/calcs-pe/tarjeta-credito-pago-minimo-peru.json","PE","tarjeta-credito-pago-minimo-peru","true","","4","4","4","4","4","true","true","approved","passed"
"https://hacecuentas.com/pe/calculadora-utilidades-peru","src/content/calcs-pe/utilidades-peru.json","PE","utilidades-peru","true","","2","2","2","2","2","true","true","approved","passed"
"https://hacecuentas.com/pe/calculadora-vacaciones-truncas-peru","src/content/calcs-pe/vacaciones-truncas-peru.json","PE","vacaciones-truncas-peru","true","","2","2","2","2","2","true","true","approved","passed"
"https://hacecuentas.com/ec/calculadora-arriendo-maximo-legal-ecuador","src/content/calcs-ec/arriendo-maximo-legal-ecuador.json","EC","arriendo-maximo-legal-ecuador","true","","2","1","1","1","1","true","true","approved","passed"
"https://hacecuentas.com/ec/calculadora-actualizacion-inflacion-ipc-ecuador","src/content/calcs-ec/calculadora-actualizacion-inflacion-ipc-ecuador.json","EC","actualizacion-inflacion-ipc-ecuador","true","","3","3","3","3","3","true","true","approved","passed"
"https://hacecuentas.com/ec/calculadora-costo-construccion-m2-ecuador","src/content/calcs-ec/calculadora-costo-construccion-m2-ecuador.json","EC","costo-construccion-m2-ecuador","true","","2","2","2","1","2","true","true","approved","passed"
"https://hacecuentas.com/ec/calculadora-multa-interes-mora-sri-ecuador","src/content/calcs-ec/calculadora-multa-interes-mora-sri-ecuador.json","EC","multa-interes-mora-sri-ecuador","true","","6","3","3","3","3","true","true","approved","passed"
"https://hacecuentas.com/ec/calculadora-recargo-nocturno-ecuador","src/content/calcs-ec/calculadora-recargo-nocturno-ecuador.json","EC","recargo-nocturno-ecuador","true","","3","1","1","1","1","true","true","approved","passed"
"https://hacecuentas.com/ec/calculadora-retencion-honorarios-profesionales-ecuador","src/content/calcs-ec/calculadora-retencion-honorarios-profesionales-ecuador.json","EC","retencion-honorarios-profesionales-ecuador","true","","3","1","1","1","1","true","true","approved","passed"
"https://hacecuentas.com/ec/calculadora-canasta-basica-familiar-ecuador","src/content/calcs-ec/canasta-basica-familiar-ecuador.json","EC","canasta-basica-familiar-ecuador","true","","2","2","2","2","2","true","true","approved","passed"
"https://hacecuentas.com/ec/calculadora-constitucion-compania-sas-ecuador","src/content/calcs-ec/constitucion-compania-sas-ecuador.json","EC","constitucion-compania-sas-ecuador","true","","5","4","4","3","4","true","true","approved","passed"
"https://hacecuentas.com/ec/conversor-tazas-a-gramos-cocina-ecuador","src/content/calcs-ec/conversor-tazas-a-gramos-cocina-ecuador.json","EC","conversion-medidas-cocina-tazas-gramos","true","","3","1","1","1","1","true","true","approved","passed"
"https://hacecuentas.com/ec/calculadora-costo-universidad-privada-ecuador","src/content/calcs-ec/costo-universidad-privada-ecuador.json","EC","costo-universidad-privada-ecuador","true","","3","2","2","2","2","true","true","approved","passed"
"https://hacecuentas.com/ec/calculadora-costo-vida-mensual-ecuador","src/content/calcs-ec/costo-vida-mensual-ecuador.json","EC","costo-vida-mensual-ecuador","true","","3","2","2","2","2","true","true","approved","passed"
"https://hacecuentas.com/ec/calculadora-credito-vehicular-ecuador","src/content/calcs-ec/credito-vehicular-ecuador.json","EC","credito-vehicular-ecuador","true","","4","4","4","4","4","true","true","approved","passed"
"https://hacecuentas.com/ec/calculadora-deposito-plazo-fijo-ecuador","src/content/calcs-ec/deposito-plazo-fijo-ecuador.json","EC","deposito-plazo-fijo-ecuador","true","","6","6","6","6","6","true","true","approved","passed"
"https://hacecuentas.com/ec/calculadora-matriculacion-vehicular-ecuador","src/content/calcs-ec/matriculacion-vehicular-ecuador.json","EC","matriculacion-vehicular-ecuador","true","","5","3","3","2","3","true","true","approved","passed"
"https://hacecuentas.com/ec/calculadora-patente-municipal-ecuador","src/content/calcs-ec/patente-municipal-ecuador.json","EC","patente-municipal-ecuador","true","","4","4","4","4","4","true","true","approved","passed"
"https://hacecuentas.com/ec/calculadora-planilla-agua-ecuador","src/content/calcs-ec/planilla-agua-ecuador.json","EC","planilla-agua-ecuador","true","","3","2","2","2","2","true","true","approved","passed"
"https://hacecuentas.com/ec/calculadora-planilla-luz-cnel-ecuador","src/content/calcs-ec/planilla-luz-cnel-ecuador.json","EC","planilla-luz-cnel-ecuador","true","","4","2","2","2","2","true","true","approved","passed"
"https://hacecuentas.com/ec/calculadora-prestamo-quirografario-iess-ecuador","src/content/calcs-ec/prestamo-quirografario-iess-ecuador.json","EC","prestamo-quirografario-iess-ecuador","true","","2","2","2","2","2","true","true","approved","passed"
"https://hacecuentas.com/ec/calculadora-retencion-fuente-dependencia-ecuador","src/content/calcs-ec/retencion-fuente-dependencia-ecuador.json","EC","retencion-fuente-dependencia-ecuador","true","","4","3","3","2","3","true","true","approved","passed"
"https://hacecuentas.com/ec/calculadora-revision-tecnica-vehicular-ecuador","src/content/calcs-ec/revision-tecnica-vehicular-ecuador.json","EC","revision-tecnica-vehicular-ecuador","true","","5","3","3","3","3","true","true","approved","passed"
"https://hacecuentas.com/ec/calculadora-rimpe-emprendedor-ecuador","src/content/calcs-ec/rimpe-emprendedor-ecuador.json","EC","rimpe-emprendedor-ecuador","true","","5","4","4","3","4","true","true","approved","passed"
"https://hacecuentas.com/ec/calculadora-rimpe-negocio-popular-ecuador","src/content/calcs-ec/rimpe-negocio-popular-ecuador.json","EC","rimpe-negocio-popular-ecuador","true","","3","3","3","2","3","true","true","approved","passed"
"https://hacecuentas.com/ec/calculadora-tarjeta-credito-pago-minimo-ecuador","src/content/calcs-ec/tarjeta-credito-pago-minimo-ecuador.json","EC","tarjeta-credito-pago-minimo-ecuador","true","","2","2","2","2","2","true","true","approved","passed"
"https://hacecuentas.com/ve/calculadora-actualizacion-inflacion-inpc-venezuela","src/content/calcs-ve/calculadora-actualizacion-inflacion-inpc-venezuela.json","VE","actualizacion-inflacion-inpc-venezuela","true","","2","0","0","0","0","false","false","pending","passed"
"https://hacecuentas.com/ve/calculadora-intereses-prestaciones-sociales-venezuela","src/content/calcs-ve/calculadora-intereses-prestaciones-sociales-venezuela.json","VE","intereses-prestaciones-sociales-venezuela","true","","3","1","1","0","1","false","false","pending","passed"
"https://hacecuentas.com/py/calculadora-actualizacion-inflacion-ipc-paraguay","src/content/calcs-py/calculadora-actualizacion-inflacion-ipc-paraguay.json","PY","actualizacion-inflacion-ipc-paraguay","true","","5","2","5","5","5","true","true","approved","passed"
"https://hacecuentas.com/py/calculadora-aporte-patronal-ips-paraguay","src/content/calcs-py/calculadora-aporte-patronal-ips-paraguay.json","PY","aporte-patronal-ips-paraguay","true","","2","2","2","1","2","true","true","approved","passed"
"https://hacecuentas.com/py/calculadora-costo-vida-paraguay","src/content/calcs-py/calculadora-costo-vida-paraguay.json","PY","calculadora-costo-vida-paraguay","true","","2","2","2","1","2","true","true","approved","passed"
"https://hacecuentas.com/py/calculadora-cuanto-tarda-ver-serie-paraguay","src/content/calcs-py/calculadora-cuanto-tarda-ver-serie-paraguay.json","PY","maraton-serie-tiempo","true","","2","2","2","1","2","true","true","approved","passed"
"https://hacecuentas.com/py/calculadora-edad-perro-anos-humanos-paraguay","src/content/calcs-py/calculadora-edad-perro-anos-humanos-paraguay.json","PY","edad-perro-humano-raza-tamano","true","","4","3","4","3","3","true","true","approved","passed"
"https://hacecuentas.com/py/calculadora-iva-paraguay","src/content/calcs-py/calculadora-iva-paraguay.json","PY","calculadora-iva-paraguay","true","","1","1","1","1","1","true","true","approved","passed"
"https://hacecuentas.com/py/calculadora-recargo-nocturno-paraguay","src/content/calcs-py/calculadora-recargo-nocturno-paraguay.json","PY","recargo-nocturno-paraguay","true","","2","2","2","1","2","true","true","approved","passed"
"https://hacecuentas.com/py/calculadora-salario-neto-paraguay","src/content/calcs-py/calculadora-salario-neto-paraguay.json","PY","calculadora-salario-neto-paraguay","true","","2","2","2","1","2","true","true","approved","passed"
"https://hacecuentas.com/py/conversor-tazas-a-gramos-cocina-paraguay","src/content/calcs-py/conversor-tazas-a-gramos-cocina-paraguay.json","PY","conversion-medidas-cocina-tazas-gramos","true","","4","3","3","1","2","true","true","approved","passed"
"https://hacecuentas.com/py/costo-laboral-empleador-paraguay","src/content/calcs-py/costo-laboral-empleador-paraguay.json","PY","costo-laboral-empleador-paraguay","true","","2","2","2","1","2","true","true","approved","passed"
"https://hacecuentas.com/py/cuanto-es-en-guaranies-peso-argentino","src/content/calcs-py/cuanto-es-en-guaranies-peso-argentino.json","PY","cuanto-es-en-guaranies-peso-argentino","true","","2","1","2","1","2","true","true","approved","passed"
"https://hacecuentas.com/py/cuanto-es-en-guaranies-real-brasileno","src/content/calcs-py/cuanto-es-en-guaranies-real-brasileno.json","PY","cuanto-es-en-guaranies-real-brasileno","true","","2","1","2","1","2","true","true","approved","passed"
"https://hacecuentas.com/py/descuento-ips-9-salario","src/content/calcs-py/descuento-ips-9-salario.json","PY","descuento-ips-9-salario","true","","2","2","2","1","2","true","true","approved","passed"
"https://hacecuentas.com/py/dolar-hoy-paraguay","src/content/calcs-py/dolar-hoy-paraguay.json","PY","dolar-hoy-paraguay","true","","2","1","2","1","2","true","true","approved","passed"
"https://hacecuentas.com/py/idu-dividendos-paraguay","src/content/calcs-py/idu-dividendos-paraguay.json","PY","idu-dividendos-paraguay","true","","2","2","2","1","2","true","true","approved","passed"
"https://hacecuentas.com/py/ire-paraguay","src/content/calcs-py/ire-paraguay.json","PY","ire-paraguay","true","","2","2","2","1","2","true","true","approved","passed"
"https://hacecuentas.com/py/irp-paraguay-tramos","src/content/calcs-py/irp-paraguay-tramos.json","PY","irp-paraguay-tramos","true","","1","1","1","1","1","true","true","approved","passed"
"https://hacecuentas.com/uy/aguinaldo-uruguay","src/content/calcs-uy/aguinaldo-uruguay.json","UY","aguinaldo-uruguay","true","","2","2","2","2","2","true","true","approved","passed"
"https://hacecuentas.com/uy/calculadora-actualizacion-inflacion-ipc-uruguay","src/content/calcs-uy/calculadora-actualizacion-inflacion-ipc-uruguay.json","UY","actualizacion-inflacion-ipc-uruguay","true","","3","2","2","2","2","true","true","approved","passed"
"https://hacecuentas.com/uy/calculadora-antiguedad-laboral-uruguay","src/content/calcs-uy/calculadora-antiguedad-laboral-uruguay.json","UY","antiguedad-laboral-uruguay","true","","2","2","2","2","1","true","true","approved","passed"
"https://hacecuentas.com/uy/calculadora-bps-aportes","src/content/calcs-uy/calculadora-bps-aportes.json","UY","calculadora-bps-aportes","true","","2","2","2","2","2","true","true","approved","passed"
"https://hacecuentas.com/uy/calculadora-despido-uruguay","src/content/calcs-uy/calculadora-despido-uruguay.json","UY","calculadora-despido-uruguay","true","","3","3","3","2","3","true","true","approved","passed"
"https://hacecuentas.com/uy/calculadora-horas-extra-uruguay","src/content/calcs-uy/calculadora-horas-extra-uruguay.json","UY","calculadora-horas-extra-uruguay","true","","3","3","3","3","3","true","true","approved","passed"
"https://hacecuentas.com/uy/calculadora-irpf-aguinaldo-uruguay","src/content/calcs-uy/calculadora-irpf-aguinaldo-uruguay.json","UY","irpf-aguinaldo-uruguay","true","","3","3","3","1","3","true","true","approved","passed"
"https://hacecuentas.com/uy/calculadora-irpf-alquiler-uruguay","src/content/calcs-uy/calculadora-irpf-alquiler-uruguay.json","UY","irpf-alquiler-uruguay","true","","3","3","3","2","3","true","true","approved","passed"
"https://hacecuentas.com/uy/calculadora-itp-uruguay","src/content/calcs-uy/calculadora-itp-uruguay.json","UY","itp-uruguay","true","","3","3","3","2","3","true","true","approved","passed"
"https://hacecuentas.com/uy/calculadora-jornal-uruguay","src/content/calcs-uy/calculadora-jornal-uruguay.json","UY","calculadora-jornal-uruguay","true","","2","2","2","1","2","true","true","approved","passed"
"https://hacecuentas.com/uy/calculadora-licencia-uruguay","src/content/calcs-uy/calculadora-licencia-uruguay.json","UY","calculadora-licencia-uruguay","true","","3","3","3","2","3","true","true","approved","passed"
"https://hacecuentas.com/uy/calculadora-monotributo-uruguay","src/content/calcs-uy/calculadora-monotributo-uruguay.json","UY","monotributo-uruguay","true","","3","2","2","1","2","true","true","approved","passed"
"https://hacecuentas.com/uy/calculadora-recargo-nocturno-uruguay","src/content/calcs-uy/calculadora-recargo-nocturno-uruguay.json","UY","recargo-nocturno-uruguay","true","","2","2","2","2","2","true","true","approved","passed"
"https://hacecuentas.com/uy/calculadora-salario-minimo-uruguay","src/content/calcs-uy/calculadora-salario-minimo-uruguay.json","UY","salario-minimo-uruguay","true","","3","2","2","1","2","true","true","approved","passed"
"https://hacecuentas.com/uy/calculadora-salario-por-hora-uruguay","src/content/calcs-uy/calculadora-salario-por-hora-uruguay.json","UY","salario-por-hora-uruguay","true","","2","2","2","2","2","true","true","approved","passed"
"https://hacecuentas.com/uy/conversor-tazas-a-gramos-cocina-uruguay","src/content/calcs-uy/conversor-tazas-a-gramos-cocina-uruguay.json","UY","conversion-medidas-cocina-tazas-gramos","true","","3","2","2","1","2","true","true","approved","passed"
"https://hacecuentas.com/uy/devolucion-fonasa-uruguay","src/content/calcs-uy/devolucion-fonasa-uruguay.json","UY","devolucion-fonasa-uruguay","true","","2","2","2","2","2","true","true","approved","passed"
"https://hacecuentas.com/uy/dolar-hoy-uruguay","src/content/calcs-uy/dolar-hoy-uruguay.json","UY","dolar-hoy-uruguay","true","","2","1","1","1","1","true","true","approved","passed"
"https://hacecuentas.com/uy/salario-liquido-uruguay","src/content/calcs-uy/salario-liquido-uruguay.json","UY","salario-liquido-uruguay","true","","3","3","3","1","3","true","true","approved","passed"
"https://hacecuentas.com/uy/salario-vacacional-uruguay","src/content/calcs-uy/salario-vacacional-uruguay.json","UY","salario-vacacional-uruguay","true","","2","2","2","2","2","true","true","approved","passed"
"https://hacecuentas.com/uy/sueldo-nominal-a-liquido-uruguay","src/content/calcs-uy/sueldo-nominal-a-liquido-uruguay.json","UY","sueldo-nominal-a-liquido-uruguay","true","","2","2","2","1","2","true","true","approved","passed"
"https://hacecuentas.com/uy/unidad-indexada-a-pesos-uruguay","src/content/calcs-uy/unidad-indexada-a-pesos-uruguay.json","UY","unidad-indexada-a-pesos-uruguay","true","","2","1","1","1","1","true","true","approved","passed"
"https://hacecuentas.com/do/calculadora-cesantia-republica-dominicana","src/content/calcs-do/calculadora-cesantia-republica-dominicana.json","DO","calculadora-cesantia-republica-dominicana","true","","2","2","2","1","2","true","true","approved","passed"
"https://hacecuentas.com/do/calculadora-cuanto-tarda-ver-serie-republica-dominicana","src/content/calcs-do/calculadora-cuanto-tarda-ver-serie-republica-dominicana.json","DO","maraton-serie-tiempo","true","","2","2","2","1","2","true","true","approved","passed"
"https://hacecuentas.com/do/calculadora-edad-perro-anos-humanos-republica-dominicana","src/content/calcs-do/calculadora-edad-perro-anos-humanos-republica-dominicana.json","DO","edad-perro-humano-raza-tamano","true","","4","2","3","3","2","true","true","approved","passed"
"https://hacecuentas.com/do/calculadora-preaviso-republica-dominicana","src/content/calcs-do/calculadora-preaviso-republica-dominicana.json","DO","calculadora-preaviso-republica-dominicana","true","","2","2","2","1","2","true","true","approved","passed"
"https://hacecuentas.com/do/calculadora-recargo-nocturno-republica-dominicana","src/content/calcs-do/calculadora-recargo-nocturno-republica-dominicana.json","DO","recargo-nocturno-republica-dominicana","true","","2","2","2","1","2","true","true","approved","passed"
"https://hacecuentas.com/do/calculadora-remesas-estados-unidos-republica-dominicana","src/content/calcs-do/calculadora-remesas-estados-unidos-republica-dominicana.json","DO","calculadora-remesas-estados-unidos-republica-dominicana","true","","4","3","4","3","3","true","true","approved","passed"
"https://hacecuentas.com/do/dolar-hoy-republica-dominicana","src/content/calcs-do/dolar-hoy-republica-dominicana.json","DO","dolar-hoy-republica-dominicana","true","","2","2","2","1","2","true","true","approved","passed"
"https://hacecuentas.com/do/regalia-pascual-proporcional-republica-dominicana","src/content/calcs-do/regalia-pascual-proporcional-republica-dominicana.json","DO","regalia-pascual-proporcional-republica-dominicana","true","","2","2","2","1","2","true","true","approved","passed"
"https://hacecuentas.com/do/regalia-pascual-republica-dominicana","src/content/calcs-do/regalia-pascual-republica-dominicana.json","DO","regalia-pascual-republica-dominicana","true","","2","2","2","1","2","true","true","approved","passed"
"https://hacecuentas.com/es/calculadora-antiguedad-laboral-espana","src/content/calcs-es/calculadora-antiguedad-laboral-espana.json","ES","antiguedad-laboral-espana","true","","2","2","2","2","2","true","true","approved","passed"
"https://hacecuentas.com/es/calculadora-autonomo-cuota-2026-espana-rendimiento-neto","src/content/calcs-es/calculadora-autonomo-cuota-2026-espana-rendimiento-neto.json","ES","autonomo-cuota-2026-espana-rendimiento-neto","true","","4","3","3","3","3","true","true","approved","passed"
"https://hacecuentas.com/es/calculadora-baja-laboral-incapacidad-temporal-espana-cuantia","src/content/calcs-es/calculadora-baja-laboral-incapacidad-temporal-espana-cuantia.json","ES","baja-laboral-incapacidad-temporal-espana-cuantia","true","","4","3","3","3","3","true","true","approved","passed"
"https://hacecuentas.com/es/calculadora-beca-comedor-escolar-espana-renta-umbrales","src/content/calcs-es/calculadora-beca-comedor-escolar-espana-renta-umbrales.json","ES","beca-comedor-escolar-espana-renta-umbrales","true","","5","3","3","3","3","true","true","approved","passed"
"https://hacecuentas.com/es/calculadora-beca-erasmus-mensualidad-pais-destino-2026","src/content/calcs-es/calculadora-beca-erasmus-mensualidad-pais-destino-2026.json","ES","beca-erasmus-mensualidad-pais-destino-2026","true","","4","2","2","2","2","true","true","approved","passed"
"https://hacecuentas.com/es/calculadora-becas-mec-2026-espana-renta-familiar-rendimiento","src/content/calcs-es/calculadora-becas-mec-2026-espana-renta-familiar-rendimiento.json","ES","becas-mec-2026-espana-renta-familiar-rendimiento","true","","4","4","4","4","4","true","true","approved","passed"
"https://hacecuentas.com/es/calculadora-bono-social-electrico-espana-2026-criterios","src/content/calcs-es/calculadora-bono-social-electrico-espana-2026-criterios.json","ES","bono-social-electrico-espana-2026-criterios","true","","4","2","2","2","2","true","true","approved","passed"
"https://hacecuentas.com/es/calculadora-cesta-compra-mensual-familia-espana-inflacion","src/content/calcs-es/calculadora-cesta-compra-mensual-familia-espana-inflacion.json","ES","cesta-compra-mensual-familia-espana-inflacion","true","","5","3","3","3","3","true","true","approved","passed"
"https://hacecuentas.com/es/calculadora-comprar-coche-electrico-vs-gasolina-espana-2026","src/content/calcs-es/calculadora-comprar-coche-electrico-vs-gasolina-espana-2026.json","ES","comprar-coche-electrico-vs-gasolina-espana-2026","true","","5","2","2","2","2","true","true","approved","passed"
"https://hacecuentas.com/es/calculadora-comprar-vs-alquilar-vivienda-espana-10-anos","src/content/calcs-es/calculadora-comprar-vs-alquilar-vivienda-espana-10-anos.json","ES","comprar-vs-alquilar-vivienda-espana-10-anos","true","","5","3","3","3","3","true","true","approved","passed"
"https://hacecuentas.com/es/calculadora-comunidad-autonoma-irpf-mas-alto-bajo-espana","src/content/calcs-es/calculadora-comunidad-autonoma-irpf-mas-alto-bajo-espana.json","ES","comunidad-autonoma-irpf-mas-alto-bajo-espana","true","","4","2","2","2","2","true","true","approved","passed"
"https://hacecuentas.com/es/calculadora-comunidad-vecinos-gastos-mensuales-espana","src/content/calcs-es/calculadora-comunidad-vecinos-gastos-mensuales-espana.json","ES","comunidad-vecinos-gastos-mensuales-espana","true","","5","1","1","1","1","true","true","approved","passed"
"https://hacecuentas.com/es/calculadora-contrato-alquiler-espana-fianza-aval-mes-renta","src/content/calcs-es/calculadora-contrato-alquiler-espana-fianza-aval-mes-renta.json","ES","contrato-alquiler-espana-fianza-aval-mes-renta","true","","4","4","4","4","4","true","true","approved","passed"
"https://hacecuentas.com/es/calculadora-convenio-comercio-espana-sueldo-categoria-2026","src/content/calcs-es/calculadora-convenio-comercio-espana-sueldo-categoria-2026.json","ES","convenio-comercio-espana-sueldo-categoria-2026","true","","4","3","3","3","3","true","true","approved","passed"
"https://hacecuentas.com/es/calculadora-coste-vida-mensual-soltero-pareja-espana-ccaa","src/content/calcs-es/calculadora-coste-vida-mensual-soltero-pareja-espana-ccaa.json","ES","coste-vida-mensual-soltero-pareja-espana-ccaa","true","","5","2","2","2","2","true","true","approved","passed"
"https://hacecuentas.com/es/calculadora-cuanto-tarda-ver-serie-espana","src/content/calcs-es/calculadora-cuanto-tarda-ver-serie-espana.json","ES","maraton-serie-tiempo","true","","2","2","2","1","2","true","true","approved","passed"
"https://hacecuentas.com/es/calculadora-deduccion-vivienda-habitual-irpf-espana","src/content/calcs-es/calculadora-deduccion-vivienda-habitual-irpf-espana.json","ES","deduccion-vivienda-habitual-irpf-espana","true","","4","2","2","2","2","true","true","approved","passed"
"https://hacecuentas.com/es/calculadora-dependencia-grado-prestacion-espana-2026","src/content/calcs-es/calculadora-dependencia-grado-prestacion-espana-2026.json","ES","dependencia-grado-prestacion-espana-2026","true","","4","2","2","2","2","true","true","approved","passed"
"https://hacecuentas.com/es/calculadora-erte-vs-ere-diferencias-cuantia-espana","src/content/calcs-es/calculadora-erte-vs-ere-diferencias-cuantia-espana.json","ES","erte-vs-ere-diferencias-cuantia-espana","true","","5","3","3","3","3","true","true","approved","passed"
"https://hacecuentas.com/es/calculadora-etiqueta-dgt-coche-espana-eco-cero-b-c","src/content/calcs-es/calculadora-etiqueta-dgt-coche-espana-eco-cero-b-c.json","ES","etiqueta-dgt-coche-espana-eco-cero-b-c","true","","5","2","2","2","2","true","true","approved","passed"
"https://hacecuentas.com/es/calculadora-excedencia-voluntaria-reincorporacion-espana","src/content/calcs-es/calculadora-excedencia-voluntaria-reincorporacion-espana.json","ES","excedencia-voluntaria-reincorporacion-espana","true","","3","2","2","2","2","true","true","approved","passed"
"https://hacecuentas.com/es/calculadora-fibra-movil-mejor-precio-comparador-espana-2026","src/content/calcs-es/calculadora-fibra-movil-mejor-precio-comparador-espana-2026.json","ES","fibra-movil-mejor-precio-comparador-espana-2026","true","","5","2","2","0","2","false","false","pending","passed"
"https://hacecuentas.com/es/calculadora-finiquito-despido-improcedente-espana-2026","src/content/calcs-es/calculadora-finiquito-despido-improcedente-espana-2026.json","ES","finiquito-despido-improcedente-espana-2026","true","","5","2","2","2","2","true","true","approved","passed"
"https://hacecuentas.com/es/calculadora-fondo-emergencia-espana-meses-gastos","src/content/calcs-es/calculadora-fondo-emergencia-espana-meses-gastos.json","ES","fondo-emergencia-espana-meses-gastos","true","","4","2","2","2","2","true","true","approved","passed"
"https://hacecuentas.com/es/calculadora-ganancia-patrimonial-venta-vivienda-espana","src/content/calcs-es/calculadora-ganancia-patrimonial-venta-vivienda-espana.json","ES","ganancia-patrimonial-venta-vivienda-espana","true","","4","2","2","2","2","true","true","approved","passed"
"https://hacecuentas.com/es/calculadora-hipoteca-euribor-cuota","src/content/calcs-es/calculadora-hipoteca-euribor-cuota.json","ES","cuota-prestamo-auto-frances-argentino","true","","4","3","3","3","3","true","true","approved","passed"
"https://hacecuentas.com/es/calculadora-hipoteca-fija-vs-variable-euribor-espana-2026","src/content/calcs-es/calculadora-hipoteca-fija-vs-variable-euribor-espana-2026.json","ES","hipoteca-fija-vs-variable-euribor-espana-2026","true","","4","3","3","3","3","true","true","approved","passed"
"https://hacecuentas.com/es/calculadora-ingreso-minimo-vital-imv-espana-2026-cuantia","src/content/calcs-es/calculadora-ingreso-minimo-vital-imv-espana-2026-cuantia.json","ES","ingreso-minimo-vital-imv-espana-2026-cuantia","true","","4","3","3","3","3","true","true","approved","passed"
"https://hacecuentas.com/es/calculadora-irnr-no-residentes-alquiler-vivienda-espana","src/content/calcs-es/calculadora-irnr-no-residentes-alquiler-vivienda-espana.json","ES","irnr-no-residentes-alquiler-vivienda-espana","true","","4","1","1","1","1","true","true","approved","passed"
"https://hacecuentas.com/es/calculadora-irpf-2026-tramos-espana-nomina","src/content/calcs-es/calculadora-irpf-2026-tramos-espana-nomina.json","ES","irpf-2026-tramos-espana-nomina","true","","6","4","4","4","4","true","true","approved","passed"
"https://hacecuentas.com/es/calculadora-irpf-capital-mobiliario-intereses-dividendos-espana","src/content/calcs-es/calculadora-irpf-capital-mobiliario-intereses-dividendos-espana.json","ES","irpf-capital-mobiliario-intereses-dividendos-espana","true","","4","1","1","1","1","true","true","approved","passed"
"https://hacecuentas.com/es/calculadora-itp-actos-juridicos-documentados-espana-vivienda","src/content/calcs-es/calculadora-itp-actos-juridicos-documentados-espana-vivienda.json","ES","itp-actos-juridicos-documentados-espana-vivienda","true","","4","2","2","1","2","true","true","approved","passed"
"https://hacecuentas.com/es/calculadora-iva-espana-21-10-4-categorias","src/content/calcs-es/calculadora-iva-espana-21-10-4-categorias.json","ES","iva-espana-21-10-4-categorias","true","","4","3","3","3","3","true","true","approved","passed"
"https://hacecuentas.com/es/calculadora-iva-espana-21-10-4","src/content/calcs-es/calculadora-iva-espana-21-10-4.json","ES","iva-incluido-neto-discriminar","true","","4","2","2","2","2","true","true","approved","passed"
"https://hacecuentas.com/es/calculadora-letras-tesoro-espana-3-6-12-meses-rentabilidad","src/content/calcs-es/calculadora-letras-tesoro-espana-3-6-12-meses-rentabilidad.json","ES","letras-tesoro-espana-3-6-12-meses-rentabilidad","true","","5","2","2","1","2","true","true","approved","passed"
"https://hacecuentas.com/es/calculadora-mibor-euribor-historico-hipoteca-revision","src/content/calcs-es/calculadora-mibor-euribor-historico-hipoteca-revision.json","ES","mibor-euribor-historico-hipoteca-revision","true","","15","14","14","11","14","true","true","approved","passed"
"https://hacecuentas.com/es/calculadora-modelo-100-irpf-declaracion-anual-espana","src/content/calcs-es/calculadora-modelo-100-irpf-declaracion-anual-espana.json","ES","modelo-100-irpf-declaracion-anual-espana","true","","5","1","1","1","1","true","true","approved","passed"
"https://hacecuentas.com/es/calculadora-modelo-130-pago-fraccionado-autonomo-espana","src/content/calcs-es/calculadora-modelo-130-pago-fraccionado-autonomo-espana.json","ES","modelo-130-pago-fraccionado-autonomo-espana","true","","4","3","3","3","3","true","true","approved","passed"
"https://hacecuentas.com/es/calculadora-modelo-145-irpf-situacion-familiar-nomina","src/content/calcs-es/calculadora-modelo-145-irpf-situacion-familiar-nomina.json","ES","modelo-145-irpf-situacion-familiar-nomina","true","","4","3","3","3","3","true","true","approved","passed"
"https://hacecuentas.com/es/calculadora-modelo-303-iva-trimestral-autonomo-espana","src/content/calcs-es/calculadora-modelo-303-iva-trimestral-autonomo-espana.json","ES","modelo-303-iva-trimestral-autonomo-espana","true","","4","2","2","2","2","true","true","approved","passed"
"https://hacecuentas.com/es/calculadora-paro-prestacion-desempleo-espana-2026-meses","src/content/calcs-es/calculadora-paro-prestacion-desempleo-espana-2026-meses.json","ES","paro-prestacion-desempleo-espana-2026-meses","true","","4","2","2","1","2","true","true","approved","passed"
"https://hacecuentas.com/es/calculadora-permiso-paternidad-maternidad-espana-2026-semanas","src/content/calcs-es/calculadora-permiso-paternidad-maternidad-espana-2026-semanas.json","ES","permiso-paternidad-maternidad-espana-2026-semanas","true","","4","3","3","3","3","true","true","approved","passed"
"https://hacecuentas.com/es/calculadora-prestamo-coche-espana-cdc-vs-renting","src/content/calcs-es/calculadora-prestamo-coche-espana-cdc-vs-renting.json","ES","prestamo-coche-espana-cdc-vs-renting","true","","5","3","3","3","3","true","true","approved","passed"
"https://hacecuentas.com/es/calculadora-recargo-equivalencia-comerciantes-espana","src/content/calcs-es/calculadora-recargo-equivalencia-comerciantes-espana.json","ES","recargo-equivalencia-comerciantes-espana","true","","3","2","2","2","2","true","true","approved","passed"
"https://hacecuentas.com/es/calculadora-reduccion-jornada-hijo-espana-salario-cotizacion","src/content/calcs-es/calculadora-reduccion-jornada-hijo-espana-salario-cotizacion.json","ES","reduccion-jornada-hijo-espana-salario-cotizacion","true","","5","4","4","2","4","true","true","approved","passed"
"https://hacecuentas.com/es/calculadora-renta-disponible-mensual-espana-gastos-fijos-30-30-30-10","src/content/calcs-es/calculadora-renta-disponible-mensual-espana-gastos-fijos-30-30-30-10.json","ES","renta-disponible-mensual-espana-gastos-fijos-30-30-30-10","true","","5","4","4","4","4","true","true","approved","passed"
"https://hacecuentas.com/es/calculadora-seguro-coche-precio-espana-2026-edad-bonus-malus","src/content/calcs-es/calculadora-seguro-coche-precio-espana-2026-edad-bonus-malus.json","ES","seguro-coche-precio-espana-2026-edad-bonus-malus","true","","5","1","1","1","1","true","true","approved","passed"
"https://hacecuentas.com/es/calculadora-subsidio-mayores-52-anos-espana-cuantia-meses","src/content/calcs-es/calculadora-subsidio-mayores-52-anos-espana-cuantia-meses.json","ES","subsidio-mayores-52-anos-espana-cuantia-meses","true","","4","2","2","2","2","true","true","approved","passed"
"https://hacecuentas.com/es/calculadora-tasacion-vivienda-espana-precio-m2-zona","src/content/calcs-es/calculadora-tasacion-vivienda-espana-precio-m2-zona.json","ES","tasacion-vivienda-espana-precio-m2-zona","true","","5","4","4","3","4","true","true","approved","passed"
"https://hacecuentas.com/es/calculadora-trastero-garaje-precio-alquiler-espana-2026","src/content/calcs-es/calculadora-trastero-garaje-precio-alquiler-espana-2026.json","ES","trastero-garaje-precio-alquiler-espana-2026","true","","5","2","2","2","2","true","true","approved","passed"
"https://hacecuentas.com/es/calculadora-universidad-publica-vs-privada-coste-grado-espana","src/content/calcs-es/calculadora-universidad-publica-vs-privada-coste-grado-espana.json","ES","universidad-publica-vs-privada-coste-grado-espana","true","","5","2","2","2","2","true","true","approved","passed"
"https://hacecuentas.com/es/calculadora-vacaciones-pagadas-espana-22-dias-laborables","src/content/calcs-es/calculadora-vacaciones-pagadas-espana-22-dias-laborables.json","ES","vacaciones-pagadas-espana-22-dias-laborables","true","","4","2","2","2","2","true","true","approved","passed"
"https://hacecuentas.com/en/10000-hours-mastery-gladwell","src/content/calcs-en/10000-hours-mastery-gladwell.json","US","horas-practica-10000-maestria-gladwell","true","","3","2","3","3","3","true","true","approved","passed"
"https://hacecuentas.com/en/10k-projection-from-5k-riegel","src/content/calcs-en/10k-projection-from-5k-riegel.json","US","proyeccion-10k-desde-5k-riegel","true","","1","1","1","1","1","true","true","approved","passed"
"https://hacecuentas.com/en/10k-training-plan-weeks","src/content/calcs-en/10k-training-plan-weeks.json","US","plan-entrenamiento-10k-semanas","true","","3","2","2","2","2","true","true","approved","passed"
"https://hacecuentas.com/en/1rm-bench-press-estimator","src/content/calcs-en/1rm-bench-press-estimator.json","US","1rm-press-banca-estimador","true","","5","4","4","4","4","true","true","approved","passed"
"https://hacecuentas.com/en/1rm-deadlift-estimator","src/content/calcs-en/1rm-deadlift-estimator.json","US","1rm-peso-muerto-estimador","true","","4","2","2","2","2","true","true","approved","passed"
"https://hacecuentas.com/en/1rm-squat-estimator","src/content/calcs-en/1rm-squat-estimator.json","US","1rm-sentadilla-estimador","true","","5","3","3","3","3","true","true","approved","passed"
"https://hacecuentas.com/en/21k-training-plan-weeks","src/content/calcs-en/21k-training-plan-weeks.json","US","plan-entrenamiento-21k-semi-maraton-semanas","true","","6","4","5","3","5","true","true","approved","passed"
"https://hacecuentas.com/en/2x2-linear-system-cramer-rule","src/content/calcs-en/2x2-linear-system-cramer-rule.json","US","sistema-ecuaciones-2x2-cramer","true","","3","3","3","3","3","true","true","approved","passed"
"https://hacecuentas.com/en/2x2-matrix-determinant-inverse","src/content/calcs-en/2x2-matrix-determinant-inverse.json","US","determinante-inversa-matriz-2x2","true","","3","3","3","3","3","true","true","approved","passed"
"https://hacecuentas.com/en/3d-print-cost-per-part","src/content/calcs-en/3d-print-cost-per-part.json","US","costo-impresion-3d-pieza","true","","2","2","2","0","2","false","false","pending","passed"
"https://hacecuentas.com/en/3d-print-time-layer-height","src/content/calcs-en/3d-print-time-layer-height.json","US","tiempo-impresion-3d-layer","true","","3","1","1","1","1","true","true","approved","passed"
"https://hacecuentas.com/en/401k-contribution-match-calculator","src/content/calcs-en/401k-contribution-match-calculator.json","US","401k-contribution-match-calculator","true","","7","6","7","7","6","true","true","approved","passed"
"https://hacecuentas.com/en/50-30-20-family-budget","src/content/calcs-en/50-30-20-family-budget.json","US","presupuesto-50-30-20-familiar-sueldo","true","","5","3","4","4","4","true","true","approved","passed"
"https://hacecuentas.com/en/5k-training-plan-weeks","src/content/calcs-en/5k-training-plan-weeks.json","US","plan-entrenamiento-5k-semanas","true","","3","1","1","1","1","true","true","approved","passed"
"https://hacecuentas.com/en/80-20-learning-curve-hours-mastery","src/content/calcs-en/80-20-learning-curve-hours-mastery.json","US","horas-maestria-curva-aprendizaje-80-20","true","","4","3","3","3","3","true","true","approved","passed"
"https://hacecuentas.com/en/a1c-to-average-glucose","src/content/calcs-en/a1c-to-average-glucose.json","US","a1c-hemoglobina-glicosilada-diabetes","true","","4","3","4","4","4","true","true","approved","passed"
"https://hacecuentas.com/en/abdominal-circumference-cardiovascular-risk","src/content/calcs-en/abdominal-circumference-cardiovascular-risk.json","US","perimetro-abdominal-riesgo-cardiovascular","true","","4","1","2","2","2","true","true","approved","passed"
"https://hacecuentas.com/en/aceite-motor-capacidad-cambio-km","src/content/calcs-en/aceite-motor-capacidad-cambio-km.json","US","aceite-motor-capacidad-cambio-km","true","","3","3","3","3","3","true","true","approved","passed"
"https://hacecuentas.com/en/added-sugars-daily-oms-mg-grams","src/content/calcs-en/added-sugars-daily-oms-mg-grams.json","US","azucares-anadidos-diarios-oms-mg-gramos","true","","5","5","5","5","5","true","true","approved","passed"
"https://hacecuentas.com/en/adolescent-final-height-prediction","src/content/calcs-en/adolescent-final-height-prediction.json","US","adolescente-estatura-final-prediccion-edad-huesos","true","","4","3","3","3","3","true","true","approved","passed"
"https://hacecuentas.com/en/adult-sleep-hours-by-age","src/content/calcs-en/adult-sleep-hours-by-age.json","US","horas-sueno-necesarias-edad-adulto","true","","6","6","6","6","6","true","true","approved","passed"
"https://hacecuentas.com/en/age-discuss-difficult-topics-with-kids","src/content/calcs-en/age-discuss-difficult-topics-with-kids.json","US","edad-conversar-temas-dificiles-hijo","true","","5","2","2","2","2","true","true","approved","passed"
"https://hacecuentas.com/en/agua-riego-plantas-dia","src/content/calcs-en/agua-riego-plantas-dia.json","US","agua-riego-plantas-dia","true","","3","2","2","2","2","true","true","approved","passed"
"https://hacecuentas.com/en/air-conditioning-btu-room-calculator","src/content/calcs-en/air-conditioning-btu-room-calculator.json","US","aire-acondicionado-frigorias-btu-habitacion","true","","4","2","2","2","2","true","true","approved","passed"
"https://hacecuentas.com/en/airbnb-short-term-rental-net-profit","src/content/calcs-en/airbnb-short-term-rental-net-profit.json","US","alquiler-temporal-airbnb-ganancia-neta","true","","3","3","3","3","3","true","true","approved","passed"
"https://hacecuentas.com/en/airdrop-historical-value-tokens-qualifying","src/content/calcs-en/airdrop-historical-value-tokens-qualifying.json","US","airdrop-valor-historico-tokens-qualifying","true","","5","4","4","4","4","true","true","approved","passed"
"https://hacecuentas.com/en/alcohol-calories-beer-wine-fernet","src/content/calcs-en/alcohol-calories-beer-wine-fernet.json","US","alcohol-calorias-cerveza-vino-fernet","true","","4","3","3","2","3","true","true","approved","passed"
"https://hacecuentas.com/en/alcohol-per-guest-event-calculator","src/content/calcs-en/alcohol-per-guest-event-calculator.json","US","alcohol-per-guest-event-calculator","true","","4","1","1","1","1","true","true","approved","passed"
"https://hacecuentas.com/en/aluminum-profile-linear-meters-window","src/content/calcs-en/aluminum-profile-linear-meters-window.json","US","perfil-aluminio-metros-lineales-ventana","true","","4","3","3","3","3","true","true","approved","passed"
"https://hacecuentas.com/en/alyc-commissions-calculator","src/content/calcs-en/alyc-commissions-calculator.json","US","cuentas-comitente-alyc-comisiones","true","","3","1","2","1","2","true","true","approved","passed"
"https://hacecuentas.com/en/amh-ovarian-reserve-age","src/content/calcs-en/amh-ovarian-reserve-age.json","US","fertilidad-amh-reserva-ovarica-edad","true","","5","3","4","4","4","true","true","approved","passed"
"https://hacecuentas.com/en/amplifier-watts-per-channel","src/content/calcs-en/amplifier-watts-per-channel.json","US","amplificador-watts-parlantes","true","","4","1","2","2","2","true","true","approved","passed"
"https://hacecuentas.com/en/anki-daily-flashcards-memorization-vocabulary","src/content/calcs-en/anki-daily-flashcards-memorization-vocabulary.json","US","anki-tarjetas-diarias-memorizacion-vocabulario","true","","4","4","4","4","4","true","true","approved","passed"
"https://hacecuentas.com/en/annual-bonus-net","src/content/calcs-en/annual-bonus-net.json","US","bonus-anual-marco-fiscal-neto","true","","3","3","3","1","3","true","true","approved","passed"
"https://hacecuentas.com/en/annual-car-co2-emissions","src/content/calcs-en/annual-car-co2-emissions.json","US","emisiones-co2-auto-g-km-anual","true","","4","2","3","3","3","true","true","approved","passed"
"https://hacecuentas.com/en/annual-pet-carbon-footprint","src/content/calcs-en/annual-pet-carbon-footprint.json","US","huella-carbono-mascota-anual","true","","3","2","3","3","3","true","true","approved","passed"
"https://hacecuentas.com/en/annual-refrigerator-energy-consumption-kwh","src/content/calcs-en/annual-refrigerator-energy-consumption-kwh.json","US","consumo-heladera-anual-kwh","true","","6","6","6","5","6","true","true","approved","passed"
"https://hacecuentas.com/en/annual-salary-to-hourly-rate-converter","src/content/calcs-en/annual-salary-to-hourly-rate-converter.json","US","annual-salary-to-hourly-rate-converter","true","","4","3","3","3","3","true","true","approved","passed"
"https://hacecuentas.com/en/annuity-payout-monthly-calculator","src/content/calcs-en/annuity-payout-monthly-calculator.json","US","annuity-payout-monthly-calculator","true","","17","12","14","14","14","true","true","approved","passed"
"https://hacecuentas.com/en/apy-defi-aave-compound","src/content/calcs-en/apy-defi-aave-compound.json","US","apy-defi-aave-compound","true","","5","5","5","3","5","true","true","approved","passed"
"https://hacecuentas.com/en/circle-area-perimeter-sector","src/content/calcs-en/area-circulo.json","US","area-circulo-sector","true","","3","3","3","2","3","true","true","approved","passed"
"https://hacecuentas.com/en/arithmetic-progression-nth-term-sum","src/content/calcs-en/arithmetic-progression-nth-term-sum.json","US","progresion-aritmetica-suma-termino","true","","4","4","4","4","4","true","true","approved","passed"
"https://hacecuentas.com/en/aumento-alquiler-trimestral-cuatrimestral-semestral","src/content/calcs-en/aumento-alquiler-trimestral-cuatrimestral-semestral.json","US","aumento-alquiler-trimestral-cuatrimestral-semestral","true","","4","4","4","3","4","true","true","approved","passed"
"https://hacecuentas.com/en/auto-debt-free-certificate-cost","src/content/calcs-en/auto-debt-free-certificate-cost.json","US","certificado-libre-deuda-auto-costo","true","","5","3","4","4","4","true","true","approved","passed"
"https://hacecuentas.com/en/baby-diaper-calculator","src/content/calcs-en/baby-diaper-calculator.json","US","pañales-por-dia-mes-bebe-edad","true","","3","0","0","0","0","false","false","pending","passed"
"https://hacecuentas.com/en/baby-name-meaning","src/content/calcs-en/baby-name-meaning.json","US","nombre-bebe-significado","true","","3","3","3","2","3","true","true","approved","passed"
"https://hacecuentas.com/en/baby-shoe-size","src/content/calcs-en/baby-shoe-size.json","US","talla-zapato-bebe","true","","6","5","6","4","6","true","true","approved","passed"
"https://hacecuentas.com/en/baby-shower-budget-calculator","src/content/calcs-en/baby-shower-budget-calculator.json","US","baby-shower-budget-guests-food-decoration","true","","4","1","3","3","3","true","true","approved","passed"
"https://hacecuentas.com/en/baby-sleep-hours-by-age-chart","src/content/calcs-en/baby-sleep-hours-by-age-chart.json","US","horas-sueno-bebe-por-edad-tabla-recomendada","true","","4","2","2","2","2","true","true","approved","passed"
"https://hacecuentas.com/en/baby-sleep-hours-by-age","src/content/calcs-en/baby-sleep-hours-by-age.json","US","sueno-bebe-horas","true","","4","3","4","4","4","true","true","approved","passed"
"https://hacecuentas.com/en/baby-teeth-eruption-timeline","src/content/calcs-en/baby-teeth-eruption-timeline.json","US","dientes-bebe-cronologia","true","","3","2","2","2","2","true","true","approved","passed"
"https://hacecuentas.com/en/bakers-percentage-calculator","src/content/calcs-en/bakers-percentage-calculator.json","US","bakers-percentage-calculator","true","","4","0","2","2","2","false","false","pending","passed"
"https://hacecuentas.com/en/bandwidth-streaming-bitrate-resolution-youtube","src/content/calcs-en/bandwidth-streaming-bitrate-resolution-youtube.json","US","bandwidth-streaming-bitrate-resolucion-youtube","true","","3","3","3","3","3","true","true","approved","passed"
"https://hacecuentas.com/en/barrel-aging-whiskey-calculator","src/content/calcs-en/barrel-aging-whiskey-calculator.json","US","barrel-aging-tiempo-whiskey","true","","4","3","3","0","3","false","false","pending","passed"
"https://hacecuentas.com/en/basal-body-temperature-ovulation","src/content/calcs-en/basal-body-temperature-ovulation.json","US","temperatura-basal","true","","1","1","1","1","1","true","true","approved","passed"
"https://hacecuentas.com/en/base-conversion-decimal-binary-hex","src/content/calcs-en/base-conversion-decimal-binary-hex.json","US","conversion-base-decimal-binario-hexa","true","","3","3","3","3","3","true","true","approved","passed"
"https://hacecuentas.com/en/baseboard-linear-meters","src/content/calcs-en/baseboard-linear-meters.json","US","zocalo-metros-lineal","true","","14","11","13","13","13","true","true","approved","passed"
"https://hacecuentas.com/en/battery-capacity-runtime-ah","src/content/calcs-en/battery-capacity-runtime-ah.json","US","bateria-capacidad-runtime-ah","true","","3","2","3","3","3","true","true","approved","passed"
"https://hacecuentas.com/en/battery-runtime-mah-calculator","src/content/calcs-en/battery-runtime-mah-calculator.json","US","autonomia-bateria-dispositivo-mah","true","","2","2","2","1","2","true","true","approved","passed"
"https://hacecuentas.com/en/bbq-meat-portions-per-person","src/content/calcs-en/bbq-meat-portions-per-person.json","US","porciones-carne-asado-parrilla-persona","true","","4","4","4","4","3","true","true","approved","passed"
"https://hacecuentas.com/en/best-languages-by-profession","src/content/calcs-en/best-languages-by-profession.json","US","idiomas-mas-utiles-profesion-internacional","true","","6","6","6","5","6","true","true","approved","passed"
"https://hacecuentas.com/en/big-o-complexity-calculator","src/content/calcs-en/big-o-complexity-calculator.json","US","complejidad-algoritmica-big-o-iteraciones","true","","3","3","3","3","3","true","true","approved","passed"
"https://hacecuentas.com/en/bilingue-simultaneo-ninos","src/content/calcs-en/bilingue-simultaneo-ninos.json","US","bilingue-simultaneo-ninos","true","","5","3","3","2","3","true","true","approved","passed"
"https://hacecuentas.com/en/binomial-probability-calculator","src/content/calcs-en/binomial-probability-calculator.json","US","probabilidad-binomial-ensayos-exitos","true","","4","4","4","4","4","true","true","approved","passed"
"https://hacecuentas.com/en/birthday-cake-servings-calculator","src/content/calcs-en/birthday-cake-servings-calculator.json","US","porciones-torta-cumpleanos-invitados-tamano","true","","3","3","3","3","3","true","true","approved","passed"
"https://hacecuentas.com/en/bitcoin-halving-2028-proyeccion","src/content/calcs-en/bitcoin-halving-2028-proyeccion.json","US","bitcoin-halving-2028-proyeccion","true","","14","11","13","11","13","true","true","approved","passed"
"https://hacecuentas.com/en/bitcoin-profit-loss-calculator","src/content/calcs-en/bitcoin-profit-loss-calculator.json","US","bitcoin-profit-loss-calculator","true","","4","4","4","4","4","true","true","approved","passed"
"https://hacecuentas.com/en/blood-oxygen-saturation-spo2-altitude","src/content/calcs-en/blood-oxygen-saturation-spo2-altitude.json","US","saturacion-oxigeno-spo2-altitud-normal","true","","6","2","4","3","4","true","true","approved","passed"
"https://hacecuentas.com/en/blood-oxygen-saturation-spo2","src/content/calcs-en/blood-oxygen-saturation-spo2.json","US","pulso-arterial-oximetria-saturacion-normal","true","","8","4","4","4","4","true","true","approved","passed"
"https://hacecuentas.com/en/blw-introduction-6-months","src/content/calcs-en/blw-introduction-6-months.json","US","introduccion-alimentos-blw-edad-etapa-6meses","true","","5","2","3","3","3","true","true","approved","passed"
"https://hacecuentas.com/en/bmi-seniors-65-plus-table","src/content/calcs-en/bmi-seniors-65-plus-table.json","US","imc-adultos-mayores-edad-tabla","true","","6","4","5","5","5","true","true","approved","passed"
"https://hacecuentas.com/en/bmr-basal-harris-benedict-metabolism","src/content/calcs-en/bmr-basal-harris-benedict-metabolism.json","US","tmb-basal-harris-benedict-metabolismo","true","","5","5","5","3","5","true","true","approved","passed"
"https://hacecuentas.com/en/bmr-mifflin-st-jeor-calculator","src/content/calcs-en/bmr-mifflin-st-jeor-calculator.json","US","bmr-mifflin-st-jeor-calculator","true","","4","3","3","3","3","true","true","approved","passed"
"https://hacecuentas.com/en/basal-metabolic-rate-calculator","src/content/calcs-en/bmr.json","US","bmr","true","","5","3","3","3","3","true","true","approved","passed"
"https://hacecuentas.com/en/body-composition-fat-vs-lean","src/content/calcs-en/body-composition-fat-vs-lean.json","US","masa-grasa-vs-masa-magra-composicion","true","","3","2","2","2","2","true","true","approved","passed"
"https://hacecuentas.com/en/bogleheads-3-fund-portfolio-calculator","src/content/calcs-en/bogleheads-3-fund-portfolio-calculator.json","US","portfolio-etf-diversificado-bogleheads","true","","4","1","4","2","4","true","true","approved","passed"
"https://hacecuentas.com/en/boiler-kw-m2-heating","src/content/calcs-en/boiler-kw-m2-heating.json","US","caldera-kw-m2-calefaccion","true","","3","3","3","3","3","true","true","approved","passed"
"https://hacecuentas.com/en/bond-modified-duration","src/content/calcs-en/bond-modified-duration.json","US","duracion-modificada-bono-riesgo-tasa","true","","4","2","3","3","3","true","true","approved","passed"
"https://hacecuentas.com/en/bond-present-value-zero-coupon","src/content/calcs-en/bond-present-value-zero-coupon.json","US","valor-presente-bono-cupon-zero-tir","true","","4","2","4","4","4","true","true","approved","passed"
"https://hacecuentas.com/en/boxing-calories-burned","src/content/calcs-en/boxing-calories-burned.json","US","boxeo-calorias-quemadas-rounds-peso","true","","6","6","6","3","6","true","true","approved","passed"
"https://hacecuentas.com/en/bread-rising-time-yeast-calculator","src/content/calcs-en/bread-rising-time-yeast-calculator.json","US","leudado-pan-levadura-tiempo-temperatura","true","","4","3","3","3","3","true","true","approved","passed"
"https://hacecuentas.com/en/breastfeeding-calories","src/content/calcs-en/breastfeeding-calories.json","US","calorias-lactancia","true","","4","1","1","1","1","true","true","approved","passed"
"https://hacecuentas.com/en/bricks-per-square-meter-wall","src/content/calcs-en/bricks-per-square-meter-wall.json","US","cantidad-ladrillos-metro-cuadrado-pared","true","","4","2","2","1","2","true","true","approved","passed"
"https://hacecuentas.com/en/bridge-fee-cripto-crosschain-costo","src/content/calcs-en/bridge-fee-cripto-crosschain-costo.json","US","bridge-fee-cripto-crosschain-costo","true","","7","4","6","4","6","true","true","approved","passed"
"https://hacecuentas.com/en/btc-nasdaq-sp500-correlation","src/content/calcs-en/btc-nasdaq-sp500-correlation.json","US","correlacion-btc-nasdaq-sp500-matriz","true","","3","2","2","1","2","true","true","approved","passed"
"https://hacecuentas.com/en/buoyancy-force-volume","src/content/calcs-en/buoyancy-force-volume.json","US","empuje-arquimedes-volumen","true","","4","4","4","4","4","true","true","approved","passed"
"https://hacecuentas.com/en/cable-awg-amperage-section","src/content/calcs-en/cable-awg-amperage-section.json","US","cable-awg-amperaje-seccion","true","","3","2","2","2","2","true","true","approved","passed"
"https://hacecuentas.com/en/calcium-daily-intake-by-age-lactation-menopause","src/content/calcs-en/calcium-daily-intake-by-age-lactation-menopause.json","US","calcio-diario-edad-lactancia-menopausia","true","","3","2","3","3","3","true","true","approved","passed"
"https://hacecuentas.com/en/caldera-potencia-kw-ambiente-metros","src/content/calcs-en/caldera-potencia-kw-ambiente-metros.json","US","caldera-potencia-kw-ambiente-metros","true","","4","4","4","4","4","true","true","approved","passed"
"https://hacecuentas.com/en/pittsburgh-sleep-quality-index","src/content/calcs-en/calidad-sueno.json","US","calidad-sueno-pittsburgh","true","","3","3","3","2","3","true","true","approved","passed"
"https://hacecuentas.com/en/walking-calories-calculator","src/content/calcs-en/calorias-caminando.json","US","calorias-caminando","true","","2","1","2","2","2","true","true","approved","passed"
"https://hacecuentas.com/en/cycling-calories-calculator","src/content/calcs-en/calorias-ciclismo.json","US","calorias-ciclismo","true","","4","3","3","2","3","true","true","approved","passed"
"https://hacecuentas.com/en/calories-burned-calculator","src/content/calcs-en/calorias-deporte.json","US","calorias-deporte","true","","5","4","4","3","4","true","true","approved","passed"
"https://hacecuentas.com/en/swimming-calories-calculator","src/content/calcs-en/calorias-natacion.json","US","calorias-natacion","true","","3","3","3","3","3","true","true","approved","passed"
"https://hacecuentas.com/en/tdee-calorie-calculator","src/content/calcs-en/calorias-tdee.json","US","calorias-tdee","true","","3","2","2","2","2","true","true","approved","passed"
"https://hacecuentas.com/en/caloric-surplus-muscle-gain","src/content/calcs-en/caloric-surplus-muscle-gain.json","US","superavit-calorico-volumen","true","","5","4","4","4","4","true","true","approved","passed"
"https://hacecuentas.com/en/calories-burned-household-chores","src/content/calcs-en/calories-burned-household-chores.json","US","calorias-tareas-hogar","true","","5","5","5","5","5","true","true","approved","passed"
"https://hacecuentas.com/en/cantidad-hamburguesas-parrilla-cumpleanos","src/content/calcs-en/cantidad-hamburguesas-parrilla-cumpleanos.json","US","cantidad-hamburguesas-parrilla-cumpleanos","true","","3","2","2","1","2","true","true","approved","passed"
"https://hacecuentas.com/en/car-battery-cca-calculator","src/content/calcs-en/car-battery-cca-calculator.json","US","cca-bateria-auto-temperatura-motor","true","","3","3","3","3","3","true","true","approved","passed"
"https://hacecuentas.com/en/car-depreciation-annual-residual-value","src/content/calcs-en/car-depreciation-annual-residual-value.json","US","depreciacion-auto-anual-valor-residual","true","","2","2","2","1","2","true","true","approved","passed"
"https://hacecuentas.com/en/car-deregistration-scrapping","src/content/calcs-en/car-deregistration-scrapping.json","US","baja-auto-desarme-chatarra-fin-vida","true","","5","3","3","3","3","true","true","approved","passed"
"https://hacecuentas.com/en/car-loan-monthly-payment-calculator","src/content/calcs-en/car-loan-monthly-payment-calculator.json","US","car-loan-monthly-payment-calculator","true","","4","3","3","3","3","true","true","approved","passed"
"https://hacecuentas.com/en/carbohydrates-during-exercise","src/content/calcs-en/carbohydrates-during-exercise.json","US","carbohidratos-durante-ejercicio","true","","3","1","1","1","1","true","true","approved","passed"
"https://hacecuentas.com/en/carbon-offset-trees-flight","src/content/calcs-en/carbon-offset-trees-flight.json","US","compensacion-co2-arboles-vuelo","true","","4","3","4","4","4","true","true","approved","passed"
"https://hacecuentas.com/en/caregiver-child-ratio-by-age","src/content/calcs-en/caregiver-child-ratio-by-age.json","US","numero-cuidadores-fiesta-infantil-edad","true","","4","0","1","1","1","false","false","pending","passed"
"https://hacecuentas.com/en/cat-age-to-human-years","src/content/calcs-en/cat-age-to-human-years.json","US","edad-gato-humano-formula-anos","true","","4","4","4","3","4","true","true","approved","passed"
"https://hacecuentas.com/en/cedears-ratio-conversion-apple-microsoft","src/content/calcs-en/cedears-ratio-conversion-apple-microsoft.json","US","cedears-ratio-conversion-apple-microsoft","true","","3","1","1","1","1","true","true","approved","passed"
"https://hacecuentas.com/en/cedular-investment-income-tax","src/content/calcs-en/cedular-investment-income-tax.json","US","renta-financiera-cedular-personas","true","","4","2","2","1","2","true","true","approved","passed"
"https://hacecuentas.com/en/celiac-gluten-free-tacc-foods","src/content/calcs-en/celiac-gluten-free-tacc-foods.json","US","celiaco-gluten-alimentos-ppm-sin-tacc","true","","5","3","4","4","4","true","true","approved","passed"
"https://hacecuentas.com/en/ceramic-tile-adhesive-bags","src/content/calcs-en/ceramic-tile-adhesive-bags.json","US","pegamento-ceramicas-bolsas-m2-area","true","","3","1","2","2","2","true","true","approved","passed"
"https://hacecuentas.com/en/ceramic-tile-calculator","src/content/calcs-en/ceramic-tile-calculator.json","US","pisos-ceramicos","true","","4","1","3","1","3","true","true","approved","passed"
"https://hacecuentas.com/en/ceramic-tiles-m2-boxes","src/content/calcs-en/ceramic-tiles-m2-boxes.json","US","ceramicos-m2-cajas","true","","3","2","3","3","3","true","true","approved","passed"
"https://hacecuentas.com/en/child-allowance-by-age","src/content/calcs-en/child-allowance-by-age.json","US","mesada-semanal-hijo-edad-sugerida-monto","true","","4","2","2","2","2","true","true","approved","passed"
"https://hacecuentas.com/en/child-bmi-percentile","src/content/calcs-en/child-bmi-percentile.json","US","imc-infantil-percentil","true","","5","3","4","4","4","true","true","approved","passed"
"https://hacecuentas.com/en/child-height-prediction","src/content/calcs-en/child-height-prediction.json","US","estatura-adulta-hijo","true","","3","3","3","3","3","true","true","approved","passed"
"https://hacecuentas.com/en/child-support-percentage-salary","src/content/calcs-en/child-support-percentage-salary.json","US","cuota-alimentos-porcentaje-sueldo-hijo","true","","4","2","3","3","3","true","true","approved","passed"
"https://hacecuentas.com/en/choking-heimlich-age-maneuver","src/content/calcs-en/choking-heimlich-age-maneuver.json","US","choking-heimlich-edad-maniobra","true","","4","3","3","3","3","true","true","approved","passed"
"https://hacecuentas.com/en/cidr-subnetting-calculator","src/content/calcs-en/cidr-subnetting-calculator.json","US","subnetting-mascara-red-cidr","true","","3","3","3","3","3","true","true","approved","passed"
"https://hacecuentas.com/en/claude-gemini-tokens-pricing-comparison","src/content/calcs-en/claude-gemini-tokens-pricing-comparison.json","US","claude-gemini-tokens-comparativa-precio-uso","true","","3","2","3","3","3","true","true","approved","passed"
"https://hacecuentas.com/en/cloud-aws-gcp-azure-ec2-monthly-on-demand","src/content/calcs-en/cloud-aws-gcp-azure-ec2-monthly-on-demand.json","US","cloud-aws-gcp-azure-ec2-mes-ondemand","true","","1","1","1","1","1","true","true","approved","passed"
"https://hacecuentas.com/en/co2-savings-idle-chargers","src/content/calcs-en/co2-savings-idle-chargers.json","US","ahorro-co2-cargador-desenchufar","true","","5","4","4","3","4","true","true","approved","passed"
"https://hacecuentas.com/en/code-lines-project-complexity-kloc","src/content/calcs-en/code-lines-project-complexity-kloc.json","US","lineas-codigo-proyecto-complejidad-kloc","true","","4","4","4","4","4","true","true","approved","passed"
"https://hacecuentas.com/en/coffee-hydration-myths","src/content/calcs-en/coffee-hydration-myths.json","US","agua-cafe-te-hidratacion-real-mitos","true","","4","2","3","3","3","true","true","approved","passed"
"https://hacecuentas.com/en/coffee-water-ratio-brewing-calculator","src/content/calcs-en/coffee-water-ratio-brewing-calculator.json","US","coffee-water-ratio-brewing-calculator","true","","4","1","1","1","1","true","true","approved","passed"
"https://hacecuentas.com/en/cold-wallet-vs-hot-wallet-riesgo","src/content/calcs-en/cold-wallet-vs-hot-wallet-riesgo.json","US","cold-wallet-vs-hot-wallet-riesgo","true","","15","11","14","12","14","true","true","approved","passed"
"https://hacecuentas.com/en/combinations-n-choose-k","src/content/calcs-en/combinations-n-choose-k.json","US","combinaciones-n-tomados-k-cnk","true","","4","4","4","3","4","true","true","approved","passed"
"https://hacecuentas.com/en/comida-gato-gramos-peso-ideal-racion","src/content/calcs-en/comida-gato-gramos-peso-ideal-racion.json","US","comida-gato-gramos-peso-ideal-racion","true","","5","5","5","5","5","true","true","approved","passed"
"https://hacecuentas.com/en/complete-vegan-protein-combinations","src/content/calcs-en/complete-vegan-protein-combinations.json","US","vegana-proteina-completa-combinacion-aminoacidos","true","","6","5","6","5","6","true","true","approved","passed"
"https://hacecuentas.com/en/compost-maturation-time","src/content/calcs-en/compost-maturation-time.json","US","compost-tiempo-maduracion","true","","3","1","1","1","1","true","true","approved","passed"
"https://hacecuentas.com/en/compound-interest-calculator","src/content/calcs-en/compound-interest-calculator.json","US","compound-interest-calculator","true","","5","3","4","4","4","true","true","approved","passed"
"https://hacecuentas.com/en/conception-date-from-due-date-calculator","src/content/calcs-en/conception-date-from-due-date-calculator.json","US","conception-date-from-due-date-calculator","true","","4","2","3","3","3","true","true","approved","passed"
"https://hacecuentas.com/en/concrete-beam-sizing-dimensions","src/content/calcs-en/concrete-beam-sizing-dimensions.json","US","viga-hormigon-h-b-dimensiones","true","","3","2","2","2","2","true","true","approved","passed"
"https://hacecuentas.com/en/concrete-mix-ratio-calculator","src/content/calcs-en/concrete-mix-ratio-calculator.json","US","cemento-arena-hormigon-receta-metro-cubico","true","","4","3","3","3","3","true","true","approved","passed"
"https://hacecuentas.com/en/condo-fees-apartment-m2-category","src/content/calcs-en/condo-fees-apartment-m2-category.json","US","expensas-departamento-calcular-m2-categoria","true","","3","2","3","3","1","true","true","approved","passed"
"https://hacecuentas.com/en/cone-volume-radius-height","src/content/calcs-en/cone-volume-radius-height.json","US","volumen-cono-radio-altura","true","","3","3","3","2","3","true","true","approved","passed"
"https://hacecuentas.com/en/continuous-footing-m3-concrete","src/content/calcs-en/continuous-footing-m3-concrete.json","US","zapata-corrida-m3-hormigon","true","","3","3","3","3","3","true","true","approved","passed"
"https://hacecuentas.com/en/conversion-btu-kcal-air-conditioning","src/content/calcs-en/conversion-btu-kcal-air-conditioning.json","US","conversion-btu-kcal-aire-acondicionado","true","","3","2","2","2","2","true","true","approved","passed"
"https://hacecuentas.com/en/conversion-bytes-kb-mb-gb-tb","src/content/calcs-en/conversion-bytes-kb-mb-gb-tb.json","US","conversion-bytes-kb-mb-gb-tb","true","","2","2","2","2","2","true","true","approved","passed"
"https://hacecuentas.com/en/conversion-celsius-fahrenheit-kelvin","src/content/calcs-en/conversion-celsius-fahrenheit-kelvin.json","US","conversion-celsius-fahrenheit-kelvin","true","","4","2","2","2","2","true","true","approved","passed"
"https://hacecuentas.com/en/conversion-degrees-radians-gradians","src/content/calcs-en/conversion-degrees-radians-gradians.json","US","conversion-grados-radianes-gradianes","true","","4","4","4","4","4","true","true","approved","passed"
"https://hacecuentas.com/en/conversion-gallons-to-liters-us-uk","src/content/calcs-en/conversion-gallons-to-liters-us-uk.json","US","conversion-galon-litro-us-uk","true","","3","1","1","1","1","true","true","approved","passed"
"https://hacecuentas.com/en/conversion-meters-to-feet","src/content/calcs-en/conversion-meters-to-feet.json","US","conversion-metro-pie-feet-exacto","true","","4","2","2","2","2","true","true","approved","passed"
"https://hacecuentas.com/en/conversion-miles-kilometers","src/content/calcs-en/conversion-miles-kilometers.json","US","conversion-milla-kilometro-ida-vuelta","true","","2","2","2","2","2","true","true","approved","passed"
"https://hacecuentas.com/en/conversion-ounce-gram-cooking","src/content/calcs-en/conversion-ounce-gram-cooking.json","US","conversion-onza-gramo-cocina","true","","3","3","3","2","3","true","true","approved","passed"
"https://hacecuentas.com/en/conversion-ppm-mg-l-quimica-agua","src/content/calcs-en/conversion-ppm-mg-l-quimica-agua.json","US","conversion-ppm-mg-l-quimica-agua","true","","3","3","3","3","3","true","true","approved","passed"
"https://hacecuentas.com/en/conversion-torque-nm-lb-ft-kgm","src/content/calcs-en/conversion-torque-nm-lb-ft-kgm.json","US","conversion-torque-nm-lb-ft-kgm","true","","3","2","2","2","2","true","true","approved","passed"
"https://hacecuentas.com/en/cornell-notes-chapter-study-time","src/content/calcs-en/cornell-notes-chapter-study-time.json","US","resumen-capitulo-libro-metodo-cornell","true","","3","1","2","2","2","true","true","approved","passed"
"https://hacecuentas.com/en/aws-ec2-monthly-cost-calculator","src/content/calcs-en/costo-servidor-cloud-aws-ec2-mensual.json","US","costo-servidor-cloud-aws-ec2-mensual","true","","1","1","1","1","1","true","true","approved","passed"
"https://hacecuentas.com/en/cpr-bls-chest-compressions-rate","src/content/calcs-en/cpr-bls-chest-compressions-rate.json","US","rcp-compresiones-bls-cpr-ritmo","true","","3","2","2","1","2","true","true","approved","passed"
"https://hacecuentas.com/en/credit-card-minimum-payment","src/content/calcs-en/credit-card-minimum-payment.json","US","tarjeta-credito-minimo","true","","3","3","3","3","3","true","true","approved","passed"
"https://hacecuentas.com/en/credit-card-payoff-time-calculator","src/content/calcs-en/credit-card-payoff-time-calculator.json","US","credit-card-payoff-time-calculator","true","","4","4","4","4","4","true","true","approved","passed"
"https://hacecuentas.com/en/criminal-background-certificate-cost","src/content/calcs-en/criminal-background-certificate-cost.json","US","certificado-antecedentes-penales-costo","true","","5","2","5","5","5","true","true","approved","passed"
"https://hacecuentas.com/en/critical-power-cp","src/content/calcs-en/critical-power-cp.json","US","critical-power-cp","true","","4","0","3","3","3","false","false","pending","passed"
"https://hacecuentas.com/en/crossfit-fran-benchmark-time","src/content/calcs-en/crossfit-fran-benchmark-time.json","US","crossfit-fran-benchmark-tiempo-rx","true","","5","4","5","3","5","true","true","approved","passed"
"https://hacecuentas.com/en/crypto-balance-to-local-currency","src/content/calcs-en/crypto-balance-to-local-currency.json","US","saldo-cripto-valor-moneda-local-multi","true","","3","3","3","1","3","true","true","approved","passed"
"https://hacecuentas.com/en/cups-to-grams-converter","src/content/calcs-en/cups-to-grams-converter.json","US","cups-to-grams-converter","true","","4","2","2","1","2","true","true","approved","passed"
"https://hacecuentas.com/en/currency-converter","src/content/calcs-en/currency-converter.json","US","currency-converter","true","","3","3","3","3","3","true","true","approved","passed"
"https://hacecuentas.com/en/curtain-fabric-window-calculator","src/content/calcs-en/curtain-fabric-window-calculator.json","US","cortinas-medir-tela-ventana-anchotelaje","true","","4","4","4","4","4","true","true","approved","passed"
"https://hacecuentas.com/en/cylinder-volume-radius-height","src/content/calcs-en/cylinder-volume-radius-height.json","US","volumen-cilindro-radio-altura","true","","3","3","3","3","3","true","true","approved","passed"
"https://hacecuentas.com/en/daily-caffeine-safe-maximum-cups","src/content/calcs-en/daily-caffeine-safe-maximum-cups.json","US","cafeina-diaria-tazas-cafe-tope-seguro","true","","5","3","4","4","4","true","true","approved","passed"
"https://hacecuentas.com/en/daily-calcium-intake","src/content/calcs-en/daily-calcium-intake.json","US","calcio-dieta-diaria-osteoporosis-mujer","true","","3","2","3","2","3","true","true","approved","passed"
"https://hacecuentas.com/en/daily-dietary-fiber-intake-calculator","src/content/calcs-en/daily-dietary-fiber-intake-calculator.json","US","fibra-dietetica-recomendada-diaria-edad","true","","6","4","4","4","4","true","true","approved","passed"
"https://hacecuentas.com/en/daily-iron-requirements-by-sex-age","src/content/calcs-en/daily-iron-requirements-by-sex-age.json","US","hierro-diario-hombre-mujer-embarazo","true","","5","4","5","5","5","true","true","approved","passed"
"https://hacecuentas.com/en/daily-protein-intake-by-goal-calculator","src/content/calcs-en/daily-protein-intake-by-goal-calculator.json","US","daily-protein-intake-by-goal-calculator","true","","8","7","8","7","8","true","true","approved","passed"
"https://hacecuentas.com/en/daily-sodium-intake-mg-hypertension","src/content/calcs-en/daily-sodium-intake-mg-hypertension.json","US","ingesta-sodio-diaria-mg-sal-hipertension","true","","5","4","5","5","5","true","true","approved","passed"
"https://hacecuentas.com/en/daily-steps-calculator","src/content/calcs-en/daily-steps-calculator.json","US","pasos-diarios-recomendados-caminar-salud","true","","5","4","5","5","5","true","true","approved","passed"
"https://hacecuentas.com/en/daily-water-intake-by-weight-calculator","src/content/calcs-en/daily-water-intake-by-weight-calculator.json","US","daily-water-intake-by-weight-calculator","true","","6","3","6","6","6","true","true","approved","passed"
"https://hacecuentas.com/en/daltons-law-partial-pressure","src/content/calcs-en/daltons-law-partial-pressure.json","US","presion-parcial-dalton","true","","5","4","4","4","4","true","true","approved","passed"
"https://hacecuentas.com/en/dash-diet-daily-sodium","src/content/calcs-en/dash-diet-daily-sodium.json","US","dash-hipertension-sodio-diario-tabla","true","","3","2","3","3","3","true","true","approved","passed"
"https://hacecuentas.com/en/db-pool-max-connections","src/content/calcs-en/db-pool-max-connections.json","US","conexiones-db-pool-max-concurrentes","true","","1","1","1","1","1","true","true","approved","passed"
"https://hacecuentas.com/en/dc-power-supply-watts-amperage","src/content/calcs-en/dc-power-supply-watts-amperage.json","US","fuente-dc-watts-amperaje","true","","4","4","4","4","4","true","true","approved","passed"
"https://hacecuentas.com/en/dca-bitcoin-historical-returns","src/content/calcs-en/dca-bitcoin-historical-returns.json","US","dca-bitcoin-historico-rentabilidad","true","","10","6","9","7","9","true","true","approved","passed"
"https://hacecuentas.com/en/debt-avalanche-payoff-calculator","src/content/calcs-en/debt-avalanche-payoff-calculator.json","US","debt-avalanche-payoff-calculator","true","","4","3","3","2","3","true","true","approved","passed"
"https://hacecuentas.com/en/debt-snowball-payoff-calculator","src/content/calcs-en/debt-snowball-payoff-calculator.json","US","debt-snowball-payoff-calculator","true","","4","4","4","4","4","true","true","approved","passed"
"https://hacecuentas.com/en/deck-boards-patio","src/content/calcs-en/deck-boards-patio.json","US","madera-terraza-metros-cuadrados-tablas","true","","3","2","3","3","3","true","true","approved","passed"
"https://hacecuentas.com/en/date-difference-calculator","src/content/calcs-en/dias-entre-fechas.json","US","dias-entre-fechas","true","","4","3","3","3","3","true","true","approved","passed"
"https://hacecuentas.com/en/dieta-mediterranea-adherencia-score-test","src/content/calcs-en/dieta-mediterranea-adherencia-score-test.json","US","dieta-mediterranea-adherencia-score-test","true","","4","3","4","4","4","true","true","approved","passed"
"https://hacecuentas.com/en/dilution-concentration-c1v1-c2v2","src/content/calcs-en/dilution-concentration-c1v1-c2v2.json","US","dilucion-concentracion-c1v1-c2v2","true","","4","2","2","1","2","true","true","approved","passed"
"https://hacecuentas.com/en/discount-calculator","src/content/calcs-en/discount-calculator.json","US","discount-calculator","true","","3","2","2","2","2","true","true","approved","passed"
"https://hacecuentas.com/en/distance-two-points-cartesian-plane","src/content/calcs-en/distance-two-points-cartesian-plane.json","US","distancia-dos-puntos-plano-cartesiano","true","","3","3","3","3","3","true","true","approved","passed"
"https://hacecuentas.com/en/divorce-settlement-cost-calculator","src/content/calcs-en/divorce-settlement-cost-calculator.json","US","divorcio-liquidacion-bienes-gananciales-costo","true","","4","3","3","3","3","true","true","approved","passed"
"https://hacecuentas.com/en/docker-image-size-calculator","src/content/calcs-en/docker-image-size-calculator.json","US","imagen-docker-capas-peso-mb","true","","3","3","3","3","3","true","true","approved","passed"
"https://hacecuentas.com/en/dog-age-by-breed","src/content/calcs-en/dog-age-by-breed.json","US","edad-humana-por-raza-perro","true","","4","1","2","1","2","true","true","approved","passed"
"https://hacecuentas.com/en/dog-apartment-compatibility","src/content/calcs-en/dog-apartment-compatibility.json","US","perro-departamento-apto","true","","4","2","2","2","2","true","true","approved","passed"
"https://hacecuentas.com/en/dog-calories-by-breed-age","src/content/calcs-en/dog-calories-by-breed-age.json","US","calorias-perro-por-raza-edad","true","","8","5","5","4","5","true","true","approved","passed"
"https://hacecuentas.com/en/dog-food-calculator-by-weight","src/content/calcs-en/dog-food-calculator-by-weight.json","US","comida-perro-gramos-adulto-senior-pesos","true","","4","3","3","3","3","true","true","approved","passed"
"https://hacecuentas.com/en/dog-shedding-by-season-calculator","src/content/calcs-en/dog-shedding-by-season-calculator.json","US","pelaje-caida-perro-temporada-cepillar","true","","5","5","5","4","5","true","true","approved","passed"
"https://hacecuentas.com/en/dog-vaccination-schedule-puppy-adult","src/content/calcs-en/dog-vaccination-schedule-puppy-adult.json","US","vacunas-perro-cachorro-adulto-calendario","true","","4","3","3","3","3","true","true","approved","passed"
"https://hacecuentas.com/en/dog-walking-minutes-by-breed","src/content/calcs-en/dog-walking-minutes-by-breed.json","US","paseos-perro-minutos-raza-energia","true","","4","3","3","2","3","true","true","approved","passed"
"https://hacecuentas.com/en/door-hinge-screw-calculator","src/content/calcs-en/door-hinge-screw-calculator.json","US","bisagras-tornillos-puerta-ventana-cantidad","true","","4","3","3","3","3","true","true","approved","passed"
"https://hacecuentas.com/en/doppler-effect-frequency-calculator","src/content/calcs-en/doppler-effect-frequency-calculator.json","US","efecto-doppler-velocidad-frecuencia","true","","3","3","3","3","3","true","true","approved","passed"
"https://hacecuentas.com/en/dpi-ppp-print-resolution","src/content/calcs-en/dpi-ppp-print-resolution.json","US","dpi-ppp-impresion-resolucion","true","","2","1","1","1","1","true","true","approved","passed"
"https://hacecuentas.com/en/drain-grate-size-calculator","src/content/calcs-en/drain-grate-size-calculator.json","US","rejilla-trampa-desague","true","","3","1","1","1","1","true","true","approved","passed"
"https://hacecuentas.com/en/drive-time-calculator-stops","src/content/calcs-en/drive-time-calculator-stops.json","US","tiempo-viaje-auto-distancia-velocidad-paradas","true","","3","1","2","2","2","true","true","approved","passed"
"https://hacecuentas.com/en/driver-license-cost-by-category","src/content/calcs-en/driver-license-cost-by-category.json","US","licencia-conducir-costo-categoria-b1-a","true","","4","2","3","3","3","true","true","approved","passed"
"https://hacecuentas.com/en/dry-pasta-portions-per-person","src/content/calcs-en/dry-pasta-portions-per-person.json","US","porciones-pasta-seca-persona-hambre","true","","3","1","2","2","1","true","true","approved","passed"
"https://hacecuentas.com/en/due-date-from-conception-date","src/content/calcs-en/due-date-from-conception-date.json","US","due-date-by-conception-date-pregnancy-weeks","true","","4","1","1","1","1","true","true","approved","passed"
"https://hacecuentas.com/en/duolingo-time-cefr-level-progress","src/content/calcs-en/duolingo-time-cefr-level-progress.json","US","duolingo-tiempo-dia-nivel-mcer-progreso","true","","3","3","3","2","3","true","true","approved","passed"
"https://hacecuentas.com/en/ebbinghaus-forgetting-curve-spaced-repetition","src/content/calcs-en/ebbinghaus-forgetting-curve-spaced-repetition.json","US","curva-olvido-ebbinghaus-repasos-programados","true","","4","3","3","3","3","true","true","approved","passed"
"https://hacecuentas.com/en/exact-age-calculator","src/content/calcs-en/edad-exacta.json","US","edad-exacta","true","","4","2","3","3","3","true","true","approved","passed"
"https://hacecuentas.com/en/eficiencia-carnot-termodinamica","src/content/calcs-en/eficiencia-carnot-termodinamica.json","US","eficiencia-carnot-termodinamica","true","","3","2","2","1","2","true","true","approved","passed"
"https://hacecuentas.com/en/egg-size-gram-equivalents","src/content/calcs-en/egg-size-gram-equivalents.json","US","equivalencia-huevos-tamano-gramos-claras","true","","4","2","3","3","3","true","true","approved","passed"
"https://hacecuentas.com/en/electric-car-savings-vs-gas-annual","src/content/calcs-en/electric-car-savings-vs-gas-annual.json","US","ahorro-auto-electrico-vs-nafta-anual","true","","8","5","6","5","6","true","true","approved","passed"
"https://hacecuentas.com/en/electrical-cable-gauge-amperage-distance","src/content/calcs-en/electrical-cable-gauge-amperage-distance.json","US","cable-electrico-seccion-amperaje-distancia","true","","4","4","4","4","4","true","true","approved","passed"
"https://hacecuentas.com/en/electricidad-cable-amperaje-seccion","src/content/calcs-en/electricidad-cable-amperaje-seccion.json","US","electricidad-cable-amperaje","true","","4","4","4","0","4","false","false","pending","passed"
"https://hacecuentas.com/en/electrolyte-replacement-exercise","src/content/calcs-en/electrolyte-replacement-exercise.json","US","electrolitos-atleta-sudor-reposicion","true","","7","3","5","4","5","true","true","approved","passed"
"https://hacecuentas.com/en/elo-rating-change-calculator","src/content/calcs-en/elo-rating-change-calculator.json","US","rankeo-elo-puntos","true","","1","1","1","0","1","false","false","pending","passed"
"https://hacecuentas.com/en/email-emissions-calculator","src/content/calcs-en/email-emissions-calculator.json","US","emisiones-enviar-email-adjuntos","true","","5","4","4","4","4","true","true","approved","passed"
"https://hacecuentas.com/en/embryo-implantation","src/content/calcs-en/embryo-implantation.json","US","implantacion-embrion","true","","3","2","3","3","3","true","true","approved","passed"
"https://hacecuentas.com/en/emergency-fund-calculator-months-expenses","src/content/calcs-en/emergency-fund-calculator-months-expenses.json","US","fondo-emergencia-meses-gastos-cuanto","true","","3","2","2","2","2","true","true","approved","passed"
"https://hacecuentas.com/en/emergency-fund-target-calculator","src/content/calcs-en/emergency-fund-target-calculator.json","US","emergency-fund-target-calculator","true","","4","3","3","3","3","true","true","approved","passed"
"https://hacecuentas.com/en/empanadas-per-guest","src/content/calcs-en/empanadas-per-guest.json","US","cantidad-empanadas-por-invitado-evento","true","","4","3","4","4","4","true","true","approved","passed"
"https://hacecuentas.com/en/employee-vs-freelance-income","src/content/calcs-en/employee-vs-freelance-income.json","US","horas-facturables-empleado-vs-freelance-comparativa","true","","10","10","10","7","10","true","true","approved","passed"
"https://hacecuentas.com/en/endurance-race-gel-calculator","src/content/calcs-en/endurance-race-gel-calculator.json","US","gel-energetico-carrera-cuantos","true","","3","2","2","2","2","true","true","approved","passed"
"https://hacecuentas.com/en/energy-efficient-appliance-savings","src/content/calcs-en/energy-efficient-appliance-savings.json","US","energia-electrodomestico-etiqueta-eficiencia","true","","5","5","5","3","5","true","true","approved","passed"
"https://hacecuentas.com/en/english-levels-cambridge-duolingo-time-conversion","src/content/calcs-en/english-levels-cambridge-duolingo-time-conversion.json","US","ingles-niveles-cambridge-duolingo-tiempo-conversion","true","","3","2","2","2","2","true","true","approved","passed"
"https://hacecuentas.com/en/english-mcer-level-hours-fsi","src/content/calcs-en/english-mcer-level-hours-fsi.json","US","ingles-nivel-mcer-horas-estudio-fsi","true","","4","1","2","2","2","true","true","approved","passed"
"https://hacecuentas.com/en/entropia-cambio-fase","src/content/calcs-en/entropia-cambio-fase.json","US","entropia-cambio-fase","true","","5","5","5","5","5","true","true","approved","passed"
"https://hacecuentas.com/en/estate-settlement-costs-attorney-fees","src/content/calcs-en/estate-settlement-costs-attorney-fees.json","US","sucesion-costo-honorarios-abogado-inmueble","true","","3","3","3","3","3","true","true","approved","passed"
"https://hacecuentas.com/en/estrogen-progesterone-cycle-phases","src/content/calcs-en/estrogen-progesterone-cycle-phases.json","US","estrogeno-progesterona-fase-menstrual","true","","4","3","3","3","3","true","true","approved","passed"
"https://hacecuentas.com/en/ethereum-gas-fee-estimator","src/content/calcs-en/ethereum-gas-fee-estimator.json","US","ethereum-gas-fee-estimator","true","","6","6","6","4","6","true","true","approved","passed"
"https://hacecuentas.com/en/ethernet-cable-category-speed-distance","src/content/calcs-en/ethernet-cable-category-speed-distance.json","US","categoria-cable-ethernet-velocidad-distancia","true","","5","4","4","4","4","true","true","approved","passed"
"https://hacecuentas.com/en/event-catering-cost-per-head-calculator","src/content/calcs-en/event-catering-cost-per-head-calculator.json","US","event-catering-cost-per-head-calculator","true","","4","4","4","4","4","true","true","approved","passed"
"https://hacecuentas.com/en/eviction-timeline-attorney-fees","src/content/calcs-en/eviction-timeline-attorney-fees.json","US","desalojo-causa-plazos-honorarios-juicio","true","","5","4","5","4","5","true","true","approved","passed"
"https://hacecuentas.com/en/exam-study-time-pages-difficulty","src/content/calcs-en/exam-study-time-pages-difficulty.json","US","tiempo-estudio-examen-dificultad-paginas","true","","5","4","4","4","4","true","true","approved","passed"
"https://hacecuentas.com/en/extra-ac-fuel-consumption","src/content/calcs-en/extra-ac-fuel-consumption.json","US","consumo-aire-acondicionado-auto-extra","true","","3","3","3","1","3","true","true","approved","passed"
"https://hacecuentas.com/en/factorial-numero-n","src/content/calcs-en/factorial-numero-n.json","US","factorial-numero-n","true","","2","2","2","2","2","true","true","approved","passed"
"https://hacecuentas.com/en/factorial-combinations-permutations","src/content/calcs-en/factorial.json","US","factorial","true","","5","4","4","4","4","true","true","approved","passed"
"https://hacecuentas.com/en/federal-income-tax-brackets-2026-calculator","src/content/calcs-en/federal-income-tax-brackets-2026-calculator.json","US","federal-income-tax-brackets-2026-calculator","true","","5","4","5","5","5","true","true","approved","passed"
"https://hacecuentas.com/en/female-dog-cat-spaying-age","src/content/calcs-en/female-dog-cat-spaying-age.json","US","castracion-perra-gata-edad-ideal","true","","5","3","3","3","3","true","true","approved","passed"
"https://hacecuentas.com/en/fetal-weight-percentile-by-week","src/content/calcs-en/fetal-weight-percentile-by-week.json","US","fetal-weight-by-week-percentile-hadlock","true","","5","4","5","5","5","true","true","approved","passed"
"https://hacecuentas.com/en/fideicomiso-construccion-aporte-cuotas","src/content/calcs-en/fideicomiso-construccion-aporte-cuotas.json","US","fideicomiso-construccion-aporte-cuotas","true","","3","2","2","1","2","true","true","approved","passed"
"https://hacecuentas.com/en/file-compression-ratio","src/content/calcs-en/file-compression-ratio.json","US","tasa-compresion-archivo-zip","true","","4","4","4","4","4","true","true","approved","passed"
"https://hacecuentas.com/en/file-download-time","src/content/calcs-en/file-download-time.json","US","tiempo-descarga-archivo-ancho-banda","true","","3","2","2","2","2","true","true","approved","passed"
"https://hacecuentas.com/en/financial-independence-fire-movement","src/content/calcs-en/financial-independence-fire-movement.json","US","independencia-financiera-fire-movimiento","true","","4","4","4","3","4","true","true","approved","passed"
"https://hacecuentas.com/en/fire-retirement-number-calculator","src/content/calcs-en/fire-retirement-number-calculator.json","US","fire-retirement-number-calculator","true","","5","3","4","4","4","true","true","approved","passed"
"https://hacecuentas.com/en/first-home-purchase-costs","src/content/calcs-en/first-home-purchase-costs.json","US","gastos-escriturar-vivienda-primera-casa","true","","5","4","5","4","5","true","true","approved","passed"
"https://hacecuentas.com/en/fish-tank-water-calculator","src/content/calcs-en/fish-tank-water-calculator.json","US","pecera-litros-peces-cantidad-m2","true","","5","4","5","5","5","true","true","approved","passed"
"https://hacecuentas.com/en/fixed-deposit-net-annual-returns","src/content/calcs-en/fixed-deposit-net-annual-returns.json","US","plazo-fijo-ganancia-neta-anual","true","","3","3","3","1","3","true","true","approved","passed"
"https://hacecuentas.com/en/flashcards-daily-goal-retention","src/content/calcs-en/flashcards-daily-goal-retention.json","US","flashcards-cantidad-diarios-meta-retencion","true","","4","4","4","4","4","true","true","approved","passed"
"https://hacecuentas.com/en/flexitarian-diet-weekly-macros","src/content/calcs-en/flexitarian-diet-weekly-macros.json","US","macros-flexitariana-semana","true","","4","2","3","3","2","true","true","approved","passed"
"https://hacecuentas.com/en/fodmap-foods-intolerance-chart","src/content/calcs-en/fodmap-foods-intolerance-chart.json","US","fodmap-alimentos-intolerancia-sii-tabla","true","","4","4","4","2","4","true","true","approved","passed"
"https://hacecuentas.com/en/food-digestion-time-calculator","src/content/calcs-en/food-digestion-time-calculator.json","US","tiempo-digestion-alimentos-estomago","true","","4","4","4","4","4","true","true","approved","passed"
"https://hacecuentas.com/en/food-handler-permit-cost","src/content/calcs-en/food-handler-permit-cost.json","US","libreta-sanitaria-costo-hueria-food","true","","1","1","1","1","1","true","true","approved","passed"
"https://hacecuentas.com/en/foreigner-residency-id-cost-argentina","src/content/calcs-en/foreigner-residency-id-cost-argentina.json","US","dni-extranjero-residencia-costo-migraciones","true","","2","1","1","1","1","true","true","approved","passed"
"https://hacecuentas.com/en/fps-perceived-smoothness-gaming","src/content/calcs-en/fps-perceived-smoothness-gaming.json","US","fps-fluidez-video-juego","true","","3","3","3","2","3","true","true","approved","passed"
"https://hacecuentas.com/en/free-fall-distance","src/content/calcs-en/free-fall-distance.json","US","distancia-caida-libre-altura","true","","4","3","3","3","3","true","true","approved","passed"
"https://hacecuentas.com/en/free-fall-velocity-by-time","src/content/calcs-en/free-fall-velocity-by-time.json","US","velocidad-caida-libre-tiempo","true","","3","2","2","2","2","true","true","approved","passed"
"https://hacecuentas.com/en/freelance-hourly-rate-calculator","src/content/calcs-en/freelance-hourly-rate-calculator.json","US","freelance-hourly-rate-calculator","true","","5","4","4","4","4","true","true","approved","passed"
"https://hacecuentas.com/en/freelance-rate-usd-per-hour-by-experience","src/content/calcs-en/freelance-rate-usd-per-hour-by-experience.json","US","tarifa-freelance-dolar-experiencia-hora","true","","4","3","3","3","3","true","true","approved","passed"
"https://hacecuentas.com/en/friction-force-coefficient","src/content/calcs-en/friction-force-coefficient.json","US","fuerza-friccion-coeficiente","true","","3","3","3","3","3","true","true","approved","passed"
"https://hacecuentas.com/en/ftp-cycling-watts","src/content/calcs-en/ftp-cycling-watts.json","US","ftp-cycling-watts","true","","3","1","1","1","1","true","true","approved","passed"
"https://hacecuentas.com/en/fuel-tank-range-calculator","src/content/calcs-en/fuel-tank-range-calculator.json","US","autonomia-tanque-lleno-kilometros","true","","4","4","4","4","4","true","true","approved","passed"
"https://hacecuentas.com/en/funding-rate-perpetual-bitcoin-cost","src/content/calcs-en/funding-rate-perpetual-bitcoin-cost.json","US","funding-rate-perpetual-bitcoin-costo","true","","4","2","2","2","2","true","true","approved","passed"
"https://hacecuentas.com/en/furniture-paint-varnish-coverage","src/content/calcs-en/furniture-paint-varnish-coverage.json","US","pintura-muebles-barniz-lata-cobertura","true","","4","2","4","4","4","true","true","approved","passed"
"https://hacecuentas.com/en/gaming-pc-budget-fps-components","src/content/calcs-en/gaming-pc-budget-fps-components.json","US","gaming-fps-componentes-pc-armar-presupuesto","true","","4","3","3","3","3","true","true","approved","passed"
"https://hacecuentas.com/en/garden-harvest-expected-kg","src/content/calcs-en/garden-harvest-expected-kg.json","US","cosecha-esperada-huerta-kg","true","","8","4","6","4","6","true","true","approved","passed"
"https://hacecuentas.com/en/garden-soil-volume-calculator","src/content/calcs-en/garden-soil-volume-calculator.json","US","jardinera-tierra-m3-por-superficie","true","","3","1","1","1","1","true","true","approved","passed"
"https://hacecuentas.com/en/gas-ideal-pv-nrt","src/content/calcs-en/gas-ideal-pv-nrt.json","US","gas-ideal-pv-nrt","true","","3","3","3","3","3","true","true","approved","passed"
"https://hacecuentas.com/en/gcd-lcm-two-integers","src/content/calcs-en/gcd-lcm-two-integers.json","US","mcd-mcm-dos-numeros-enteros","true","","4","4","4","4","4","true","true","approved","passed"
"https://hacecuentas.com/en/geometric-progression-sum-term","src/content/calcs-en/geometric-progression-sum-term.json","US","progresion-geometrica-suma-termino","true","","3","3","3","2","3","true","true","approved","passed"
"https://hacecuentas.com/en/gestational-age-calculator","src/content/calcs-en/gestational-age-calculator.json","US","embarazo","true","","3","3","3","3","3","true","true","approved","passed"
"https://hacecuentas.com/en/git-repo-size-calculator","src/content/calcs-en/git-repo-size-calculator.json","US","tamano-repo-git-commits-branches","true","","4","4","4","4","4","true","true","approved","passed"
"https://hacecuentas.com/en/glycemic-index-load-food-portion","src/content/calcs-en/glycemic-index-load-food-portion.json","US","indice-glucemico-carga-alimento-porcion","true","","5","2","3","3","3","true","true","approved","passed"
"https://hacecuentas.com/en/gnc-vs-gasoline-annual-savings","src/content/calcs-en/gnc-vs-gasoline-annual-savings.json","US","ahorro-gnc-vs-nafta-anual-ars","true","","3","3","3","3","3","true","true","approved","passed"
"https://hacecuentas.com/en/gpa-4-0-american-scale-calculator","src/content/calcs-en/gpa-4-0-american-scale-calculator.json","US","gpa-promedio-americano-escala-4-0","true","","3","2","2","1","2","true","true","approved","passed"
"https://hacecuentas.com/en/gpu-rental-cost-vast-runpod-calculator","src/content/calcs-en/gpu-rental-cost-vast-runpod-calculator.json","US","gpu-rental-cost-vast-runpod-calculator","true","","7","6","6","6","6","true","true","approved","passed"
"https://hacecuentas.com/en/graduation-timeline-calculator","src/content/calcs-en/graduation-timeline-calculator.json","US","duracion-carrera-universidad","true","","3","3","3","2","3","true","true","approved","passed"
"https://hacecuentas.com/en/body-fat-skinfolds-jackson-pollock","src/content/calcs-en/grasa-corporal-pliegues.json","US","grasa-corporal-pliegues","true","","3","2","2","2","2","true","true","approved","passed"
"https://hacecuentas.com/en/body-fat-calculator","src/content/calcs-en/grasa-corporal.json","US","grasa-corporal","true","","4","3","4","2","4","true","true","approved","passed"
"https://hacecuentas.com/en/grass-seed-per-m2-lawn","src/content/calcs-en/grass-seed-per-m2-lawn.json","US","pasto-semilla-kg-m2-cesped-sembrar","true","","4","2","4","4","4","true","true","approved","passed"
"https://hacecuentas.com/en/gravitational-potential-energy","src/content/calcs-en/gravitational-potential-energy.json","US","energia-potencial-gravitatoria","true","","4","4","4","4","4","true","true","approved","passed"
"https://hacecuentas.com/en/ground-coffee-per-cup-brewing-method","src/content/calcs-en/ground-coffee-per-cup-brewing-method.json","US","cafe-molido-taza-metodo-preparacion","true","","4","3","3","3","3","true","true","approved","passed"
"https://hacecuentas.com/en/half-marathon-projection-from-10k-cameron","src/content/calcs-en/half-marathon-projection-from-10k-cameron.json","US","proyeccion-21k-desde-10k-cameron","true","","5","3","3","3","3","true","true","approved","passed"
"https://hacecuentas.com/en/hashes-bcrypt-costo-tiempo-cracking","src/content/calcs-en/hashes-bcrypt-costo-tiempo-cracking.json","US","hashes-bcrypt-costo-tiempo-cracking","true","","3","3","3","3","3","true","true","approved","passed"
"https://hacecuentas.com/en/healthy-caloric-deficit","src/content/calcs-en/healthy-caloric-deficit.json","US","dieta-hipocalorica-deficit-saludable-mensual","true","","4","3","3","3","3","true","true","approved","passed"
"https://hacecuentas.com/en/healthy-snacks-150-300-calories","src/content/calcs-en/healthy-snacks-150-300-calories.json","US","colaciones-intermedias-calorias-saludables","true","","6","5","5","4","5","true","true","approved","passed"
"https://hacecuentas.com/en/heart-rate-zones-karvonen","src/content/calcs-en/heart-rate-zones-karvonen.json","US","zonas-entrenamiento-fc-max","true","","5","5","5","5","5","true","true","approved","passed"
"https://hacecuentas.com/en/high-school-gpa-calculator","src/content/calcs-en/high-school-gpa-calculator.json","US","nota-promedio-bachillerato-secundario-materias","true","","3","2","2","2","2","true","true","approved","passed"
"https://hacecuentas.com/en/home-affordability-by-income-calculator","src/content/calcs-en/home-affordability-by-income-calculator.json","US","home-affordability-by-income-calculator","true","","4","3","4","4","4","true","true","approved","passed"
"https://hacecuentas.com/en/home-electricity-usage-monthly-cost","src/content/calcs-en/home-electricity-usage-monthly-cost.json","US","consumo-electronica-hogar-watts-mensual","true","","5","3","3","3","3","true","true","approved","passed"
"https://hacecuentas.com/en/homemade-chocolate-bonbons-calculator","src/content/calcs-en/homemade-chocolate-bonbons-calculator.json","US","kilos-chocolate-casero-bombones-receta","true","","3","2","2","2","2","true","true","approved","passed"
"https://hacecuentas.com/en/homemade-pizza-dough-grams-guests","src/content/calcs-en/homemade-pizza-dough-grams-guests.json","US","masa-pizza-casera-gramos-invitados","true","","4","4","4","4","4","true","true","approved","passed"
"https://hacecuentas.com/en/hookes-law-spring-force","src/content/calcs-en/hookes-law-spring-force.json","US","resorte-ley-hooke-constante","true","","3","1","1","1","1","true","true","approved","passed"
"https://hacecuentas.com/en/hotel-split-cost-calculator","src/content/calcs-en/hotel-split-cost-calculator.json","US","hotel-split-cost-calculator","true","","3","3","3","3","3","true","true","approved","passed"
"https://hacecuentas.com/en/hours-between-times-calculator","src/content/calcs-en/hours-between-times-calculator.json","US","hours-between-times-calculator","true","","3","3","3","3","3","true","true","approved","passed"
"https://hacecuentas.com/en/huron-ferret-dieta-proteina-animal","src/content/calcs-en/huron-ferret-dieta-proteina-animal.json","US","huron-ferret-dieta-proteina-animal","true","","4","4","4","4","4","true","true","approved","passed"
"https://hacecuentas.com/en/hydration-exercise-ml","src/content/calcs-en/hydration-exercise-ml.json","US","hidratacion-ejercicio-ml","true","","4","3","3","3","3","true","true","approved","passed"
"https://hacecuentas.com/en/hydration-hot-climate-daily-activity","src/content/calcs-en/hydration-hot-climate-daily-activity.json","US","hidratacion-clima-caluroso-actividad-diaria","true","","4","1","3","3","3","true","true","approved","passed"
"https://hacecuentas.com/en/hydroponic-nutrients-ec-ppm","src/content/calcs-en/hydroponic-nutrients-ec-ppm.json","US","hidroponia-nutrientes-ec-ppm","true","","3","1","1","1","1","true","true","approved","passed"
"https://hacecuentas.com/en/hydrostatic-pressure-depth","src/content/calcs-en/hydrostatic-pressure-depth.json","US","presion-hidrostatica-profundidad","true","","4","3","3","3","3","true","true","approved","passed"
"https://hacecuentas.com/en/ibu-beer-hops-tinseth","src/content/calcs-en/ibu-beer-hops-tinseth.json","US","ibu-cerveza-lupulo-tinseth","true","","5","1","3","2","3","true","true","approved","passed"
"https://hacecuentas.com/en/ice-party-calculator","src/content/calcs-en/ice-party-calculator.json","US","hielo-cubos-necesarios-fiesta-invitados","true","","5","3","4","4","4","true","true","approved","passed"
"https://hacecuentas.com/en/ideal-weight-for-women","src/content/calcs-en/ideal-weight-for-women.json","US","stylecraze-peso-ideal-women-formula-altura","true","","6","5","5","4","5","true","true","approved","passed"
"https://hacecuentas.com/en/ideal-weight-lorentz-devine-formula","src/content/calcs-en/ideal-weight-lorentz-devine-formula.json","US","peso-ideal-formula-lorentz-devine","true","","4","2","3","3","3","true","true","approved","passed"
"https://hacecuentas.com/en/idioma-paralelo-2-al-mismo","src/content/calcs-en/idioma-paralelo-2-al-mismo.json","US","idioma-paralelo-2-al-mismo","true","","4","2","3","3","3","true","true","approved","passed"
"https://hacecuentas.com/en/ielts-toefl-cefr-equivalency","src/content/calcs-en/ielts-toefl-cefr-equivalency.json","US","sat-ielts-toefl-equivalencias-puntaje-convertidor","true","","3","2","2","2","2","true","true","approved","passed"
"https://hacecuentas.com/en/bmi-calculator","src/content/calcs-en/imc.json","US","imc","true","","2","2","2","2","2","true","true","approved","passed"
"https://hacecuentas.com/en/inches-to-cm-screen-converter","src/content/calcs-en/inches-to-cm-screen-converter.json","US","conversion-pulgada-centimetro-screen","true","","3","2","2","2","2","true","true","approved","passed"
"https://hacecuentas.com/en/inductive-capacitive-reactance","src/content/calcs-en/inductive-capacitive-reactance.json","US","reactancia-inductiva-capacitiva","true","","4","2","4","4","4","true","true","approved","passed"
"https://hacecuentas.com/en/compound-interest-calculator-long-term","src/content/calcs-en/interes-compuesto.json","US","interes-compuesto","true","","3","1","3","3","3","true","true","approved","passed"
"https://hacecuentas.com/en/simple-interest-calculator","src/content/calcs-en/interes-simple.json","US","interes-simple","true","","3","1","2","2","2","true","true","approved","passed"
"https://hacecuentas.com/en/interest-rate-spread-arbitrage-fixed-deposit","src/content/calcs-en/interest-rate-spread-arbitrage-fixed-deposit.json","US","spread-tasas-arbitraje-bancos-plazo-fijo","true","","5","3","5","4","5","true","true","approved","passed"
"https://hacecuentas.com/en/intermittent-fasting-16-8-calculator","src/content/calcs-en/intermittent-fasting-16-8-calculator.json","US","ayuno-intermitente-16-8-ventana-horario","true","","4","1","4","4","4","true","true","approved","passed"
"https://hacecuentas.com/en/intermittent-fasting-16-8-calories","src/content/calcs-en/intermittent-fasting-16-8-calories.json","US","ayuno-intermitente-16-8-calorias","true","","5","1","3","3","3","true","true","approved","passed"
"https://hacecuentas.com/en/ira-401k-argentina-equivalent","src/content/calcs-en/ira-401k-argentina-equivalent.json","US","rol-ira-401k-argentino-equivalente","true","","4","0","4","2","4","false","false","pending","passed"
"https://hacecuentas.com/en/isolated-footing-columns","src/content/calcs-en/isolated-footing-columns.json","US","zapata-aislada-columnas","true","","3","1","1","1","1","true","true","approved","passed"
"https://hacecuentas.com/en/itba-utdt-costo-carrera-anual-privada","src/content/calcs-en/itba-utdt-costo-carrera-anual-privada.json","US","itba-utdt-costo-carrera-anual-privada","true","","8","7","7","6","6","true","true","approved","passed"
"https://hacecuentas.com/en/vat-tax-calculator","src/content/calcs-en/iva-incluido-neto-discriminar.json","US","iva-incluido-neto-discriminar","true","","3","1","3","3","3","true","true","approved","passed"
"https://hacecuentas.com/en/iva-refund-debit-card","src/content/calcs-en/iva-refund-debit-card.json","US","reintegro-iva-compras-tarjeta-debito","true","","10","10","10","8","10","true","true","approved","passed"
"https://hacecuentas.com/en/ivf-due-date-calculator","src/content/calcs-en/ivf-due-date-calculator.json","US","ivf-due-date-calculator","true","","4","1","1","1","1","true","true","approved","passed"
"https://hacecuentas.com/en/jpg-quality-size-web-optimization","src/content/calcs-en/jpg-quality-size-web-optimization.json","US","jpg-calidad-tamano-web-optimizacion","true","","3","3","3","3","3","true","true","approved","passed"
"https://hacecuentas.com/en/karaoke-songs-per-hour","src/content/calcs-en/karaoke-songs-per-hour.json","US","karaoke-canciones-por-hora","true","","2","2","2","2","2","true","true","approved","passed"
"https://hacecuentas.com/en/keto-macros-deficit-complete","src/content/calcs-en/keto-macros-deficit-complete.json","US","keto-macros-cetogenica-deficit-completo","true","","5","4","4","4","4","true","true","approved","passed"
"https://hacecuentas.com/en/kilos-to-pounds-converter","src/content/calcs-en/kilos-to-pounds-converter.json","US","conversion-kilo-libra-lb-kg-exacto","true","","3","3","3","3","3","true","true","approved","passed"
"https://hacecuentas.com/en/kinematic-equations-constant-acceleration","src/content/calcs-en/kinematic-equations-constant-acceleration.json","US","ecuaciones-cinematicas-mru-mrua","true","","3","3","3","3","3","true","true","approved","passed"
"https://hacecuentas.com/en/kinetic-energy-ec","src/content/calcs-en/kinetic-energy-ec.json","US","energia-cinetica-ec","true","","3","3","3","3","3","true","true","approved","passed"
"https://hacecuentas.com/en/language-app-effectiveness-comparison","src/content/calcs-en/language-app-effectiveness-comparison.json","US","apps-idioma-efectividad-comparacion-nivel","true","","4","3","4","4","4","true","true","approved","passed"
"https://hacecuentas.com/en/language-learning-hours-calculator","src/content/calcs-en/language-learning-hours-calculator.json","US","tiempo-aprender-idioma-horas-semana-nivel","true","","2","2","2","1","2","true","true","approved","passed"
"https://hacecuentas.com/en/language-learning-monthly-cost-options","src/content/calcs-en/language-learning-monthly-cost-options.json","US","costo-mensual-aprender-idioma-opciones","true","","4","3","4","4","3","true","true","approved","passed"
"https://hacecuentas.com/en/language-lessons-per-week","src/content/calcs-en/language-lessons-per-week.json","US","clases-semanales-italki-online-frecuencia","true","","3","2","2","2","2","true","true","approved","passed"
"https://hacecuentas.com/en/language-variants-by-region","src/content/calcs-en/language-variants-by-region.json","US","variantes-idioma-espanol-portugues-ingles-regiones","true","","5","4","4","1","4","true","true","approved","passed"
"https://hacecuentas.com/en/lean-body-mass-calculator","src/content/calcs-en/lean-body-mass-calculator.json","US","lean-body-mass-calculator","true","","5","4","4","4","4","true","true","approved","passed"
"https://hacecuentas.com/en/lease-comparison-2-vs-3-years","src/content/calcs-en/lease-comparison-2-vs-3-years.json","US","contrato-alquiler-2-anios-vs-3-anios","true","","2","2","2","2","2","true","true","approved","passed"
"https://hacecuentas.com/en/leasing-vs-auto-loan-comparison","src/content/calcs-en/leasing-vs-auto-loan-comparison.json","US","leasing-vs-credito-auto-comparativa-completa","true","","3","3","3","3","3","true","true","approved","passed"
"https://hacecuentas.com/en/lectura-velocidad-paginas-hora-wpm","src/content/calcs-en/lectura-velocidad-paginas-hora-wpm.json","US","lectura-velocidad-paginas-hora-wpm","true","","3","1","2","2","2","true","true","approved","passed"
"https://hacecuentas.com/en/leer-mes-libros-meta-anual-reto","src/content/calcs-en/leer-mes-libros-meta-anual-reto.json","US","leer-mes-libros-meta-anual-reto","true","","3","2","2","2","2","true","true","approved","passed"
"https://hacecuentas.com/en/leverage-trading-liquidation-price","src/content/calcs-en/leverage-trading-liquidation-price.json","US","leverage-trading-liquidacion-precio","true","","3","1","1","1","1","true","true","approved","passed"
"https://hacecuentas.com/en/llm-token-cost-calculator","src/content/calcs-en/llm-token-cost-calculator.json","US","costo-tokens-api-openai-claude-mensual","true","","3","2","3","3","3","true","true","approved","passed"
"https://hacecuentas.com/en/logarithm-base-any-number","src/content/calcs-en/logarithm-base-any-number.json","US","logaritmo-base-cualquiera-numero","true","","4","4","4","3","4","true","true","approved","passed"
"https://hacecuentas.com/en/macros-16-8-intermittent-fasting","src/content/calcs-en/macros-16-8-intermittent-fasting.json","US","macros-intermitente-16-8-ayuno","true","","5","5","5","5","5","true","true","approved","passed"
"https://hacecuentas.com/en/macros-atkins-fases","src/content/calcs-en/macros-atkins-fases.json","US","macros-atkins-fases","true","","5","4","5","5","4","true","true","approved","passed"
"https://hacecuentas.com/en/macros-carnivore-diet","src/content/calcs-en/macros-carnivore-diet.json","US","macros-carnivora-dieta","true","","5","4","5","3","5","true","true","approved","passed"
"https://hacecuentas.com/en/macros-cutting-bulking-calculator","src/content/calcs-en/macros-cutting-bulking-calculator.json","US","macros-cutting-bulking-calculator","true","","7","7","7","6","7","true","true","approved","passed"
"https://hacecuentas.com/en/macros-dash-hypertension","src/content/calcs-en/macros-dash-hypertension.json","US","macros-dash-hipertension","true","","6","2","5","5","5","true","true","approved","passed"
"https://hacecuentas.com/en/macros-mediterranea","src/content/calcs-en/macros-mediterranea.json","US","macros-mediterranea","true","","3","2","3","3","3","true","true","approved","passed"
"https://hacecuentas.com/en/macros-recomp-cut-bulk-lean-calorias","src/content/calcs-en/macros-recomp-cut-bulk-lean-calorias.json","US","macros-recomp-cut-bulk-lean-calorias","true","","6","5","6","5","6","true","true","approved","passed"
"https://hacecuentas.com/en/marathon-42k-training-plan-weeks","src/content/calcs-en/marathon-42k-training-plan-weeks.json","US","plan-entrenamiento-maraton-42k-semanas","true","","5","5","5","4","5","true","true","approved","passed"
"https://hacecuentas.com/en/marathon-pace-goal-time-split-kilometer","src/content/calcs-en/marathon-pace-goal-time-split-kilometer.json","US","maraton-pace-goal-time-split-kilometro","true","","4","3","3","3","3","true","true","approved","passed"
"https://hacecuentas.com/en/profit-margin-calculator","src/content/calcs-en/margen-ganancia.json","US","margen-ganancia","true","","5","4","5","5","5","true","true","approved","passed"
"https://hacecuentas.com/en/material-biodegradation-time","src/content/calcs-en/material-biodegradation-time.json","US","biodegradacion-residuo-tiempo","true","","3","1","2","2","2","true","true","approved","passed"
"https://hacecuentas.com/en/maximum-heart-rate-by-age","src/content/calcs-en/maximum-heart-rate-by-age.json","US","ritmo-cardiaco-maximo-edad-formula","true","","4","4","4","4","4","true","true","approved","passed"
"https://hacecuentas.com/en/mean-median-mode-range-statistics","src/content/calcs-en/mean-median-mode-range-statistics.json","US","media-mediana-moda-rango-estadistica","true","","4","4","4","4","4","true","true","approved","passed"
"https://hacecuentas.com/en/mechanical-work-force-distance","src/content/calcs-en/mechanical-work-force-distance.json","US","trabajo-mecanico-fuerza-distancia","true","","3","3","3","3","3","true","true","approved","passed"
"https://hacecuentas.com/en/medicine-entrance-cbc-score-uba-2026","src/content/calcs-en/medicine-entrance-cbc-score-uba-2026.json","US","ingreso-medicina-puntaje-cbc-uba-2026","true","","3","3","3","1","3","true","true","approved","passed"
"https://hacecuentas.com/en/mediterranean-diet-weekly-plan-kcal","src/content/calcs-en/mediterranean-diet-weekly-plan-kcal.json","US","dieta-mediterranea-plan-semanal-kcal","true","","5","2","5","5","5","true","true","approved","passed"
"https://hacecuentas.com/en/meeting-cost-calculator","src/content/calcs-en/meeting-cost-calculator.json","US","reuniones-costo-tiempo-personas-empresa","true","","3","1","1","1","1","true","true","approved","passed"
"https://hacecuentas.com/en/melamine-board-cutting-calculator","src/content/calcs-en/melamine-board-cutting-calculator.json","US","tablero-melamina-cortes-aprovechamiento","true","","3","2","3","3","3","true","true","approved","passed"
"https://hacecuentas.com/en/membrana-asfaltica-rollos","src/content/calcs-en/membrana-asfaltica-rollos.json","US","membrana-asfaltica-rollos","true","","3","1","1","1","1","true","true","approved","passed"
"https://hacecuentas.com/en/memorization-spaced-repetition-anki-cards-dia","src/content/calcs-en/memorization-spaced-repetition-anki-cards-dia.json","US","memorizacion-spaced-repetition-anki-cards-dia","true","","3","3","3","3","3","true","true","approved","passed"
"https://hacecuentas.com/en/midjourney-stable-diffusion-credits-monthly","src/content/calcs-en/midjourney-stable-diffusion-credits-monthly.json","US","midjourney-stable-diffusion-credits-mensual","true","","2","0","2","2","2","false","false","pending","passed"
"https://hacecuentas.com/en/minimum-grade-pass-final-exam-average","src/content/calcs-en/minimum-grade-pass-final-exam-average.json","US","nota-minima-aprobar-final-parcial-promedio","true","","3","3","3","3","3","true","true","approved","passed"
"https://hacecuentas.com/en/minimum-wage-2026-comparison","src/content/calcs-en/minimum-wage-2026-comparison.json","US","salario-minimo-2026-comparativa","true","","10","10","10","8","10","true","true","approved","passed"
"https://hacecuentas.com/en/mlss-max-lactate-steady-state","src/content/calcs-en/mlss-max-lactate-steady-state.json","US","vla-max-maximo-lactato-estado-estable","true","","4","4","4","4","4","true","true","approved","passed"
"https://hacecuentas.com/en/moles-masa-formula-molecular","src/content/calcs-en/moles-masa-formula-molecular.json","US","moles-masa-formula-molecular","true","","4","4","4","4","4","true","true","approved","passed"
"https://hacecuentas.com/en/momento-angular-rotacion","src/content/calcs-en/momento-angular-rotacion.json","US","momento-angular-rotacion","true","","4","3","3","3","3","true","true","approved","passed"
"https://hacecuentas.com/en/money-market-fund-yield","src/content/calcs-en/money-market-fund-yield.json","US","fondo-comun-inversion-money-market-rendimiento","true","","5","2","5","3","5","true","true","approved","passed"
"https://hacecuentas.com/en/mortgage-payment-monthly-calculator","src/content/calcs-en/mortgage-payment-monthly-calculator.json","US","mortgage-payment-monthly-calculator","true","","7","5","7","7","7","true","true","approved","passed"
"https://hacecuentas.com/en/mortgage-refinance-break-even-calculator","src/content/calcs-en/mortgage-refinance-break-even-calculator.json","US","mortgage-refinance-break-even-calculator","true","","7","4","5","5","5","true","true","approved","passed"
"https://hacecuentas.com/en/movie-duration-snacks","src/content/calcs-en/movie-duration-snacks.json","US","pelicula-duracion-snacks","true","","3","2","2","2","2","true","true","approved","passed"
"https://hacecuentas.com/en/movie-series-language-immersion-hours","src/content/calcs-en/movie-series-language-immersion-hours.json","US","horas-peliculas-serie-inmersion-idioma","true","","3","3","3","3","3","true","true","approved","passed"
"https://hacecuentas.com/en/mulching-espesor-cantidad","src/content/calcs-en/mulching-espesor-cantidad.json","US","mulching-espesor-cantidad","true","","4","3","4","4","4","true","true","approved","passed"
"https://hacecuentas.com/en/muscle-recovery-hours","src/content/calcs-en/muscle-recovery-hours.json","US","recuperacion-muscular-horas","true","","5","3","3","3","3","true","true","approved","passed"
"https://hacecuentas.com/en/natural-light-energy-savings","src/content/calcs-en/natural-light-energy-savings.json","US","luz-natural-ahorro-iluminacion","true","","7","4","4","4","4","true","true","approved","passed"
"https://hacecuentas.com/en/net-worth-tracker-calculator","src/content/calcs-en/net-worth-tracker-calculator.json","US","net-worth-tracker-calculator","true","","4","3","3","3","3","true","true","approved","passed"
"https://hacecuentas.com/en/nft-royalty-creator-secondary-market","src/content/calcs-en/nft-royalty-creator-secondary-market.json","US","nft-royalty-creator-secondary-market","true","","6","4","6","4","6","true","true","approved","passed"
"https://hacecuentas.com/en/openai-api-monthly-cost-estimator","src/content/calcs-en/openai-api-monthly-cost-estimator.json","US","openai-api-monthly-cost-estimator","true","","5","3","5","5","5","true","true","approved","passed"
"https://hacecuentas.com/en/optimal-age-language-learning","src/content/calcs-en/optimal-age-language-learning.json","US","edad-optima-aprender-idioma-ninos-adultos","true","","3","2","2","2","2","true","true","approved","passed"
"https://hacecuentas.com/en/optimal-protein-per-meal","src/content/calcs-en/optimal-protein-per-meal.json","US","proteina-por-comida-absorcion","true","","4","3","3","3","3","true","true","approved","passed"
"https://hacecuentas.com/en/orbital-period-planet","src/content/calcs-en/orbital-period-planet.json","US","periodo-orbital-planeta","true","","3","3","3","2","3","true","true","approved","passed"
"https://hacecuentas.com/en/oven-temperature-conversion-calculator","src/content/calcs-en/oven-temperature-conversion-calculator.json","US","oven-temperature-conversion-calculator","true","","4","2","2","2","2","true","true","approved","passed"
"https://hacecuentas.com/en/oven-temperature-gas-electric-conversion","src/content/calcs-en/oven-temperature-gas-electric-conversion.json","US","conversion-temperaturas-horno-gas-electrico","true","","4","4","4","4","4","true","true","approved","passed"
"https://hacecuentas.com/en/overclock-temperatura-segura","src/content/calcs-en/overclock-temperatura-segura.json","US","overclock-temperatura-segura","true","","3","2","2","2","2","true","true","approved","passed"
"https://hacecuentas.com/en/overtime-pay-calculator","src/content/calcs-en/overtime-pay-calculator.json","US","overtime-pay-calculator","true","","3","2","2","2","2","true","true","approved","passed"
"https://hacecuentas.com/en/ovulation-calculator","src/content/calcs-en/ovulacion.json","US","ovulacion-dias-fertiles","true","","4","2","3","3","3","true","true","approved","passed"
"https://hacecuentas.com/en/oxidation-number-element","src/content/calcs-en/oxidation-number-element.json","US","numero-oxidacion-elemento","true","","3","3","3","2","3","true","true","approved","passed"
"https://hacecuentas.com/en/pace-objetivo-maraton-tiempo","src/content/calcs-en/pace-objetivo-maraton-tiempo.json","US","pace-objetivo-maraton-tiempo","true","","5","4","4","3","4","true","true","approved","passed"
"https://hacecuentas.com/en/running-pace-calculator","src/content/calcs-en/pace-running.json","US","pace-running","true","","6","4","4","4","4","true","true","approved","passed"
"https://hacecuentas.com/en/padel-ranking-puntos-apt-aap-subir","src/content/calcs-en/padel-ranking-puntos-apt-aap-subir.json","US","padel-ranking-puntos-apt-aap-subir","true","","2","2","2","1","2","true","true","approved","passed"
"https://hacecuentas.com/en/page-load-time-core-web-vitals","src/content/calcs-en/page-load-time-core-web-vitals.json","US","tiempo-carga-pagina-web-metricas","true","","6","5","5","5","5","true","true","approved","passed"
"https://hacecuentas.com/en/paint-coverage-liters-per-square-meter","src/content/calcs-en/paint-coverage-liters-per-square-meter.json","US","pintura-paredes-litros-por-metros-cuadrados","true","","3","0","0","0","0","false","false","pending","passed"
"https://hacecuentas.com/en/paint-liters-m2-coats","src/content/calcs-en/paint-liters-m2-coats.json","US","pintura-litros-m2-manos","true","","2","2","2","1","2","true","true","approved","passed"
"https://hacecuentas.com/en/paper-saved-double-sided-printing","src/content/calcs-en/paper-saved-double-sided-printing.json","US","papel-ahorrado-impresion-doble-cara","true","","3","2","3","3","3","true","true","approved","passed"
"https://hacecuentas.com/en/parallax-distance-parsecs","src/content/calcs-en/parallax-distance-parsecs.json","US","paralaje-distancia-estrella-parsec","true","","5","4","4","4","4","true","true","approved","passed"
"https://hacecuentas.com/en/parrot-parakeet-seed-distribution","src/content/calcs-en/parrot-parakeet-seed-distribution.json","US","loro-periquito-semillas-frutas-semana","true","","5","2","5","4","5","true","true","approved","passed"
"https://hacecuentas.com/en/party-drinks-beer-wine-soda","src/content/calcs-en/party-drinks-beer-wine-soda.json","US","bebidas-evento-cerveza-vino-refresco-calculadora","true","","3","1","1","1","1","true","true","approved","passed"
"https://hacecuentas.com/en/passive-income-from-investments-calculator","src/content/calcs-en/passive-income-from-investments-calculator.json","US","passive-income-from-investments-calculator","true","","5","2","2","2","2","true","true","approved","passed"
"https://hacecuentas.com/en/paycheck-take-home-pay-calculator-usa","src/content/calcs-en/paycheck-take-home-pay-calculator-usa.json","US","paycheck-take-home-pay-calculator-usa","true","","5","2","4","4","3","true","true","approved","passed"
"https://hacecuentas.com/en/pc-power-consumption-psu","src/content/calcs-en/pc-power-consumption-psu.json","US","consumo-watts-pc-gamer-fuente","true","","6","6","6","6","6","true","true","approved","passed"
"https://hacecuentas.com/en/pe-ratio-calculator","src/content/calcs-en/pe-ratio-calculator.json","US","pe-ratio-valuacion","true","","7","4","7","5","7","true","true","approved","passed"
"https://hacecuentas.com/en/percentage-increase-decrease-calculator","src/content/calcs-en/percentage-increase-decrease-calculator.json","US","percentage-increase-decrease-calculator","true","","3","3","3","3","3","true","true","approved","passed"
"https://hacecuentas.com/en/percentage-of-number-calculator","src/content/calcs-en/percentage-of-number-calculator.json","US","porcentaje-de-numero-calculadora","true","","5","5","5","4","5","true","true","approved","passed"
"https://hacecuentas.com/en/percentile-data","src/content/calcs-en/percentile-data.json","US","percentil-dato","true","","3","3","3","3","3","true","true","approved","passed"
"https://hacecuentas.com/en/perimeter-enclosure-brick-cost","src/content/calcs-en/perimeter-enclosure-brick-cost.json","US","cerramiento-perimetro-casa-ladrillos-costo","true","","5","2","2","2","2","true","true","approved","passed"
"https://hacecuentas.com/en/permutaciones-n-tomados-k-pnk","src/content/calcs-en/permutaciones-n-tomados-k-pnk.json","US","permutaciones-n-tomados-k-pnk","true","","4","4","4","4","4","true","true","approved","passed"
"https://hacecuentas.com/en/peso-ideal-ninos","src/content/calcs-en/peso-ideal-ninos.json","US","peso-ideal-ninos","true","","3","3","3","3","3","true","true","approved","passed"
"https://hacecuentas.com/en/ideal-weight-calculator","src/content/calcs-en/peso-ideal.json","US","peso-ideal","true","","4","3","3","2","3","true","true","approved","passed"
"https://hacecuentas.com/en/competition-weight-calculator","src/content/calcs-en/peso-objetivo-competicion.json","US","peso-objetivo-competicion","true","","4","1","2","2","2","true","true","approved","passed"
"https://hacecuentas.com/en/pet-age-calculator-human-years-breed-size","src/content/calcs-en/pet-age-calculator-human-years-breed-size.json","US","envejecer-mascota-humano-tabla-raza-tamano","true","","3","2","2","1","2","true","true","approved","passed"
"https://hacecuentas.com/en/ph-hydrogen-ion-concentration","src/content/calcs-en/ph-hydrogen-ion-concentration.json","US","ph-concentracion-h-plus","true","","5","5","5","4","5","true","true","approved","passed"
"https://hacecuentas.com/en/ph-soil-correction-lime-sulfur","src/content/calcs-en/ph-soil-correction-lime-sulfur.json","US","ph-suelo-correccion","true","","7","0","5","5","5","false","false","pending","passed"
"https://hacecuentas.com/en/photon-energy-frequency-wavelength","src/content/calcs-en/photon-energy-frequency-wavelength.json","US","energia-fotones-frecuencia-longitud-onda","true","","5","5","5","5","5","true","true","approved","passed"
"https://hacecuentas.com/en/pilates-reformer-frequency-weekly","src/content/calcs-en/pilates-reformer-frequency-weekly.json","US","pilates-reformer-frecuencia-ideal-semana","true","","4","3","3","2","3","true","true","approved","passed"
"https://hacecuentas.com/en/ping-latency-distance","src/content/calcs-en/ping-latency-distance.json","US","ping-latencia-distancia","true","","3","1","1","1","1","true","true","approved","passed"
"https://hacecuentas.com/en/pythagorean-theorem-calculator","src/content/calcs-en/pitagoras.json","US","pitagoras","true","","4","4","4","3","4","true","true","approved","passed"
"https://hacecuentas.com/en/pizzas-by-guests","src/content/calcs-en/pizzas-by-guests.json","US","cantidad-pizzas-por-invitados-pizzeria","true","","3","2","2","2","2","true","true","approved","passed"
"https://hacecuentas.com/en/plant-spacing-vegetable-garden","src/content/calcs-en/plant-spacing-vegetable-garden.json","US","distancia-entre-plantas-huerto","true","","3","1","1","1","1","true","true","approved","passed"
"https://hacecuentas.com/en/plant-sunlight-hours","src/content/calcs-en/plant-sunlight-hours.json","US","luz-solar-horas-planta","true","","5","3","4","4","4","true","true","approved","passed"
"https://hacecuentas.com/en/planting-calendar-northern-hemisphere","src/content/calcs-en/planting-calendar-northern-hemisphere.json","US","calendario-siembra-hemisferio-norte","true","","4","2","3","2","3","true","true","approved","passed"
"https://hacecuentas.com/en/planting-calendar-southern-hemisphere","src/content/calcs-en/planting-calendar-southern-hemisphere.json","US","calendario-siembra-hemisferio-sur","true","","4","1","2","2","1","true","true","approved","passed"
"https://hacecuentas.com/en/plants-per-meter-hedge","src/content/calcs-en/plants-per-meter-hedge.json","US","cantidad-plantas-seto-metros","true","","2","1","2","2","2","true","true","approved","passed"
"https://hacecuentas.com/en/playlist-duration-songs","src/content/calcs-en/playlist-duration-songs.json","US","playlist-duracion-canciones","true","","3","2","2","2","2","true","true","approved","passed"
"https://hacecuentas.com/en/pnl-futures-long-short-perpetual","src/content/calcs-en/pnl-futures-long-short-perpetual.json","US","pnl-futuros-long-short-perpetual","true","","3","1","1","1","1","true","true","approved","passed"
"https://hacecuentas.com/en/podcasts-learn-language-daily-minutes","src/content/calcs-en/podcasts-learn-language-daily-minutes.json","US","podcasts-aprender-idioma-minutos-diarios","true","","4","3","3","3","3","true","true","approved","passed"
"https://hacecuentas.com/en/poh-hydroxide-concentration","src/content/calcs-en/poh-hydroxide-concentration.json","US","poh-concentracion-oh","true","","3","3","3","3","3","true","true","approved","passed"
"https://hacecuentas.com/en/polynomial-derivative-calculator","src/content/calcs-en/polynomial-derivative-calculator.json","US","derivada-polinomio-coeficientes","true","","2","2","2","2","2","true","true","approved","passed"
"https://hacecuentas.com/en/polynomial-integral-calculator","src/content/calcs-en/polynomial-integral-calculator.json","US","integral-indefinida-polinomio-coefs","true","","4","4","4","4","4","true","true","approved","passed"
"https://hacecuentas.com/en/pomodoro-25-5-timer","src/content/calcs-en/pomodoro-25-5-timer.json","US","tecnica-pomodoro-bloques-descanso-optimo","true","","4","3","4","4","4","true","true","approved","passed"
"https://hacecuentas.com/en/pomodoro-sessions-calculator","src/content/calcs-en/pomodoro-sessions-calculator.json","US","productividad-pomodoro-sesiones-dia-efectivas","true","","3","3","3","3","3","true","true","approved","passed"
"https://hacecuentas.com/en/percentage-calculator","src/content/calcs-en/porcentaje.json","US","porcentaje","true","","3","3","3","3","3","true","true","approved","passed"
"https://hacecuentas.com/en/sushi-per-person-calculator","src/content/calcs-en/porciones-sushi-por-persona-promedio.json","US","porciones-sushi-por-persona-promedio","true","","6","2","2","2","2","true","true","approved","passed"
"https://hacecuentas.com/en/portfolio-60-40-crypto-traditional-allocation","src/content/calcs-en/portfolio-60-40-crypto-traditional-allocation.json","US","portfolio-60-40-cripto-tradicional-alloc","true","","3","1","2","2","2","true","true","approved","passed"
"https://hacecuentas.com/en/position-size-stocks-percentage","src/content/calcs-en/position-size-stocks-percentage.json","US","position-size-stocks-porcentaje","true","","8","0","6","6","6","false","false","pending","passed"
"https://hacecuentas.com/en/post-marathon-rest-days-calculator","src/content/calcs-en/post-marathon-rest-days-calculator.json","US","descanso-post-maraton-regla-1-dia-km","true","","3","3","3","3","3","true","true","approved","passed"
"https://hacecuentas.com/en/pot-drainage-gravel","src/content/calcs-en/pot-drainage-gravel.json","US","drenaje-grava-maceta","true","","2","1","1","1","1","true","true","approved","passed"
"https://hacecuentas.com/en/pot-size-calculator","src/content/calcs-en/pot-size-calculator.json","US","macetas-tamano-planta","true","","4","1","1","1","1","true","true","approved","passed"
"https://hacecuentas.com/en/power-factor-correction","src/content/calcs-en/power-factor-correction.json","US","factor-potencia-corregir","true","","4","2","3","2","3","true","true","approved","passed"
"https://hacecuentas.com/en/pregnancy-calendar-week-by-week","src/content/calcs-en/pregnancy-calendar-week-by-week.json","US","due-date-calendar-week-by-week-trimester-milestones","true","","5","4","4","4","4","true","true","approved","passed"
"https://hacecuentas.com/en/pregnancy-weeks-by-ultrasound-crl","src/content/calcs-en/pregnancy-weeks-by-ultrasound-crl.json","US","pregnancy-weeks-by-ultrasound-crl-measurement","true","","4","3","3","3","3","true","true","approved","passed"
"https://hacecuentas.com/en/pregnancy-weeks-to-months-converter","src/content/calcs-en/pregnancy-weeks-to-months-converter.json","US","pregnancy-weeks-to-months-converter","true","","4","3","3","3","3","true","true","approved","passed"
"https://hacecuentas.com/en/pregnancy-weight-gain-bmi","src/content/calcs-en/pregnancy-weight-gain-bmi.json","US","embarazada-aumento-peso-semana-imc-previo","true","","22","17","18","18","18","true","true","approved","passed"
"https://hacecuentas.com/en/loan-payment-calculator","src/content/calcs-en/prestamo-cuota.json","US","prestamo-cuota","true","","4","4","4","4","4","true","true","approved","passed"
"https://hacecuentas.com/en/priming-sugar-carbonation","src/content/calcs-en/priming-sugar-carbonation.json","US","priming-sugar-carbonatacion-cerveza","true","","4","1","2","2","2","true","true","approved","passed"
"https://hacecuentas.com/en/probability-drop-loot","src/content/calcs-en/probability-drop-loot.json","US","probabilidad-drop-loot","true","","4","4","4","3","4","true","true","approved","passed"
"https://hacecuentas.com/en/average-calculator","src/content/calcs-en/promedio-mediana.json","US","promedio-mediana","true","","3","2","2","2","2","true","true","approved","passed"
"https://hacecuentas.com/en/property-deed-transfer-cost","src/content/calcs-en/property-deed-transfer-cost.json","US","costo-escritura-inmueble-porcentaje-valor","true","","5","5","5","4","3","true","true","approved","passed"
"https://hacecuentas.com/en/tip-calculator","src/content/calcs-en/propina.json","US","propina","true","","3","2","3","3","3","true","true","approved","passed"
"https://hacecuentas.com/en/puppy-cost-first-year","src/content/calcs-en/puppy-cost-first-year.json","US","costo-criar-cachorro-primer-ano","true","","4","4","4","4","4","true","true","approved","passed"
"https://hacecuentas.com/en/quadratic-equation-roots-discriminant","src/content/calcs-en/quadratic-equation-roots-discriminant.json","US","ecuacion-cuadratica-raices-discriminante","true","","2","2","2","2","2","true","true","approved","passed"
"https://hacecuentas.com/en/quintal-to-metric-ton-converter","src/content/calcs-en/quintal-to-metric-ton-converter.json","US","conversion-quintal-tonelada-kg-agro","true","","4","3","4","4","4","true","true","approved","passed"
"https://hacecuentas.com/en/rabbit-age-in-human-years","src/content/calcs-en/rabbit-age-in-human-years.json","US","edad-conejo","true","","3","3","3","1","3","true","true","approved","passed"
"https://hacecuentas.com/en/rabbit-diet-hay-pellets","src/content/calcs-en/rabbit-diet-hay-pellets.json","US","conejo-comida-heno-peso-edad","true","","4","4","4","2","4","true","true","approved","passed"
"https://hacecuentas.com/en/radians-to-degrees-angle","src/content/calcs-en/radians-to-degrees-angle.json","US","conversion-radianes-grados-angulo","true","","3","3","3","3","3","true","true","approved","passed"
"https://hacecuentas.com/en/radiative-forcing-co2-ppm","src/content/calcs-en/radiative-forcing-co2-ppm.json","US","efecto-invernadero-co2-ppm","true","","3","2","3","3","3","true","true","approved","passed"
"https://hacecuentas.com/en/radioactive-decay-half-life","src/content/calcs-en/radioactive-decay-half-life.json","US","desintegracion-radioactiva-vida-media","true","","3","2","2","2","2","true","true","approved","passed"
"https://hacecuentas.com/en/raid-capacity-calculator","src/content/calcs-en/raid-capacity-calculator.json","US","raid-capacidad-discos-redundancia","true","","2","2","2","2","2","true","true","approved","passed"
"https://hacecuentas.com/en/rate-limit-api-rpm-rps","src/content/calcs-en/rate-limit-api-rpm-rps.json","US","rate-limit-api-rpm-rps","true","","3","3","3","3","3","true","true","approved","passed"
"https://hacecuentas.com/en/ratio-simplifier-calculator","src/content/calcs-en/ratio-simplifier-calculator.json","US","ratio-simplifier-calculator","true","","4","4","4","3","4","true","true","approved","passed"
"https://hacecuentas.com/en/reading-speed-wpm-book-time","src/content/calcs-en/reading-speed-wpm-book-time.json","US","leer-rapido-palabras-por-minuto-tiempo-libro","true","","3","3","3","3","3","true","true","approved","passed"
"https://hacecuentas.com/en/recipe-scaling-calculator","src/content/calcs-en/recipe-scaling-calculator.json","US","recipe-scaling-calculator","true","","4","2","3","3","3","true","true","approved","passed"
"https://hacecuentas.com/en/recommended-ram-by-use-case","src/content/calcs-en/recommended-ram-by-use-case.json","US","ram-recomendada-uso-computadora","true","","3","2","2","2","2","true","true","approved","passed"
"https://hacecuentas.com/en/recommended-sleep-hours-by-age","src/content/calcs-en/recommended-sleep-hours-by-age.json","US","horas-sueno-hijo-edad-recomendadas","true","","6","4","5","5","5","true","true","approved","passed"
"https://hacecuentas.com/en/redshift-radial-velocity","src/content/calcs-en/redshift-radial-velocity.json","US","redshift-velocidad-radial","true","","4","4","4","4","4","true","true","approved","passed"
"https://hacecuentas.com/en/registro-dnrpa-auto-0km-arancel","src/content/calcs-en/registro-dnrpa-auto-0km-arancel.json","US","registro-dnrpa-auto-0km-arancel","true","","2","2","2","1","2","true","true","approved","passed"
"https://hacecuentas.com/en/rule-of-72-calculator","src/content/calcs-en/regla-72.json","US","regla-72-duplicar-dinero","true","","4","0","2","2","2","false","false","pending","passed"
"https://hacecuentas.com/en/rule-of-three-calculator","src/content/calcs-en/regla-tres.json","US","regla-tres","true","","3","2","2","2","2","true","true","approved","passed"
"https://hacecuentas.com/en/rent-to-own-property-calculator","src/content/calcs-en/rent-to-own-property-calculator.json","US","alquiler-con-opcion-a-compra-leasing-inmueble","true","","3","1","3","3","3","true","true","approved","passed"
"https://hacecuentas.com/en/rent-vs-buy-5-year-calculator","src/content/calcs-en/rent-vs-buy-5-year-calculator.json","US","rent-vs-buy-5-year-calculator","true","","5","5","5","5","5","true","true","approved","passed"
"https://hacecuentas.com/en/rental-deposit-months-return","src/content/calcs-en/rental-deposit-months-return.json","US","depositos-alquiler-cuantos-meses-devolucion","true","","3","2","2","2","2","true","true","approved","passed"
"https://hacecuentas.com/en/rental-guarantee-insurance-monthly-cost","src/content/calcs-en/rental-guarantee-insurance-monthly-cost.json","US","seguro-caucion-alquiler-costo-mensual","true","","3","2","3","3","3","true","true","approved","passed"
"https://hacecuentas.com/en/rest-between-sets-intensity","src/content/calcs-en/rest-between-sets-intensity.json","US","tiempo-descanso-ejercicio-intensidad","true","","6","4","6","4","6","true","true","approved","passed"
"https://hacecuentas.com/en/rice-grams-per-person","src/content/calcs-en/rice-grams-per-person.json","US","porcion-arroz-personas","true","","3","1","2","1","2","true","true","approved","passed"
"https://hacecuentas.com/en/rice-portions-per-person-side-dish","src/content/calcs-en/rice-portions-per-person-side-dish.json","US","porciones-arroz-por-persona-guarnicion","true","","4","2","3","3","3","true","true","approved","passed"
"https://hacecuentas.com/en/richter-scale-magnitude-energy","src/content/calcs-en/richter-scale-magnitude-energy.json","US","escala-richter-magnitud-energia","true","","5","3","3","3","3","true","true","approved","passed"
"https://hacecuentas.com/en/ring-size-finger","src/content/calcs-en/ring-size-finger.json","US","talla-anillo-dedo","true","","3","0","1","1","1","false","false","pending","passed"
"https://hacecuentas.com/en/risk-reward-ratio-trade","src/content/calcs-en/risk-reward-ratio-trade.json","US","risk-reward-ratio-trade","true","","14","3","12","12","12","true","true","approved","passed"
"https://hacecuentas.com/en/one-rep-max-calculator","src/content/calcs-en/rm.json","US","rm","true","","5","4","4","1","4","true","true","approved","passed"
"https://hacecuentas.com/en/road-trip-time-distance-calculator","src/content/calcs-en/road-trip-time-distance-calculator.json","US","road-trip-time-distance-calculator","true","","4","1","3","3","3","true","true","approved","passed"
"https://hacecuentas.com/en/roi-calculator","src/content/calcs-en/roi-calculator.json","US","roi-calculator","true","","11","2","10","10","10","true","true","approved","passed"
"https://hacecuentas.com/en/roof-waterproofing-kg-m2-calculator","src/content/calcs-en/roof-waterproofing-kg-m2-calculator.json","US","impermeabilizante-techo-kg-m2","true","","3","2","2","2","2","true","true","approved","passed"
"https://hacecuentas.com/en/roth-vs-traditional-ira-calculator","src/content/calcs-en/roth-vs-traditional-ira-calculator.json","US","roth-vs-traditional-ira-calculator","true","","9","6","7","7","7","true","true","approved","passed"
"https://hacecuentas.com/en/rough-plaster-mortar-calculator","src/content/calcs-en/rough-plaster-mortar-calculator.json","US","revoque-grueso-m3-m2","true","","3","3","3","3","3","true","true","approved","passed"
"https://hacecuentas.com/en/rpe-rir-training-percentage","src/content/calcs-en/rpe-rir-training-percentage.json","US","rpe-rir-series-entrenamiento-porcentaje","true","","4","4","4","3","4","true","true","approved","passed"
"https://hacecuentas.com/en/rugby-handicap-points-relegation-average","src/content/calcs-en/rugby-handicap-points-relegation-average.json","US","rugby-handicap-puntos-descenso-promedio","true","","3","2","2","2","2","true","true","approved","passed"
"https://hacecuentas.com/en/rule-of-three-simple-direct-inverse","src/content/calcs-en/rule-of-three-simple-direct-inverse.json","US","regla-de-tres-simple-directa-inversa","true","","3","1","1","1","1","true","true","approved","passed"
"https://hacecuentas.com/en/running-10-percent-rule","src/content/calcs-en/running-10-percent-rule.json","US","carga-semanal-running-regla-10","true","","3","2","2","2","2","true","true","approved","passed"
"https://hacecuentas.com/en/safe-deposit-box-bank-cost-comparison","src/content/calcs-en/safe-deposit-box-bank-cost-comparison.json","US","caja-seguridad-banco-comparativa-mensual","true","","16","15","15","13","13","false","false","pending","passed"
"https://hacecuentas.com/en/sales-tax-calculator","src/content/calcs-en/sales-tax-calculator.json","US","sales-tax-calculator","true","","3","3","3","2","3","true","true","approved","passed"
"https://hacecuentas.com/en/savings-goal-monthly-amount-calculator","src/content/calcs-en/savings-goal-monthly-amount-calculator.json","US","savings-goal-monthly-amount-calculator","true","","4","4","4","4","4","true","true","approved","passed"
"https://hacecuentas.com/en/scale-vanilla-pound-cake-recipe","src/content/calcs-en/scale-vanilla-pound-cake-recipe.json","US","ingredientes-budin-vainilla-casero-adaptar","true","","4","2","3","3","3","true","true","approved","passed"
"https://hacecuentas.com/en/scholarship-minimum-gpa-requirement","src/content/calcs-en/scholarship-minimum-gpa-requirement.json","US","beca-promedio-minimo-requisito-universidades","true","","5","4","4","3","4","true","true","approved","passed"
"https://hacecuentas.com/en/screen-ppi-pixel-density","src/content/calcs-en/screen-ppi-pixel-density.json","US","densidad-pixeles-pantalla-ppi-retina","true","","2","2","2","2","2","true","true","approved","passed"
"https://hacecuentas.com/en/screen-time-recommendations-by-age","src/content/calcs-en/screen-time-recommendations-by-age.json","US","horas-pantalla-edad-oms-recomendado-nino","true","","5","2","3","3","3","true","true","approved","passed"
"https://hacecuentas.com/en/seed-germination-days-temperature","src/content/calcs-en/seed-germination-days-temperature.json","US","germinacion-tiempo-temperatura","true","","3","2","3","3","3","true","true","approved","passed"
"https://hacecuentas.com/en/semillas-por-m2-huerta","src/content/calcs-en/semillas-por-m2-huerta.json","US","semillas-por-m2-huerta","true","","3","1","2","1","2","true","true","approved","passed"
"https://hacecuentas.com/en/servo-pwm-angle","src/content/calcs-en/servo-pwm-angle.json","US","servo-pwm-angulo","true","","2","2","2","2","2","true","true","approved","passed"
"https://hacecuentas.com/en/sharpe-ratio-backtest-calculator","src/content/calcs-en/sharpe-ratio-backtest-calculator.json","US","backtest-estrategia-trading-sharpe-ratio","true","","3","2","3","3","3","true","true","approved","passed"
"https://hacecuentas.com/en/side-hustle-tax-savings-calculator","src/content/calcs-en/side-hustle-tax-savings-calculator.json","US","side-hustle-tax-savings-calculator","true","","8","7","7","7","7","true","true","approved","passed"
"https://hacecuentas.com/en/simple-interest-vs-compound-comparison","src/content/calcs-en/simple-interest-vs-compound-comparison.json","US","simple-interest-vs-compound-comparison","true","","5","4","5","5","5","true","true","approved","passed"
"https://hacecuentas.com/en/simple-linear-regression-least-squares","src/content/calcs-en/simple-linear-regression-least-squares.json","US","regresion-lineal-minimos-cuadrados","true","","4","4","4","4","4","true","true","approved","passed"
"https://hacecuentas.com/en/simple-pendulum-period","src/content/calcs-en/simple-pendulum-period.json","US","pendulo-simple-periodo","true","","3","3","3","3","3","true","true","approved","passed"
"https://hacecuentas.com/en/sine-cosine-tangent-angle-calculator","src/content/calcs-en/sine-cosine-tangent-angle-calculator.json","US","seno-coseno-tangente-angulo-triangulo","true","","3","3","3","3","3","true","true","approved","passed"
"https://hacecuentas.com/en/sla-uptime-downtime-calculator","src/content/calcs-en/sla-uptime-downtime-calculator.json","US","uptime-servidor-nueve-nueves-minutos","true","","3","3","3","3","3","true","true","approved","passed"
"https://hacecuentas.com/en/snells-law-refraction","src/content/calcs-en/snells-law-refraction.json","US","angulo-refraccion-snell","true","","3","3","3","2","3","true","true","approved","passed"
"https://hacecuentas.com/en/solar-panel-kw-home-calculator","src/content/calcs-en/solar-panel-kw-home-calculator.json","US","panel-solar-kw-consumo-hogar-autoconsumo","true","","5","3","4","3","4","true","true","approved","passed"
"https://hacecuentas.com/en/specific-heat-calculator","src/content/calcs-en/specific-heat-calculator.json","US","calor-especifico-delta-t","true","","6","2","3","3","3","true","true","approved","passed"
"https://hacecuentas.com/en/speed-conversion-kmh-mph-knots","src/content/calcs-en/speed-conversion-kmh-mph-knots.json","US","conversion-velocidad-kmh-mph-nudos","true","","5","5","5","5","5","true","true","approved","passed"
"https://hacecuentas.com/en/speed-reading-progress-improvement","src/content/calcs-en/speed-reading-progress-improvement.json","US","speed-reading-ejercicios-meses-mejora","true","","2","2","2","2","2","true","true","approved","passed"
"https://hacecuentas.com/en/spf-sun-protection-minutes-skin-type","src/content/calcs-en/spf-sun-protection-minutes-skin-type.json","US","spf-proteccion-solar-minutos-piel","true","","3","3","3","3","3","true","true","approved","passed"
"https://hacecuentas.com/en/sphere-volume-surface-area","src/content/calcs-en/sphere-volume-surface-area.json","US","volumen-superficie-esfera-radio","true","","3","3","3","3","3","true","true","approved","passed"
"https://hacecuentas.com/en/split-ac-btu-calculator","src/content/calcs-en/split-ac-btu-calculator.json","US","aire-acondicionado-btu-split","true","","4","2","2","2","2","true","true","approved","passed"
"https://hacecuentas.com/en/square-feet-to-square-meters-real-estate","src/content/calcs-en/square-feet-to-square-meters-real-estate.json","US","conversion-pie-cuadrado-metro-bienes-raices","true","","3","3","3","3","3","true","true","approved","passed"
"https://hacecuentas.com/en/srs-next-review-calculator","src/content/calcs-en/srs-next-review-calculator.json","US","repaso-srs-dias-proximo-card","true","","3","3","3","3","3","true","true","approved","passed"
"https://hacecuentas.com/en/stair-calculator-blondel-rule","src/content/calcs-en/stair-calculator-blondel-rule.json","US","escalera-huella-contrahuella-ley-blondel","true","","23","19","19","19","19","true","true","approved","passed"
"https://hacecuentas.com/en/staking-ethereum-yield-apy","src/content/calcs-en/staking-ethereum-yield-apy.json","US","staking-ethereum-rendimiento-apy","true","","7","5","7","3","7","true","true","approved","passed"
"https://hacecuentas.com/en/standard-deviation-variance-calculator","src/content/calcs-en/standard-deviation-variance-calculator.json","US","desvio-estandar-varianza-conjunto","true","","3","2","2","2","2","true","true","approved","passed"
"https://hacecuentas.com/en/steel-kg-m2-slab","src/content/calcs-en/steel-kg-m2-slab.json","US","acero-kg-m2-losa","true","","4","3","3","3","3","true","true","approved","passed"
"https://hacecuentas.com/en/stepper-pasos-grado","src/content/calcs-en/stepper-pasos-grado.json","US","stepper-pasos-grado","true","","3","1","2","2","2","true","true","approved","passed"
"https://hacecuentas.com/en/stock-options-vesting-tech-startup","src/content/calcs-en/stock-options-vesting-tech-startup.json","US","stock-options-vesting-tech-startup","true","","4","2","3","3","3","true","true","approved","passed"
"https://hacecuentas.com/en/stopping-distance-speed-friction","src/content/calcs-en/stopping-distance-speed-friction.json","US","distancia-frenado-velocidad-adhesion","true","","2","1","2","0","2","false","false","pending","passed"
"https://hacecuentas.com/en/streaming-carbon-emissions-calculator","src/content/calcs-en/streaming-carbon-emissions-calculator.json","US","huella-carbono-streaming-video-horas","true","","2","2","2","1","2","true","true","approved","passed"
"https://hacecuentas.com/en/student-loan-payoff-time-calculator","src/content/calcs-en/student-loan-payoff-time-calculator.json","US","student-loan-payoff-time-calculator","true","","4","2","2","2","2","true","true","approved","passed"
"https://hacecuentas.com/en/study-abroad-costs-budget","src/content/calcs-en/study-abroad-costs-budget.json","US","presupuesto-estudiar-exterior-universidad","true","","4","3","3","0","3","false","false","pending","passed"
"https://hacecuentas.com/en/subcutaneous-visceral-fat-difference","src/content/calcs-en/subcutaneous-visceral-fat-difference.json","US","grasa-subcutanea-visceral-total-diferencia","true","","5","3","5","5","5","true","true","approved","passed"
"https://hacecuentas.com/en/swimming-pace-100m","src/content/calcs-en/swimming-pace-100m.json","US","pace-natacion-100m-ritmo","true","","3","2","2","2","2","true","true","approved","passed"
"https://hacecuentas.com/en/swolf-swimming-index","src/content/calcs-en/swolf-swimming-index.json","US","swolf-natacion-indice","true","","2","1","1","1","1","true","true","approved","passed"
"https://hacecuentas.com/en/tdee-mifflin-st-jeor","src/content/calcs-en/tdee-mifflin-st-jeor.json","US","tdee-calculadora-mifflin-st-jeor","true","","8","6","6","4","6","true","true","approved","passed"
"https://hacecuentas.com/en/teacher-competition-scoring-calculator","src/content/calcs-en/teacher-competition-scoring-calculator.json","US","concurso-docente-puntaje-antecedentes-baires","true","","4","2","3","3","3","true","true","approved","passed"
"https://hacecuentas.com/en/thermal-k-minimum-zone","src/content/calcs-en/thermal-k-minimum-zone.json","US","aislacion-termica-k-minimo-zona","true","","5","5","5","2","4","true","true","approved","passed"
"https://hacecuentas.com/en/thesis-writing-time-word-count","src/content/calcs-en/thesis-writing-time-word-count.json","US","tesis-palabras-tiempo-necesario-elaboracion","true","","3","2","3","3","3","true","true","approved","passed"
"https://hacecuentas.com/en/thin-lens-equation-calculator","src/content/calcs-en/thin-lens-equation-calculator.json","US","distancia-focal-lente-delgada","true","","3","2","2","2","2","true","true","approved","passed"
"https://hacecuentas.com/en/time-card-hours-worked-calculator","src/content/calcs-en/time-card-hours-worked-calculator.json","US","time-card-hours-worked-calculator","true","","4","4","4","4","4","true","true","approved","passed"
"https://hacecuentas.com/en/timing-belt-change-interval-km","src/content/calcs-en/timing-belt-change-interval-km.json","US","correa-distribucion-cambio-intervalo-km","true","","2","1","2","0","2","false","false","pending","passed"
"https://hacecuentas.com/en/tip-by-state-bill-calculator","src/content/calcs-en/tip-by-state-bill-calculator.json","US","tip-by-state-bill-calculator","true","","5","3","5","5","5","true","true","approved","passed"
"https://hacecuentas.com/en/tir-van-inversion","src/content/calcs-en/tir-van-inversion.json","US","tir-van","true","","3","3","3","3","3","true","true","approved","passed"
"https://hacecuentas.com/en/tire-diameter-calculator","src/content/calcs-en/tire-diameter-calculator.json","US","conversion-medida-neumatico-radio-diametro","true","","6","5","6","4","5","true","true","approved","passed"
"https://hacecuentas.com/en/tire-pressure-psi-bar-conversion","src/content/calcs-en/tire-pressure-psi-bar-conversion.json","US","presion-neumatico-psi-bar-auto","true","","4","3","4","4","4","true","true","approved","passed"
"https://hacecuentas.com/en/total-employment-cost-with-taxes","src/content/calcs-en/total-employment-cost-with-taxes.json","US","costo-laboral-total-empleador-cargas","true","","12","12","12","9","12","true","true","approved","passed"
"https://hacecuentas.com/en/trail-running-elevation-pace-adjustment","src/content/calcs-en/trail-running-elevation-pace-adjustment.json","US","trail-running-desnivel-ritmo-ajustado","true","","3","1","1","1","1","true","true","approved","passed"
"https://hacecuentas.com/en/transfer-car-registration-province","src/content/calcs-en/transfer-car-registration-province.json","US","titularidad-caratular-auto-trasladar-provincia","true","","37","35","35","34","35","true","true","approved","passed"
"https://hacecuentas.com/en/triangle-area-herons-formula","src/content/calcs-en/triangle-area-herons-formula.json","US","area-triangulo-heron-tres-lados","true","","3","3","3","2","3","true","true","approved","passed"
"https://hacecuentas.com/en/triglyceride-levels-normal-high","src/content/calcs-en/triglyceride-levels-normal-high.json","US","trigliceridos-valores-normales-riesgo","true","","4","4","4","4","4","true","true","approved","passed"
"https://hacecuentas.com/en/trip-fuel-cost-calculator","src/content/calcs-en/trip-fuel-cost-calculator.json","US","costo-viaje-combustible-kilometros","true","","4","4","4","4","4","true","true","approved","passed"
"https://hacecuentas.com/en/ttl-dns-registro-cache-propagacion","src/content/calcs-en/ttl-dns-registro-cache-propagacion.json","US","ttl-dns-registro-cache-propagacion","true","","4","4","4","4","4","true","true","approved","passed"
"https://hacecuentas.com/en/uba-cbc-requirements","src/content/calcs-en/uba-cbc-requirements.json","US","cbc-uba-materias-regularidad-requisitos","true","","2","0","0","0","0","false","false","pending","passed"
"https://hacecuentas.com/en/uba-xxi-nota-final-promedio","src/content/calcs-en/uba-xxi-nota-final-promedio.json","US","uba-xxi-nota-final-promedio","true","","2","1","1","1","1","true","true","approved","passed"
"https://hacecuentas.com/en/unit-converter","src/content/calcs-en/unit-converter.json","US","unit-converter","true","","3","2","2","2","2","true","true","approved","passed"
"https://hacecuentas.com/en/ups-backup-runtime","src/content/calcs-en/ups-backup-runtime.json","US","autonomia-ups-tiempo-respaldo-servidor","true","","4","4","4","4","4","true","true","approved","passed"
"https://hacecuentas.com/en/us-b1-b2-tourist-visa-cost","src/content/calcs-en/us-b1-b2-tourist-visa-cost.json","US","visa-turismo-usa-ee-uu-costo-b1-b2","true","","3","1","2","0","2","false","false","pending","passed"
"https://hacecuentas.com/en/usb-transfer-time-calculator","src/content/calcs-en/usb-transfer-time-calculator.json","US","velocidad-usb-transferencia-archivo","true","","3","1","2","2","2","true","true","approved","passed"
"https://hacecuentas.com/en/usd-broker-investment-calculator","src/content/calcs-en/usd-broker-investment-calculator.json","US","inversion-dolarizada-cocos-balanz-rendimiento","true","","5","4","5","4","5","true","true","approved","passed"
"https://hacecuentas.com/en/usda-hardiness-zone","src/content/calcs-en/usda-hardiness-zone.json","US","zona-usda-clima","true","","5","3","3","2","3","true","true","approved","passed"
"https://hacecuentas.com/en/usdt-vs-usdc-commission-exchange","src/content/calcs-en/usdt-vs-usdc-commission-exchange.json","US","usdt-vs-usdc-comision-exchange","true","","15","11","14","12","14","true","true","approved","passed"
"https://hacecuentas.com/en/used-car-depreciation-calculator","src/content/calcs-en/used-car-depreciation-calculator.json","US","auto-usado-valor-depreciacion-anos-antiguedad","true","","2","2","2","1","2","true","true","approved","passed"
"https://hacecuentas.com/en/used-car-transfer-cost","src/content/calcs-en/used-car-transfer-cost.json","US","costo-transferencia-auto-0km-usado","true","","1","1","1","0","1","false","false","pending","passed"
"https://hacecuentas.com/en/vacation-days-seniority-lct","src/content/calcs-en/vacation-days-seniority-lct.json","US","dias-vacaciones-ganadas-antiguedad-lct","true","","2","2","2","2","2","true","true","approved","passed"
"https://hacecuentas.com/en/vegan-diet-macros","src/content/calcs-en/vegan-diet-macros.json","US","macros-vegana-dieta","true","","6","5","6","5","6","true","true","approved","passed"
"https://hacecuentas.com/en/vegan-macro-calculator-plant-protein","src/content/calcs-en/vegan-macro-calculator-plant-protein.json","US","macros-vegano-proteina-vegetal-fuentes","true","","6","5","5","4","5","true","true","approved","passed"
"https://hacecuentas.com/en/ventilation-cfm-room","src/content/calcs-en/ventilation-cfm-room.json","US","ventilacion-cfm-ambiente","true","","4","1","1","1","1","true","true","approved","passed"
"https://hacecuentas.com/en/split-travel-expenses","src/content/calcs-en/viaje-dividir.json","US","viaje-dividir","true","","4","2","2","2","2","true","true","approved","passed"
"https://hacecuentas.com/en/video-storage-bitrate-duration","src/content/calcs-en/video-storage-bitrate-duration.json","US","almacenamiento-video-bitrate-duracion","true","","3","3","3","3","3","true","true","approved","passed"
"https://hacecuentas.com/en/vo2-max-cooper-12min-calculator","src/content/calcs-en/vo2-max-cooper-12min-calculator.json","US","vo2-max-cooper-12min-calculator","true","","4","2","3","2","3","true","true","approved","passed"
"https://hacecuentas.com/en/vocabulary-active-words-language-level","src/content/calcs-en/vocabulary-active-words-language-level.json","US","vocabulario-palabras-activas-nivel-idioma","true","","4","1","3","3","3","true","true","approved","passed"
"https://hacecuentas.com/en/vocabulary-level-calculator","src/content/calcs-en/vocabulary-level-calculator.json","US","vocabulario-idioma-palabras-nivel-conocido","true","","3","1","3","3","3","true","true","approved","passed"
"https://hacecuentas.com/en/vodka-fruit-infusion-time","src/content/calcs-en/vodka-fruit-infusion-time.json","US","vodka-infusion-frutas-tiempo","true","","2","1","2","2","2","true","true","approved","passed"
"https://hacecuentas.com/en/net-present-value-calculator","src/content/calcs-en/vpn.json","US","valor-presente-neto-vpn","true","","2","1","2","2","2","true","true","approved","passed"
"https://hacecuentas.com/en/water-heater-capacity-calculator","src/content/calcs-en/water-heater-capacity-calculator.json","US","calefon-termotanque-litros-personas","true","","3","2","2","2","1","true","true","approved","passed"
"https://hacecuentas.com/en/water-mineralization-coffee","src/content/calcs-en/water-mineralization-coffee.json","US","agua-mineralizacion-cafe","true","","3","2","3","1","3","true","true","approved","passed"
"https://hacecuentas.com/en/water-pipe-diameter-by-flow-rate","src/content/calcs-en/water-pipe-diameter-by-flow-rate.json","US","cano-agua-diametro-caudal","true","","3","2","2","2","2","true","true","approved","passed"
"https://hacecuentas.com/en/water-pump-power-watts","src/content/calcs-en/water-pump-power-watts.json","US","bombeo-cisterna-tanque-watts","true","","4","4","4","4","4","true","true","approved","passed"
"https://hacecuentas.com/en/water-tank-capacity-by-people","src/content/calcs-en/water-tank-capacity-by-people.json","US","tanque-agua-litros-personas","true","","3","1","1","1","1","true","true","approved","passed"
"https://hacecuentas.com/en/water-turtle-diet-weight-age","src/content/calcs-en/water-turtle-diet-weight-age.json","US","tortuga-agua-dieta-peso-edad","true","","4","3","3","2","3","true","true","approved","passed"
"https://hacecuentas.com/en/wave-frequency-wavelength-velocity","src/content/calcs-en/wave-frequency-wavelength-velocity.json","US","onda-longitud-frecuencia-velocidad","true","","3","2","2","2","2","true","true","approved","passed"
"https://hacecuentas.com/en/wedding-budget-allocation-calculator","src/content/calcs-en/wedding-budget-allocation-calculator.json","US","wedding-budget-allocation-calculator","true","","5","2","4","4","4","true","true","approved","passed"
"https://hacecuentas.com/en/wedding-carbon-footprint","src/content/calcs-en/wedding-carbon-footprint.json","US","huella-carbono-boda-evento","true","","5","3","3","3","3","true","true","approved","passed"
"https://hacecuentas.com/en/weekly-essay-writing-language-level","src/content/calcs-en/weekly-essay-writing-language-level.json","US","ensayos-semanales-mejorar-writing-idioma","true","","5","4","5","4","5","true","true","approved","passed"
"https://hacecuentas.com/en/weekly-hypertrophy-volume","src/content/calcs-en/weekly-hypertrophy-volume.json","US","volumen-semanal-hipertrofia-musculo-series","true","","3","3","3","3","3","true","true","approved","passed"
"https://hacecuentas.com/en/weekly-training-frequency-muscle-group","src/content/calcs-en/weekly-training-frequency-muscle-group.json","US","frecuencia-entrenamiento-grupo-muscular","true","","4","4","4","4","4","true","true","approved","passed"
"https://hacecuentas.com/en/weekly-volume-muscle-group","src/content/calcs-en/weekly-volume-muscle-group.json","US","volumen-semanal-series-grupo-muscular","true","","3","1","1","1","1","true","true","approved","passed"
"https://hacecuentas.com/en/weight-on-other-planets","src/content/calcs-en/weight-on-other-planets.json","US","peso-en-otro-planeta","true","","2","1","1","1","1","true","true","approved","passed"
"https://hacecuentas.com/en/weighted-average-calculator","src/content/calcs-en/weighted-average-calculator.json","US","promedio-ponderado-materias-creditos-universidad","true","","3","3","3","3","3","true","true","approved","passed"
"https://hacecuentas.com/en/weighted-average-cost-crypto","src/content/calcs-en/weighted-average-cost-crypto.json","US","precio-promedio-compra-cripto","true","","2","2","2","2","2","true","true","approved","passed"
"https://hacecuentas.com/en/when-to-prune-roses","src/content/calcs-en/when-to-prune-roses.json","US","podar-rosal-cuando-fecha","true","","23","20","20","19","19","true","true","approved","passed"
"https://hacecuentas.com/en/when-to-take-pregnancy-test","src/content/calcs-en/when-to-take-pregnancy-test.json","US","test-embarazo-cuando","true","","1","1","1","1","1","true","true","approved","passed"
"https://hacecuentas.com/en/wifi-optimal-channels-24-5-ghz","src/content/calcs-en/wifi-optimal-channels-24-5-ghz.json","US","wifi-canal-optimo-24-5-ghz","true","","4","4","4","2","4","true","true","approved","passed"
"https://hacecuentas.com/en/yield-farming-impermanent-loss-pool","src/content/calcs-en/yield-farming-impermanent-loss-pool.json","US","yield-farming-impermanent-loss-pool","true","","4","4","4","4","4","true","true","approved","passed"
"https://hacecuentas.com/en/yoga-calories-by-style","src/content/calcs-en/yoga-calories-by-style.json","US","yoga-calorias-estilo-vinyasa-hatha","true","","4","4","4","4","4","true","true","approved","passed"
"https://hacecuentas.com/en/zinc-daily-requirement","src/content/calcs-en/zinc-daily-requirement.json","US","zinc-diario-necesidad","true","","4","3","4","3","4","true","true","approved","passed"
"https://hacecuentas.com/pt/1rm-agachamento-estimador","src/content/calcs-pt/1rm-agachamento-estimador.json","BR","1rm-sentadilla-estimador","true","","3","1","2","2","1","true","true","approved","passed"
"https://hacecuentas.com/pt/1rm-levantamento-terra-estimador","src/content/calcs-pt/1rm-levantamento-terra-estimador.json","BR","1rm-peso-muerto-estimador","true","","4","3","3","3","2","true","true","approved","passed"
"https://hacecuentas.com/pt/1rm-supino-estimador","src/content/calcs-pt/1rm-supino-estimador.json","BR","1rm-press-banca-estimador","true","","2","1","2","2","2","true","true","approved","passed"
"https://hacecuentas.com/pt/abono-pecuniario-10-dias-ferias","src/content/calcs-pt/abono-pecuniario-10-dias-ferias.json","BR","abono-pecuniario-ferias","true","","4","4","4","4","4","true","true","approved","passed"
"https://hacecuentas.com/pt/abono-salarial-pis-pasep-elegibilidade-valor","src/content/calcs-pt/abono-salarial-pis-pasep-elegibilidade-valor.json","BR","abono-pis-pasep","true","","6","3","3","3","3","true","true","approved","passed"
"https://hacecuentas.com/pt/aco-kg-m2-laje","src/content/calcs-pt/aco-kg-m2-laje.json","BR","acero-kg-m2-losa","true","","4","1","2","2","2","true","true","approved","passed"
"https://hacecuentas.com/pt/adicional-noturno-20-porcento-clt","src/content/calcs-pt/adicional-noturno-20-porcento-clt.json","BR","adicional-noturno-clt","true","","7","4","4","4","4","true","true","approved","passed"
"https://hacecuentas.com/pt/aluguel-com-opcao-de-compra-leasing-imovel","src/content/calcs-pt/aluguel-com-opcao-de-compra-leasing-imovel.json","BR","alquiler-con-opcion-a-compra-leasing-inmueble","true","","5","3","4","4","4","true","true","approved","passed"
"https://hacecuentas.com/pt/aluguel-reajuste-ipca-anual-contrato","src/content/calcs-pt/aluguel-reajuste-ipca-anual-contrato.json","BR","aluguel-reajuste-ipca","true","","4","2","3","3","3","true","true","approved","passed"
"https://hacecuentas.com/pt/amortizacao-antecipada-reducao-prazo-parcela","src/content/calcs-pt/amortizacao-antecipada-reducao-prazo-parcela.json","BR","amortizacao-antecipada","true","","5","3","3","3","3","true","true","approved","passed"
"https://hacecuentas.com/pt/aplicativos-idioma-efetividade-comparacao-nivel","src/content/calcs-pt/aplicativos-idioma-efetividade-comparacao-nivel.json","BR","apps-idioma-efectividad-comparacion-nivel","true","","3","2","3","3","2","true","true","approved","passed"
"https://hacecuentas.com/pt/aposentadoria-inss-especial-insalubridade","src/content/calcs-pt/aposentadoria-inss-especial-insalubridade.json","BR","aposentadoria-inss-especial","true","","5","4","4","3","4","true","true","approved","passed"
"https://hacecuentas.com/pt/aposentadoria-inss-idade-65-mulher-62-homem","src/content/calcs-pt/aposentadoria-inss-idade-65-mulher-62-homem.json","BR","aposentadoria-inss-idade","true","","6","5","5","4","5","true","true","approved","passed"
"https://hacecuentas.com/pt/aposentadoria-inss-professor-redutor-5-anos","src/content/calcs-pt/aposentadoria-inss-professor-redutor-5-anos.json","BR","aposentadoria-professor-inss","true","","6","4","4","2","4","true","true","approved","passed"
"https://hacecuentas.com/pt/aposentadoria-inss-tempo-contribuicao-transicao","src/content/calcs-pt/aposentadoria-inss-tempo-contribuicao-transicao.json","BR","aposentadoria-inss-tempo-contrib","true","","4","3","3","2","3","true","true","approved","passed"
"https://hacecuentas.com/pt/aposentadoria-inss-transicao-idade-progressiva","src/content/calcs-pt/aposentadoria-inss-transicao-idade-progressiva.json","BR","aposentadoria-inss-idade-progressiva","true","","4","3","3","3","3","true","true","approved","passed"
"https://hacecuentas.com/pt/aposentadoria-inss-transicao-pedagio-100","src/content/calcs-pt/aposentadoria-inss-transicao-pedagio-100.json","BR","aposentadoria-inss-pedagio-100","true","","5","4","4","3","4","true","true","approved","passed"
"https://hacecuentas.com/pt/aposentadoria-inss-transicao-pedagio-50","src/content/calcs-pt/aposentadoria-inss-transicao-pedagio-50.json","BR","aposentadoria-inss-pedagio-50","true","","4","3","3","3","3","true","true","approved","passed"
"https://hacecuentas.com/pt/aposentadoria-inss-transicao-pontos","src/content/calcs-pt/aposentadoria-inss-transicao-pontos.json","BR","aposentadoria-inss-pontos","true","","4","3","3","3","3","true","true","approved","passed"
"https://hacecuentas.com/pt/aquario-litros-peixes","src/content/calcs-pt/aquario-litros-peixes.json","BR","pecera-litros-peces-cantidad-m2","true","","5","4","5","5","4","true","true","approved","passed"
"https://hacecuentas.com/pt/area-triangulo-heron-tres-lados","src/content/calcs-pt/area-triangulo-heron-tres-lados.json","BR","area-triangulo-heron-tres-lados","true","","3","2","2","2","2","true","true","approved","passed"
"https://hacecuentas.com/pt/aulas-semanais-italki-online-frequencia","src/content/calcs-pt/aulas-semanais-italki-online-frequencia.json","BR","clases-semanales-italki-online-frecuencia","true","","3","3","3","3","3","true","true","approved","passed"
"https://hacecuentas.com/pt/auxilio-brasil-substituto-bolsa-familia-atual","src/content/calcs-pt/auxilio-brasil-substituto-bolsa-familia-atual.json","BR","auxilio-brasil","true","","5","3","4","4","4","true","true","approved","passed"
"https://hacecuentas.com/pt/auxilio-doenca-inss-91-porcento-beneficio","src/content/calcs-pt/auxilio-doenca-inss-91-porcento-beneficio.json","BR","auxilio-doenca-inss","true","","9","5","5","3","5","true","true","approved","passed"
"https://hacecuentas.com/pt/bandwidth-streaming-bitrate-resolucao-youtube","src/content/calcs-pt/bandwidth-streaming-bitrate-resolucao-youtube.json","BR","bandwidth-streaming-bitrate-resolucion-youtube","true","","3","2","2","2","2","true","true","approved","passed"
"https://hacecuentas.com/pt/bateria-autonomia-ah","src/content/calcs-pt/bateria-autonomia-ah.json","BR","bateria-capacidad-runtime-ah","true","","3","3","3","3","3","true","true","approved","passed"
"https://hacecuentas.com/pt/biberon-ml-idade","src/content/calcs-pt/biberon-ml-idade.json","BR","formula-infantil-biberon-edad-ml-dia","true","","6","3","3","3","2","true","true","approved","passed"
"https://hacecuentas.com/pt/blw-introducao-alimentos","src/content/calcs-pt/blw-introducao-alimentos.json","BR","introduccion-alimentos-blw-edad-etapa-6meses","true","","3","1","1","1","1","true","true","approved","passed"
"https://hacecuentas.com/pt/bolsa-familia-valor-por-familia-2026","src/content/calcs-pt/bolsa-familia-valor-por-familia-2026.json","BR","bolsa-familia-valor","true","","5","3","3","3","3","true","true","approved","passed"
"https://hacecuentas.com/pt/bpc-idoso-deficiente-salario-minimo","src/content/calcs-pt/bpc-idoso-deficiente-salario-minimo.json","BR","bpc-idoso-deficiente","true","","7","4","4","3","4","true","true","approved","passed"
"https://hacecuentas.com/pt/cafe-moido-por-xicara","src/content/calcs-pt/cafe-moido-por-xicara.json","BR","cafe-molido-taza-metodo-preparacion","true","","3","3","3","2","3","true","true","approved","passed"
"https://hacecuentas.com/pt/calculadora-13-salario-liquido-bruto-clt","src/content/calcs-pt/calculadora-13-salario-liquido-bruto-clt.json","BR","13-salario-liquido-bruto-clt","true","","8","4","4","4","4","true","true","approved","passed"
"https://hacecuentas.com/pt/calculadora-aposentadoria-inss-2026-tempo-contribuicao","src/content/calcs-pt/calculadora-aposentadoria-inss-2026-tempo-contribuicao.json","BR","aposentadoria-inss-2026-tempo-contribuicao","true","","6","5","5","3","5","true","true","approved","passed"
"https://hacecuentas.com/pt/calculadora-data-parto-dum-naegele-portugues","src/content/calcs-pt/calculadora-data-parto-dum-naegele-portugues.json","BR","data-parto-dum-naegele-portugues","true","","4","2","2","1","1","true","true","approved","passed"
"https://hacecuentas.com/pt/calculadora-energia-cinetica","src/content/calcs-pt/calculadora-energia-cinetica.json","BR","energia-cinetica-ec","true","","3","1","1","1","1","true","true","approved","passed"
"https://hacecuentas.com/pt/calculadora-ferias-1-3-empregado-clt","src/content/calcs-pt/calculadora-ferias-1-3-empregado-clt.json","BR","ferias-1-3-empregado-clt","true","","4","4","4","4","4","true","true","approved","passed"
"https://hacecuentas.com/pt/calculadora-financiamento-imovel-prestacao-sac-price","src/content/calcs-pt/calculadora-financiamento-imovel-prestacao-sac-price.json","BR","financiamento-imovel-prestacao-sac-price","true","","5","3","3","3","3","true","true","approved","passed"
"https://hacecuentas.com/pt/calculadora-financiamento-veiculo-cdc-banco","src/content/calcs-pt/calculadora-financiamento-veiculo-cdc-banco.json","BR","financiamento-veiculo-cdc-banco","true","","6","6","6","6","6","true","true","approved","passed"
"https://hacecuentas.com/pt/calculadora-goose-agente-ia-vs-operario-humano-custo","src/content/calcs-pt/calculadora-goose-agente-ia-vs-operario-humano-custo.json","BR","goose-agente-ia-vs-operario-humano-custo","true","","3","2","2","2","2","true","true","approved","passed"
"https://hacecuentas.com/pt/calculadora-imc-tabela-oms-classificacao","src/content/calcs-pt/calculadora-imc-tabela-oms-classificacao.json","BR","imc-tabela-oms-classificacao","true","","4","3","3","3","3","true","true","approved","passed"
"https://hacecuentas.com/pt/calculadora-imposto-renda-2026-brasil-completa-simplificada","src/content/calcs-pt/calculadora-imposto-renda-2026-brasil-completa-simplificada.json","BR","imposto-renda-2026-brasil-completa-simplificada","true","","4","2","2","2","2","true","true","approved","passed"
"https://hacecuentas.com/pt/calculadora-juros-compostos-investimento-mensal","src/content/calcs-pt/calculadora-juros-compostos-investimento-mensal.json","BR","juros-compostos-investimento-mensal","true","","5","2","4","4","4","true","true","approved","passed"
"https://hacecuentas.com/pt/calculadora-macros-emagrecimento-ganho-massa","src/content/calcs-pt/calculadora-macros-emagrecimento-ganho-massa.json","BR","macros-emagrecimento-ganho-massa","true","","6","5","6","4","6","true","true","approved","passed"
"https://hacecuentas.com/pt/calculadora-mei-brasil-limite-faturamento-2026-categoria","src/content/calcs-pt/calculadora-mei-brasil-limite-faturamento-2026-categoria.json","BR","mei-brasil-limite-faturamento-2026-categoria","true","","7","7","7","7","7","true","true","approved","passed"
"https://hacecuentas.com/pt/calculadora-rentabilidade-cdb-poupanca-tesouro","src/content/calcs-pt/calculadora-rentabilidade-cdb-poupanca-tesouro.json","BR","rentabilidade-cdb-poupanca-tesouro","true","","5","1","2","2","2","true","true","approved","passed"
"https://hacecuentas.com/pt/calculadora-rescisao-clt-completa-aviso-multa","src/content/calcs-pt/calculadora-rescisao-clt-completa-aviso-multa.json","BR","rescisao-clt-completa-aviso-multa","true","","5","4","4","4","4","true","true","approved","passed"
"https://hacecuentas.com/pt/calculadora-tmb-mifflin-st-jeor-portugues","src/content/calcs-pt/calculadora-tmb-mifflin-st-jeor-portugues.json","BR","tmb-mifflin-st-jeor-portugues","true","","5","2","2","1","2","true","true","approved","passed"
"https://hacecuentas.com/pt/caldeira-kw-m2-aquecimento","src/content/calcs-pt/caldeira-kw-m2-aquecimento.json","BR","caldera-kw-m2-calefaccion","true","","5","3","3","3","1","true","true","approved","passed"
"https://hacecuentas.com/pt/calendario-plantio-hemisferio-sul","src/content/calcs-pt/calendario-plantio-hemisferio-sul.json","BR","calendario-siembra-hemisferio-sur","true","","4","2","3","3","3","true","true","approved","passed"
"https://hacecuentas.com/pt/capacidade-carga-pickup-peso-util","src/content/calcs-pt/capacidade-carga-pickup-peso-util.json","BR","capacidad-carga-camioneta-peso-util","true","","4","1","1","1","1","true","true","approved","passed"
"https://hacecuentas.com/pt/cbc-uba-materias-regularidade-requisitos","src/content/calcs-pt/cbc-uba-materias-regularidade-requisitos.json","BR","cbc-uba-materias-regularidad-requisitos","true","","2","0","0","0","0","false","false","pending","passed"
"https://hacecuentas.com/pt/cdb-rendimento-liquido-ir-regressivo","src/content/calcs-pt/cdb-rendimento-liquido-ir-regressivo.json","BR","cdb-rendimento-liquido","true","","5","4","4","3","4","true","true","approved","passed"
"https://hacecuentas.com/pt/cedears-razao-conversao-apple-microsoft","src/content/calcs-pt/cedears-razao-conversao-apple-microsoft.json","BR","cedears-ratio-conversion-apple-microsoft","true","","3","1","1","1","1","true","true","approved","passed"
"https://hacecuentas.com/pt/cet-emprestimo-pessoal-juros-total","src/content/calcs-pt/cet-emprestimo-pessoal-juros-total.json","BR","cet-emprestimo-pessoal","true","","6","6","6","5","6","true","true","approved","passed"
"https://hacecuentas.com/pt/chocolate-bombons-caseiro-receita","src/content/calcs-pt/chocolate-bombons-caseiro-receita.json","BR","kilos-chocolate-casero-bombones-receta","true","","3","2","2","2","2","true","true","approved","passed"
"https://hacecuentas.com/pt/claude-gemini-tokens-comparacao-preco-uso","src/content/calcs-pt/claude-gemini-tokens-comparacao-preco-uso.json","BR","claude-gemini-tokens-comparativa-precio-uso","true","","3","2","3","3","3","true","true","approved","passed"
"https://hacecuentas.com/pt/coelho-comida-feno-peso-idade","src/content/calcs-pt/coelho-comida-feno-peso-idade.json","BR","conejo-comida-heno-peso-edad","true","","4","4","4","2","4","true","true","approved","passed"
"https://hacecuentas.com/pt/colheita-esperada-horta-kg","src/content/calcs-pt/colheita-esperada-horta-kg.json","BR","cosecha-esperada-huerta-kg","true","","4","3","4","4","4","true","true","approved","passed"
"https://hacecuentas.com/pt/combinacoes-n-tomados-k-cnk","src/content/calcs-pt/combinacoes-n-tomados-k-cnk.json","BR","combinaciones-n-tomados-k-cnk","true","","4","4","4","4","3","true","true","approved","passed"
"https://hacecuentas.com/pt/consumo-geladeira-anual-kwh","src/content/calcs-pt/consumo-geladeira-anual-kwh.json","BR","consumo-heladera-anual-kwh","true","","4","1","2","1","2","true","true","approved","passed"
"https://hacecuentas.com/pt/contrato-aluguel-2-anos-vs-3-anos","src/content/calcs-pt/contrato-aluguel-2-anos-vs-3-anos.json","BR","contrato-alquiler-2-anios-vs-3-anios","true","","4","2","3","3","3","true","true","approved","passed"
"https://hacecuentas.com/pt/conversao-colher-cha-gramas","src/content/calcs-pt/conversao-colher-cha-gramas.json","BR","conversion-cucharaditas-gramos-especias-sal","true","","4","1","2","1","1","true","true","approved","passed"
"https://hacecuentas.com/pt/conversao-cups-gramas-farinha-acucar-oleo","src/content/calcs-pt/conversao-cups-gramas-farinha-acucar-oleo.json","BR","conversion-cups-gramos-harina-azucar-aceite","true","","3","2","2","1","2","true","true","approved","passed"
"https://hacecuentas.com/pt/conversao-medida-pneu-diametro","src/content/calcs-pt/conversao-medida-pneu-diametro.json","BR","conversion-medida-neumatico-radio-diametro","true","","3","1","1","1","1","true","true","approved","passed"
"https://hacecuentas.com/pt/conversao-quintal-tonelada-kg-agro","src/content/calcs-pt/conversao-quintal-tonelada-kg-agro.json","BR","conversion-quintal-tonelada-kg-agro","true","","4","3","3","2","2","true","true","approved","passed"
"https://hacecuentas.com/pt/conversao-temperaturas-forno-gas-eletrico","src/content/calcs-pt/conversao-temperaturas-forno-gas-eletrico.json","BR","conversion-temperaturas-horno-gas-electrico","true","","3","1","1","1","1","true","true","approved","passed"
"https://hacecuentas.com/pt/conversao-torque-nm-lb-ft-kgm","src/content/calcs-pt/conversao-torque-nm-lb-ft-kgm.json","BR","conversion-torque-nm-lb-ft-kgm","true","","2","1","1","1","1","true","true","approved","passed"
"https://hacecuentas.com/pt/conversao-velocidade-kmh-mph-nos","src/content/calcs-pt/conversao-velocidade-kmh-mph-nos.json","BR","conversion-velocidad-kmh-mph-nudos","true","","3","1","1","1","1","true","true","approved","passed"
"https://hacecuentas.com/pt/conversor-idade-cachorro-gato-humana","src/content/calcs-pt/conversor-idade-cachorro-gato-humana.json","BR","envejecer-mascota-humano-tabla-raza-tamano","true","","2","1","2","2","2","true","true","approved","passed"
"https://hacecuentas.com/pt/crossfit-fran-benchmark-tempo-rx","src/content/calcs-pt/crossfit-fran-benchmark-tempo-rx.json","BR","crossfit-fran-benchmark-tiempo-rx","true","","3","3","3","2","3","true","true","approved","passed"
"https://hacecuentas.com/pt/custo-mensal-aprender-idioma-opcoes","src/content/calcs-pt/custo-mensal-aprender-idioma-opcoes.json","BR","costo-mensual-aprender-idioma-opciones","true","","4","3","4","4","2","true","true","approved","passed"
"https://hacecuentas.com/pt/darf-cripto-15-porcento-ganho-35k-mensal","src/content/calcs-pt/darf-cripto-15-porcento-ganho-35k-mensal.json","BR","darf-cripto-ganho","true","","3","2","2","2","2","true","true","approved","passed"
"https://hacecuentas.com/pt/dash-sodio-diario-tabela","src/content/calcs-pt/dash-sodio-diario-tabela.json","BR","dash-hipertension-sodio-diario-tabla","true","","41","19","39","39","39","true","true","approved","passed"
"https://hacecuentas.com/pt/decimo-terceiro-primeira-parcela-novembro","src/content/calcs-pt/decimo-terceiro-primeira-parcela-novembro.json","BR","decimo-terceiro-primeira-parcela","true","","5","4","4","4","4","true","true","approved","passed"
"https://hacecuentas.com/pt/decimo-terceiro-salario-proporcional","src/content/calcs-pt/decimo-terceiro-salario-proporcional.json","BR","decimo-terceiro-proporcional","true","","6","4","4","4","4","true","true","approved","passed"
"https://hacecuentas.com/pt/decimo-terceiro-segunda-parcela-dezembro","src/content/calcs-pt/decimo-terceiro-segunda-parcela-dezembro.json","BR","decimo-terceiro-segunda-parcela","true","","6","2","3","3","1","true","true","approved","passed"
"https://hacecuentas.com/pt/depositos-aluguel-quantos-meses-devolucao","src/content/calcs-pt/depositos-aluguel-quantos-meses-devolucao.json","BR","depositos-alquiler-cuantos-meses-devolucion","true","","3","1","2","2","2","true","true","approved","passed"
"https://hacecuentas.com/pt/despejo-causa-prazos-honorarios-processo","src/content/calcs-pt/despejo-causa-prazos-honorarios-processo.json","BR","desalojo-causa-plazos-honorarios-juicio","true","","4","3","3","3","3","true","true","approved","passed"
"https://hacecuentas.com/pt/despesas-condominio-m2","src/content/calcs-pt/despesas-condominio-m2.json","BR","expensas-departamento-calcular-m2-categoria","true","","5","3","5","5","5","true","true","approved","passed"
"https://hacecuentas.com/pt/desvio-padrao-variancia","src/content/calcs-pt/desvio-padrao-variancia.json","BR","desvio-estandar-varianza-conjunto","true","","3","1","2","2","2","true","true","approved","passed"
"https://hacecuentas.com/pt/determinante-inversa-matriz-2x2","src/content/calcs-pt/determinante-inversa-matriz-2x2.json","BR","determinante-inversa-matriz-2x2","true","","3","3","3","3","3","true","true","approved","passed"
"https://hacecuentas.com/pt/diluicao-concentracao-c1v1-c2v2","src/content/calcs-pt/diluicao-concentracao-c1v1-c2v2.json","BR","dilucion-concentracion-c1v1-c2v2","true","","20","17","17","16","17","true","true","approved","passed"
"https://hacecuentas.com/pt/distancia-queda-livre-altura","src/content/calcs-pt/distancia-queda-livre-altura.json","BR","distancia-caida-libre-altura","true","","4","3","3","3","3","true","true","approved","passed"
"https://hacecuentas.com/pt/divorcio-liquidacao-bens-custo","src/content/calcs-pt/divorcio-liquidacao-bens-custo.json","BR","divorcio-liquidacion-bienes-gananciales-costo","true","","4","3","4","4","4","true","true","approved","passed"
"https://hacecuentas.com/pt/dolar-real-iof-cartao-credito-3-38","src/content/calcs-pt/dolar-real-iof-cartao-credito-3-38.json","BR","dolar-real-iof-cartao","true","","5","4","4","4","4","true","true","approved","passed"
"https://hacecuentas.com/pt/drenagem-brita-vaso","src/content/calcs-pt/drenagem-brita-vaso.json","BR","drenaje-grava-maceta","true","","2","1","1","1","1","true","true","approved","passed"
"https://hacecuentas.com/pt/dsr-descanso-semanal-remunerado-clt","src/content/calcs-pt/dsr-descanso-semanal-remunerado-clt.json","BR","dsr-descanso-semanal","true","","8","8","8","8","8","true","true","approved","passed"
"https://hacecuentas.com/pt/economia-eletrodomestico-eficiencia","src/content/calcs-pt/economia-eletrodomestico-eficiencia.json","BR","energia-electrodomestico-etiqueta-eficiencia","true","","28","5","26","26","24","true","true","approved","passed"
"https://hacecuentas.com/pt/elo-xadrez-vitoria-derrota-variacao","src/content/calcs-pt/elo-xadrez-vitoria-derrota-variacao.json","BR","elo-ajedrez-ganado-perdido-variacion","true","","3","2","2","1","2","true","true","approved","passed"
"https://hacecuentas.com/pt/emissoes-email-anexos","src/content/calcs-pt/emissoes-email-anexos.json","BR","emisiones-enviar-email-adjuntos","true","","5","3","4","4","4","true","true","approved","passed"
"https://hacecuentas.com/pt/empuxo-arquimedes-volume","src/content/calcs-pt/empuxo-arquimedes-volume.json","BR","empuje-arquimedes-volumen","true","","4","2","3","3","3","true","true","approved","passed"
"https://hacecuentas.com/pt/euro-real-viagem-europa-iof-cambio","src/content/calcs-pt/euro-real-viagem-europa-iof-cambio.json","BR","euro-real-viagem","true","","7","5","5","4","5","true","true","approved","passed"
"https://hacecuentas.com/pt/fator-r-simples-nacional-anexo-iii-vs-v","src/content/calcs-pt/fator-r-simples-nacional-anexo-iii-vs-v.json","BR","fator-r-simples","true","","4","4","4","4","4","true","true","approved","passed"
"https://hacecuentas.com/pt/ferias-clt-integrais-mais-um-terco","src/content/calcs-pt/ferias-clt-integrais-mais-um-terco.json","BR","ferias-clt-integrais","true","","6","5","5","5","5","true","true","approved","passed"
"https://hacecuentas.com/pt/ferias-proporcionais-clt-demitido","src/content/calcs-pt/ferias-proporcionais-clt-demitido.json","BR","ferias-proporcionais-clt","true","","8","7","7","7","6","true","true","approved","passed"
"https://hacecuentas.com/pt/fgts-aplicacao-compra-imovel-mcmv","src/content/calcs-pt/fgts-aplicacao-compra-imovel-mcmv.json","BR","fgts-compra-imovel","true","","5","2","2","2","2","true","true","approved","passed"
"https://hacecuentas.com/pt/fgts-saldo-rendimento-anual-tr","src/content/calcs-pt/fgts-saldo-rendimento-anual-tr.json","BR","fgts-rendimento-anual","true","","6","4","4","4","4","true","true","approved","passed"
"https://hacecuentas.com/pt/fgts-saque-rescisao-multa-40","src/content/calcs-pt/fgts-saque-rescisao-multa-40.json","BR","fgts-saque-rescisao","true","","6","5","5","5","5","true","true","approved","passed"
"https://hacecuentas.com/pt/fideicomisso-construcao-aporte-cotas","src/content/calcs-pt/fideicomisso-construcao-aporte-cotas.json","BR","fideicomiso-construccion-aporte-cuotas","true","","5","2","2","2","2","true","true","approved","passed"
"https://hacecuentas.com/pt/financiamento-caixa-ipca-mais-juros","src/content/calcs-pt/financiamento-caixa-ipca-mais-juros.json","BR","financiamento-caixa-ipca","true","","6","3","4","4","4","true","true","approved","passed"
"https://hacecuentas.com/pt/financiamento-caixa-tr-poupanca-taxa","src/content/calcs-pt/financiamento-caixa-tr-poupanca-taxa.json","BR","financiamento-caixa-tr","true","","7","5","5","4","5","true","true","approved","passed"
"https://hacecuentas.com/pt/fraldas-por-dia-mes-bebe-idade","src/content/calcs-pt/fraldas-por-dia-mes-bebe-idade.json","BR","pañales-por-dia-mes-bebe-edad","true","","3","1","2","2","2","true","true","approved","passed"
"https://hacecuentas.com/pt/fundo-imobiliario-fii-rendimento-dividendo","src/content/calcs-pt/fundo-imobiliario-fii-rendimento-dividendo.json","BR","fii-rendimento","true","","4","3","3","3","3","true","true","approved","passed"
"https://hacecuentas.com/pt/furao-dieta-proteina-animal","src/content/calcs-pt/furao-dieta-proteina-animal.json","BR","huron-ferret-dieta-proteina-animal","true","","4","4","4","4","3","true","true","approved","passed"
"https://hacecuentas.com/pt/grelha-sifao-ralo","src/content/calcs-pt/grelha-sifao-ralo.json","BR","rejilla-trampa-desague","true","","4","2","2","2","2","true","true","approved","passed"
"https://hacecuentas.com/pt/horas-extras-50-100-dsr-reflexo","src/content/calcs-pt/horas-extras-50-100-dsr-reflexo.json","BR","horas-extras-clt","true","","4","4","4","4","3","true","true","approved","passed"
"https://hacecuentas.com/pt/idiomas-mais-uteis-profissao-internacional","src/content/calcs-pt/idiomas-mais-uteis-profissao-internacional.json","BR","idiomas-mas-utiles-profesion-internacional","true","","5","2","3","2","3","true","true","approved","passed"
"https://hacecuentas.com/pt/inss-patronal-empresa-20-porcento-folha","src/content/calcs-pt/inss-patronal-empresa-20-porcento-folha.json","BR","inss-patronal-empresa","true","","5","3","3","3","3","true","true","approved","passed"
"https://hacecuentas.com/pt/integral-indefinida-polinomio","src/content/calcs-pt/integral-indefinida-polinomio.json","BR","integral-indefinida-polinomio-coefs","true","","4","3","3","3","2","true","true","approved","passed"
"https://hacecuentas.com/pt/ipva-minas-gerais-4-porcento-autos","src/content/calcs-pt/ipva-minas-gerais-4-porcento-autos.json","BR","ipva-minas-gerais","true","","4","2","3","2","3","true","true","approved","passed"
"https://hacecuentas.com/pt/ipva-rio-de-janeiro-4-porcento-autos","src/content/calcs-pt/ipva-rio-de-janeiro-4-porcento-autos.json","BR","ipva-rio-de-janeiro","true","","4","2","3","2","3","true","true","approved","passed"
"https://hacecuentas.com/pt/ir-aluguel-carne-leao-mensal-recebido","src/content/calcs-pt/ir-aluguel-carne-leao-mensal-recebido.json","BR","ir-aluguel-carne-leao","true","","3","2","2","2","2","true","true","approved","passed"
"https://hacecuentas.com/pt/ir-day-trade-acoes-20-porcento-bovespa","src/content/calcs-pt/ir-day-trade-acoes-20-porcento-bovespa.json","BR","ir-day-trade","true","","4","3","3","3","3","true","true","approved","passed"
"https://hacecuentas.com/pt/ir-ganho-capital-venda-imovel-15-porcento","src/content/calcs-pt/ir-ganho-capital-venda-imovel-15-porcento.json","BR","ir-ganho-capital-imovel","true","","5","4","4","4","4","true","true","approved","passed"
"https://hacecuentas.com/pt/ir-swing-trade-acoes-15-porcento-isento-20k","src/content/calcs-pt/ir-swing-trade-acoes-15-porcento-isento-20k.json","BR","ir-swing-trade","true","","4","3","3","3","3","true","true","approved","passed"
"https://hacecuentas.com/pt/irpf-deducao-dependente-anual","src/content/calcs-pt/irpf-deducao-dependente-anual.json","BR","irpf-deducao-dependente","true","","3","2","2","2","2","true","true","approved","passed"
"https://hacecuentas.com/pt/irpf-deducao-educacao-limite-3561","src/content/calcs-pt/irpf-deducao-educacao-limite-3561.json","BR","irpf-deducao-educacao","true","","4","2","3","2","3","true","true","approved","passed"
"https://hacecuentas.com/pt/irpf-deducao-previdencia-pgbl-12-porcento","src/content/calcs-pt/irpf-deducao-previdencia-pgbl-12-porcento.json","BR","irpf-deducao-pgbl","true","","4","3","3","3","3","true","true","approved","passed"
"https://hacecuentas.com/pt/irpf-deducao-saude-sem-limite","src/content/calcs-pt/irpf-deducao-saude-sem-limite.json","BR","irpf-deducao-saude","true","","3","2","2","2","2","true","true","approved","passed"
"https://hacecuentas.com/pt/irpf-restituicao-ou-imposto-a-pagar","src/content/calcs-pt/irpf-restituicao-ou-imposto-a-pagar.json","BR","irpf-restituicao-pagar","true","","4","3","3","3","3","true","true","approved","passed"
"https://hacecuentas.com/pt/irrf-mensal-folha-pagamento-2026","src/content/calcs-pt/irrf-mensal-folha-pagamento-2026.json","BR","irrf-mensal-folha","true","","5","3","3","3","3","true","true","approved","passed"
"https://hacecuentas.com/pt/itbi-belo-horizonte-3-porcento","src/content/calcs-pt/itbi-belo-horizonte-3-porcento.json","BR","itbi-belo-horizonte","true","","4","3","3","2","3","true","true","approved","passed"
"https://hacecuentas.com/pt/itbi-porto-alegre-3-porcento","src/content/calcs-pt/itbi-porto-alegre-3-porcento.json","BR","itbi-porto-alegre","true","","4","1","3","3","3","true","true","approved","passed"
"https://hacecuentas.com/pt/juros-rotativo-cartao-credito-maximo-8","src/content/calcs-pt/juros-rotativo-cartao-credito-maximo-8.json","BR","juros-rotativo-cartao","true","","5","4","4","4","4","true","true","approved","passed"
"https://hacecuentas.com/pt/lci-lca-isento-ir-comparador","src/content/calcs-pt/lci-lca-isento-ir-comparador.json","BR","lci-lca-comparador","true","","6","6","6","4","6","true","true","approved","passed"
"https://hacecuentas.com/pt/leasing-versus-financiamento-auto","src/content/calcs-pt/leasing-versus-financiamento-auto.json","BR","leasing-vs-credito-auto-comparativa-completa","true","","5","4","4","2","4","true","true","approved","passed"
"https://hacecuentas.com/pt/licenciamento-anual-veiculos-taxa-detran","src/content/calcs-pt/licenciamento-anual-veiculos-taxa-detran.json","BR","licenciamento-veiculos","true","","6","2","3","3","3","true","true","approved","passed"
"https://hacecuentas.com/pt/maratona-ritmo-quilometro","src/content/calcs-pt/maratona-ritmo-quilometro.json","BR","maraton-pace-goal-time-split-kilometro","true","","3","3","3","3","3","true","true","approved","passed"
"https://hacecuentas.com/pt/mdc-mmc-dois-numeros-inteiros","src/content/calcs-pt/mdc-mmc-dois-numeros-inteiros.json","BR","mcd-mcm-dos-numeros-enteros","true","","4","4","4","4","4","true","true","approved","passed"
"https://hacecuentas.com/pt/media-escolar-ensino-medio","src/content/calcs-pt/media-escolar-ensino-medio.json","BR","nota-promedio-bachillerato-secundario-materias","true","","3","2","3","2","3","true","true","approved","passed"
"https://hacecuentas.com/pt/mei-das-mensal-prestador-servicos","src/content/calcs-pt/mei-das-mensal-prestador-servicos.json","BR","mei-das-mensal-servicos","true","","3","3","3","3","3","true","true","approved","passed"
"https://hacecuentas.com/pt/membrana-asfaltica-rolos","src/content/calcs-pt/membrana-asfaltica-rolos.json","BR","membrana-asfaltica-rollos","true","","3","2","2","2","2","true","true","approved","passed"
"https://hacecuentas.com/pt/mesada-semanal-filho-idade","src/content/calcs-pt/mesada-semanal-filho-idade.json","BR","mesada-semanal-hijo-edad-sugerida-monto","true","","3","1","3","3","3","true","true","approved","passed"
"https://hacecuentas.com/pt/midjourney-creditos-mensais","src/content/calcs-pt/midjourney-creditos-mensais.json","BR","midjourney-stable-diffusion-credits-mensual","true","","2","0","2","2","2","false","false","pending","passed"
"https://hacecuentas.com/pt/moles-massa-formula-molecular","src/content/calcs-pt/moles-massa-formula-molecular.json","BR","moles-masa-formula-molecular","true","","4","4","4","3","4","true","true","approved","passed"
"https://hacecuentas.com/pt/mudanca-custo-frete-caminhao-km-caixa","src/content/calcs-pt/mudanca-custo-frete-caminhao-km-caixa.json","BR","mudanza-costo-flete-camioneta-km-caja","true","","3","1","1","1","1","true","true","approved","passed"
"https://hacecuentas.com/pt/mulch-espessura-quantidade","src/content/calcs-pt/mulch-espessura-quantidade.json","BR","mulching-espesor-cantidad","true","","3","3","3","3","3","true","true","approved","passed"
"https://hacecuentas.com/pt/nuvem-aws-gcp-azure-ec2-mensal-sob-demanda","src/content/calcs-pt/nuvem-aws-gcp-azure-ec2-mensal-sob-demanda.json","BR","cloud-aws-gcp-azure-ec2-mes-ondemand","true","","1","1","1","1","1","true","true","approved","passed"
"https://hacecuentas.com/pt/pace-natacao-100m-ritmo","src/content/calcs-pt/pace-natacao-100m-ritmo.json","BR","pace-natacion-100m-ritmo","true","","3","1","3","3","2","true","true","approved","passed"
"https://hacecuentas.com/pt/padel-ranking-pontos-apt-aap-subir","src/content/calcs-pt/padel-ranking-pontos-apt-aap-subir.json","BR","padel-ranking-puntos-apt-aap-subir","true","","3","2","2","2","2","true","true","approved","passed"
"https://hacecuentas.com/pt/papel-poupado-impressao-dupla","src/content/calcs-pt/papel-poupado-impressao-dupla.json","BR","papel-ahorrado-impresion-doble-cara","true","","3","1","2","2","2","true","true","approved","passed"
"https://hacecuentas.com/pt/paralaxe-distancia-em-parsec","src/content/calcs-pt/paralaxe-distancia-em-parsec.json","BR","paralaje-distancia-estrella-parsec","true","","5","4","4","4","4","true","true","approved","passed"
"https://hacecuentas.com/pt/parede-tijolos-m2","src/content/calcs-pt/parede-tijolos-m2.json","BR","pared-ladrillos-metros-m2","true","","3","2","2","2","2","true","true","approved","passed"
"https://hacecuentas.com/pt/passeios-cachorro-minutos-raca","src/content/calcs-pt/passeios-cachorro-minutos-raca.json","BR","paseos-perro-minutos-raza-energia","true","","4","3","3","2","3","true","true","approved","passed"
"https://hacecuentas.com/pt/pc-gamer-fps-componentes-orcamento","src/content/calcs-pt/pc-gamer-fps-componentes-orcamento.json","BR","gaming-fps-componentes-pc-armar-presupuesto","true","","3","1","2","2","1","true","true","approved","passed"
"https://hacecuentas.com/pt/pegada-carbono-casamento-evento","src/content/calcs-pt/pegada-carbono-casamento-evento.json","BR","huella-carbono-boda-evento","true","","4","2","3","2","3","true","true","approved","passed"
"https://hacecuentas.com/pt/pensao-alimenticia-percentual-salario-filho","src/content/calcs-pt/pensao-alimenticia-percentual-salario-filho.json","BR","cuota-alimentos-porcentaje-sueldo-hijo","true","","6","3","5","5","4","true","true","approved","passed"
"https://hacecuentas.com/pt/pensao-por-morte-inss-conjuge-filhos","src/content/calcs-pt/pensao-por-morte-inss-conjuge-filhos.json","BR","pensao-por-morte-inss","true","","4","3","3","3","3","true","true","approved","passed"
"https://hacecuentas.com/pt/permutacoes-n-escolhidos-k","src/content/calcs-pt/permutacoes-n-escolhidos-k.json","BR","permutaciones-n-tomados-k-pnk","true","","4","3","4","4","2","true","true","approved","passed"
"https://hacecuentas.com/pt/pj-vs-clt-comparador-liquido-br","src/content/calcs-pt/pj-vs-clt-comparador-liquido-br.json","BR","pj-vs-clt-comparador","true","","5","5","5","5","4","true","true","approved","passed"
"https://hacecuentas.com/pt/podcasts-aprender-idioma-minutos-dia","src/content/calcs-pt/podcasts-aprender-idioma-minutos-dia.json","BR","podcasts-aprender-idioma-minutos-diarios","true","","4","2","3","1","3","true","true","approved","passed"
"https://hacecuentas.com/pt/porcentagem-de-numero-calculadora","src/content/calcs-pt/porcentagem-de-numero-calculadora.json","BR","porcentaje-de-numero-calculadora","true","","4","3","4","4","4","true","true","approved","passed"
"https://hacecuentas.com/pt/porcoes-bolo-tamanho","src/content/calcs-pt/porcoes-bolo-tamanho.json","BR","porciones-torta-cumpleanos-invitados-tamano","true","","3","3","3","3","3","true","true","approved","passed"
"https://hacecuentas.com/pt/porcoes-sushi-por-pessoa-media","src/content/calcs-pt/porcoes-sushi-por-pessoa-media.json","BR","porciones-sushi-por-persona-promedio","true","","4","1","2","2","2","true","true","approved","passed"
"https://hacecuentas.com/pt/pressao-pneu-psi-bar-auto","src/content/calcs-pt/pressao-pneu-psi-bar-auto.json","BR","presion-neumatico-psi-bar-auto","true","","2","1","1","1","1","true","true","approved","passed"
"https://hacecuentas.com/pt/probabilidade-binomial-ensaios-sucessos","src/content/calcs-pt/probabilidade-binomial-ensaios-sucessos.json","BR","probabilidad-binomial-ensayos-exitos","true","","4","4","4","3","4","true","true","approved","passed"
"https://hacecuentas.com/pt/progressao-geometrica-soma-termo","src/content/calcs-pt/progressao-geometrica-soma-termo.json","BR","progresion-geometrica-suma-termino","true","","4","2","3","3","2","true","true","approved","passed"
"https://hacecuentas.com/pt/projecao-21k-de-10k-cameron","src/content/calcs-pt/projecao-21k-de-10k-cameron.json","BR","proyeccion-21k-desde-10k-cameron","true","","2","1","1","1","1","true","true","approved","passed"
"https://hacecuentas.com/pt/proteina-vegana-completa-combinacao-aminoacidos","src/content/calcs-pt/proteina-vegana-completa-combinacao-aminoacidos.json","BR","vegana-proteina-completa-combinacion-aminoacidos","true","","6","6","6","6","6","true","true","approved","passed"
"https://hacecuentas.com/pt/quando-podar-rosa","src/content/calcs-pt/quando-podar-rosa.json","BR","podar-rosal-cuando-fecha","true","","4","2","3","3","3","true","true","approved","passed"
"https://hacecuentas.com/pt/quantidade-hamburguer-churrasco-aniversario","src/content/calcs-pt/quantidade-hamburguer-churrasco-aniversario.json","BR","cantidad-hamburguesas-parrilla-cumpleanos","true","","3","1","2","2","2","true","true","approved","passed"
"https://hacecuentas.com/pt/regressao-linear-minimos-quadrados","src/content/calcs-pt/regressao-linear-minimos-quadrados.json","BR","regresion-lineal-minimos-cuadrados","true","","4","3","4","4","4","true","true","approved","passed"
"https://hacecuentas.com/pt/rescisao-clt-justa-causa","src/content/calcs-pt/rescisao-clt-justa-causa.json","BR","rescisao-clt-justa-causa","true","","7","5","5","5","5","true","true","approved","passed"
"https://hacecuentas.com/pt/rescisao-clt-sem-justa-causa","src/content/calcs-pt/rescisao-clt-sem-justa-causa.json","BR","rescisao-clt-sem-justa-causa","true","","8","6","6","6","6","true","true","approved","passed"
"https://hacecuentas.com/pt/rugby-handicap-pontos-descenso-media","src/content/calcs-pt/rugby-handicap-pontos-descenso-media.json","BR","rugby-handicap-puntos-descenso-promedio","true","","3","1","1","1","1","true","true","approved","passed"
"https://hacecuentas.com/pt/salario-bruto-a-partir-liquido-br","src/content/calcs-pt/salario-bruto-a-partir-liquido-br.json","BR","salario-bruto-do-liquido","true","","4","2","2","2","2","true","true","approved","passed"
"https://hacecuentas.com/pt/salario-liquido-clt-inss-irrf-2026","src/content/calcs-pt/salario-liquido-clt-inss-irrf-2026.json","BR","salario-liquido-clt-inss-irrf","true","","5","4","4","4","4","true","true","approved","passed"
"https://hacecuentas.com/pt/salario-liquido-com-dependentes-br","src/content/calcs-pt/salario-liquido-com-dependentes-br.json","BR","salario-liquido-dependentes","true","","4","3","3","3","3","true","true","approved","passed"
"https://hacecuentas.com/pt/salario-liquido-com-pensao-alimenticia-br","src/content/calcs-pt/salario-liquido-com-pensao-alimenticia-br.json","BR","salario-liquido-pensao","true","","6","2","4","4","4","true","true","approved","passed"
"https://hacecuentas.com/pt/salario-maternidade-inss-4-meses","src/content/calcs-pt/salario-maternidade-inss-4-meses.json","BR","salario-maternidade-inss","true","","4","3","3","3","3","true","true","approved","passed"
"https://hacecuentas.com/pt/seguro-desemprego-valor-parcelas-trabalhador-clt","src/content/calcs-pt/seguro-desemprego-valor-parcelas-trabalhador-clt.json","BR","seguro-desemprego-valor","true","","4","2","2","2","2","true","true","approved","passed"
"https://hacecuentas.com/pt/seno-cosseno-tangente-angulo-triangulo","src/content/calcs-pt/seno-cosseno-tangente-angulo-triangulo.json","BR","seno-coseno-tangente-angulo-triangulo","true","","3","3","3","3","2","true","true","approved","passed"
"https://hacecuentas.com/pt/servo-pwm-angulo","src/content/calcs-pt/servo-pwm-angulo.json","BR","servo-pwm-angulo","true","","3","3","3","3","3","true","true","approved","passed"
"https://hacecuentas.com/pt/stepper-passos-grau","src/content/calcs-pt/stepper-passos-grau.json","BR","stepper-pasos-grado","true","","1","1","1","1","1","true","true","approved","passed"
"https://hacecuentas.com/pt/tartaruga-agua-dieta-peso-idade","src/content/calcs-pt/tartaruga-agua-dieta-peso-idade.json","BR","tortuga-agua-dieta-peso-edad","true","","4","3","3","2","2","true","true","approved","passed"
"https://hacecuentas.com/pt/tempo-biodegradacao-material","src/content/calcs-pt/tempo-biodegradacao-material.json","BR","biodegradacion-residuo-tiempo","true","","27","4","25","25","24","true","true","approved","passed"
"https://hacecuentas.com/pt/tempos-cozimento-verduras-vapor-cozido","src/content/calcs-pt/tempos-cozimento-verduras-vapor-cozido.json","BR","tiempos-coccion-verduras-al-vapor-hervido","true","","4","1","1","0","1","false","false","pending","passed"
"https://hacecuentas.com/pt/tesouro-ipca-mais-juro-real-composto","src/content/calcs-pt/tesouro-ipca-mais-juro-real-composto.json","BR","tesouro-ipca","true","","8","5","8","6","8","true","true","approved","passed"
"https://hacecuentas.com/pt/tesouro-prefixado-rendimento-vencimento","src/content/calcs-pt/tesouro-prefixado-rendimento-vencimento.json","BR","tesouro-prefixado","true","","6","4","6","3","6","true","true","approved","passed"
"https://hacecuentas.com/pt/tesouro-selic-rentabilidade-liquida","src/content/calcs-pt/tesouro-selic-rentabilidade-liquida.json","BR","tesouro-selic","true","","5","4","5","5","5","true","true","approved","passed"
"https://hacecuentas.com/pt/tokens-openai-gpt-custo-mensal","src/content/calcs-pt/tokens-openai-gpt-custo-mensal.json","BR","tokens-openai-gpt-costo-uso-mensual","true","","4","2","2","2","2","true","true","approved","passed"
"https://hacecuentas.com/pt/trail-running-desnivel-ritmo-ajustado","src/content/calcs-pt/trail-running-desnivel-ritmo-ajustado.json","BR","trail-running-desnivel-ritmo-ajustado","true","","4","1","1","1","1","true","true","approved","passed"
"https://hacecuentas.com/pt/vale-transporte-desconto-6-porcento-br","src/content/calcs-pt/vale-transporte-desconto-6-porcento-br.json","BR","vale-transporte-desconto","true","","8","7","8","8","8","true","true","approved","passed"
"https://hacecuentas.com/pt/velocidade-usb-transferencia-arquivo","src/content/calcs-pt/velocidade-usb-transferencia-arquivo.json","BR","velocidad-usb-transferencia-archivo","true","","3","2","2","2","2","true","true","approved","passed"
"https://hacecuentas.com/pt/volume-cone-raio-altura","src/content/calcs-pt/volume-cone-raio-altura.json","BR","volumen-cono-radio-altura","true","","3","2","2","1","2","true","true","approved","passed"
"https://hacecuentas.com/pt-pt/calculadora-compensacao-despedimento-portugal","src/content/calcs-pt-pt/calculadora-compensacao-despedimento-portugal.json","PT","calculadora-compensacao-despedimento-portugal","true","","3","2","2","2","2","true","true","approved","passed"
"https://hacecuentas.com/pt-pt/calculadora-custo-trabalhador-entidade-empregadora-portugal","src/content/calcs-pt-pt/calculadora-custo-trabalhador-entidade-empregadora-portugal.json","PT","calculadora-custo-trabalhador-entidade-empregadora-portugal","true","","3","3","3","3","3","true","true","approved","passed"
"https://hacecuentas.com/pt-pt/calculadora-horas-extraordinarias-portugal","src/content/calcs-pt-pt/calculadora-horas-extraordinarias-portugal.json","PT","calculadora-horas-extraordinarias-portugal","true","","3","2","2","2","2","true","true","approved","passed"
"https://hacecuentas.com/pt-pt/calculadora-irs-jovem-portugal","src/content/calcs-pt-pt/calculadora-irs-jovem-portugal.json","PT","calculadora-irs-jovem-portugal","true","","2","2","2","2","2","true","true","approved","passed"
"https://hacecuentas.com/pt-pt/calculadora-mais-valias-venda-imovel-portugal","src/content/calcs-pt-pt/calculadora-mais-valias-venda-imovel-portugal.json","PT","calculadora-mais-valias-venda-imovel-portugal","true","","2","2","2","2","2","true","true","approved","passed"
"https://hacecuentas.com/pt-pt/calculadora-pensao-reforma-seguranca-social-portugal","src/content/calcs-pt-pt/calculadora-pensao-reforma-seguranca-social-portugal.json","PT","calculadora-pensao-reforma-seguranca-social-portugal","true","","2","2","2","2","2","true","true","approved","passed"
"https://hacecuentas.com/pt-pt/calculadora-prestacao-credito-habitacao-portugal","src/content/calcs-pt-pt/calculadora-prestacao-credito-habitacao-portugal.json","PT","calculadora-prestacao-credito-habitacao-portugal","true","","2","1","2","2","2","true","true","approved","passed"
"https://hacecuentas.com/pt-pt/calculadora-recibos-verdes-trabalhador-independente-portugal","src/content/calcs-pt-pt/calculadora-recibos-verdes-trabalhador-independente-portugal.json","PT","calculadora-recibos-verdes-trabalhador-independente-portugal","true","","3","3","3","2","3","true","true","approved","passed"
"https://hacecuentas.com/pt-pt/calculadora-salario-minimo-portugal-hora","src/content/calcs-pt-pt/calculadora-salario-minimo-portugal-hora.json","PT","calculadora-salario-minimo-portugal-hora","true","","2","2","2","2","2","true","true","approved","passed"
"https://hacecuentas.com/pt-pt/calculadora-subsidio-desemprego-portugal","src/content/calcs-pt-pt/calculadora-subsidio-desemprego-portugal.json","PT","calculadora-subsidio-desemprego-portugal","true","","3","3","3","2","2","true","true","approved","passed"
"https://hacecuentas.com/pt-pt/calculadora-subsidio-ferias-portugal","src/content/calcs-pt-pt/calculadora-subsidio-ferias-portugal.json","PT","calculadora-subsidio-ferias-portugal","true","","3","3","3","1","3","true","true","approved","passed"
"https://hacecuentas.com/pt-pt/calculadora-subsidio-natal-portugal","src/content/calcs-pt-pt/calculadora-subsidio-natal-portugal.json","PT","calculadora-subsidio-natal-portugal","true","","3","3","3","1","3","true","true","approved","passed"
