area,file,url,risk,indexable,status,blocks,warnings
"sitewide","src/layouts/Layout.astro","/","all","true","ready","",""
"calculator","src/content/calcs/calculadora-validar-cbu-cvu-identificar-banco.json","/calculadora-validar-cbu-cvu-identificar-banco","unknown","true","indexable","",""
"calculator","src/content/calcs/conversor-metros-lineales-a-metros-cuadrados.json","/calculadora-conversor-metros-lineales-a-metros-cuadrados","unknown","true","indexable","",""
"calculator","src/content/calcs/inflacion-ipc.json","/calculadora-actualizacion-inflacion-ipc","unknown","true","indexable","",""
"calculator","src/content/calcs/interes-judicial-tasa.json","/calculadora-interes-judicial-tasa","unknown","true","indexable","",""
"calculator","src/content/calcs-co/calculadora-trm-dolar-hoy-pesos-colombianos.json","/co/calculadora-trm-dolar-hoy-pesos-colombianos","unknown","true","indexable","",""
"calculator","src/content/calcs-ec/prestamo-quirografario-iess-ecuador.json","/ec/calculadora-prestamo-quirografario-iess-ecuador","unknown","true","indexable","",""
"calculator","src/content/calcs-pe/calculadora-tipo-de-cambio-sunat-dolar-soles-peru.json","/pe/calculadora-tipo-de-cambio-sunat-dolar-soles-peru","unknown","true","indexable","",""
"blog","src/content/blog/7-errores-al-calcular-el-costo-de-construccion-por-m2.json","/blog/7-errores-al-calcular-el-costo-de-construccion-por-m2","low","true","indexable","",""
"blog","src/content/blog/7-errores-al-calcular-las-semanas-de-embarazo.json","/blog/7-errores-al-calcular-las-semanas-de-embarazo","medium","true","indexable","",""
"blog","src/content/blog/7-errores-al-calcular-tu-peso-ideal-y-tu-imc.json","/blog/7-errores-al-calcular-tu-peso-ideal-y-tu-imc","medium","true","indexable","",""
"blog","src/content/blog/7-errores-al-calcular-un-aumento-de-alquiler.json","/blog/7-errores-al-calcular-un-aumento-de-alquiler","low","true","indexable","",""
"blog","src/content/blog/7-errores-al-comparar-tu-sueldo-con-el-convenio.json","/blog/7-errores-al-comparar-tu-sueldo-con-el-convenio","medium","true","indexable","",""
"blog","src/content/blog/7-errores-al-identificar-tu-generacion.json","/blog/7-errores-al-identificar-tu-generacion","low","true","indexable","",""
"blog","src/content/blog/7-errores-al-pasar-de-sueldo-bruto-a-neto.json","/blog/7-errores-al-pasar-de-sueldo-bruto-a-neto","medium","true","indexable","",""
"blog","src/content/blog/7-errores-al-revisar-la-declaracion-de-renta-en-colombia.json","/blog/7-errores-al-revisar-la-declaracion-de-renta-en-colombia","low","true","indexable","",""
"blog","src/content/blog/7-errores-al-revisar-una-liquidacion-final.json","/blog/7-errores-al-revisar-una-liquidacion-final","medium","true","indexable","",""
"blog","src/content/blog/7-errores-que-achican-tu-calculo-de-indemnizacion.json","/blog/7-errores-que-achican-tu-calculo-de-indemnizacion","medium","true","indexable","",""
"blog","src/content/blog/acuerdo-de-cuota-alimentaria-que-deberia-quedar-por-escrito.json","/blog/acuerdo-de-cuota-alimentaria-que-deberia-quedar-por-escrito","low","true","indexable","",""
"blog","src/content/blog/aguinaldo-2026-plazo-fijo-dolar-uva-donde-conviene.json","/blog/aguinaldo-2026-plazo-fijo-dolar-uva-donde-conviene","medium","true","indexable","",""
"blog","src/content/blog/aguinaldo-junio-2026-hasta-cuando-pagan.json","/blog/aguinaldo-junio-2026-hasta-cuando-pagan","medium","true","indexable","",""
"blog","src/content/blog/algebra-y-aritmetica-tarea-resuelta-2026.json","/blog/algebra-y-aritmetica-tarea-resuelta-2026","low","true","indexable","",""
"blog","src/content/blog/alquilar-comprar-construir-cuentas-vivienda-2026.json","/blog/alquilar-comprar-construir-cuentas-vivienda-2026","low","true","indexable","",""
"blog","src/content/blog/alquiler-fijo-escalonado-o-indexado-que-opcion-te-conviene.json","/blog/alquiler-fijo-escalonado-o-indexado-que-opcion-te-conviene","low","true","indexable","",""
"blog","src/content/blog/analisis-matematico-primer-parcial-2026.json","/blog/analisis-matematico-primer-parcial-2026","low","true","indexable","",""
"blog","src/content/blog/anos-bisiestos-y-edad-por-que-aparecen-diferencias.json","/blog/anos-bisiestos-y-edad-por-que-aparecen-diferencias","low","true","indexable","",""
"blog","src/content/blog/antes-de-adoptar-mascota-cuentas-2026.json","/blog/antes-de-adoptar-mascota-cuentas-2026","low","true","indexable","",""
"blog","src/content/blog/antiguedad-laboral-dias-trabajados.json","/blog/antiguedad-laboral-dias-trabajados","medium","true","indexable","",""
"blog","src/content/blog/argentino-promedio-ganancias-2026.json","/blog/argentino-promedio-ganancias-2026","medium","true","indexable","",""
"blog","src/content/blog/armar-huerta-jardin-desde-cero-2026.json","/blog/armar-huerta-jardin-desde-cero-2026","low","true","indexable","",""
"blog","src/content/blog/asado-para-muchos-sin-que-falte-2026.json","/blog/asado-para-muchos-sin-que-falte-2026","low","true","indexable","",""
"blog","src/content/blog/asalariado-independiente-o-rentista-que-cambia-en-renta.json","/blog/asalariado-independiente-o-rentista-que-cambia-en-renta","low","true","indexable","",""
"blog","src/content/blog/aumento-y-descuento-porcentual-como-no-invertir-la-formula.json","/blog/aumento-y-descuento-porcentual-como-no-invertir-la-formula","low","true","indexable","",""
"blog","src/content/blog/aumentos-de-alquiler-en-2026-que-cambio-y-que-mirar.json","/blog/aumentos-de-alquiler-en-2026-que-cambio-y-que-mirar","low","true","indexable","",""
"blog","src/content/blog/bajar-facturas-luz-gas-eficiencia-2026.json","/blog/bajar-facturas-luz-gas-eficiencia-2026","low","true","indexable","",""
"blog","src/content/blog/bebe-y-nino-como-diferenciar-crecimiento-de-desarrollo.json","/blog/bebe-y-nino-como-diferenciar-crecimiento-de-desarrollo","medium","true","indexable","",""
"blog","src/content/blog/benchmarks-de-tasa-de-conversion.json","/blog/benchmarks-de-tasa-de-conversion","low","true","indexable","",""
"blog","src/content/blog/calcular-materiales-obra-gruesa-2026.json","/blog/calcular-materiales-obra-gruesa-2026","low","true","indexable","",""
"blog","src/content/blog/calendario-economico-agosto-2026.json","/blog/calendario-economico-agosto-2026","low","true","indexable","",""
"blog","src/content/blog/calorias-de-mantenimiento-por-que-cambia-el-resultado.json","/blog/calorias-de-mantenimiento-por-que-cambia-el-resultado","medium","true","indexable","",""
"blog","src/content/blog/calorias-para-bajar-de-peso-como-evitar-un-deficit-extremo.json","/blog/calorias-para-bajar-de-peso-como-evitar-un-deficit-extremo","medium","true","indexable","",""
"blog","src/content/blog/calorias-proteinas-y-fibra-como-mirar-la-calidad-de-la-dieta.json","/blog/calorias-proteinas-y-fibra-como-mirar-la-calidad-de-la-dieta","medium","true","indexable","",""
"blog","src/content/blog/caso-real-andres-encontro-un-rubro-pendiente-en-su-liquidacion.json","/blog/caso-real-andres-encontro-un-rubro-pendiente-en-su-liquidacion","medium","true","indexable","",""
"blog","src/content/blog/caso-real-camila-descubrio-que-miraba-la-categoria-equivocada.json","/blog/caso-real-camila-descubrio-que-miraba-la-categoria-equivocada","medium","true","indexable","",""
"blog","src/content/blog/caso-real-como-valeria-detecto-un-aumento-mal-aplicado.json","/blog/caso-real-como-valeria-detecto-un-aumento-mal-aplicado","low","true","indexable","",""
"blog","src/content/blog/caso-real-lucia-comparo-dos-presupuestos-de-construccion.json","/blog/caso-real-lucia-comparo-dos-presupuestos-de-construccion","low","true","indexable","",""
"blog","src/content/blog/caso-real-marina-ordeno-sus-fechas-de-embarazo.json","/blog/caso-real-marina-ordeno-sus-fechas-de-embarazo","medium","true","indexable","",""
"blog","src/content/blog/caso-real-mateo-comparo-dos-ofertas-de-trabajo.json","/blog/caso-real-mateo-comparo-dos-ofertas-de-trabajo","medium","true","indexable","",""
"blog","src/content/blog/caso-real-nicolas-ordeno-sus-ingresos-antes-de-declarar-renta.json","/blog/caso-real-nicolas-ordeno-sus-ingresos-antes-de-declarar-renta","low","true","indexable","",""
"blog","src/content/blog/caso-real-paula-reviso-su-liquidacion-despues-del-despido.json","/blog/caso-real-paula-reviso-su-liquidacion-despues-del-despido","medium","true","indexable","",""
"blog","src/content/blog/caso-real-que-descubrio-lucia-al-calcular-su-imc.json","/blog/caso-real-que-descubrio-lucia-al-calcular-su-imc","medium","true","indexable","",""
"blog","src/content/blog/caso-real-tomas-no-encajaba-en-una-sola-generacion.json","/blog/caso-real-tomas-no-encajaba-en-una-sola-generacion","low","true","indexable","",""
"blog","src/content/blog/casos-practicos-de-roi.json","/blog/casos-practicos-de-roi","medium","true","indexable","",""
"blog","src/content/blog/ciencia-en-la-cocina-2026.json","/blog/ciencia-en-la-cocina-2026","low","true","indexable","",""
"blog","src/content/blog/cinco-errores-que-encarecen-un-proyecto-de-impresion-3d.json","/blog/cinco-errores-que-encarecen-un-proyecto-de-impresion-3d","low","true","indexable","",""
"blog","src/content/blog/como-actualizar-una-cuota-alimentaria-por-cambios-de-gastos.json","/blog/como-actualizar-una-cuota-alimentaria-por-cambios-de-gastos","low","true","indexable","",""
"blog","src/content/blog/como-calcular-aguinaldo-2026.json","/blog/como-calcular-aguinaldo-2026","medium","true","indexable","",""
"blog","src/content/blog/como-calcular-aumento-porcentual-entre-dos-valores.json","/blog/como-calcular-aumento-porcentual-entre-dos-valores","low","true","indexable","",""
"blog","src/content/blog/como-calcular-calorias-para-bajar-de-peso.json","/blog/como-calcular-calorias-para-bajar-de-peso","medium","true","indexable","",""
"blog","src/content/blog/como-calcular-cuantas-calorias-necesitas-por-dia.json","/blog/como-calcular-cuantas-calorias-necesitas-por-dia","medium","true","indexable","",""
"blog","src/content/blog/como-calcular-cuantos-ladrillos-necesitas-para-una-pared.json","/blog/como-calcular-cuantos-ladrillos-necesitas-para-una-pared","low","true","indexable","",""
"blog","src/content/blog/como-calcular-descuentos-sucesivos.json","/blog/como-calcular-descuentos-sucesivos","low","true","indexable","",""
"blog","src/content/blog/como-calcular-el-costo-de-un-viaje-con-nafta-y-peajes.json","/blog/como-calcular-el-costo-de-un-viaje-con-nafta-y-peajes","low","true","indexable","",""
"blog","src/content/blog/como-calcular-el-costo-real-de-una-impresion-3d.json","/blog/como-calcular-el-costo-real-de-una-impresion-3d","low","true","indexable","",""
"blog","src/content/blog/como-calcular-el-monotributo-paso-a-paso.json","/blog/como-calcular-el-monotributo-paso-a-paso","low","true","indexable","",""
"blog","src/content/blog/como-calcular-el-piso-flotante-necesario.json","/blog/como-calcular-el-piso-flotante-necesario","low","true","indexable","",""
"blog","src/content/blog/como-calcular-el-promedio-ponderado.json","/blog/como-calcular-el-promedio-ponderado","low","true","indexable","",""
"blog","src/content/blog/como-calcular-el-rendimiento-de-un-plazo-fijo.json","/blog/como-calcular-el-rendimiento-de-un-plazo-fijo","medium","true","indexable","",""
"blog","src/content/blog/como-calcular-el-seguro-de-desempleo-en-argentina.json","/blog/como-calcular-el-seguro-de-desempleo-en-argentina","medium","true","indexable","",""
"blog","src/content/blog/como-calcular-el-sueldo-de-una-empleada-domestica.json","/blog/como-calcular-el-sueldo-de-una-empleada-domestica","medium","true","indexable","",""
"blog","src/content/blog/como-calcular-el-sueldo-neto-en-paraguay.json","/blog/como-calcular-el-sueldo-neto-en-paraguay","medium","true","indexable","",""
"blog","src/content/blog/como-calcular-el-valor-de-millas-de-un-programa-de-viajes.json","/blog/como-calcular-el-valor-de-millas-de-un-programa-de-viajes","low","true","indexable","",""
"blog","src/content/blog/como-calcular-gastos-de-escritura-de-una-propiedad.json","/blog/como-calcular-gastos-de-escritura-de-una-propiedad","low","true","indexable","",""
"blog","src/content/blog/como-calcular-horas-extras-y-recargos-en-colombia.json","/blog/como-calcular-horas-extras-y-recargos-en-colombia","medium","true","indexable","",""
"blog","src/content/blog/como-calcular-ingresos-brutos-en-argentina.json","/blog/como-calcular-ingresos-brutos-en-argentina","low","true","indexable","",""
"blog","src/content/blog/como-calcular-interes-compuesto.json","/blog/como-calcular-interes-compuesto","medium","true","indexable","",""
"blog","src/content/blog/como-calcular-la-diferencia-entre-dos-fechas-para-planificar-un-plazo.json","/blog/como-calcular-la-diferencia-entre-dos-fechas-para-planificar-un-plazo","low","true","indexable","",""
"blog","src/content/blog/como-calcular-la-edad-exacta-en-anos-meses-y-dias.json","/blog/como-calcular-la-edad-exacta-en-anos-meses-y-dias","low","true","indexable","",""
"blog","src/content/blog/como-calcular-la-patente-de-un-auto.json","/blog/como-calcular-la-patente-de-un-auto","low","true","indexable","",""
"blog","src/content/blog/como-calcular-la-rentabilidad-mensual.json","/blog/como-calcular-la-rentabilidad-mensual","medium","true","indexable","",""
"blog","src/content/blog/como-calcular-la-tasa-mensual-equivalente-de-un-plazo-fijo.json","/blog/como-calcular-la-tasa-mensual-equivalente-de-un-plazo-fijo","medium","true","indexable","",""
"blog","src/content/blog/como-calcular-mortero-para-una-pared-de-ladrillos.json","/blog/como-calcular-mortero-para-una-pared-de-ladrillos","low","true","indexable","",""
"blog","src/content/blog/como-calcular-porcentajes.json","/blog/como-calcular-porcentajes","low","true","indexable","",""
"blog","src/content/blog/como-calcular-un-porcentaje-de-una-cantidad.json","/blog/como-calcular-un-porcentaje-de-una-cantidad","low","true","indexable","",""
"blog","src/content/blog/como-calcular-una-cuota-alimentaria-sin-usar-una-cifra-universal.json","/blog/como-calcular-una-cuota-alimentaria-sin-usar-una-cifra-universal","low","true","indexable","",""
"blog","src/content/blog/como-comparar-dos-presupuestos-de-escribania.json","/blog/como-comparar-dos-presupuestos-de-escribania","low","true","indexable","",""
"blog","src/content/blog/como-conciliar-ingresos-brutos-con-ventas-y-cobros.json","/blog/como-conciliar-ingresos-brutos-con-ventas-y-cobros","low","true","indexable","",""
"blog","src/content/blog/como-controlar-una-liquidacion-de-horas-extras-en-colombia.json","/blog/como-controlar-una-liquidacion-de-horas-extras-en-colombia","medium","true","indexable","",""
"blog","src/content/blog/como-convertir-talles-de-ropa-sin-equivocarse.json","/blog/como-convertir-talles-de-ropa-sin-equivocarse","low","true","indexable","",""
"blog","src/content/blog/como-devolver-una-compra-cuando-el-talle-no-coincide.json","/blog/como-devolver-una-compra-cuando-el-talle-no-coincide","low","true","indexable","",""
"blog","src/content/blog/como-documentar-un-canje-de-millas-para-compararlo-despues.json","/blog/como-documentar-un-canje-de-millas-para-compararlo-despues","low","true","indexable","",""
"blog","src/content/blog/como-elegir-talle-de-pantalon-usando-cintura-cadera-y-tiro.json","/blog/como-elegir-talle-de-pantalon-usando-cintura-cadera-y-tiro","low","true","indexable","",""
"blog","src/content/blog/como-estimar-combustible-cuando-todavia-no-conoces-el-consumo-del-auto.json","/blog/como-estimar-combustible-cuando-todavia-no-conoces-el-consumo-del-auto","low","true","indexable","",""
"blog","src/content/blog/como-estimar-ladrillos-para-una-habitacion-con-puertas-y-ventanas.json","/blog/como-estimar-ladrillos-para-una-habitacion-con-puertas-y-ventanas","low","true","indexable","",""
"blog","src/content/blog/como-fijar-precios-con-markup.json","/blog/como-fijar-precios-con-markup","medium","true","indexable","",""
"blog","src/content/blog/como-interpretar-una-curva-de-crecimiento-infantil.json","/blog/como-interpretar-una-curva-de-crecimiento-infantil","medium","true","indexable","",""
"blog","src/content/blog/como-invertir-en-plazo-fijo-2026.json","/blog/como-invertir-en-plazo-fijo-2026","medium","true","indexable","",""
"blog","src/content/blog/como-juntar-millas-sin-perder-de-vista-el-costo-real.json","/blog/como-juntar-millas-sin-perder-de-vista-el-costo-real","low","true","indexable","",""
"blog","src/content/blog/como-leer-un-recibo-de-sueldo-de-paraguay.json","/blog/como-leer-un-recibo-de-sueldo-de-paraguay","medium","true","indexable","",""
"blog","src/content/blog/como-leer-una-retencion-de-ganancias-en-el-recibo-de-sueldo.json","/blog/como-leer-una-retencion-de-ganancias-en-el-recibo-de-sueldo","low","true","indexable","",""
"blog","src/content/blog/como-organizar-la-registracion-de-una-trabajadora-de-casas-particulares.json","/blog/como-organizar-la-registracion-de-una-trabajadora-de-casas-particulares","medium","true","indexable","",""
"blog","src/content/blog/como-organizar-un-calendario-mensual-de-monotributo.json","/blog/como-organizar-un-calendario-mensual-de-monotributo","low","true","indexable","",""
"blog","src/content/blog/como-pasar-porcentaje-a-decimal-y-fraccion.json","/blog/como-pasar-porcentaje-a-decimal-y-fraccion","low","true","indexable","",""
"blog","src/content/blog/como-planificar-el-pago-anual-de-patente.json","/blog/como-planificar-el-pago-anual-de-patente","low","true","indexable","",""
"blog","src/content/blog/como-planificar-ingresos-mientras-esperas-el-seguro-de-desempleo.json","/blog/como-planificar-ingresos-mientras-esperas-el-seguro-de-desempleo","medium","true","indexable","",""
"blog","src/content/blog/como-preparar-dinero-para-una-escritura-sin-sobregirarse.json","/blog/como-preparar-dinero-para-una-escritura-sin-sobregirarse","low","true","indexable","",""
"blog","src/content/blog/como-presupuestar-horas-extra-antes-de-aceptar-un-turno.json","/blog/como-presupuestar-horas-extra-antes-de-aceptar-un-turno","medium","true","indexable","",""
"blog","src/content/blog/como-presupuestar-un-prototipo-impreso-en-3d.json","/blog/como-presupuestar-un-prototipo-impreso-en-3d","low","true","indexable","",""
"blog","src/content/blog/como-registrar-calorias-sin-que-el-seguimiento-se-vuelva-imposible.json","/blog/como-registrar-calorias-sin-que-el-seguimiento-se-vuelva-imposible","medium","true","indexable","",""
"blog","src/content/blog/como-repartir-el-costo-de-un-viaje-en-auto-entre-pasajeros.json","/blog/como-repartir-el-costo-de-un-viaje-en-auto-entre-pasajeros","low","true","indexable","",""
"blog","src/content/blog/como-saber-a-que-generacion-perteneces.json","/blog/como-saber-a-que-generacion-perteneces","low","true","indexable","",""
"blog","src/content/blog/como-saber-cuanto-cuesta-construir-por-metro-cuadrado.json","/blog/como-saber-cuanto-cuesta-construir-por-metro-cuadrado","low","true","indexable","",""
"blog","src/content/blog/como-saber-cuanto-puede-aumentar-tu-alquiler.json","/blog/como-saber-cuanto-puede-aumentar-tu-alquiler","low","true","indexable","",""
"blog","src/content/blog/como-saber-cuanto-te-corresponde-por-convenio.json","/blog/como-saber-cuanto-te-corresponde-por-convenio","medium","true","indexable","",""
"blog","src/content/blog/como-saber-cuanto-te-corresponde-por-despido.json","/blog/como-saber-cuanto-te-corresponde-por-despido","medium","true","indexable","",""
"blog","src/content/blog/como-saber-cuanto-te-queda-de-un-sueldo-bruto.json","/blog/como-saber-cuanto-te-queda-de-un-sueldo-bruto","medium","true","indexable","",""
"blog","src/content/blog/como-saber-de-cuantas-semanas-estas-embarazada.json","/blog/como-saber-de-cuantas-semanas-estas-embarazada","medium","true","indexable","",""
"blog","src/content/blog/como-saber-si-tenes-que-declarar-renta-en-colombia.json","/blog/como-saber-si-tenes-que-declarar-renta-en-colombia","low","true","indexable","",""
"blog","src/content/blog/como-saber-si-tu-liquidacion-final-esta-bien-calculada.json","/blog/como-saber-si-tu-liquidacion-final-esta-bien-calculada","medium","true","indexable","",""
"blog","src/content/blog/como-saber-si-tu-peso-es-saludable-segun-tu-altura.json","/blog/como-saber-si-tu-peso-es-saludable-segun-tu-altura","medium","true","indexable","",""
"blog","src/content/blog/como-sacar-el-valor-original-de-un-porcentaje.json","/blog/como-sacar-el-valor-original-de-un-porcentaje","low","true","indexable","",""
"blog","src/content/blog/como-simular-un-cambio-de-sueldo-con-ganancias-sin-sobreestimar-el-neto.json","/blog/como-simular-un-cambio-de-sueldo-con-ganancias-sin-sobreestimar-el-neto","low","true","indexable","",""
"blog","src/content/blog/comprar-auto-usado-guia-decisiones-2026.json","/blog/comprar-auto-usado-guia-decisiones-2026","medium","true","indexable","","ymyl-post-without-specific-source"
"blog","src/content/blog/contar-dias-plazos-feriados-2026.json","/blog/contar-dias-plazos-feriados-2026","low","true","indexable","",""
"blog","src/content/blog/controles-de-salud-numeros-familia-2026.json","/blog/controles-de-salud-numeros-familia-2026","medium","true","indexable","","ymyl-post-without-specific-source"
"blog","src/content/blog/convertir-unidades-sin-errores-2026.json","/blog/convertir-unidades-sin-errores-2026","low","true","indexable","",""
"blog","src/content/blog/conviene-imprimir-en-3d-o-comprar-una-pieza-terminada.json","/blog/conviene-imprimir-en-3d-o-comprar-una-pieza-terminada","low","true","indexable","",""
"blog","src/content/blog/costo-de-construccion-por-m2-en-2026-que-revisar-este-ano.json","/blog/costo-de-construccion-por-m2-en-2026-que-revisar-este-ano","low","true","indexable","",""
"blog","src/content/blog/costo-de-vida-argentina-2026.json","/blog/costo-de-vida-argentina-2026","medium","true","indexable","",""
"blog","src/content/blog/crecimiento-infantil-que-datos-llevar-a-la-consulta.json","/blog/crecimiento-infantil-que-datos-llevar-a-la-consulta","medium","true","indexable","",""
"blog","src/content/blog/cuantas-calorias-comer-y-como-repartirlas-2026.json","/blog/cuantas-calorias-comer-y-como-repartirlas-2026","medium","true","indexable","","ymyl-post-without-specific-source"
"blog","src/content/blog/cuanto-cuesta-calefaccionar-casa-invierno-2026.json","/blog/cuanto-cuesta-calefaccionar-casa-invierno-2026","low","true","indexable","",""
"blog","src/content/blog/cuanto-cuesta-mantener-un-auto-2026.json","/blog/cuanto-cuesta-mantener-un-auto-2026","medium","true","indexable","","ymyl-post-without-specific-source"
"blog","src/content/blog/cuanto-queda-del-sueldo-impuestos-ahorro-2026.json","/blog/cuanto-queda-del-sueldo-impuestos-ahorro-2026","low","true","indexable","",""
"blog","src/content/blog/cuentas-de-todos-los-dias-guia-rapida-2026.json","/blog/cuentas-de-todos-los-dias-guia-rapida-2026","low","true","indexable","",""
"blog","src/content/blog/cuentas-de-tu-setup-tech-2026.json","/blog/cuentas-de-tu-setup-tech-2026","low","true","indexable","",""
"blog","src/content/blog/cuidar-bien-perro-gato-numeros-2026.json","/blog/cuidar-bien-perro-gato-numeros-2026","low","true","indexable","",""
"blog","src/content/blog/cuota-alimentaria-que-gastos-conviene-documentar.json","/blog/cuota-alimentaria-que-gastos-conviene-documentar","low","true","indexable","",""
"blog","src/content/blog/cuota-alimentaria-y-cuidado-compartido-como-ordenar-la-conversacion.json","/blog/cuota-alimentaria-y-cuidado-compartido-como-ordenar-la-conversacion","low","true","indexable","",""
"blog","src/content/blog/deducciones-de-ganancias-errores-que-pueden-cambiar-el-resultado.json","/blog/deducciones-de-ganancias-errores-que-pueden-cambiar-el-resultado","low","true","indexable","",""
"blog","src/content/blog/derechos-recibo-de-sueldo-2026.json","/blog/derechos-recibo-de-sueldo-2026","medium","true","indexable","","ymyl-post-without-specific-source"
"blog","src/content/blog/despido-o-fin-de-contrato-como-distinguir-el-seguro-de-desempleo.json","/blog/despido-o-fin-de-contrato-como-distinguir-el-seguro-de-desempleo","medium","true","indexable","",""
"blog","src/content/blog/dormir-mejor-y-habitos-saludables-2026.json","/blog/dormir-mejor-y-habitos-saludables-2026","medium","true","indexable","","ymyl-post-without-specific-source"
"blog","src/content/blog/edad-exacta-de-un-bebe-semanas-meses-y-dias-sin-confundir-unidades.json","/blog/edad-exacta-de-un-bebe-semanas-meses-y-dias-sin-confundir-unidades","low","true","indexable","",""
"blog","src/content/blog/edad-exacta-para-tramites-que-fecha-de-corte-corresponde.json","/blog/edad-exacta-para-tramites-que-fecha-de-corte-corresponde","low","true","indexable","",""
"blog","src/content/blog/ejercicios-de-combinatoria-resueltos.json","/blog/ejercicios-de-combinatoria-resueltos","low","true","indexable","",""
"blog","src/content/blog/el-aire-acondicionado-necesario-con-ejemplos-paso-a-paso.json","/blog/el-aire-acondicionado-necesario-con-ejemplos-paso-a-paso","low","true","indexable","",""
"blog","src/content/blog/el-capital-de-trabajo-con-ejemplos-paso-a-paso.json","/blog/el-capital-de-trabajo-con-ejemplos-paso-a-paso","medium","true","indexable","",""
"blog","src/content/blog/el-impuesto-a-las-ganancias-con-ejemplos-paso-a-paso.json","/blog/el-impuesto-a-las-ganancias-con-ejemplos-paso-a-paso","low","true","indexable","",""
"blog","src/content/blog/el-poder-de-compra-con-ejemplos-paso-a-paso.json","/blog/el-poder-de-compra-con-ejemplos-paso-a-paso","medium","true","indexable","",""
"blog","src/content/blog/el-precio-por-kilo-con-ejemplos-paso-a-paso.json","/blog/el-precio-por-kilo-con-ejemplos-paso-a-paso","low","true","indexable","",""
"blog","src/content/blog/el-sac-proporcional-con-ejemplos-paso-a-paso.json","/blog/el-sac-proporcional-con-ejemplos-paso-a-paso","medium","true","indexable","",""
"blog","src/content/blog/electricidad-hogar-conectado-2026.json","/blog/electricidad-hogar-conectado-2026","low","true","indexable","",""
"blog","src/content/blog/empezar-a-invertir-cuentas-basicas-2026.json","/blog/empezar-a-invertir-cuentas-basicas-2026","medium","true","indexable","","ymyl-post-without-specific-source"
"blog","src/content/blog/entrenar-para-una-carrera-con-numeros-2026.json","/blog/entrenar-para-una-carrera-con-numeros-2026","medium","true","indexable","","ymyl-post-without-specific-source"
"blog","src/content/blog/errores-al-calcular-el-promedio-ponderado.json","/blog/errores-al-calcular-el-promedio-ponderado","low","true","indexable","",""
"blog","src/content/blog/errores-al-estimar-el-salario-neto-paraguayo.json","/blog/errores-al-estimar-el-salario-neto-paraguayo","medium","true","indexable","",""
"blog","src/content/blog/errores-al-estimar-ganancias-de-un-plazo-fijo.json","/blog/errores-al-estimar-ganancias-de-un-plazo-fijo","medium","true","indexable","",""
"blog","src/content/blog/errores-comunes-del-punto-de-equilibrio.json","/blog/errores-comunes-del-punto-de-equilibrio","medium","true","indexable","",""
"blog","src/content/blog/errores-frecuentes-al-liquidar-casas-particulares.json","/blog/errores-frecuentes-al-liquidar-casas-particulares","medium","true","indexable","",""
"blog","src/content/blog/errores-frecuentes-al-pagar-ingresos-brutos.json","/blog/errores-frecuentes-al-pagar-ingresos-brutos","low","true","indexable","",""
"blog","src/content/blog/escala-ganancias-2026-argentina-tabla-completa-explicada.json","/blog/escala-ganancias-2026-argentina-tabla-completa-explicada","low","true","indexable","",""
"blog","src/content/blog/escritura-de-un-inmueble-costos-que-suelen-olvidarse.json","/blog/escritura-de-un-inmueble-costos-que-suelen-olvidarse","low","true","indexable","",""
"blog","src/content/blog/esperando-un-bebe-cuentas-clave-2026.json","/blog/esperando-un-bebe-cuentas-clave-2026","low","true","indexable","",""
"blog","src/content/blog/estadistica-desde-cero.json","/blog/estadistica-desde-cero","low","true","indexable","",""
"blog","src/content/blog/estadistica-y-probabilidad-sin-vueltas-2026.json","/blog/estadistica-y-probabilidad-sin-vueltas-2026","low","true","indexable","",""
"blog","src/content/blog/feriado-17-agosto-2026.json","/blog/feriado-17-agosto-2026","low","true","indexable","",""
"blog","src/content/blog/feriados-que-quedan-2026-argentina-findes-largos.json","/blog/feriados-que-quedan-2026-argentina-findes-largos","low","true","indexable","",""
"blog","src/content/blog/feriados-y-horas-extra-en-casas-particulares-que-controlar.json","/blog/feriados-y-horas-extra-en-casas-particulares-que-controlar","medium","true","indexable","",""
"blog","src/content/blog/finde-asado-22-julio-2026.json","/blog/finde-asado-22-julio-2026","low","true","indexable","",""
"blog","src/content/blog/finde-escapada-auto-27-julio-2026.json","/blog/finde-escapada-auto-27-julio-2026","low","true","indexable","",""
"blog","src/content/blog/finde-juntada-5-agosto-2026.json","/blog/finde-juntada-5-agosto-2026","low","true","indexable","",""
"blog","src/content/blog/finde-largo-13-junio-2026.json","/blog/finde-largo-13-junio-2026","medium","true","indexable","",""
"blog","src/content/blog/finde-largo-15-agosto-2026.json","/blog/finde-largo-15-agosto-2026","medium","true","indexable","","ymyl-post-without-specific-source"
"blog","src/content/blog/finde-largo-9-julio-2026.json","/blog/finde-largo-9-julio-2026","medium","false","noindex","",""
"blog","src/content/blog/finde-reposteria-13-agosto-2026.json","/blog/finde-reposteria-13-agosto-2026","low","true","indexable","",""
"blog","src/content/blog/fisica-aplicada-sin-trauma-2026.json","/blog/fisica-aplicada-sin-trauma-2026","low","true","indexable","",""
"blog","src/content/blog/futbol-con-numeros-guia-2026.json","/blog/futbol-con-numeros-guia-2026","low","true","indexable","",""
"blog","src/content/blog/gaming-hobbies-en-numeros-2026.json","/blog/gaming-hobbies-en-numeros-2026","low","true","indexable","",""
"blog","src/content/blog/ganancias-de-cuarta-categoria-como-ordenar-una-liquidacion.json","/blog/ganancias-de-cuarta-categoria-como-ordenar-una-liquidacion","low","true","indexable","",""
"blog","src/content/blog/ganancias-vencimiento-2026-prorroga-27-julio.json","/blog/ganancias-vencimiento-2026-prorroga-27-julio","low","true","indexable","",""
"blog","src/content/blog/ganancias-y-sueldo-neto-por-que-no-son-la-misma-cuenta.json","/blog/ganancias-y-sueldo-neto-por-que-no-son-la-misma-cuenta","low","true","indexable","",""
"blog","src/content/blog/ganar-musculo-con-numeros-2026.json","/blog/ganar-musculo-con-numeros-2026","medium","true","indexable","","ymyl-post-without-specific-source"
"blog","src/content/blog/gastos-de-escritura-que-paga-comprador-y-que-paga-vendedor.json","/blog/gastos-de-escritura-que-paga-comprador-y-que-paga-vendedor","low","true","indexable","",""
"blog","src/content/blog/generacion-x-millennials-y-gen-z-que-comparar.json","/blog/generacion-x-millennials-y-gen-z-que-comparar","low","true","indexable","",""
"blog","src/content/blog/generaciones-en-2026-que-cambio-y-que-mirar.json","/blog/generaciones-en-2026-que-cambio-y-que-mirar","low","true","indexable","",""
"blog","src/content/blog/geometria-figuras-y-cuerpos-paso-a-paso-2026.json","/blog/geometria-figuras-y-cuerpos-paso-a-paso-2026","low","true","indexable","",""
"blog","src/content/blog/guia-completa-monotributo-2026.json","/blog/guia-completa-monotributo-2026","medium","true","indexable","",""
"blog","src/content/blog/guia-imc-peso-saludable.json","/blog/guia-imc-peso-saludable","medium","true","indexable","",""
"blog","src/content/blog/hora-extra-diurna-o-nocturna-como-distinguirlas.json","/blog/hora-extra-diurna-o-nocturna-como-distinguirlas","medium","true","indexable","",""
"blog","src/content/blog/idiomas-y-lectura-cuentas-reales-2026.json","/blog/idiomas-y-lectura-cuentas-reales-2026","low","true","indexable","",""
"blog","src/content/blog/impresion-3d-por-encargo-que-preguntar-antes-de-aceptar-un-precio.json","/blog/impresion-3d-por-encargo-que-preguntar-antes-de-aceptar-un-precio","low","true","indexable","",""
"blog","src/content/blog/imprevistos-laborales-plan-b-2026.json","/blog/imprevistos-laborales-plan-b-2026","medium","true","indexable","","ymyl-post-without-specific-source"
"blog","src/content/blog/impuestos-del-que-factura-guia-2026.json","/blog/impuestos-del-que-factura-guia-2026","low","true","indexable","",""
"blog","src/content/blog/impuestos-personales-patrimonio-compras-2026.json","/blog/impuestos-personales-patrimonio-compras-2026","low","true","indexable","",""
"blog","src/content/blog/indemnizacion-por-despido-argentina.json","/blog/indemnizacion-por-despido-argentina","medium","true","indexable","",""
"blog","src/content/blog/indemnizacion-por-despido-en-2026-que-revisar-este-ano.json","/blog/indemnizacion-por-despido-en-2026-que-revisar-este-ano","medium","true","indexable","",""
"blog","src/content/blog/indemnizacion-renuncia-o-mutuo-acuerdo-que-cambia.json","/blog/indemnizacion-renuncia-o-mutuo-acuerdo-que-cambia","medium","true","indexable","",""
"blog","src/content/blog/inflacion-julio-2026-cuanto-perdiste.json","/blog/inflacion-julio-2026-cuanto-perdiste","medium","true","indexable","","ymyl-post-without-specific-source"
"blog","src/content/blog/inflacion-mayo-2026-cuanto-perdiste.json","/blog/inflacion-mayo-2026-cuanto-perdiste","medium","true","indexable","",""
"blog","src/content/blog/informe-financiero-argentina-2026-05.json","/blog/informe-financiero-argentina-2026-05","medium","true","indexable","",""
"blog","src/content/blog/informe-financiero-argentina-2026-06.json","/blog/informe-financiero-argentina-2026-06","medium","true","indexable","",""
"blog","src/content/blog/informe-financiero-argentina-2026-07.json","/blog/informe-financiero-argentina-2026-07","medium","true","indexable","",""
"blog","src/content/blog/informe-financiero-argentina-2026-08.json","/blog/informe-financiero-argentina-2026-08","medium","true","indexable","","ymyl-post-without-specific-source"
"blog","src/content/blog/ingresos-brutos-con-ejemplos-paso-a-paso.json","/blog/ingresos-brutos-con-ejemplos-paso-a-paso","low","true","indexable","",""
"blog","src/content/blog/ingresos-brutos-diferencia-entre-facturacion-base-y-saldo.json","/blog/ingresos-brutos-diferencia-entre-facturacion-base-y-saldo","low","true","indexable","",""
"blog","src/content/blog/ingresos-brutos-para-servicios-como-ordenar-una-primera-estimacion.json","/blog/ingresos-brutos-para-servicios-como-ordenar-una-primera-estimacion","low","true","indexable","",""
"blog","src/content/blog/la-capacidad-de-endeudamiento-con-ejemplos-paso-a-paso.json","/blog/la-capacidad-de-endeudamiento-con-ejemplos-paso-a-paso","medium","true","indexable","",""
"blog","src/content/blog/la-comision-por-ventas-con-ejemplos-paso-a-paso.json","/blog/la-comision-por-ventas-con-ejemplos-paso-a-paso","medium","true","indexable","",""
"blog","src/content/blog/la-comparacion-de-prestamos-con-ejemplos-paso-a-paso.json","/blog/la-comparacion-de-prestamos-con-ejemplos-paso-a-paso","medium","true","indexable","",""
"blog","src/content/blog/la-media-estadistica-con-ejemplos-paso-a-paso.json","/blog/la-media-estadistica-con-ejemplos-paso-a-paso","low","true","indexable","",""
"blog","src/content/blog/la-nota-necesaria-para-aprobar-con-ejemplos-paso-a-paso.json","/blog/la-nota-necesaria-para-aprobar-con-ejemplos-paso-a-paso","low","true","indexable","",""
"blog","src/content/blog/la-proyeccion-de-ventas-con-ejemplos-paso-a-paso.json","/blog/la-proyeccion-de-ventas-con-ejemplos-paso-a-paso","medium","true","indexable","",""
"blog","src/content/blog/ladrillo-hueco-o-comun-como-comparar-para-una-pared.json","/blog/ladrillo-hueco-o-comun-como-comparar-para-una-pared","low","true","indexable","",""
"blog","src/content/blog/las-percepciones-impositivas-con-ejemplos-paso-a-paso.json","/blog/las-percepciones-impositivas-con-ejemplos-paso-a-paso","low","true","indexable","",""
"blog","src/content/blog/las-retenciones-con-ejemplos-paso-a-paso.json","/blog/las-retenciones-con-ejemplos-paso-a-paso","low","true","indexable","",""
"blog","src/content/blog/liquidacion-final-en-2026-que-revisar-con-la-normativa-vigente.json","/blog/liquidacion-final-en-2026-que-revisar-con-la-normativa-vigente","medium","true","indexable","",""
"blog","src/content/blog/liquidacion-final-indemnizacion-y-renuncia-que-comparar.json","/blog/liquidacion-final-indemnizacion-y-renuncia-que-comparar","medium","true","indexable","",""
"blog","src/content/blog/liquidacion-final-renuncia-despido.json","/blog/liquidacion-final-renuncia-despido","medium","true","indexable","",""
"blog","src/content/blog/los-costos-fijos-y-variables-con-ejemplos-paso-a-paso.json","/blog/los-costos-fijos-y-variables-con-ejemplos-paso-a-paso","medium","true","indexable","",""
"blog","src/content/blog/ltv-vs-cac.json","/blog/ltv-vs-cac","low","true","indexable","",""
"blog","src/content/blog/mantenimiento-hogar-cuentas-mensuales-2026.json","/blog/mantenimiento-hogar-cuentas-mensuales-2026","low","true","indexable","",""
"blog","src/content/blog/markup-vs-margen.json","/blog/markup-vs-margen","medium","true","indexable","",""
"blog","src/content/blog/medir-bien-en-la-cocina-2026.json","/blog/medir-bien-en-la-cocina-2026","low","true","indexable","",""
"blog","src/content/blog/medir-riesgo-antes-de-invertir-2026.json","/blog/medir-riesgo-antes-de-invertir-2026","medium","true","indexable","","ymyl-post-without-specific-source"
"blog","src/content/blog/millas-escalas-y-horarios-de-vuelo-2026.json","/blog/millas-escalas-y-horarios-de-vuelo-2026","low","true","indexable","",""
"blog","src/content/blog/millas-o-dinero-como-decidir-si-conviene-canjear.json","/blog/millas-o-dinero-como-decidir-si-conviene-canjear","low","true","indexable","",""
"blog","src/content/blog/millas-y-escalas-como-comparar-dos-itinerarios.json","/blog/millas-y-escalas-como-comparar-dos-itinerarios","low","true","indexable","",""
"blog","src/content/blog/monotributo-errores-que-pueden-generar-recategorizacion.json","/blog/monotributo-errores-que-pueden-generar-recategorizacion","low","true","indexable","",""
"blog","src/content/blog/monotributo-o-responsable-inscripto-como-comparar.json","/blog/monotributo-o-responsable-inscripto-como-comparar","low","true","indexable","",""
"blog","src/content/blog/monotributo-social-y-monotributo-general-que-diferencia-revisar.json","/blog/monotributo-social-y-monotributo-general-que-diferencia-revisar","low","true","indexable","",""
"blog","src/content/blog/nafta-super-o-premium-como-comparar-el-costo-por-kilometro.json","/blog/nafta-super-o-premium-como-comparar-el-costo-por-kilometro","low","true","indexable","",""
"blog","src/content/blog/numeros-de-fotografia-y-video-2026.json","/blog/numeros-de-fotografia-y-video-2026","low","true","indexable","",""
"blog","src/content/blog/numeros-emprendimiento.json","/blog/numeros-emprendimiento","medium","true","indexable","",""
"blog","src/content/blog/numeros-legales-de-la-familia-2026.json","/blog/numeros-legales-de-la-familia-2026","low","true","indexable","",""
"blog","src/content/blog/obra-tradicional-steel-frame-o-prefabricada-que-costo-comparar.json","/blog/obra-tradicional-steel-frame-o-prefabricada-que-costo-comparar","low","true","indexable","",""
"blog","src/content/blog/ordenar-la-plata-del-mes-2026.json","/blog/ordenar-la-plata-del-mes-2026","medium","true","indexable","","ymyl-post-without-specific-source"
"blog","src/content/blog/organizar-una-fiesta-grande-2026.json","/blog/organizar-una-fiesta-grande-2026","low","true","indexable","",""
"blog","src/content/blog/paquete-economico-2027-mexico-8-septiembre.json","/blog/paquete-economico-2027-mexico-8-septiembre","low","true","indexable","",""
"blog","src/content/blog/partidos-mundial-finde-11-julio-2026.json","/blog/partidos-mundial-finde-11-julio-2026","low","false","noindex","",""
"blog","src/content/blog/partidos-mundial-finde-27-junio-2026.json","/blog/partidos-mundial-finde-27-junio-2026","low","false","noindex","",""
"blog","src/content/blog/partidos-mundial-finde-4-julio-2026.json","/blog/partidos-mundial-finde-4-julio-2026","low","false","noindex","",""
"blog","src/content/blog/patente-automotor-por-que-cambia-de-un-ano-a-otro.json","/blog/patente-automotor-por-que-cambia-de-un-ano-a-otro","low","true","indexable","",""
"blog","src/content/blog/patente-de-un-auto-nuevo-como-estimar-el-primer-ano.json","/blog/patente-de-un-auto-nuevo-como-estimar-el-primer-ano","low","true","indexable","",""
"blog","src/content/blog/percentiles-infantiles-que-significa-cambiar-de-curva.json","/blog/percentiles-infantiles-que-significa-cambiar-de-curva","medium","true","indexable","",""
"blog","src/content/blog/peso-ideal-e-imc-en-2026-que-revisar-antes-de-fin-de-ano.json","/blog/peso-ideal-e-imc-en-2026-que-revisar-antes-de-fin-de-ano","medium","true","indexable","",""
"blog","src/content/blog/peso-ideal-imc-y-cintura-que-dato-conviene-mirar.json","/blog/peso-ideal-imc-y-cintura-que-dato-conviene-mirar","medium","true","indexable","",""
"blog","src/content/blog/peso-y-talla-infantil-errores-que-distorsionan-el-resultado.json","/blog/peso-y-talla-infantil-errores-que-distorsionan-el-resultado","medium","true","indexable","",""
"blog","src/content/blog/planificar-jubilacion-anses-2026.json","/blog/planificar-jubilacion-anses-2026","medium","true","indexable","","ymyl-post-without-specific-source"
"blog","src/content/blog/planificar-viaje-al-exterior-checklist-2026.json","/blog/planificar-viaje-al-exterior-checklist-2026","low","true","indexable","",""
"blog","src/content/blog/plata-para-mudarse-alquilar-o-comprar-2026.json","/blog/plata-para-mudarse-alquilar-o-comprar-2026","medium","true","indexable","","ymyl-post-without-specific-source"
"blog","src/content/blog/plazo-fijo-como-decidir-entre-tasa-y-liquidez.json","/blog/plazo-fijo-como-decidir-entre-tasa-y-liquidez","medium","true","indexable","",""
"blog","src/content/blog/plazo-fijo-tradicional-o-cuenta-remunerada-como-comparar.json","/blog/plazo-fijo-tradicional-o-cuenta-remunerada-como-comparar","medium","true","indexable","",""
"blog","src/content/blog/poner-precio-negocio-servicios-2026.json","/blog/poner-precio-negocio-servicios-2026","medium","true","indexable","","ymyl-post-without-specific-source"
"blog","src/content/blog/porcentaje-acumulado-como-aplicar-varios-cambios-seguidos.json","/blog/porcentaje-acumulado-como-aplicar-varios-cambios-seguidos","low","true","indexable","",""
"blog","src/content/blog/porcentaje-de-variacion-como-medir-cuanto-cambio-algo.json","/blog/porcentaje-de-variacion-como-medir-cuanto-cambio-algo","low","true","indexable","",""
"blog","src/content/blog/porcentajes-en-una-planilla-formulas-y-controles-basicos.json","/blog/porcentajes-en-una-planilla-formulas-y-controles-basicos","low","true","indexable","",""
"blog","src/content/blog/preguntas-frecuentes-sobre-el-consumo-electrico.json","/blog/preguntas-frecuentes-sobre-el-consumo-electrico","low","true","indexable","",""
"blog","src/content/blog/preguntas-frecuentes-sobre-el-impuesto-a-las-ganancias.json","/blog/preguntas-frecuentes-sobre-el-impuesto-a-las-ganancias","low","true","indexable","",""
"blog","src/content/blog/preguntas-frecuentes-sobre-las-retenciones.json","/blog/preguntas-frecuentes-sobre-las-retenciones","low","true","indexable","",""
"blog","src/content/blog/presupuesto-de-una-pared-de-ladrillos-rubros-que-no-hay-que-olvidar.json","/blog/presupuesto-de-una-pared-de-ladrillos-rubros-que-no-hay-que-olvidar","low","true","indexable","",""
"blog","src/content/blog/principios-basicos-de-combinatoria.json","/blog/principios-basicos-de-combinatoria","low","true","indexable","",""
"blog","src/content/blog/punto-de-equilibrio-para-comercios.json","/blog/punto-de-equilibrio-para-comercios","medium","true","indexable","",""
"blog","src/content/blog/puntos-porcentuales-vs-porcentaje-diferencia.json","/blog/puntos-porcentuales-vs-porcentaje-diferencia","low","true","indexable","",""
"blog","src/content/blog/que-es-el-consumo-electrico.json","/blog/que-es-el-consumo-electrico","low","true","indexable","",""
"blog","src/content/blog/que-es-el-desvio-estandar.json","/blog/que-es-el-desvio-estandar","low","true","indexable","",""
"blog","src/content/blog/que-es-el-precio-por-unidad.json","/blog/que-es-el-precio-por-unidad","low","true","indexable","",""
"blog","src/content/blog/que-es-el-punto-de-equilibrio.json","/blog/que-es-el-punto-de-equilibrio","medium","true","indexable","",""
"blog","src/content/blog/que-es-la-comparacion-de-precios.json","/blog/que-es-la-comparacion-de-precios","low","true","indexable","",""
"blog","src/content/blog/quimica-y-cielo-para-estudiantes-2026.json","/blog/quimica-y-cielo-para-estudiantes-2026","low","true","indexable","",""
"blog","src/content/blog/recargo-dominical-90-colombia-julio-2026.json","/blog/recargo-dominical-90-colombia-julio-2026","medium","true","indexable","",""
"blog","src/content/blog/recargos-en-domingo-y-festivo-en-colombia-que-separar.json","/blog/recargos-en-domingo-y-festivo-en-colombia-que-separar","medium","true","indexable","",""
"blog","src/content/blog/renta-personas-naturales-en-2026-que-revisar-antes-de-declarar.json","/blog/renta-personas-naturales-en-2026-que-revisar-antes-de-declarar","low","true","indexable","",""
"blog","src/content/blog/rentabilidad-negocio.json","/blog/rentabilidad-negocio","medium","true","indexable","",""
"blog","src/content/blog/salario-mensual-o-por-hora-en-paraguay-como-convertir-sin-perder-contexto.json","/blog/salario-mensual-o-por-hora-en-paraguay-como-convertir-sin-perder-contexto","medium","true","indexable","",""
"blog","src/content/blog/salario-minimo-agosto-2026.json","/blog/salario-minimo-agosto-2026","low","true","indexable","",""
"blog","src/content/blog/salario-minimo-mexico-2027-que-se-espera.json","/blog/salario-minimo-mexico-2027-que-se-espera","medium","true","indexable","",""
"blog","src/content/blog/salir-de-deudas-plan-completo-2026.json","/blog/salir-de-deudas-plan-completo-2026","medium","true","indexable","","ymyl-post-without-specific-source"
"blog","src/content/blog/seguro-de-desempleo-errores-que-pueden-retrasar-el-tramite.json","/blog/seguro-de-desempleo-errores-que-pueden-retrasar-el-tramite","medium","true","indexable","",""
"blog","src/content/blog/seguro-de-desempleo-que-documentos-preparar.json","/blog/seguro-de-desempleo-que-documentos-preparar","medium","true","indexable","",""
"blog","src/content/blog/semanas-de-embarazo-en-2026-que-revisar-en-cada-etapa.json","/blog/semanas-de-embarazo-en-2026-que-revisar-en-cada-etapa","medium","true","indexable","",""
"blog","src/content/blog/semanas-de-embarazo-fecha-de-parto-y-ecografia-que-pesa-mas.json","/blog/semanas-de-embarazo-fecha-de-parto-y-ecografia-que-pesa-mas","medium","true","indexable","",""
"blog","src/content/blog/sobrevivir-la-facultad-con-numeros-2026.json","/blog/sobrevivir-la-facultad-con-numeros-2026","low","true","indexable","",""
"blog","src/content/blog/sueldo-bruto-neto-y-monotributo-que-alternativa-comparar.json","/blog/sueldo-bruto-neto-y-monotributo-que-alternativa-comparar","medium","true","indexable","",""
"blog","src/content/blog/sueldo-bruto-y-neto-en-paraguay-como-comparar-dos-ofertas.json","/blog/sueldo-bruto-y-neto-en-paraguay-como-comparar-dos-ofertas","medium","true","indexable","",""
"blog","src/content/blog/sueldo-de-convenio-salario-real-y-adicionales-que-comparar.json","/blog/sueldo-de-convenio-salario-real-y-adicionales-que-comparar","medium","true","indexable","",""
"blog","src/content/blog/sueldo-real-argentino-2026.json","/blog/sueldo-real-argentino-2026","low","true","indexable","",""
"blog","src/content/blog/sueldos-bruto-y-neto-en-2026-que-revisar-este-ano.json","/blog/sueldos-bruto-y-neto-en-2026-que-revisar-este-ano","medium","true","indexable","",""
"blog","src/content/blog/sueldos-por-convenio-en-2026-que-revisar-este-ano.json","/blog/sueldos-por-convenio-en-2026-que-revisar-este-ano","medium","true","indexable","",""
"blog","src/content/blog/tablero-control-pyme-caja-marketing-2026.json","/blog/tablero-control-pyme-caja-marketing-2026","medium","true","indexable","","ymyl-post-without-specific-source"
"blog","src/content/blog/talles-de-calzado-como-pasar-de-centimetros-a-una-etiqueta.json","/blog/talles-de-calzado-como-pasar-de-centimetros-a-una-etiqueta","low","true","indexable","",""
"blog","src/content/blog/talles-internacionales-diferencias-entre-centimetros-letras-y-numeros.json","/blog/talles-internacionales-diferencias-entre-centimetros-letras-y-numeros","low","true","indexable","",""
"blog","src/content/blog/tarjeta-sube-guia-completa-2026.json","/blog/tarjeta-sube-guia-completa-2026","medium","true","indexable","",""
"blog","src/content/blog/te-echaron-o-renunciaste-guia-numeros-2026.json","/blog/te-echaron-o-renunciaste-guia-numeros-2026","medium","true","indexable","","ymyl-post-without-specific-source"
"blog","src/content/blog/terminaciones-y-muebles-calculos-2026.json","/blog/terminaciones-y-muebles-calculos-2026","low","true","indexable","",""
"blog","src/content/blog/tina-asistente-virtual-estado-como-usar.json","/blog/tina-asistente-virtual-estado-como-usar","low","true","indexable","",""
"blog","src/content/blog/transferir-un-auto-que-revisar-de-patente-y-deuda.json","/blog/transferir-un-auto-que-revisar-de-patente-y-deuda","low","true","indexable","",""
"blog","src/content/blog/traslado-regimen-pensional-colombia-16-julio-2026.json","/blog/traslado-regimen-pensional-colombia-16-julio-2026","medium","true","indexable","",""
"blog","src/content/blog/un-aumento-por-inflacion-con-ejemplos-paso-a-paso.json","/blog/un-aumento-por-inflacion-con-ejemplos-paso-a-paso","medium","true","indexable","",""
"blog","src/content/blog/vacaciones-de-una-empleada-domestica-como-ordenar-la-cuenta.json","/blog/vacaciones-de-una-empleada-domestica-como-ordenar-la-cuenta","medium","true","indexable","",""
"blog","src/content/blog/vacaciones-invierno-2026-cuanto-sale-presupuesto.json","/blog/vacaciones-invierno-2026-cuanto-sale-presupuesto","low","true","indexable","",""
"blog","src/content/blog/viaje-largo-en-auto-que-gastos-suelen-quedar-afuera-del-calculo.json","/blog/viaje-largo-en-auto-que-gastos-suelen-quedar-afuera-del-calculo","low","true","indexable","",""
"blog","src/content/blog/vivir-de-crear-contenido-numeros-2026.json","/blog/vivir-de-crear-contenido-numeros-2026","medium","true","indexable","","ymyl-post-without-specific-source"
"hub","src/lib/hubs/accidente-laboral.ts","/trabajo/accidente-laboral","unknown","true","ready","",""
"hub","src/lib/hubs/acuario.ts","/mascotas/acuario","unknown","true","ready","",""
"hub","src/lib/hubs/adaptar-una-receta.ts","/cocina/adaptar-una-receta","unknown","true","ready","",""
"hub","src/lib/hubs/aeropuerto.ts","/viajes/aeropuerto","unknown","true","ready","",""
"hub","src/lib/hubs/agua-obra.ts","/construccion/agua","unknown","true","ready","",""
"hub","src/lib/hubs/aguinaldo.ts","/trabajo/aguinaldo","unknown","true","ready","",""
"hub","src/lib/hubs/aire-calefaccion.ts","/hogar/climatizacion","unknown","true","ready","",""
"hub","src/lib/hubs/aislacion.ts","/construccion/aislacion","unknown","true","ready","",""
"hub","src/lib/hubs/ajustes-de-camara.ts","/tecnologia/ajustes-de-camara","unknown","true","ready","",""
"hub","src/lib/hubs/almacenamiento.ts","/tecnologia/almacenamiento","unknown","true","ready","",""
"hub","src/lib/hubs/amueblar.ts","/hogar/amueblar","unknown","true","ready","",""
"hub","src/lib/hubs/antes-de-volar.ts","/viajes/antes-de-volar","unknown","true","ready","",""
"hub","src/lib/hubs/aprender-un-idioma.ts","/estudio/aprender-un-idioma","unknown","true","ready","",""
"hub","src/lib/hubs/area-y-perimetro.ts","/matematica/area-y-perimetro","unknown","true","ready","",""
"hub","src/lib/hubs/asado-resto.ts","/eventos/empanadas-y-guarniciones","unknown","true","ready","",""
"hub","src/lib/hubs/asado.ts","/eventos/asado","unknown","true","ready","",""
"hub","src/lib/hubs/audio.ts","/tecnologia/audio","unknown","true","ready","",""
"hub","src/lib/hubs/auh.ts","/familia/asignaciones-anses","unknown","true","ready","",""
"hub","src/lib/hubs/aumento-de-alquiler.ts","/alquiler/aumento-de-alquiler","unknown","true","ready","",""
"hub","src/lib/hubs/auto-vs-uber.ts","/auto/auto-o-uber","unknown","true","ready","",""
"hub","src/lib/hubs/baterias.ts","/tecnologia/baterias","unknown","true","ready","",""
"hub","src/lib/hubs/bebidas-evento.ts","/eventos/bebidas","unknown","true","ready","",""
"hub","src/lib/hubs/becas-para-estudiar.ts","/finanzas-personales/becas-para-estudiar","unknown","true","ready","",""
"hub","src/lib/hubs/bienes-personales.ts","/impuestos/bienes-personales","unknown","true","ready","",""
"hub","src/lib/hubs/cafe.ts","/cocina/cafe","unknown","true","ready","",""
"hub","src/lib/hubs/calorias-alimento.ts","/salud/calorias-de-los-alimentos","unknown","true","ready","",""
"hub","src/lib/hubs/calorias-diarias.ts","/nutricion/calorias-diarias","unknown","true","ready","",""
"hub","src/lib/hubs/calorias-quemadas.ts","/salud/calorias-quemadas","unknown","true","ready","",""
"hub","src/lib/hubs/capital-de-trabajo.ts","/negocios/capital-de-trabajo","unknown","true","ready","",""
"hub","src/lib/hubs/casamiento.ts","/eventos/casamiento","unknown","true","ready","",""
"hub","src/lib/hubs/cedears.ts","/inversiones/cedears","unknown","true","ready","",""
"hub","src/lib/hubs/ceramicos.ts","/construccion/pisos","unknown","true","ready","",""
"hub","src/lib/hubs/cerveza-casera.ts","/cocina/cerveza-casera","unknown","true","ready","",""
"hub","src/lib/hubs/cl/arrendar-o-comprar.ts","/cl/hogar/arrendar-o-comprar","unknown","true","ready","",""
"hub","src/lib/hubs/cl/bonos-y-beneficios-del-estado.ts","/cl/vida/bonos-y-beneficios-del-estado","unknown","true","ready","",""
"hub","src/lib/hubs/cl/cobre-y-finanzas-publicas.ts","/cl/impuestos/cobre-y-finanzas-publicas","unknown","true","ready","",""
"hub","src/lib/hubs/cl/comprar-casa-con-credito.ts","/cl/hogar/comprar-casa-con-credito","unknown","true","ready","",""
"hub","src/lib/hubs/cl/costo-de-contratar.ts","/cl/trabajo/costo-de-contratar","unknown","true","ready","",""
"hub","src/lib/hubs/cl/cuanta-pension-voy-a-tener.ts","/cl/dinero/cuanta-pension-voy-a-tener","unknown","true","ready","",""
"hub","src/lib/hubs/cl/cuanto-cuesta-estudiar.ts","/cl/vida/cuanto-cuesta-estudiar","unknown","true","ready","",""
"hub","src/lib/hubs/cl/cuanto-cuesta-tener-auto.ts","/cl/auto/cuanto-cuesta-tener-auto","unknown","true","ready","",""
"hub","src/lib/hubs/cl/cuanto-cuesta-vivir.ts","/cl/vida/cuanto-cuesta-vivir","unknown","true","ready","",""
"hub","src/lib/hubs/cl/cuanto-gasto-en-el-viaje.ts","/cl/auto/cuanto-gasto-en-el-viaje","unknown","true","ready","",""
"hub","src/lib/hubs/cl/cuentas-de-la-casa.ts","/cl/hogar/cuentas-de-la-casa","unknown","true","ready","",""
"hub","src/lib/hubs/cl/donde-invierto-mis-ahorros.ts","/cl/dinero/donde-invierto-mis-ahorros","unknown","true","ready","",""
"hub","src/lib/hubs/cl/fonasa-o-isapre.ts","/cl/vida/fonasa-o-isapre","unknown","true","ready","",""
"hub","src/lib/hubs/cl/gratificacion-y-aguinaldo.ts","/cl/trabajo/gratificacion-y-aguinaldo","unknown","true","ready","",""
"hub","src/lib/hubs/cl/horas-extra-y-recargos.ts","/cl/trabajo/horas-extra-y-recargos","unknown","true","ready","",""
"hub","src/lib/hubs/cl/impuestos-de-mi-empresa.ts","/cl/impuestos/impuestos-de-mi-empresa","unknown","true","ready","",""
"hub","src/lib/hubs/cl/impuestos-de-mi-propiedad.ts","/cl/impuestos/impuestos-de-mi-propiedad","unknown","true","ready","",""
"hub","src/lib/hubs/cl/licencias-y-permisos.ts","/cl/trabajo/licencias-y-permisos","unknown","true","ready","",""
"hub","src/lib/hubs/cl/me-quedo-sin-trabajo.ts","/cl/trabajo/me-quedo-sin-trabajo","unknown","true","ready","",""
"hub","src/lib/hubs/cl/operacion-renta.ts","/cl/impuestos/operacion-renta","unknown","true","ready","",""
"hub","src/lib/hubs/cl/pedir-un-credito.ts","/cl/dinero/pedir-un-credito","unknown","true","ready","",""
"hub","src/lib/hubs/cl/sueldo-liquido.ts","/cl/trabajo/sueldo-liquido","unknown","true","ready","",""
"hub","src/lib/hubs/cl/trabajo-a-honorarios.ts","/cl/trabajo/trabajo-a-honorarios","unknown","true","ready","",""
"hub","src/lib/hubs/cl/uf-utm-y-dolar-hoy.ts","/cl/dinero/uf-utm-y-dolar-hoy","unknown","true","ready","",""
"hub","src/lib/hubs/cl/viajar-y-comprar-afuera.ts","/cl/vida/viajar-y-comprar-afuera","unknown","true","ready","",""
"hub","src/lib/hubs/co/arriendo.ts","/co/vida/arriendo","unknown","true","ready","",""
"hub","src/lib/hubs/co/comisiones-bancarias.ts","/co/finanzas/comisiones-bancarias","unknown","true","ready","",""
"hub","src/lib/hubs/co/comprar-vivienda.ts","/co/finanzas/comprar-vivienda","unknown","true","ready","",""
"hub","src/lib/hubs/co/costo-de-contratar.ts","/co/trabajo/costo-de-contratar","unknown","true","ready","",""
"hub","src/lib/hubs/co/costo-de-tener-carro.ts","/co/automotor/costo-de-tener-carro","unknown","true","ready","",""
"hub","src/lib/hubs/co/creditos-y-tarjetas.ts","/co/finanzas/creditos-y-tarjetas","unknown","true","ready","",""
"hub","src/lib/hubs/co/divorcio-y-cuota-alimentaria.ts","/co/vida/divorcio-y-cuota-alimentaria","unknown","true","ready","",""
"hub","src/lib/hubs/co/documentos-y-pasaporte.ts","/co/vida/documentos-y-pasaporte","unknown","true","ready","",""
"hub","src/lib/hubs/co/donde-pongo-mis-ahorros.ts","/co/finanzas/donde-pongo-mis-ahorros","unknown","true","ready","",""
"hub","src/lib/hubs/co/estudiar-en-colombia.ts","/co/vida/estudiar-en-colombia","unknown","true","ready","",""
"hub","src/lib/hubs/co/horas-extras-y-recargos.ts","/co/trabajo/horas-extras-y-recargos","unknown","true","ready","",""
"hub","src/lib/hubs/co/impuestos-al-consumo.ts","/co/impuestos/impuestos-al-consumo","unknown","true","ready","",""
"hub","src/lib/hubs/co/impuestos-de-mi-negocio.ts","/co/impuestos/impuestos-de-mi-negocio","unknown","true","ready","",""
"hub","src/lib/hubs/co/incapacidad-y-licencias.ts","/co/trabajo/incapacidad-y-licencias","unknown","true","ready","",""
"hub","src/lib/hubs/co/independiente-y-honorarios.ts","/co/trabajo/independiente-y-honorarios","unknown","true","ready","",""
"hub","src/lib/hubs/co/liquidacion-laboral.ts","/co/trabajo/liquidacion-laboral","unknown","true","ready","",""
"hub","src/lib/hubs/co/multas-y-pico-y-placa.ts","/co/automotor/multas-y-pico-y-placa","unknown","true","ready","",""
"hub","src/lib/hubs/co/patrimonio-y-herencia.ts","/co/impuestos/patrimonio-y-herencia","unknown","true","ready","",""
"hub","src/lib/hubs/co/pension.ts","/co/finanzas/pension","unknown","true","ready","",""
"hub","src/lib/hubs/co/predial-y-avaluo.ts","/co/impuestos/predial-y-avaluo","unknown","true","ready","",""
"hub","src/lib/hubs/co/presupuesto-del-hogar.ts","/co/vida/presupuesto-del-hogar","unknown","true","ready","",""
"hub","src/lib/hubs/co/que-hago-con-mis-cesantias.ts","/co/trabajo/que-hago-con-mis-cesantias","unknown","true","ready","",""
"hub","src/lib/hubs/co/recibos-de-servicios.ts","/co/vida/recibos-de-servicios","unknown","true","ready","",""
"hub","src/lib/hubs/co/renta-personas.ts","/co/impuestos/renta-personas","unknown","true","ready","",""
"hub","src/lib/hubs/co/retencion-en-la-fuente.ts","/co/impuestos/retencion-en-la-fuente","unknown","true","ready","",""
"hub","src/lib/hubs/co/sanciones-dian.ts","/co/impuestos/sanciones-dian","unknown","true","ready","",""
"hub","src/lib/hubs/co/sueldo-neto.ts","/co/trabajo/sueldo-neto","unknown","true","ready","",""
"hub","src/lib/hubs/co/vuelos-millas-y-tiempo.ts","/co/finanzas/vuelos-millas-y-tiempo","unknown","true","ready","",""
"hub","src/lib/hubs/coccion-de-carne.ts","/cocina/coccion-de-carne","unknown","true","ready","",""
"hub","src/lib/hubs/comida-evento.ts","/eventos/comida","unknown","true","ready","",""
"hub","src/lib/hubs/comisiones-plataforma.ts","/negocios/comisiones-de-plataforma","unknown","true","ready","",""
"hub","src/lib/hubs/comprar-en-el-exterior.ts","/impuestos/comprar-en-el-exterior","unknown","true","ready","",""
"hub","src/lib/hubs/consumo-nafta.ts","/auto/consumo","unknown","true","ready","",""
"hub","src/lib/hubs/contador-de-palabras.ts","/estudio/contador-de-palabras","unknown","true","ready","",""
"hub","src/lib/hubs/conversor-de-tiempo.ts","/conversores/tiempo","unknown","true","ready","",""
"hub","src/lib/hubs/conversor-longitud.ts","/conversores/longitud","unknown","true","ready","",""
"hub","src/lib/hubs/convertir-peso.ts","/conversores/peso","unknown","true","ready","",""
"hub","src/lib/hubs/convertir-temperatura.ts","/conversores/temperatura","unknown","true","ready","",""
"hub","src/lib/hubs/convertir-volumen.ts","/conversores/volumen","unknown","true","ready","",""
"hub","src/lib/hubs/costo-auto.ts","/auto/costo-anual","unknown","true","ready","",""
"hub","src/lib/hubs/costo-de-un-bebe.ts","/familia/costo-de-un-bebe","unknown","true","ready","",""
"hub","src/lib/hubs/costo-de-un-empleado.ts","/trabajo/costo-de-un-empleado","unknown","true","ready","",""
"hub","src/lib/hubs/costo-ia.ts","/tecnologia/costo-de-ia","unknown","true","ready","",""
"hub","src/lib/hubs/costo-mascota.ts","/mascotas/cuanto-cuesta","unknown","true","ready","",""
"hub","src/lib/hubs/costo-por-m2.ts","/construccion/costo-por-m2","unknown","true","ready","",""
"hub","src/lib/hubs/creador-de-contenido.ts","/negocios/creador-de-contenido","unknown","true","ready","",""
"hub","src/lib/hubs/crecimiento-bebe.ts","/bebes/crecimiento","unknown","true","ready","",""
"hub","src/lib/hubs/crecimiento-infantil.ts","/salud/crecimiento-infantil","unknown","true","ready","",""
"hub","src/lib/hubs/credito-hipotecario.ts","/vivienda/credito-hipotecario","unknown","true","ready","",""
"hub","src/lib/hubs/cuando-jubilo.ts","/jubilacion/cuando-me-jubilo","unknown","true","ready","",""
"hub","src/lib/hubs/cuanta-comida-mascota.ts","/mascotas/cuanta-comida","unknown","true","ready","",""
"hub","src/lib/hubs/cuantas-plantas.ts","/jardin/cuantas-plantas","unknown","true","ready","",""
"hub","src/lib/hubs/cuanto-cuesta-estudiar.ts","/estudio/cuanto-cuesta-estudiar","unknown","true","ready","",""
"hub","src/lib/hubs/cuanto-dormir.ts","/salud/cuanto-dormir","unknown","true","ready","",""
"hub","src/lib/hubs/cuanto-falta-para-recibirme.ts","/estudio/cuanto-falta-para-recibirme","unknown","true","ready","",""
"hub","src/lib/hubs/cuanto-tardo-en-leer.ts","/estudio/cuanto-tardo-en-leer","unknown","true","ready","",""
"hub","src/lib/hubs/cuanto-vale-mi-negocio.ts","/negocios/cuanto-vale-mi-negocio","unknown","true","ready","",""
"hub","src/lib/hubs/cuanto-vive.ts","/mascotas/cuanto-vive","unknown","true","ready","",""
"hub","src/lib/hubs/cuanto-voy-a-cobrar.ts","/jubilacion/cuanto-voy-a-cobrar","unknown","true","ready","",""
"hub","src/lib/hubs/cuenta-regresiva.ts","/fechas/cuenta-regresiva","unknown","true","ready","",""
"hub","src/lib/hubs/cuota-alimentaria.ts","/familia/cuota-alimentaria","unknown","true","ready","",""
"hub","src/lib/hubs/deducciones-ganancias.ts","/impuestos/deducciones-ganancias","unknown","true","ready","",""
"hub","src/lib/hubs/derivadas.ts","/matematica/derivadas","unknown","true","ready","",""
"hub","src/lib/hubs/dias-entre-fechas.ts","/fechas/dias-entre-fechas","unknown","true","ready","",""
"hub","src/lib/hubs/dias-fertiles.ts","/embarazo/dias-fertiles","unknown","true","ready","",""
"hub","src/lib/hubs/do/ahorro-y-dolar.ts","/do/finanzas/ahorro-y-dolar","unknown","true","ready","",""
"hub","src/lib/hubs/do/comprar-vivienda.ts","/do/impuestos/comprar-vivienda","unknown","true","ready","",""
"hub","src/lib/hubs/do/comprar-y-financiar-un-vehiculo.ts","/do/finanzas/comprar-y-financiar-un-vehiculo","unknown","true","ready","",""
"hub","src/lib/hubs/do/liquidacion.ts","/do/trabajo/liquidacion","unknown","true","ready","",""
"hub","src/lib/hubs/do/negocio-dgii.ts","/do/impuestos/negocio-dgii","unknown","true","ready","",""
"hub","src/lib/hubs/do/presupuesto-del-hogar.ts","/do/finanzas/presupuesto-del-hogar","unknown","true","ready","",""
"hub","src/lib/hubs/do/regalia-y-bonificacion.ts","/do/trabajo/regalia-y-bonificacion","unknown","true","ready","",""
"hub","src/lib/hubs/do/sueldo-neto.ts","/do/trabajo/sueldo-neto","unknown","true","ready","",""
"hub","src/lib/hubs/do/tss-aportes-y-coberturas.ts","/do/trabajo/tss-aportes-y-coberturas","unknown","true","ready","",""
"hub","src/lib/hubs/dolar.ts","/finanzas-personales/dolar","unknown","true","ready","",""
"hub","src/lib/hubs/ec/comida-salud-y-construccion.ts","/ec/hogar/comida-salud-y-construccion","unknown","true","ready","",""
"hub","src/lib/hubs/ec/costos-del-auto.ts","/ec/auto/costos-del-auto","unknown","true","ready","",""
"hub","src/lib/hubs/ec/creditos-y-ahorro.ts","/ec/finanzas-personales/creditos-y-ahorro","unknown","true","ready","",""
"hub","src/lib/hubs/ec/decimos-y-fondos-de-reserva.ts","/ec/trabajo/decimos-y-fondos-de-reserva","unknown","true","ready","",""
"hub","src/lib/hubs/ec/entrar-y-pagar-la-universidad.ts","/ec/estudio/entrar-y-pagar-la-universidad","unknown","true","ready","",""
"hub","src/lib/hubs/ec/iess-aportes-y-jubilacion.ts","/ec/trabajo/iess-aportes-y-jubilacion","unknown","true","ready","",""
"hub","src/lib/hubs/ec/impuesto-a-la-renta.ts","/ec/impuestos/impuesto-a-la-renta","unknown","true","ready","",""
"hub","src/lib/hubs/ec/impuestos-del-inmueble.ts","/ec/impuestos/impuestos-del-inmueble","unknown","true","ready","",""
"hub","src/lib/hubs/ec/iva-y-consumo.ts","/ec/impuestos/iva-y-consumo","unknown","true","ready","",""
"hub","src/lib/hubs/ec/licencias-y-pension-alimenticia.ts","/ec/trabajo/licencias-y-pension-alimenticia","unknown","true","ready","",""
"hub","src/lib/hubs/ec/liquidacion-y-despido.ts","/ec/trabajo/liquidacion-y-despido","unknown","true","ready","",""
"hub","src/lib/hubs/ec/presupuesto-mensual.ts","/ec/hogar/presupuesto-mensual","unknown","true","ready","",""
"hub","src/lib/hubs/ec/regimen-rimpe-y-negocio.ts","/ec/impuestos/regimen-rimpe-y-negocio","unknown","true","ready","",""
"hub","src/lib/hubs/ec/sueldo-neto.ts","/ec/trabajo/sueldo-neto","unknown","true","ready","",""
"hub","src/lib/hubs/ec/tramites-y-costos-legales.ts","/ec/tramites/tramites-y-costos-legales","unknown","true","ready","",""
"hub","src/lib/hubs/ecuaciones-y-polinomios.ts","/matematica/ecuaciones-y-polinomios","unknown","true","ready","",""
"hub","src/lib/hubs/edad-del-gato.ts","/mascotas/edad-del-gato","unknown","true","ready","",""
"hub","src/lib/hubs/edad-del-perro.ts","/mascotas/edad-del-perro","unknown","true","ready","",""
"hub","src/lib/hubs/edad-exacta.ts","/fechas/edad-exacta","unknown","true","ready","",""
"hub","src/lib/hubs/electrico-vs-nafta.ts","/auto/electrico-vs-nafta","unknown","true","ready","",""
"hub","src/lib/hubs/empleada-domestica.ts","/trabajo/empleada-domestica","unknown","true","ready","",""
"hub","src/lib/hubs/en/algebra.ts","/en/math/algebra","unknown","true","ready","",""
"hub","src/lib/hubs/en/baby-and-child-milestones.ts","/en/family/baby-and-child-milestones","unknown","true","ready","",""
"hub","src/lib/hubs/en/baking-ratios-and-conversions.ts","/en/cooking/baking-ratios-and-conversions","unknown","true","ready","",""
"hub","src/lib/hubs/en/batteries-and-electronics.ts","/en/tech/batteries-and-electronics","unknown","true","ready","",""
"hub","src/lib/hubs/en/blood-test-numbers.ts","/en/health/blood-test-numbers","unknown","true","ready","",""
"hub","src/lib/hubs/en/body-weight.ts","/en/health/body-weight","unknown","true","ready","",""
"hub","src/lib/hubs/en/brewing-and-infusions.ts","/en/cooking/brewing-and-infusions","unknown","true","ready","",""
"hub","src/lib/hubs/en/buy-lease-finance.ts","/en/cars/buy-lease-finance","unknown","true","ready","",""
"hub","src/lib/hubs/en/calories-and-macros.ts","/en/health/calories-and-macros","unknown","true","ready","",""
"hub","src/lib/hubs/en/car-value-and-ownership.ts","/en/cars/car-value-and-ownership","unknown","true","ready","",""
"hub","src/lib/hubs/en/carbon-footprint.ts","/en/life/carbon-footprint","unknown","true","ready","",""
"hub","src/lib/hubs/en/carpentry-and-stairs.ts","/en/home/carpentry-and-stairs","unknown","true","ready","",""
"hub","src/lib/hubs/en/chemistry-and-thermodynamics.ts","/en/science/chemistry-and-thermodynamics","unknown","true","ready","",""
"hub","src/lib/hubs/en/cloud-and-ai-costs.ts","/en/tech/cloud-and-ai-costs","unknown","true","ready","",""
"hub","src/lib/hubs/en/competition-and-rankings.ts","/en/fitness/competition-and-rankings","unknown","true","ready","",""
"hub","src/lib/hubs/en/concrete-and-structure.ts","/en/home/concrete-and-structure","unknown","true","ready","",""
"hub","src/lib/hubs/en/crypto-profit-and-fees.ts","/en/money/crypto-profit-and-fees","unknown","true","ready","",""
"hub","src/lib/hubs/en/dates-and-hours.ts","/en/life/dates-and-hours","unknown","true","ready","",""
"hub","src/lib/hubs/en/dog-lifestyle-and-costs.ts","/en/pets/dog-lifestyle-and-costs","unknown","true","ready","",""
"hub","src/lib/hubs/en/drinks-for-a-party.ts","/en/cooking/drinks-for-a-party","unknown","true","ready","",""
"hub","src/lib/hubs/en/electrical-and-solar.ts","/en/home/electrical-and-solar","unknown","true","ready","",""
"hub","src/lib/hubs/en/endurance-thresholds.ts","/en/fitness/endurance-thresholds","unknown","true","ready","",""
"hub","src/lib/hubs/en/events-and-family-transitions.ts","/en/family/events-and-family-transitions","unknown","true","ready","",""
"hub","src/lib/hubs/en/exercise-and-training.ts","/en/health/exercise-and-training","unknown","true","ready","",""
"hub","src/lib/hubs/en/family-budget-and-big-expenses.ts","/en/money/family-budget-and-big-expenses","unknown","true","ready","",""
"hub","src/lib/hubs/en/fertility-and-pregnancy.ts","/en/health/fertility-and-pregnancy","unknown","true","ready","",""
"hub","src/lib/hubs/en/fuel-and-trip-cost.ts","/en/cars/fuel-and-trip-cost","unknown","true","ready","",""
"hub","src/lib/hubs/en/geometry-trigonometry.ts","/en/math/geometry-trigonometry","unknown","true","ready","",""
"hub","src/lib/hubs/en/get-out-of-debt.ts","/en/money/get-out-of-debt","unknown","true","ready","",""
"hub","src/lib/hubs/en/gpa-and-grades.ts","/en/school/gpa-and-grades","unknown","true","ready","",""
"hub","src/lib/hubs/en/grow-your-money.ts","/en/money/grow-your-money","unknown","true","ready","",""
"hub","src/lib/hubs/en/home-energy-savings.ts","/en/life/home-energy-savings","unknown","true","ready","",""
"hub","src/lib/hubs/en/home-loan.ts","/en/money/home-loan","unknown","true","ready","",""
"hub","src/lib/hubs/en/how-much-food-per-guest.ts","/en/cooking/how-much-food-per-guest","unknown","true","ready","",""
"hub","src/lib/hubs/en/hvac-sizing.ts","/en/home/hvac-sizing","unknown","true","ready","",""
"hub","src/lib/hubs/en/identity-permits-and-applications.ts","/en/life/identity-permits-and-applications","unknown","true","ready","",""
"hub","src/lib/hubs/en/import-a-vehicle.ts","/en/cars/import-a-vehicle","unknown","true","ready","",""
"hub","src/lib/hubs/en/insurance-coverage.ts","/en/money/insurance-coverage","unknown","true","ready","",""
"hub","src/lib/hubs/en/landed-cost.ts","/en/money/landed-cost","unknown","true","ready","",""
"hub","src/lib/hubs/en/learn-a-language.ts","/en/school/learn-a-language","unknown","true","ready","",""
"hub","src/lib/hubs/en/medical-out-of-pocket.ts","/en/health/medical-out-of-pocket","unknown","true","ready","",""
"hub","src/lib/hubs/en/motion-and-forces.ts","/en/science/motion-and-forces","unknown","true","ready","",""
"hub","src/lib/hubs/en/move-abroad.ts","/en/life/move-abroad","unknown","true","ready","",""
"hub","src/lib/hubs/en/network-and-security.ts","/en/tech/network-and-security","unknown","true","ready","",""
"hub","src/lib/hubs/en/paint-and-tile.ts","/en/home/paint-and-tile","unknown","true","ready","",""
"hub","src/lib/hubs/en/party-and-event-planning.ts","/en/life/party-and-event-planning","unknown","true","ready","",""
"hub","src/lib/hubs/en/paycheck-and-taxes.ts","/en/money/paycheck-and-taxes","unknown","true","ready","",""
"hub","src/lib/hubs/en/pc-build-and-power.ts","/en/tech/pc-build-and-power","unknown","true","ready","",""
"hub","src/lib/hubs/en/percentages.ts","/en/math/percentages","unknown","true","ready","",""
"hub","src/lib/hubs/en/pet-age-and-life-stage.ts","/en/pets/pet-age-and-life-stage","unknown","true","ready","",""
"hub","src/lib/hubs/en/planting-and-spacing.ts","/en/garden/planting-and-spacing","unknown","true","ready","",""
"hub","src/lib/hubs/en/renting-a-home.ts","/en/money/renting-a-home","unknown","true","ready","",""
"hub","src/lib/hubs/en/retirement-income.ts","/en/money/retirement-income","unknown","true","ready","",""
"hub","src/lib/hubs/en/running-race-plan.ts","/en/fitness/running-race-plan","unknown","true","ready","",""
"hub","src/lib/hubs/en/sales-and-property-tax.ts","/en/money/sales-and-property-tax","unknown","true","ready","",""
"hub","src/lib/hubs/en/screens-and-print-resolution.ts","/en/tech/screens-and-print-resolution","unknown","true","ready","",""
"hub","src/lib/hubs/en/self-employed-rates-and-taxes.ts","/en/money/self-employed-rates-and-taxes","unknown","true","ready","",""
"hub","src/lib/hubs/en/statistics.ts","/en/math/statistics","unknown","true","ready","",""
"hub","src/lib/hubs/en/storage-and-file-size.ts","/en/tech/storage-and-file-size","unknown","true","ready","",""
"hub","src/lib/hubs/en/strength-and-training-volume.ts","/en/fitness/strength-and-training-volume","unknown","true","ready","",""
"hub","src/lib/hubs/en/student-loans.ts","/en/money/student-loans","unknown","true","ready","",""
"hub","src/lib/hubs/en/study-time-and-focus.ts","/en/school/study-time-and-focus","unknown","true","ready","",""
"hub","src/lib/hubs/en/tax-residency.ts","/en/money/tax-residency","unknown","true","ready","",""
"hub","src/lib/hubs/en/tires-brakes-and-specs.ts","/en/cars/tires-brakes-and-specs","unknown","true","ready","",""
"hub","src/lib/hubs/en/titles-registration-and-transfer.ts","/en/cars/titles-registration-and-transfer","unknown","true","ready","",""
"hub","src/lib/hubs/en/unit-converter.ts","/en/math/unit-converter","unknown","true","ready","",""
"hub","src/lib/hubs/en/water-and-plumbing.ts","/en/home/water-and-plumbing","unknown","true","ready","",""
"hub","src/lib/hubs/en/watering-and-feeding.ts","/en/garden/watering-and-feeding","unknown","true","ready","",""
"hub","src/lib/hubs/en/waves-light-and-astronomy.ts","/en/science/waves-light-and-astronomy","unknown","true","ready","",""
"hub","src/lib/hubs/en/when-to-plant.ts","/en/garden/when-to-plant","unknown","true","ready","",""
"hub","src/lib/hubs/entrar-a-un-alquiler.ts","/alquiler/entrar-a-un-alquiler","unknown","true","ready","",""
"hub","src/lib/hubs/equipaje.ts","/viajes/equipaje","unknown","true","ready","",""
"hub","src/lib/hubs/es/ahorro-e-inversiones.ts","/es/impuestos/ahorro-e-inversiones","unknown","true","ready","",""
"hub","src/lib/hubs/es/alquilar-piso.ts","/es/vivienda/alquilar-piso","unknown","true","ready","",""
"hub","src/lib/hubs/es/autonomos.ts","/es/impuestos/autonomos","unknown","true","ready","",""
"hub","src/lib/hubs/es/ayudas-por-renta.ts","/es/familia/ayudas-por-renta","unknown","true","ready","",""
"hub","src/lib/hubs/es/comida-cuentas-y-tiempo-con-amigos.ts","/es/vida/comida-cuentas-y-tiempo-con-amigos","unknown","true","ready","",""
"hub","src/lib/hubs/es/comprar-coche.ts","/es/automotor/comprar-coche","unknown","true","ready","",""
"hub","src/lib/hubs/es/comprar-o-vender-piso.ts","/es/vivienda/comprar-o-vender-piso","unknown","true","ready","",""
"hub","src/lib/hubs/es/costes-del-coche.ts","/es/automotor/costes-del-coche","unknown","true","ready","",""
"hub","src/lib/hubs/es/cuanto-cuesta-estudiar.ts","/es/educacion/cuanto-cuesta-estudiar","unknown","true","ready","",""
"hub","src/lib/hubs/es/deudas-y-prestamos.ts","/es/finanzas/deudas-y-prestamos","unknown","true","ready","",""
"hub","src/lib/hubs/es/donde-pongo-mis-ahorros.ts","/es/finanzas/donde-pongo-mis-ahorros","unknown","true","ready","",""
"hub","src/lib/hubs/es/gastos-de-la-casa.ts","/es/vida/gastos-de-la-casa","unknown","true","ready","",""
"hub","src/lib/hubs/es/hipoteca.ts","/es/vivienda/hipoteca","unknown","true","ready","",""
"hub","src/lib/hubs/es/importar-y-nacionalizar.ts","/auto/importar-y-nacionalizar","unknown","true","ready","",""
"hub","src/lib/hubs/es/irpf-nomina.ts","/es/impuestos/irpf-nomina","unknown","true","ready","",""
"hub","src/lib/hubs/es/jubilacion.ts","/es/trabajo/jubilacion","unknown","true","ready","",""
"hub","src/lib/hubs/es/mi-nomina.ts","/es/trabajo/mi-nomina","unknown","true","ready","",""
"hub","src/lib/hubs/es/mudarse-al-exterior.ts","/viajes/mudarse-al-exterior","unknown","true","ready","",""
"hub","src/lib/hubs/es/no-puedo-trabajar.ts","/es/trabajo/no-puedo-trabajar","unknown","true","ready","",""
"hub","src/lib/hubs/es/nota-de-admision.ts","/es/educacion/nota-de-admision","unknown","true","ready","",""
"hub","src/lib/hubs/es/perder-el-trabajo.ts","/es/trabajo/perder-el-trabajo","unknown","true","ready","",""
"hub","src/lib/hubs/es/reforma-y-eficiencia.ts","/es/vivienda/reforma-y-eficiencia","unknown","true","ready","",""
"hub","src/lib/hubs/es/residencia-fiscal-nomadas-digitales.ts","/impuestos/residencia-fiscal-nomadas-digitales","unknown","true","ready","",""
"hub","src/lib/hubs/es/tener-un-hijo.ts","/es/familia/tener-un-hijo","unknown","true","ready","",""
"hub","src/lib/hubs/estadistica-descriptiva.ts","/matematica/estadistica-descriptiva","unknown","true","ready","",""
"hub","src/lib/hubs/estadistica-inferencial.ts","/matematica/estadistica-inferencial","unknown","true","ready","",""
"hub","src/lib/hubs/estadisticas-futbol.ts","/futbol/estadisticas","unknown","true","ready","",""
"hub","src/lib/hubs/examenes-de-idioma.ts","/estudio/examenes-de-idioma","unknown","true","ready","",""
"hub","src/lib/hubs/factura-de-luz.ts","/hogar/factura-de-luz","unknown","true","ready","",""
"hub","src/lib/hubs/factura-gas-agua.ts","/hogar/gas-y-agua","unknown","true","ready","",""
"hub","src/lib/hubs/fecha-parto.ts","/embarazo/fecha-de-parto","unknown","true","ready","",""
"hub","src/lib/hubs/feriados.ts","/fechas/feriados","unknown","true","ready","",""
"hub","src/lib/hubs/ficha-tecnica.ts","/auto/ficha-tecnica","unknown","true","ready","",""
"hub","src/lib/hubs/fotografia.ts","/tecnologia/fotografia","unknown","true","ready","",""
"hub","src/lib/hubs/fracciones.ts","/matematica/fracciones","unknown","true","ready","",""
"hub","src/lib/hubs/frecuencia-cardiaca.ts","/salud/frecuencia-cardiaca","unknown","true","ready","",""
"hub","src/lib/hubs/fuerza-y-gimnasio.ts","/salud/fuerza-y-gimnasio","unknown","true","ready","",""
"hub","src/lib/hubs/gaming.ts","/tecnologia/gaming","unknown","true","ready","",""
"hub","src/lib/hubs/ganancia-con-cripto.ts","/inversiones/ganancia-con-cripto","unknown","true","ready","",""
"hub","src/lib/hubs/ganancias-cuarta-categoria.ts","/impuestos/ganancias-cuarta-categoria","unknown","true","ready","",""
"hub","src/lib/hubs/gastos-de-escritura.ts","/vivienda/gastos-de-escritura","unknown","true","ready","",""
"hub","src/lib/hubs/gastos-de-la-casa.ts","/hogar/gastos-de-la-casa","unknown","true","ready","",""
"hub","src/lib/hubs/gastos-del-mes.ts","/finanzas-personales/gastos-del-mes","unknown","true","ready","",""
"hub","src/lib/hubs/gastos-pareja.ts","/finanzas-personales/dividir-gastos","unknown","true","ready","",""
"hub","src/lib/hubs/generaciones.ts","/fechas/generaciones","unknown","true","ready","",""
"hub","src/lib/hubs/geometria-analitica.ts","/matematica/geometria-analitica","unknown","true","ready","",""
"hub","src/lib/hubs/grasa-corporal.ts","/salud/grasa-corporal","unknown","true","ready","",""
"hub","src/lib/hubs/habitos.ts","/salud/habitos","unknown","true","ready","",""
"hub","src/lib/hubs/herencia.ts","/familia/herencia","unknown","true","ready","",""
"hub","src/lib/hubs/horas-extra.ts","/trabajo/horas-extra","unknown","true","ready","",""
"hub","src/lib/hubs/hormigon.ts","/construccion/hormigon","unknown","true","ready","",""
"hub","src/lib/hubs/huella.ts","/hogar/huella-de-carbono","unknown","true","ready","",""
"hub","src/lib/hubs/huerta.ts","/jardin/huerta","unknown","true","ready","",""
"hub","src/lib/hubs/humedad-en-casa.ts","/hogar/humedad-en-casa","unknown","true","ready","",""
"hub","src/lib/hubs/husos.ts","/viajes/hora-mundial","unknown","true","ready","",""
"hub","src/lib/hubs/iibb.ts","/impuestos/ingresos-brutos","unknown","true","ready","",""
"hub","src/lib/hubs/impresion-3d.ts","/tecnologia/impresion-3d","unknown","true","ready","",""
"hub","src/lib/hubs/indemnizacion-por-despido.ts","/trabajo/indemnizacion-por-despido","unknown","true","ready","",""
"hub","src/lib/hubs/indicadores-de-marca.ts","/negocios/indicadores-de-marca","unknown","true","ready","",""
"hub","src/lib/hubs/ingresos-por-plataforma.ts","/negocios/ingresos-por-plataforma","unknown","true","ready","",""
"hub","src/lib/hubs/instalacion-electrica.ts","/tecnologia/instalacion-electrica","unknown","true","ready","",""
"hub","src/lib/hubs/interes-compuesto.ts","/inversiones/interes-compuesto","unknown","true","ready","",""
"hub","src/lib/hubs/internet-y-red.ts","/tecnologia/internet-y-red","unknown","true","ready","",""
"hub","src/lib/hubs/iva.ts","/impuestos/iva","unknown","true","ready","",""
"hub","src/lib/hubs/juegos.ts","/ocio/tiempo-de-juego","unknown","true","ready","",""
"hub","src/lib/hubs/ladrillos.ts","/construccion/ladrillos","unknown","true","ready","",""
"hub","src/lib/hubs/limites-e-integrales.ts","/matematica/limites-e-integrales","unknown","true","ready","",""
"hub","src/lib/hubs/limpieza.ts","/hogar/limpieza","unknown","true","ready","",""
"hub","src/lib/hubs/liquidacion-apalancamiento.ts","/inversiones/liquidacion-apalancamiento","unknown","true","ready","",""
"hub","src/lib/hubs/liquidacion-final.ts","/trabajo/liquidacion-final","unknown","true","ready","",""
"hub","src/lib/hubs/liquidacion-latam.ts","/trabajo/liquidacion-latam","unknown","true","ready","",""
"hub","src/lib/hubs/logistica-evento.ts","/eventos/logistica","unknown","true","ready","",""
"hub","src/lib/hubs/macros.ts","/salud/macros","unknown","true","ready","",""
"hub","src/lib/hubs/madera.ts","/construccion/madera","unknown","true","ready","",""
"hub","src/lib/hubs/mantenimiento.ts","/auto/mantenimiento","unknown","true","ready","",""
"hub","src/lib/hubs/masa.ts","/cocina/masa-y-levadura","unknown","true","ready","",""
"hub","src/lib/hubs/meta-de-ahorro.ts","/finanzas-personales/meta-de-ahorro","unknown","true","ready","",""
"hub","src/lib/hubs/metricas-ads.ts","/negocios/metricas-de-marketing","unknown","true","ready","",""
"hub","src/lib/hubs/millas.ts","/viajes/millas","unknown","true","ready","",""
"hub","src/lib/hubs/monotributo.ts","/impuestos/monotributo","unknown","true","ready","",""
"hub","src/lib/hubs/movimiento-y-fuerzas.ts","/ciencia/movimiento-y-fuerzas","unknown","true","ready","",""
"hub","src/lib/hubs/mundial-2026.ts","/futbol/mundial-2026","unknown","true","ready","",""
"hub","src/lib/hubs/mx/aguinaldo-prima-y-ptu.ts","/mx/trabajo/aguinaldo-prima-y-ptu","unknown","true","ready","",""
"hub","src/lib/hubs/mx/apoyos-del-bienestar.ts","/mx/vida/apoyos-del-bienestar","unknown","true","ready","",""
"hub","src/lib/hubs/mx/comprar-o-vender-auto.ts","/mx/auto/comprar-o-vender-auto","unknown","true","ready","",""
"hub","src/lib/hubs/mx/costo-de-mis-documentos.ts","/mx/tramites/costo-de-mis-documentos","unknown","true","ready","",""
"hub","src/lib/hubs/mx/costo-de-un-empleado.ts","/mx/trabajo/costo-de-un-empleado","unknown","true","ready","",""
"hub","src/lib/hubs/mx/credito-de-vivienda.ts","/mx/finanzas/credito-de-vivienda","unknown","true","ready","",""
"hub","src/lib/hubs/mx/cuanto-cuesta-vivir.ts","/mx/vida/cuanto-cuesta-vivir","unknown","true","ready","",""
"hub","src/lib/hubs/mx/declaracion-anual.ts","/mx/impuestos/declaracion-anual","unknown","true","ready","",""
"hub","src/lib/hubs/mx/deudas-y-credito.ts","/mx/finanzas/deudas-y-credito","unknown","true","ready","",""
"hub","src/lib/hubs/mx/donde-invierto.ts","/mx/finanzas/donde-invierto","unknown","true","ready","",""
"hub","src/lib/hubs/mx/escuela-y-becas.ts","/mx/vida/escuela-y-becas","unknown","true","ready","",""
"hub","src/lib/hubs/mx/finiquito-y-liquidacion.ts","/mx/trabajo/finiquito-y-liquidacion","unknown","true","ready","",""
"hub","src/lib/hubs/mx/gasto-de-usar-el-auto.ts","/mx/auto/gasto-de-usar-el-auto","unknown","true","ready","",""
"hub","src/lib/hubs/mx/importar-productos.ts","/mx/impuestos/importar-productos","unknown","true","ready","",""
"hub","src/lib/hubs/mx/impuestos-de-mi-empresa.ts","/mx/impuestos/impuestos-de-mi-empresa","unknown","true","ready","",""
"hub","src/lib/hubs/mx/isr-de-mis-inversiones.ts","/mx/impuestos/isr-de-mis-inversiones","unknown","true","ready","",""
"hub","src/lib/hubs/mx/isr-por-mi-cuenta.ts","/mx/impuestos/isr-por-mi-cuenta","unknown","true","ready","",""
"hub","src/lib/hubs/mx/iva.ts","/mx/impuestos/iva","unknown","true","ready","",""
"hub","src/lib/hubs/mx/licencias-e-incapacidades.ts","/mx/familia/licencias-e-incapacidades","unknown","true","ready","",""
"hub","src/lib/hubs/mx/mi-afore.ts","/mx/finanzas/mi-afore","unknown","true","ready","",""
"hub","src/lib/hubs/mx/mi-pension-imss.ts","/mx/trabajo/mi-pension-imss","unknown","true","ready","",""
"hub","src/lib/hubs/mx/organizar-una-fiesta.ts","/mx/vida/organizar-una-fiesta","unknown","true","ready","",""
"hub","src/lib/hubs/mx/pension-alimenticia.ts","/mx/familia/pension-alimenticia","unknown","true","ready","",""
"hub","src/lib/hubs/mx/rentar-mi-departamento.ts","/mx/impuestos/rentar-mi-departamento","unknown","true","ready","",""
"hub","src/lib/hubs/mx/servicios-y-obra.ts","/mx/hogar/servicios-y-obra","unknown","true","ready","",""
"hub","src/lib/hubs/mx/sueldo-neto.ts","/mx/trabajo/sueldo-neto","unknown","true","ready","",""
"hub","src/lib/hubs/mx/tenencia-verificacion-y-placas.ts","/mx/auto/tenencia-verificacion-y-placas","unknown","true","ready","",""
"hub","src/lib/hubs/mx/vacaciones-y-jornada.ts","/mx/trabajo/vacaciones-y-jornada","unknown","true","ready","",""
"hub","src/lib/hubs/mx/vender-o-heredar-un-inmueble.ts","/mx/impuestos/vender-o-heredar-un-inmueble","unknown","true","ready","",""
"hub","src/lib/hubs/nafta-y-peajes.ts","/auto/nafta-y-peajes","unknown","true","ready","",""
"hub","src/lib/hubs/nitidez-y-encuadre.ts","/tecnologia/nitidez-y-encuadre","unknown","true","ready","",""
"hub","src/lib/hubs/nota-necesaria-para-aprobar.ts","/estudio/nota-necesaria-para-aprobar","unknown","true","ready","",""
"hub","src/lib/hubs/numeros-a-letras.ts","/conversores/numeros-a-letras","unknown","true","ready","",""
"hub","src/lib/hubs/numeros-de-videojuegos.ts","/ocio/numeros-de-videojuegos","unknown","true","ready","",""
"hub","src/lib/hubs/nutricion-deportiva.ts","/nutricion/nutricion-deportiva","unknown","true","ready","",""
"hub","src/lib/hubs/nutrientes-diarios.ts","/salud/nutrientes-diarios","unknown","true","ready","",""
"hub","src/lib/hubs/ondas-luz-y-sonido.ts","/ciencia/ondas-luz-y-sonido","unknown","true","ready","",""
"hub","src/lib/hubs/opciones-call-put.ts","/inversiones/opciones-call-put","unknown","true","ready","",""
"hub","src/lib/hubs/paneles-solares.ts","/construccion/paneles-solares","unknown","true","ready","",""
"hub","src/lib/hubs/patente.ts","/auto/patente","unknown","true","ready","",""
"hub","src/lib/hubs/pe/afp-onp-y-jubilacion.ts","/pe/finanzas-personales/afp-onp-y-jubilacion","unknown","true","ready","",""
"hub","src/lib/hubs/pe/costo-de-construir.ts","/pe/hogar/costo-de-construir","unknown","true","ready","",""
"hub","src/lib/hubs/pe/costos-del-auto.ts","/pe/auto/costos-del-auto","unknown","true","ready","",""
"hub","src/lib/hubs/pe/creditos-y-ahorro.ts","/pe/finanzas-personales/creditos-y-ahorro","unknown","true","ready","",""
"hub","src/lib/hubs/pe/dias-que-no-trabajo.ts","/pe/trabajo/dias-que-no-trabajo","unknown","true","ready","",""
"hub","src/lib/hubs/pe/dinero-por-hijos.ts","/pe/trabajo/dinero-por-hijos","unknown","true","ready","",""
"hub","src/lib/hubs/pe/estudiar-y-aprobar.ts","/pe/estudio/estudiar-y-aprobar","unknown","true","ready","",""
"hub","src/lib/hubs/pe/igv-y-compras.ts","/pe/impuestos/igv-y-compras","unknown","true","ready","",""
"hub","src/lib/hubs/pe/impuestos-del-inmueble.ts","/pe/impuestos/impuestos-del-inmueble","unknown","true","ready","",""
"hub","src/lib/hubs/pe/liquidacion-y-beneficios.ts","/pe/trabajo/liquidacion-y-beneficios","unknown","true","ready","",""
"hub","src/lib/hubs/pe/presupuesto-mensual.ts","/pe/hogar/presupuesto-mensual","unknown","true","ready","",""
"hub","src/lib/hubs/pe/que-regimen-tributario-elijo.ts","/pe/impuestos/que-regimen-tributario-elijo","unknown","true","ready","",""
"hub","src/lib/hubs/pe/regimenes-especiales.ts","/pe/trabajo/regimenes-especiales","unknown","true","ready","",""
"hub","src/lib/hubs/pe/renta-de-personas.ts","/pe/impuestos/renta-de-personas","unknown","true","ready","",""
"hub","src/lib/hubs/pe/sueldo-neto.ts","/pe/trabajo/sueldo-neto","unknown","true","ready","",""
"hub","src/lib/hubs/pe/tramites-del-estado.ts","/pe/tramites/tramites-del-estado","unknown","true","ready","",""
"hub","src/lib/hubs/pensiones.ts","/jubilacion/pensiones","unknown","true","ready","",""
"hub","src/lib/hubs/peso-en-el-embarazo.ts","/salud/peso-en-el-embarazo","unknown","true","ready","",""
"hub","src/lib/hubs/peso-ideal-imc.ts","/salud/peso-ideal-imc","unknown","true","ready","",""
"hub","src/lib/hubs/peso-ideal-mascota.ts","/mascotas/peso-ideal","unknown","true","ready","",""
"hub","src/lib/hubs/ph-y-equilibrio-quimico.ts","/ciencia/ph-y-equilibrio-quimico","unknown","true","ready","",""
"hub","src/lib/hubs/pileta.ts","/hogar/pileta","unknown","true","ready","",""
"hub","src/lib/hubs/pintura.ts","/construccion/pintura","unknown","true","ready","",""
"hub","src/lib/hubs/plan-de-carrera.ts","/salud/plan-de-carrera","unknown","true","ready","",""
"hub","src/lib/hubs/plan-de-estudio.ts","/estudio/plan-de-estudio","unknown","true","ready","",""
"hub","src/lib/hubs/planetas-y-viaje-espacial.ts","/ciencia/planetas-y-viaje-espacial","unknown","true","ready","",""
"hub","src/lib/hubs/plazo-fijo.ts","/inversiones/plazo-fijo","unknown","true","ready","",""
"hub","src/lib/hubs/porcentajes.ts","/matematica/porcentajes","unknown","true","ready","",""
"hub","src/lib/hubs/porciones.ts","/cocina/porciones","unknown","true","ready","",""
"hub","src/lib/hubs/potencias.ts","/matematica/potencias-y-raices","unknown","true","ready","",""
"hub","src/lib/hubs/precio-venta.ts","/negocios/precio-de-venta","unknown","true","ready","",""
"hub","src/lib/hubs/premios-futbol.ts","/futbol/premios","unknown","true","ready","",""
"hub","src/lib/hubs/presion-y-gases.ts","/ciencia/presion-y-gases","unknown","true","ready","",""
"hub","src/lib/hubs/prestamo-anses.ts","/jubilacion/prestamo-anses","unknown","true","ready","",""
"hub","src/lib/hubs/prestamo.ts","/finanzas-personales/prestamo","unknown","true","ready","",""
"hub","src/lib/hubs/presupuesto-de-viaje.ts","/viajes/presupuesto-de-viaje","unknown","true","ready","",""
"hub","src/lib/hubs/presupuesto-fiesta.ts","/eventos/presupuesto","unknown","true","ready","",""
"hub","src/lib/hubs/probabilidad.ts","/matematica/probabilidad","unknown","true","ready","",""
"hub","src/lib/hubs/promedio.ts","/estudio/promedio","unknown","true","ready","",""
"hub","src/lib/hubs/proteina.ts","/salud/proteina","unknown","true","ready","",""
"hub","src/lib/hubs/pt/alugar-um-imovel.ts","/pt/dinheiro/alugar-um-imovel","unknown","true","ready","",""
"hub","src/lib/hubs/pt/aposentadoria-inss.ts","/pt/trabalho/aposentadoria-inss","unknown","true","ready","",""
"hub","src/lib/hubs/pt/aprender-e-passar.ts","/pt/vida/aprender-e-passar","unknown","true","ready","",""
"hub","src/lib/hubs/pt/beneficios-do-governo.ts","/pt/trabalho/beneficios-do-governo","unknown","true","ready","",""
"hub","src/lib/hubs/pt/capacidade-custo-e-consumo.ts","/pt/vida/capacidade-custo-e-consumo","unknown","true","ready","",""
"hub","src/lib/hubs/pt/comida-para-receitas-e-festas.ts","/pt/vida/comida-para-receitas-e-festas","unknown","true","ready","",""
"hub","src/lib/hubs/pt/comprar-em-dolar-iof.ts","/pt/dinheiro/comprar-em-dolar-iof","unknown","true","ready","",""
"hub","src/lib/hubs/pt/comprar-um-imovel.ts","/pt/dinheiro/comprar-um-imovel","unknown","true","ready","",""
"hub","src/lib/hubs/pt/converter-medidas.ts","/pt/matematica/converter-medidas","unknown","true","ready","",""
"hub","src/lib/hubs/pt/custo-do-carro.ts","/pt/veiculos/custo-do-carro","unknown","true","ready","",""
"hub","src/lib/hubs/pt/decisoes-e-calculos-do-dia-a-dia.ts","/pt/vida/decisoes-e-calculos-do-dia-a-dia","unknown","true","ready","",""
"hub","src/lib/hubs/pt/energia-da-casa.ts","/pt/casa/energia-da-casa","unknown","true","ready","",""
"hub","src/lib/hubs/pt/estatistica-e-probabilidade.ts","/pt/matematica/estatistica-e-probabilidade","unknown","true","ready","",""
"hub","src/lib/hubs/pt/ferias-e-decimo-terceiro.ts","/pt/trabalho/ferias-e-decimo-terceiro","unknown","true","ready","",""
"hub","src/lib/hubs/pt/geometria-e-trigonometria.ts","/pt/matematica/geometria-e-trigonometria","unknown","true","ready","",""
"hub","src/lib/hubs/pt/heranca-e-familia.ts","/pt/dinheiro/heranca-e-familia","unknown","true","ready","",""
"hub","src/lib/hubs/pt/imposto-de-renda.ts","/pt/dinheiro/imposto-de-renda","unknown","true","ready","",""
"hub","src/lib/hubs/pt/investir-renda-fixa.ts","/pt/dinheiro/investir-renda-fixa","unknown","true","ready","",""
"hub","src/lib/hubs/pt/obra-e-manutencao.ts","/pt/casa/obra-e-manutencao","unknown","true","ready","",""
"hub","src/lib/hubs/pt/plantar-e-reduzir-impacto.ts","/pt/casa/plantar-e-reduzir-impacto","unknown","true","ready","",""
"hub","src/lib/hubs/pt/quanto-custa-contratar.ts","/pt/trabalho/quanto-custa-contratar","unknown","true","ready","",""
"hub","src/lib/hubs/pt/rescisao-clt.ts","/pt/trabalho/rescisao-clt","unknown","true","ready","",""
"hub","src/lib/hubs/pt/resolver-contas.ts","/pt/matematica/resolver-contas","unknown","true","ready","",""
"hub","src/lib/hubs/pt/salario-liquido.ts","/pt/trabalho/salario-liquido","unknown","true","ready","",""
"hub","src/lib/hubs/pt/simples-nacional.ts","/pt/dinheiro/simples-nacional","unknown","true","ready","",""
"hub","src/lib/hubs/pt/treino-e-desempenho.ts","/pt/vida/treino-e-desempenho","unknown","true","ready","",""
"hub","src/lib/hubs/pt-pt/casa.ts","/pt-pt/impostos/casa","unknown","true","ready","",""
"hub","src/lib/hubs/pt-pt/credito-habitacao.ts","/pt-pt/financas/credito-habitacao","unknown","true","ready","",""
"hub","src/lib/hubs/pt-pt/ferias-baixas-e-licencas.ts","/pt-pt/trabalho/ferias-baixas-e-licencas","unknown","true","ready","",""
"hub","src/lib/hubs/pt-pt/filhos.ts","/pt-pt/familia/filhos","unknown","true","ready","",""
"hub","src/lib/hubs/pt-pt/impostos-do-automovel.ts","/pt-pt/financas/impostos-do-automovel","unknown","true","ready","",""
"hub","src/lib/hubs/pt-pt/irs.ts","/pt-pt/impostos/irs","unknown","true","ready","",""
"hub","src/lib/hubs/pt-pt/reforma-e-apoios.ts","/pt-pt/financas/reforma-e-apoios","unknown","true","ready","",""
"hub","src/lib/hubs/pt-pt/salario-liquido.ts","/pt-pt/trabalho/salario-liquido","unknown","true","ready","",""
"hub","src/lib/hubs/publicar-en-redes.ts","/negocios/publicar-en-redes","unknown","true","ready","",""
"hub","src/lib/hubs/puntos-y-campeonato.ts","/futbol/puntos-y-campeonato","unknown","true","ready","",""
"hub","src/lib/hubs/py/casa-propia.ts","/py/vivienda/casa-propia","unknown","true","ready","",""
"hub","src/lib/hubs/py/dias-y-notas.ts","/py/trabajo/dias-y-notas","unknown","true","ready","",""
"hub","src/lib/hubs/py/guaranies.ts","/py/finanzas/guaranies","unknown","true","ready","",""
"hub","src/lib/hubs/py/impuestos.ts","/py/impuestos/cuanto-pago","unknown","true","ready","",""
"hub","src/lib/hubs/py/ips.ts","/py/trabajo/ips","unknown","true","ready","",""
"hub","src/lib/hubs/py/liquidacion-final.ts","/py/trabajo/liquidacion-final","unknown","true","ready","",""
"hub","src/lib/hubs/py/organizar-un-evento.ts","/py/vivienda/organizar-un-evento","unknown","true","ready","",""
"hub","src/lib/hubs/py/presupuesto-familiar-y-viajes.ts","/py/finanzas/presupuesto-familiar-y-viajes","unknown","true","ready","",""
"hub","src/lib/hubs/py/sueldo-neto.ts","/py/trabajo/sueldo-neto","unknown","true","ready","",""
"hub","src/lib/hubs/py/tener-auto.ts","/py/automotor/tener-auto","unknown","true","ready","",""
"hub","src/lib/hubs/quimica-de-soluciones.ts","/ciencia/quimica-de-soluciones","unknown","true","ready","",""
"hub","src/lib/hubs/regla-de-tres.ts","/matematica/regla-de-tres","unknown","true","ready","",""
"hub","src/lib/hubs/rentabilidad-de-un-alquiler.ts","/vivienda/rentabilidad-de-un-alquiler","unknown","true","ready","",""
"hub","src/lib/hubs/reproduccion.ts","/mascotas/gestacion","unknown","true","ready","",""
"hub","src/lib/hubs/resistencias.ts","/tecnologia/resistencias","unknown","true","ready","",""
"hub","src/lib/hubs/retenciones.ts","/impuestos/retenciones","unknown","true","ready","",""
"hub","src/lib/hubs/riego.ts","/jardin/riego","unknown","true","ready","",""
"hub","src/lib/hubs/riesgo-de-mi-cartera.ts","/inversiones/riesgo-de-mi-cartera","unknown","true","ready","",""
"hub","src/lib/hubs/ritmo-running.ts","/salud/ritmo-y-pace","unknown","true","ready","",""
"hub","src/lib/hubs/rutina-perro.ts","/mascotas/rutina-y-cuidados","unknown","true","ready","",""
"hub","src/lib/hubs/salir-de-deudas.ts","/finanzas-personales/salir-de-deudas","unknown","true","ready","",""
"hub","src/lib/hubs/seguro-de-desempleo.ts","/trabajo/seguro-de-desempleo","unknown","true","ready","",""
"hub","src/lib/hubs/semanas-embarazo.ts","/embarazo/semanas","unknown","true","ready","",""
"hub","src/lib/hubs/sistemas-y-matrices.ts","/matematica/sistemas-y-matrices","unknown","true","ready","",""
"hub","src/lib/hubs/sol-luna-y-mareas.ts","/ciencia/sol-luna-y-mareas","unknown","true","ready","",""
"hub","src/lib/hubs/sucesiones-y-series.ts","/matematica/sucesiones-y-series","unknown","true","ready","",""
"hub","src/lib/hubs/sueldo-alcanza.ts","/trabajo/sueldo-vs-inflacion","unknown","true","ready","",""
"hub","src/lib/hubs/sueldo-bruto-y-neto.ts","/trabajo/sueldo-bruto-y-neto","unknown","true","ready","",""
"hub","src/lib/hubs/sueldos-por-convenio.ts","/trabajo/sueldos-por-convenio","unknown","true","ready","",""
"hub","src/lib/hubs/sueno-y-pantallas.ts","/salud/sueno-y-pantallas","unknown","true","ready","",""
"hub","src/lib/hubs/talles.ts","/conversores/talles","unknown","true","ready","",""
"hub","src/lib/hubs/tarifa-freelance.ts","/finanzas-personales/tarifa-freelance","unknown","true","ready","",""
"hub","src/lib/hubs/tarifas-por-hora.ts","/negocios/tarifas-por-hora","unknown","true","ready","",""
"hub","src/lib/hubs/tarjeta.ts","/finanzas-personales/tarjeta-de-credito","unknown","true","ready","",""
"hub","src/lib/hubs/tazas-gramos.ts","/cocina/tazas-y-gramos","unknown","true","ready","",""
"hub","src/lib/hubs/techos.ts","/construccion/techos","unknown","true","ready","",""
"hub","src/lib/hubs/temperatura-horno.ts","/cocina/temperatura-del-horno","unknown","true","ready","",""
"hub","src/lib/hubs/tierra-y-macetas.ts","/jardin/tierra-y-macetas","unknown","true","ready","",""
"hub","src/lib/hubs/tragos.ts","/eventos/tragos","unknown","true","ready","",""
"hub","src/lib/hubs/tramites-auto.ts","/auto/tramites","unknown","true","ready","",""
"hub","src/lib/hubs/tramites.ts","/tramites/dni-y-pasaporte","unknown","true","ready","",""
"hub","src/lib/hubs/triangulos-y-trigonometria.ts","/matematica/triangulos-y-trigonometria","unknown","true","ready","",""
"hub","src/lib/hubs/uy/costos-del-auto.ts","/uy/finanzas/costos-del-auto","unknown","true","ready","",""
"hub","src/lib/hubs/uy/cuentas-y-compras.ts","/uy/finanzas/cuentas-y-compras","unknown","true","ready","",""
"hub","src/lib/hubs/uy/cuotas-y-prestamos.ts","/uy/finanzas/cuotas-y-prestamos","unknown","true","ready","",""
"hub","src/lib/hubs/uy/estudio-y-vida-cotidiana.ts","/uy/trabajo/estudio-y-vida-cotidiana","unknown","true","ready","",""
"hub","src/lib/hubs/uy/jubilacion.ts","/uy/finanzas/jubilacion","unknown","true","ready","",""
"hub","src/lib/hubs/uy/liquidacion-final.ts","/uy/trabajo/liquidacion-final","unknown","true","ready","",""
"hub","src/lib/hubs/uy/prestaciones-bps.ts","/uy/trabajo/prestaciones-bps","unknown","true","ready","",""
"hub","src/lib/hubs/uy/sueldo-liquido.ts","/uy/trabajo/sueldo-liquido","unknown","true","ready","",""
"hub","src/lib/hubs/uy/trabajo-independiente.ts","/uy/impuestos/trabajo-independiente","unknown","true","ready","",""
"hub","src/lib/hubs/uy/unidades-y-valores.ts","/uy/finanzas/unidades-y-valores","unknown","true","ready","",""
"hub","src/lib/hubs/uy/vivienda.ts","/uy/impuestos/vivienda","unknown","true","ready","",""
"hub","src/lib/hubs/vacaciones.ts","/trabajo/vacaciones","unknown","true","ready","",""
"hub","src/lib/hubs/valen-millas.ts","/viajes/valen-millas","unknown","true","ready","",""
"hub","src/lib/hubs/ve/credito-y-gasolina.ts","/ve/finanzas/credito-y-gasolina","unknown","true","ready","",""
"hub","src/lib/hubs/ve/dolar-y-bolivares.ts","/ve/finanzas/dolar-y-bolivares","unknown","true","ready","",""
"hub","src/lib/hubs/ve/islr-y-tributos-seniat.ts","/ve/impuestos/islr-y-tributos-seniat","unknown","true","ready","",""
"hub","src/lib/hubs/ve/ivss-y-deducciones.ts","/ve/trabajo/ivss-y-deducciones","unknown","true","ready","",""
"hub","src/lib/hubs/ve/liquidacion-lottt.ts","/ve/trabajo/liquidacion-lottt","unknown","true","ready","",""
"hub","src/lib/hubs/ve/salud-estudio-y-tramites.ts","/ve/vida/salud-estudio-y-tramites","unknown","true","ready","",""
"hub","src/lib/hubs/ve/sueldo-y-recargos.ts","/ve/trabajo/sueldo-y-recargos","unknown","true","ready","",""
"hub","src/lib/hubs/vender-mi-contenido.ts","/negocios/vender-mi-contenido","unknown","true","ready","",""
"hub","src/lib/hubs/visas-y-tramites.ts","/viajes/visas-y-tramites","unknown","true","ready","",""
"hub","src/lib/hubs/volumen-de-cuerpos.ts","/matematica/volumen-de-cuerpos","unknown","true","ready","",""
"hub","src/lib/hubs/vtv.ts","/auto/vtv","unknown","true","ready","",""
"route","src/pages/404.astro","","all","true","ready","",""
"route","src/pages/[...slug].astro","","all","true","ready","",""
"route","src/pages/aguinaldo-diciembre-2026.astro","","all","true","ready","",""
"route","src/pages/alertas.astro","","all","true","ready","",""
"route","src/pages/alquiler/aumento-de-alquiler.astro","","all","true","ready","",""
"route","src/pages/alquiler/entrar-a-un-alquiler.astro","","all","true","ready","",""
"route","src/pages/alquiler/index.astro","","all","true","ready","",""
"route","src/pages/argentina/cordoba/calculadora-ingresos-brutos-provincial/index.astro","","all","true","ready","",""
"route","src/pages/asistente.astro","","all","true","ready","",""
"route","src/pages/aumento-jubilaciones.astro","","all","true","ready","",""
"route","src/pages/auto/auto-o-uber.astro","","all","true","ready","",""
"route","src/pages/auto/consumo.astro","","all","true","ready","",""
"route","src/pages/auto/costo-anual.astro","","all","true","ready","",""
"route","src/pages/auto/electrico-vs-nafta.astro","","all","true","ready","",""
"route","src/pages/auto/ficha-tecnica.astro","","all","true","ready","",""
"route","src/pages/auto/importar-y-nacionalizar.astro","","all","true","ready","",""
"route","src/pages/auto/index.astro","","all","true","ready","",""
"route","src/pages/auto/mantenimiento.astro","","all","true","ready","",""
"route","src/pages/auto/nafta-y-peajes.astro","","all","true","ready","",""
"route","src/pages/auto/patente.astro","","all","true","ready","",""
"route","src/pages/auto/tramites.astro","","all","true","ready","",""
"route","src/pages/auto/vtv.astro","","all","true","ready","",""
"route","src/pages/autores/martin-rodriguez.astro","","all","true","ready","",""
"route","src/pages/aviso-legal.astro","","all","true","ready","",""
"route","src/pages/bebes/crecimiento.astro","","all","true","ready","",""
"route","src/pages/bebes/index.astro","","all","true","ready","",""
"route","src/pages/blog/[slug].astro","","all","true","ready","",""
"route","src/pages/blog/como-calcular-aguinaldo-2026/index.astro","","all","true","ready","",""
"route","src/pages/blog/costo-de-vida-argentina-2026/index.astro","","all","true","ready","",""
"route","src/pages/blog/escala-ganancias-2026-argentina-tabla-completa-explicada/index.astro","","all","true","ready","",""
"route","src/pages/blog/index.astro","","all","true","ready","",""
"route","src/pages/blog/informe-financiero-argentina-2026-07/index.astro","","all","true","ready","",""
"route","src/pages/blog/salario-minimo-mexico-2027-que-se-espera.astro","","all","true","ready","",""
"route","src/pages/buscar.astro","","all","true","ready","",""
"route","src/pages/calculadora-cientifica.astro","","all","true","ready","",""
"route","src/pages/calculadora-consumo-electrodomesticos.astro","","all","true","ready","",""
"route","src/pages/calculadora-formula-1.astro","","all","true","ready","",""
"route","src/pages/calculadora-honorarios-abogado.astro","","all","true","ready","",""
"route","src/pages/calculadora-impuesto-renta-colombia-persona-natural-2026.astro","","all","true","ready","",""
"route","src/pages/calculadora.astro","","all","true","ready","",""
"route","src/pages/calculadoras-evento.astro","","all","true","ready","",""
"route","src/pages/calculadoras-fin-de-semana.astro","","all","true","ready","",""
"route","src/pages/calendario-nfl-2026-semana-a-semana.astro","","all","true","ready","",""
"route","src/pages/calendario-pagos-anses-agosto-2026.astro","","all","true","ready","",""
"route","src/pages/calendario-pagos-anses-septiembre-2026.astro","","all","true","ready","",""
"route","src/pages/calendarios.astro","","all","true","ready","",""
"route","src/pages/cambio-de-monedas.astro","","all","true","ready","",""
"route","src/pages/campeon-mundial-2026.astro","","all","true","ready","",""
"route","src/pages/ciencia/index.astro","","all","true","ready","",""
"route","src/pages/ciencia/movimiento-y-fuerzas.astro","","all","true","ready","",""
"route","src/pages/ciencia/ondas-luz-y-sonido.astro","","all","true","ready","",""
"route","src/pages/ciencia/ph-y-equilibrio-quimico.astro","","all","true","ready","",""
"route","src/pages/ciencia/planetas-y-viaje-espacial.astro","","all","true","ready","",""
"route","src/pages/ciencia/presion-y-gases.astro","","all","true","ready","",""
"route","src/pages/ciencia/quimica-de-soluciones.astro","","all","true","ready","",""
"route","src/pages/ciencia/sol-luna-y-mareas.astro","","all","true","ready","",""
"route","src/pages/cl/[...slug].astro","","all","true","ready","",""
"route","src/pages/cl/auto/cuanto-cuesta-tener-auto.astro","","all","true","ready","",""
"route","src/pages/cl/auto/cuanto-gasto-en-el-viaje.astro","","all","true","ready","",""
"route","src/pages/cl/auto/index.astro","","all","true","ready","",""
"route","src/pages/cl/calculadoras.astro","","all","true","ready","",""
"route","src/pages/cl/datos-sueldo-chile-2026.astro","","all","true","ready","",""
"route","src/pages/cl/dinero/cuanta-pension-voy-a-tener.astro","","all","true","ready","",""
"route","src/pages/cl/dinero/donde-invierto-mis-ahorros.astro","","all","true","ready","",""
"route","src/pages/cl/dinero/index.astro","","all","true","ready","",""
"route","src/pages/cl/dinero/pedir-un-credito.astro","","all","true","ready","",""
"route","src/pages/cl/dinero/uf-utm-y-dolar-hoy.astro","","all","true","ready","",""
"route","src/pages/cl/hogar/arrendar-o-comprar.astro","","all","true","ready","",""
"route","src/pages/cl/hogar/comprar-casa-con-credito.astro","","all","true","ready","",""
"route","src/pages/cl/hogar/cuentas-de-la-casa.astro","","all","true","ready","",""
"route","src/pages/cl/hogar/index.astro","","all","true","ready","",""
"route","src/pages/cl/impuestos/cobre-y-finanzas-publicas.astro","","all","true","ready","",""
"route","src/pages/cl/impuestos/impuestos-de-mi-empresa.astro","","all","true","ready","",""
"route","src/pages/cl/impuestos/impuestos-de-mi-propiedad.astro","","all","true","ready","",""
"route","src/pages/cl/impuestos/index.astro","","all","true","ready","",""
"route","src/pages/cl/impuestos/operacion-renta.astro","","all","true","ready","",""
"route","src/pages/cl/index.astro","","all","true","ready","",""
"route","src/pages/cl/trabajo/costo-de-contratar.astro","","all","true","ready","",""
"route","src/pages/cl/trabajo/gratificacion-y-aguinaldo.astro","","all","true","ready","",""
"route","src/pages/cl/trabajo/horas-extra-y-recargos.astro","","all","true","ready","",""
"route","src/pages/cl/trabajo/index.astro","","all","true","ready","",""
"route","src/pages/cl/trabajo/licencias-y-permisos.astro","","all","true","ready","",""
"route","src/pages/cl/trabajo/me-quedo-sin-trabajo.astro","","all","true","ready","",""
"route","src/pages/cl/trabajo/sueldo-liquido.astro","","all","true","ready","",""
"route","src/pages/cl/trabajo/trabajo-a-honorarios.astro","","all","true","ready","",""
"route","src/pages/cl/validar-rut.astro","","all","true","ready","",""
"route","src/pages/cl/vida/bonos-y-beneficios-del-estado.astro","","all","true","ready","",""
"route","src/pages/cl/vida/cuanto-cuesta-estudiar.astro","","all","true","ready","",""
"route","src/pages/cl/vida/cuanto-cuesta-vivir.astro","","all","true","ready","",""
"route","src/pages/cl/vida/fonasa-o-isapre.astro","","all","true","ready","",""
"route","src/pages/cl/vida/index.astro","","all","true","ready","",""
"route","src/pages/cl/vida/viajar-y-comprar-afuera.astro","","all","true","ready","",""
"route","src/pages/co/[...slug].astro","","all","true","ready","",""
"route","src/pages/co/automotor/costo-de-tener-carro.astro","","all","true","ready","",""
"route","src/pages/co/automotor/index.astro","","all","true","ready","",""
"route","src/pages/co/automotor/multas-y-pico-y-placa.astro","","all","true","ready","",""
"route","src/pages/co/calculadora-tabla-impuesto-renta-personas-naturales-colombia-2026.astro","","all","true","ready","",""
"route","src/pages/co/calculadora-tarifa-taxi-bogota-2026-unidades-recargos.astro","","all","true","ready","",""
"route","src/pages/co/datos-salario-minimo-colombia-2026.astro","","all","true","ready","",""
"route","src/pages/co/finanzas/comisiones-bancarias.astro","","all","true","ready","",""
"route","src/pages/co/finanzas/comprar-vivienda.astro","","all","true","ready","",""
"route","src/pages/co/finanzas/creditos-y-tarjetas.astro","","all","true","ready","",""
"route","src/pages/co/finanzas/donde-pongo-mis-ahorros.astro","","all","true","ready","",""
"route","src/pages/co/finanzas/index.astro","","all","true","ready","",""
"route","src/pages/co/finanzas/pension.astro","","all","true","ready","",""
"route","src/pages/co/finanzas/vuelos-millas-y-tiempo.astro","","all","true","ready","",""
"route","src/pages/co/impuestos/impuestos-al-consumo.astro","","all","true","ready","",""
"route","src/pages/co/impuestos/impuestos-de-mi-negocio.astro","","all","true","ready","",""
"route","src/pages/co/impuestos/index.astro","","all","true","ready","",""
"route","src/pages/co/impuestos/patrimonio-y-herencia.astro","","all","true","ready","",""
"route","src/pages/co/impuestos/predial-y-avaluo.astro","","all","true","ready","",""
"route","src/pages/co/impuestos/renta-personas.astro","","all","true","ready","",""
"route","src/pages/co/impuestos/retencion-en-la-fuente.astro","","all","true","ready","",""
"route","src/pages/co/impuestos/sanciones-dian.astro","","all","true","ready","",""
"route","src/pages/co/index.astro","","all","true","ready","",""
"route","src/pages/co/trabajo/costo-de-contratar.astro","","all","true","ready","",""
"route","src/pages/co/trabajo/horas-extras-y-recargos.astro","","all","true","ready","",""
"route","src/pages/co/trabajo/incapacidad-y-licencias.astro","","all","true","ready","",""
"route","src/pages/co/trabajo/independiente-y-honorarios.astro","","all","true","ready","",""
"route","src/pages/co/trabajo/index.astro","","all","true","ready","",""
"route","src/pages/co/trabajo/liquidacion-laboral.astro","","all","true","ready","",""
"route","src/pages/co/trabajo/que-hago-con-mis-cesantias.astro","","all","true","ready","",""
"route","src/pages/co/trabajo/sueldo-neto.astro","","all","true","ready","",""
"route","src/pages/co/validar-nit.astro","","all","true","ready","",""
"route","src/pages/co/vida/arriendo.astro","","all","true","ready","",""
"route","src/pages/co/vida/divorcio-y-cuota-alimentaria.astro","","all","true","ready","",""
"route","src/pages/co/vida/documentos-y-pasaporte.astro","","all","true","ready","",""
"route","src/pages/co/vida/estudiar-en-colombia.astro","","all","true","ready","",""
"route","src/pages/co/vida/index.astro","","all","true","ready","",""
"route","src/pages/co/vida/presupuesto-del-hogar.astro","","all","true","ready","",""
"route","src/pages/co/vida/recibos-de-servicios.astro","","all","true","ready","",""
"route","src/pages/cocina/adaptar-una-receta.astro","","all","true","ready","",""
"route","src/pages/cocina/cafe.astro","","all","true","ready","",""
"route","src/pages/cocina/cerveza-casera.astro","","all","true","ready","",""
"route","src/pages/cocina/coccion-de-carne.astro","","all","true","ready","",""
"route","src/pages/cocina/index.astro","","all","true","ready","",""
"route","src/pages/cocina/masa-y-levadura.astro","","all","true","ready","",""
"route","src/pages/cocina/porciones.astro","","all","true","ready","",""
"route","src/pages/cocina/tazas-y-gramos.astro","","all","true","ready","",""
"route","src/pages/cocina/temperatura-del-horno.astro","","all","true","ready","",""
"route","src/pages/comparar/[slug].astro","","all","true","ready","",""
"route","src/pages/construccion/agua.astro","","all","true","ready","",""
"route","src/pages/construccion/aislacion.astro","","all","true","ready","",""
"route","src/pages/construccion/costo-por-m2.astro","","all","true","ready","",""
"route","src/pages/construccion/hormigon.astro","","all","true","ready","",""
"route","src/pages/construccion/index.astro","","all","true","ready","",""
"route","src/pages/construccion/ladrillos.astro","","all","true","ready","",""
"route","src/pages/construccion/madera.astro","","all","true","ready","",""
"route","src/pages/construccion/paneles-solares.astro","","all","true","ready","",""
"route","src/pages/construccion/pintura.astro","","all","true","ready","",""
"route","src/pages/construccion/pisos.astro","","all","true","ready","",""
"route","src/pages/construccion/techos.astro","","all","true","ready","",""
"route","src/pages/contacto.astro","","all","true","ready","",""
"route","src/pages/conversores/index.astro","","all","true","ready","",""
"route","src/pages/conversores/longitud.astro","","all","true","ready","",""
"route","src/pages/conversores/numeros-a-letras.astro","","all","true","ready","",""
"route","src/pages/conversores/peso.astro","","all","true","ready","",""
"route","src/pages/conversores/talles.astro","","all","true","ready","",""
"route","src/pages/conversores/temperatura.astro","","all","true","ready","",""
"route","src/pages/conversores/tiempo.astro","","all","true","ready","",""
"route","src/pages/conversores/volumen.astro","","all","true","ready","",""
"route","src/pages/convertir-imagen-a-pdf.astro","","all","true","ready","",""
"route","src/pages/cookies.astro","","all","true","ready","",""
"route","src/pages/cooperativa-de-datos.astro","","all","true","ready","",""
"route","src/pages/correcciones.astro","","all","true","ready","",""
"route","src/pages/cuanto-falta-para-Navidad-2026.astro","","all","true","ready","",""
"route","src/pages/cuanto-perdio-tu-sueldo.astro","","all","true","ready","",""
"route","src/pages/datasets/index.astro","","all","true","ready","",""
"route","src/pages/datos-aguinaldo-2026.astro","","all","true","ready","",""
"route","src/pages/datos-bienes-personales-2026.astro","","all","true","ready","",""
"route","src/pages/datos-ganancias-2026.astro","","all","true","ready","",""
"route","src/pages/datos-monotributo-2026.astro","","all","true","ready","",""
"route","src/pages/datos-salario-basico-ecuador-2026.astro","","all","true","ready","",""
"route","src/pages/datos-salario-minimo-argentina-2026.astro","","all","true","ready","",""
"route","src/pages/datos-salario-minimo-latam-2026.astro","","all","true","ready","",""
"route","src/pages/datos-topes-sipa-2026.astro","","all","true","ready","",""
"route","src/pages/deportes.astro","","all","true","ready","",""
"route","src/pages/desarrolladores.astro","","all","true","ready","",""
"route","src/pages/dia-del-nino-2026-cuando-es.astro","","all","true","ready","",""
"route","src/pages/dias-entre-dos-fechas.astro","","all","true","ready","",""
"route","src/pages/do/[...slug].astro","","all","true","ready","",""
"route","src/pages/do/finanzas/ahorro-y-dolar.astro","","all","true","ready","",""
"route","src/pages/do/finanzas/comprar-y-financiar-un-vehiculo.astro","","all","true","ready","",""
"route","src/pages/do/finanzas/index.astro","","all","true","ready","",""
"route","src/pages/do/finanzas/presupuesto-del-hogar.astro","","all","true","ready","",""
"route","src/pages/do/impuestos/comprar-vivienda.astro","","all","true","ready","",""
"route","src/pages/do/impuestos/index.astro","","all","true","ready","",""
"route","src/pages/do/impuestos/negocio-dgii.astro","","all","true","ready","",""
"route","src/pages/do/index.astro","","all","true","ready","",""
"route","src/pages/do/trabajo/index.astro","","all","true","ready","",""
"route","src/pages/do/trabajo/liquidacion.astro","","all","true","ready","",""
"route","src/pages/do/trabajo/regalia-y-bonificacion.astro","","all","true","ready","",""
"route","src/pages/do/trabajo/sueldo-neto.astro","","all","true","ready","",""
"route","src/pages/do/trabajo/tss-aportes-y-coberturas.astro","","all","true","ready","",""
"route","src/pages/dolar-hoy.astro","","all","true","ready","",""
"route","src/pages/ec/[...slug].astro","","all","true","ready","",""
"route","src/pages/ec/auto/costos-del-auto.astro","","all","true","ready","",""
"route","src/pages/ec/auto/index.astro","","all","true","ready","",""
"route","src/pages/ec/datos-pension-alimenticia-ecuador-2026.astro","","all","true","ready","",""
"route","src/pages/ec/estudio/entrar-y-pagar-la-universidad.astro","","all","true","ready","",""
"route","src/pages/ec/estudio/index.astro","","all","true","ready","",""
"route","src/pages/ec/finanzas-personales/creditos-y-ahorro.astro","","all","true","ready","",""
"route","src/pages/ec/finanzas-personales/index.astro","","all","true","ready","",""
"route","src/pages/ec/hogar/comida-salud-y-construccion.astro","","all","true","ready","",""
"route","src/pages/ec/hogar/index.astro","","all","true","ready","",""
"route","src/pages/ec/hogar/presupuesto-mensual.astro","","all","true","ready","",""
"route","src/pages/ec/impuestos/impuesto-a-la-renta.astro","","all","true","ready","",""
"route","src/pages/ec/impuestos/impuestos-del-inmueble.astro","","all","true","ready","",""
"route","src/pages/ec/impuestos/index.astro","","all","true","ready","",""
"route","src/pages/ec/impuestos/iva-y-consumo.astro","","all","true","ready","",""
"route","src/pages/ec/impuestos/regimen-rimpe-y-negocio.astro","","all","true","ready","",""
"route","src/pages/ec/index.astro","","all","true","ready","",""
"route","src/pages/ec/trabajo/decimos-y-fondos-de-reserva.astro","","all","true","ready","",""
"route","src/pages/ec/trabajo/iess-aportes-y-jubilacion.astro","","all","true","ready","",""
"route","src/pages/ec/trabajo/index.astro","","all","true","ready","",""
"route","src/pages/ec/trabajo/licencias-y-pension-alimenticia.astro","","all","true","ready","",""
"route","src/pages/ec/trabajo/liquidacion-y-despido.astro","","all","true","ready","",""
"route","src/pages/ec/trabajo/sueldo-neto.astro","","all","true","ready","",""
"route","src/pages/ec/tramites/index.astro","","all","true","ready","",""
"route","src/pages/ec/tramites/tramites-y-costos-legales.astro","","all","true","ready","",""
"route","src/pages/ec/validar-cedula.astro","","all","true","ready","",""
"route","src/pages/embarazo/dias-fertiles.astro","","all","true","ready","",""
"route","src/pages/embarazo/fecha-de-parto.astro","","all","true","ready","",""
"route","src/pages/embarazo/index.astro","","all","true","ready","",""
"route","src/pages/embarazo/semanas.astro","","all","true","ready","",""
"route","src/pages/embeber.astro","","all","true","ready","",""
"route","src/pages/en/[...slug].astro","","all","true","ready","",""
"route","src/pages/en/cars/buy-lease-finance.astro","","all","true","ready","",""
"route","src/pages/en/cars/car-value-and-ownership.astro","","all","true","ready","",""
"route","src/pages/en/cars/fuel-and-trip-cost.astro","","all","true","ready","",""
"route","src/pages/en/cars/import-a-vehicle.astro","","all","true","ready","",""
"route","src/pages/en/cars/index.astro","","all","true","ready","",""
"route","src/pages/en/cars/tires-brakes-and-specs.astro","","all","true","ready","",""
"route","src/pages/en/cars/titles-registration-and-transfer.astro","","all","true","ready","",""
"route","src/pages/en/cooking/baking-ratios-and-conversions.astro","","all","true","ready","",""
"route","src/pages/en/cooking/brewing-and-infusions.astro","","all","true","ready","",""
"route","src/pages/en/cooking/drinks-for-a-party.astro","","all","true","ready","",""
"route","src/pages/en/cooking/how-much-food-per-guest.astro","","all","true","ready","",""
"route","src/pages/en/cooking/index.astro","","all","true","ready","",""
"route","src/pages/en/family/baby-and-child-milestones.astro","","all","true","ready","",""
"route","src/pages/en/family/events-and-family-transitions.astro","","all","true","ready","",""
"route","src/pages/en/family/index.astro","","all","true","ready","",""
"route","src/pages/en/fitness/competition-and-rankings.astro","","all","true","ready","",""
"route","src/pages/en/fitness/endurance-thresholds.astro","","all","true","ready","",""
"route","src/pages/en/fitness/index.astro","","all","true","ready","",""
"route","src/pages/en/fitness/running-race-plan.astro","","all","true","ready","",""
"route","src/pages/en/fitness/strength-and-training-volume.astro","","all","true","ready","",""
"route","src/pages/en/garden/index.astro","","all","true","ready","",""
"route","src/pages/en/garden/planting-and-spacing.astro","","all","true","ready","",""
"route","src/pages/en/garden/watering-and-feeding.astro","","all","true","ready","",""
"route","src/pages/en/garden/when-to-plant.astro","","all","true","ready","",""
"route","src/pages/en/health/blood-test-numbers.astro","","all","true","ready","",""
"route","src/pages/en/health/body-weight.astro","","all","true","ready","",""
"route","src/pages/en/health/calories-and-macros.astro","","all","true","ready","",""
"route","src/pages/en/health/exercise-and-training.astro","","all","true","ready","",""
"route","src/pages/en/health/fertility-and-pregnancy.astro","","all","true","ready","",""
"route","src/pages/en/health/index.astro","","all","true","ready","",""
"route","src/pages/en/health/medical-out-of-pocket.astro","","all","true","ready","",""
"route","src/pages/en/home/carpentry-and-stairs.astro","","all","true","ready","",""
"route","src/pages/en/home/concrete-and-structure.astro","","all","true","ready","",""
"route","src/pages/en/home/electrical-and-solar.astro","","all","true","ready","",""
"route","src/pages/en/home/hvac-sizing.astro","","all","true","ready","",""
"route","src/pages/en/home/index.astro","","all","true","ready","",""
"route","src/pages/en/home/paint-and-tile.astro","","all","true","ready","",""
"route","src/pages/en/home/water-and-plumbing.astro","","all","true","ready","",""
"route","src/pages/en/index.astro","","all","true","ready","",""
"route","src/pages/en/life/carbon-footprint.astro","","all","true","ready","",""
"route","src/pages/en/life/dates-and-hours.astro","","all","true","ready","",""
"route","src/pages/en/life/home-energy-savings.astro","","all","true","ready","",""
"route","src/pages/en/life/identity-permits-and-applications.astro","","all","true","ready","",""
"route","src/pages/en/life/index.astro","","all","true","ready","",""
"route","src/pages/en/life/move-abroad.astro","","all","true","ready","",""
"route","src/pages/en/life/party-and-event-planning.astro","","all","true","ready","",""
"route","src/pages/en/math/algebra.astro","","all","true","ready","",""
"route","src/pages/en/math/geometry-trigonometry.astro","","all","true","ready","",""
"route","src/pages/en/math/index.astro","","all","true","ready","",""
"route","src/pages/en/math/percentages.astro","","all","true","ready","",""
"route","src/pages/en/math/statistics.astro","","all","true","ready","",""
"route","src/pages/en/math/unit-converter.astro","","all","true","ready","",""
"route","src/pages/en/money/crypto-profit-and-fees.astro","","all","true","ready","",""
"route","src/pages/en/money/family-budget-and-big-expenses.astro","","all","true","ready","",""
"route","src/pages/en/money/get-out-of-debt.astro","","all","true","ready","",""
"route","src/pages/en/money/grow-your-money.astro","","all","true","ready","",""
"route","src/pages/en/money/home-loan.astro","","all","true","ready","",""
"route","src/pages/en/money/index.astro","","all","true","ready","",""
"route","src/pages/en/money/insurance-coverage.astro","","all","true","ready","",""
"route","src/pages/en/money/landed-cost.astro","","all","true","ready","",""
"route","src/pages/en/money/paycheck-and-taxes.astro","","all","true","ready","",""
"route","src/pages/en/money/renting-a-home.astro","","all","true","ready","",""
"route","src/pages/en/money/retirement-income.astro","","all","true","ready","",""
"route","src/pages/en/money/sales-and-property-tax.astro","","all","true","ready","",""
"route","src/pages/en/money/self-employed-rates-and-taxes.astro","","all","true","ready","",""
"route","src/pages/en/money/student-loans.astro","","all","true","ready","",""
"route","src/pages/en/money/tax-residency.astro","","all","true","ready","",""
"route","src/pages/en/nfl-2026.astro","","all","true","ready","",""
"route","src/pages/en/pets/dog-lifestyle-and-costs.astro","","all","true","ready","",""
"route","src/pages/en/pets/index.astro","","all","true","ready","",""
"route","src/pages/en/pets/pet-age-and-life-stage.astro","","all","true","ready","",""
"route","src/pages/en/pregnancy-week-calculator.astro","","all","true","ready","",""
"route","src/pages/en/school/gpa-and-grades.astro","","all","true","ready","",""
"route","src/pages/en/school/index.astro","","all","true","ready","",""
"route","src/pages/en/school/learn-a-language.astro","","all","true","ready","",""
"route","src/pages/en/school/study-time-and-focus.astro","","all","true","ready","",""
"route","src/pages/en/science/chemistry-and-thermodynamics.astro","","all","true","ready","",""
"route","src/pages/en/science/index.astro","","all","true","ready","",""
"route","src/pages/en/science/motion-and-forces.astro","","all","true","ready","",""
"route","src/pages/en/science/waves-light-and-astronomy.astro","","all","true","ready","",""
"route","src/pages/en/tech/batteries-and-electronics.astro","","all","true","ready","",""
"route","src/pages/en/tech/cloud-and-ai-costs.astro","","all","true","ready","",""
"route","src/pages/en/tech/index.astro","","all","true","ready","",""
"route","src/pages/en/tech/network-and-security.astro","","all","true","ready","",""
"route","src/pages/en/tech/pc-build-and-power.astro","","all","true","ready","",""
"route","src/pages/en/tech/screens-and-print-resolution.astro","","all","true","ready","",""
"route","src/pages/en/tech/storage-and-file-size.astro","","all","true","ready","",""
"route","src/pages/enlazanos.astro","","all","true","ready","",""
"route","src/pages/es/[...slug].astro","","all","true","ready","",""
"route","src/pages/es/automotor/comprar-coche.astro","","all","true","ready","",""
"route","src/pages/es/automotor/costes-del-coche.astro","","all","true","ready","",""
"route","src/pages/es/automotor/index.astro","","all","true","ready","",""
"route","src/pages/es/calculadoras.astro","","all","true","ready","",""
"route","src/pages/es/datos-cuota-autonomos-2026.astro","","all","true","ready","",""
"route","src/pages/es/educacion/cuanto-cuesta-estudiar.astro","","all","true","ready","",""
"route","src/pages/es/educacion/index.astro","","all","true","ready","",""
"route","src/pages/es/educacion/nota-de-admision.astro","","all","true","ready","",""
"route","src/pages/es/familia/ayudas-por-renta.astro","","all","true","ready","",""
"route","src/pages/es/familia/index.astro","","all","true","ready","",""
"route","src/pages/es/familia/tener-un-hijo.astro","","all","true","ready","",""
"route","src/pages/es/finanzas/deudas-y-prestamos.astro","","all","true","ready","",""
"route","src/pages/es/finanzas/donde-pongo-mis-ahorros.astro","","all","true","ready","",""
"route","src/pages/es/finanzas/index.astro","","all","true","ready","",""
"route","src/pages/es/impuestos/ahorro-e-inversiones.astro","","all","true","ready","",""
"route","src/pages/es/impuestos/autonomos.astro","","all","true","ready","",""
"route","src/pages/es/impuestos/index.astro","","all","true","ready","",""
"route","src/pages/es/impuestos/irpf-nomina.astro","","all","true","ready","",""
"route","src/pages/es/index.astro","","all","true","ready","",""
"route","src/pages/es/trabajo/index.astro","","all","true","ready","",""
"route","src/pages/es/trabajo/jubilacion.astro","","all","true","ready","",""
"route","src/pages/es/trabajo/mi-nomina.astro","","all","true","ready","",""
"route","src/pages/es/trabajo/no-puedo-trabajar.astro","","all","true","ready","",""
"route","src/pages/es/trabajo/perder-el-trabajo.astro","","all","true","ready","",""
"route","src/pages/es/vida/comida-cuentas-y-tiempo-con-amigos.astro","","all","true","ready","",""
"route","src/pages/es/vida/gastos-de-la-casa.astro","","all","true","ready","",""
"route","src/pages/es/vida/index.astro","","all","true","ready","",""
"route","src/pages/es/vivienda/alquilar-piso.astro","","all","true","ready","",""
"route","src/pages/es/vivienda/comprar-o-vender-piso.astro","","all","true","ready","",""
"route","src/pages/es/vivienda/hipoteca.astro","","all","true","ready","",""
"route","src/pages/es/vivienda/index.astro","","all","true","ready","",""
"route","src/pages/es/vivienda/reforma-y-eficiencia.astro","","all","true","ready","",""
"route","src/pages/estudio/aprender-un-idioma.astro","","all","true","ready","",""
"route","src/pages/estudio/contador-de-palabras.astro","","all","true","ready","",""
"route","src/pages/estudio/cuanto-cuesta-estudiar.astro","","all","true","ready","",""
"route","src/pages/estudio/cuanto-falta-para-recibirme.astro","","all","true","ready","",""
"route","src/pages/estudio/cuanto-tardo-en-leer.astro","","all","true","ready","",""
"route","src/pages/estudio/examenes-de-idioma.astro","","all","true","ready","",""
"route","src/pages/estudio/index.astro","","all","true","ready","",""
"route","src/pages/estudio/nota-necesaria-para-aprobar.astro","","all","true","ready","",""
"route","src/pages/estudio/plan-de-estudio.astro","","all","true","ready","",""
"route","src/pages/estudio/promedio.astro","","all","true","ready","",""
"route","src/pages/euro-hoy.astro","","all","true","ready","",""
"route","src/pages/eventos/asado.astro","","all","true","ready","",""
"route","src/pages/eventos/bebidas.astro","","all","true","ready","",""
"route","src/pages/eventos/casamiento.astro","","all","true","ready","",""
"route","src/pages/eventos/comida.astro","","all","true","ready","",""
"route","src/pages/eventos/empanadas-y-guarniciones.astro","","all","true","ready","",""
"route","src/pages/eventos/index.astro","","all","true","ready","",""
"route","src/pages/eventos/logistica.astro","","all","true","ready","",""
"route","src/pages/eventos/presupuesto.astro","","all","true","ready","",""
"route","src/pages/eventos/tragos.astro","","all","true","ready","",""
"route","src/pages/familia/asignaciones-anses.astro","","all","true","ready","",""
"route","src/pages/familia/costo-de-un-bebe.astro","","all","true","ready","",""
"route","src/pages/familia/cuota-alimentaria.astro","","all","true","ready","",""
"route","src/pages/familia/fallecimiento-y-tramites.astro","","all","true","ready","",""
"route","src/pages/familia/herencia.astro","","all","true","ready","",""
"route","src/pages/familia/index.astro","","all","true","ready","",""
"route","src/pages/familia/tener-un-hijo.astro","","all","true","ready","",""
"route","src/pages/fechas/cuenta-regresiva.astro","","all","true","ready","",""
"route","src/pages/fechas/dias-entre-fechas.astro","","all","true","ready","",""
"route","src/pages/fechas/edad-exacta.astro","","all","true","ready","",""
"route","src/pages/fechas/feriados/index.astro","","all","true","ready","",""
"route","src/pages/fechas/generaciones.astro","","all","true","ready","",""
"route","src/pages/fechas/index.astro","","all","true","ready","",""
"route","src/pages/feriados-2026.astro","","all","true","ready","",""
"route","src/pages/feriados-chile-2026.astro","","all","true","ready","",""
"route","src/pages/feriados-colombia-2026.astro","","all","true","ready","",""
"route","src/pages/feriados-mexico-2026.astro","","all","true","ready","",""
"route","src/pages/feriados-peru-2026.astro","","all","true","ready","",""
"route","src/pages/fin-de-semana/index.astro","","all","true","ready","",""
"route","src/pages/finanzas-personales/becas-para-estudiar.astro","","all","true","ready","",""
"route","src/pages/finanzas-personales/dividir-gastos.astro","","all","true","ready","",""
"route","src/pages/finanzas-personales/dolar.astro","","all","true","ready","",""
"route","src/pages/finanzas-personales/gastos-del-mes.astro","","all","true","ready","",""
"route","src/pages/finanzas-personales/index.astro","","all","true","ready","",""
"route","src/pages/finanzas-personales/meta-de-ahorro.astro","","all","true","ready","",""
"route","src/pages/finanzas-personales/perfil-crediticio.astro","","all","true","ready","",""
"route","src/pages/finanzas-personales/prestamo.astro","","all","true","ready","",""
"route","src/pages/finanzas-personales/salir-de-deudas.astro","","all","true","ready","",""
"route","src/pages/finanzas-personales/tarifa-freelance.astro","","all","true","ready","",""
"route","src/pages/finanzas-personales/tarjeta-de-credito.astro","","all","true","ready","",""
"route","src/pages/fixture-mundial-2026.astro","","all","true","ready","",""
"route","src/pages/formula-1-2026.astro","","all","true","ready","",""
"route","src/pages/futbol/estadisticas.astro","","all","true","ready","",""
"route","src/pages/futbol/index.astro","","all","true","ready","",""
"route","src/pages/futbol/mundial-2026.astro","","all","true","ready","",""
"route","src/pages/futbol/premios.astro","","all","true","ready","",""
"route","src/pages/futbol/puntos-y-campeonato.astro","","all","true","ready","",""
"route","src/pages/futbol-argentino-hoy.astro","","all","true","ready","",""
"route","src/pages/futbol-hoy.astro","","all","true","ready","",""
"route","src/pages/global/index.astro","","all","true","ready","",""
"route","src/pages/glosario/index.astro","","all","true","ready","",""
"route","src/pages/goleadores-mundial-2026.astro","","all","true","ready","",""
"route","src/pages/guia/[slug].astro","","all","true","ready","",""
"route","src/pages/guias.astro","","all","true","ready","",""
"route","src/pages/hogar/amueblar.astro","","all","true","ready","",""
"route","src/pages/hogar/climatizacion.astro","","all","true","ready","",""
"route","src/pages/hogar/factura-de-luz.astro","","all","true","ready","",""
"route","src/pages/hogar/gas-y-agua.astro","","all","true","ready","",""
"route","src/pages/hogar/gastos-de-la-casa.astro","","all","true","ready","",""
"route","src/pages/hogar/huella-de-carbono.astro","","all","true","ready","",""
"route","src/pages/hogar/humedad-en-casa.astro","","all","true","ready","",""
"route","src/pages/hogar/index.astro","","all","true","ready","",""
"route","src/pages/hogar/limpieza.astro","","all","true","ready","",""
"route","src/pages/hogar/pileta.astro","","all","true","ready","",""
"route","src/pages/hogar/subsidios-energia.astro","","all","true","ready","",""
"route","src/pages/iibb/[provincia]/index.astro","","all","true","ready","",""
"route","src/pages/iibb/index.astro","","all","true","ready","",""
"route","src/pages/impuestos/bienes-personales.astro","","all","true","ready","",""
"route","src/pages/impuestos/comprar-en-el-exterior.astro","","all","true","ready","",""
"route","src/pages/impuestos/deducciones-ganancias.astro","","all","true","ready","",""
"route","src/pages/impuestos/elegir-regimen.astro","","all","true","ready","",""
"route","src/pages/impuestos/ganancias-cuarta-categoria.astro","","all","true","ready","",""
"route","src/pages/impuestos/index.astro","","all","true","ready","",""
"route","src/pages/impuestos/ingresos-brutos.astro","","all","true","ready","",""
"route","src/pages/impuestos/iva.astro","","all","true","ready","",""
"route","src/pages/impuestos/monotributo.astro","","all","true","ready","",""
"route","src/pages/impuestos/residencia-fiscal-nomadas-digitales.astro","","all","true","ready","",""
"route","src/pages/impuestos/retenciones.astro","","all","true","ready","",""
"route","src/pages/impuestos-argentina.astro","","all","true","ready","",""
"route","src/pages/index.astro","","all","true","ready","",""
"route","src/pages/inflacion-argentina.astro","","all","true","ready","",""
"route","src/pages/informes/[slug].astro","","all","true","ready","",""
"route","src/pages/informes/index.astro","","all","true","ready","",""
"route","src/pages/inversiones/cedears.astro","","all","true","ready","",""
"route","src/pages/inversiones/ganancia-con-cripto.astro","","all","true","ready","",""
"route","src/pages/inversiones/index.astro","","all","true","ready","",""
"route","src/pages/inversiones/interes-compuesto.astro","","all","true","ready","",""
"route","src/pages/inversiones/liquidacion-apalancamiento.astro","","all","true","ready","",""
"route","src/pages/inversiones/opciones-call-put.astro","","all","true","ready","",""
"route","src/pages/inversiones/plazo-fijo.astro","","all","true","ready","",""
"route","src/pages/inversiones/riesgo-de-mi-cartera.astro","","all","true","ready","",""
"route","src/pages/jardin/cuantas-plantas.astro","","all","true","ready","",""
"route","src/pages/jardin/huerta.astro","","all","true","ready","",""
"route","src/pages/jardin/index.astro","","all","true","ready","",""
"route","src/pages/jardin/riego.astro","","all","true","ready","",""
"route","src/pages/jardin/tierra-y-macetas.astro","","all","true","ready","",""
"route","src/pages/jubilacion/cuando-me-jubilo.astro","","all","true","ready","",""
"route","src/pages/jubilacion/cuanto-voy-a-cobrar.astro","","all","true","ready","",""
"route","src/pages/jubilacion/index.astro","","all","true","ready","",""
"route","src/pages/jubilacion/pensiones.astro","","all","true","ready","",""
"route","src/pages/jubilacion/prestamo-anses.astro","","all","true","ready","",""
"route","src/pages/kit.astro","","all","true","ready","",""
"route","src/pages/mapa-del-sitio.astro","","all","true","ready","",""
"route","src/pages/mascotas/acuario.astro","","all","true","ready","",""
"route","src/pages/mascotas/cuanta-comida.astro","","all","true","ready","",""
"route","src/pages/mascotas/cuanto-cuesta.astro","","all","true","ready","",""
"route","src/pages/mascotas/cuanto-vive.astro","","all","true","ready","",""
"route","src/pages/mascotas/edad-del-gato.astro","","all","true","ready","",""
"route","src/pages/mascotas/edad-del-perro.astro","","all","true","ready","",""
"route","src/pages/mascotas/gestacion.astro","","all","true","ready","",""
"route","src/pages/mascotas/index.astro","","all","true","ready","",""
"route","src/pages/mascotas/peso-ideal.astro","","all","true","ready","",""
"route","src/pages/mascotas/rutina-y-cuidados.astro","","all","true","ready","",""
"route","src/pages/matematica/area-y-perimetro.astro","","all","true","ready","",""
"route","src/pages/matematica/derivadas.astro","","all","true","ready","",""
"route","src/pages/matematica/ecuaciones-y-polinomios.astro","","all","true","ready","",""
"route","src/pages/matematica/estadistica-descriptiva.astro","","all","true","ready","",""
"route","src/pages/matematica/estadistica-inferencial.astro","","all","true","ready","",""
"route","src/pages/matematica/fracciones.astro","","all","true","ready","",""
"route","src/pages/matematica/geometria-analitica.astro","","all","true","ready","",""
"route","src/pages/matematica/index.astro","","all","true","ready","",""
"route","src/pages/matematica/limites-e-integrales.astro","","all","true","ready","",""
"route","src/pages/matematica/porcentajes.astro","","all","true","ready","",""
"route","src/pages/matematica/potencias-y-raices.astro","","all","true","ready","",""
"route","src/pages/matematica/probabilidad.astro","","all","true","ready","",""
"route","src/pages/matematica/regla-de-tres.astro","","all","true","ready","",""
"route","src/pages/matematica/sistemas-y-matrices.astro","","all","true","ready","",""
"route","src/pages/matematica/sucesiones-y-series.astro","","all","true","ready","",""
"route","src/pages/matematica/triangulos-y-trigonometria.astro","","all","true","ready","",""
"route","src/pages/matematica/volumen-de-cuerpos.astro","","all","true","ready","",""
"route","src/pages/metodologia.astro","","all","true","ready","",""
"route","src/pages/mi/[producto].astro","","all","true","ready","",""
"route","src/pages/mi/index.astro","","all","true","ready","",""
"route","src/pages/mi-hacecuentas.astro","","all","true","ready","",""
"route","src/pages/mundial-2026.astro","","all","true","ready","",""
"route","src/pages/mx/[...slug].astro","","all","true","ready","",""
"route","src/pages/mx/auto/comprar-o-vender-auto.astro","","all","true","ready","",""
"route","src/pages/mx/auto/gasto-de-usar-el-auto.astro","","all","true","ready","",""
"route","src/pages/mx/auto/index.astro","","all","true","ready","",""
"route","src/pages/mx/auto/tenencia-verificacion-y-placas.astro","","all","true","ready","",""
"route","src/pages/mx/calculadora-costo-licencia-conducir-mexico-por-estado.astro","","all","true","ready","",""
"route","src/pages/mx/calculadora-salario-diario-integrado-sdi-mexico.astro","","all","true","ready","",""
"route","src/pages/mx/datos-salario-minimo-mexico-2026.astro","","all","true","ready","",""
"route","src/pages/mx/datos-uma-imss-2026.astro","","all","true","ready","",""
"route","src/pages/mx/familia/index.astro","","all","true","ready","",""
"route","src/pages/mx/familia/licencias-e-incapacidades.astro","","all","true","ready","",""
"route","src/pages/mx/familia/pension-alimenticia.astro","","all","true","ready","",""
"route","src/pages/mx/finanzas/credito-de-vivienda.astro","","all","true","ready","",""
"route","src/pages/mx/finanzas/deudas-y-credito.astro","","all","true","ready","",""
"route","src/pages/mx/finanzas/donde-invierto.astro","","all","true","ready","",""
"route","src/pages/mx/finanzas/index.astro","","all","true","ready","",""
"route","src/pages/mx/finanzas/mi-afore.astro","","all","true","ready","",""
"route","src/pages/mx/hogar/index.astro","","all","true","ready","",""
"route","src/pages/mx/hogar/servicios-y-obra.astro","","all","true","ready","",""
"route","src/pages/mx/impuestos/declaracion-anual.astro","","all","true","ready","",""
"route","src/pages/mx/impuestos/importar-productos.astro","","all","true","ready","",""
"route","src/pages/mx/impuestos/impuestos-de-mi-empresa.astro","","all","true","ready","",""
"route","src/pages/mx/impuestos/index.astro","","all","true","ready","",""
"route","src/pages/mx/impuestos/isr-de-mis-inversiones.astro","","all","true","ready","",""
"route","src/pages/mx/impuestos/isr-por-mi-cuenta.astro","","all","true","ready","",""
"route","src/pages/mx/impuestos/iva.astro","","all","true","ready","",""
"route","src/pages/mx/impuestos/rentar-mi-departamento.astro","","all","true","ready","",""
"route","src/pages/mx/impuestos/vender-o-heredar-un-inmueble.astro","","all","true","ready","",""
"route","src/pages/mx/index.astro","","all","true","ready","",""
"route","src/pages/mx/trabajo/aguinaldo-prima-y-ptu.astro","","all","true","ready","",""
"route","src/pages/mx/trabajo/costo-de-un-empleado.astro","","all","true","ready","",""
"route","src/pages/mx/trabajo/finiquito-y-liquidacion.astro","","all","true","ready","",""
"route","src/pages/mx/trabajo/index.astro","","all","true","ready","",""
"route","src/pages/mx/trabajo/mi-pension-imss.astro","","all","true","ready","",""
"route","src/pages/mx/trabajo/sueldo-neto.astro","","all","true","ready","",""
"route","src/pages/mx/trabajo/vacaciones-y-jornada.astro","","all","true","ready","",""
"route","src/pages/mx/tramites/costo-de-mis-documentos.astro","","all","true","ready","",""
"route","src/pages/mx/tramites/index.astro","","all","true","ready","",""
"route","src/pages/mx/vida/apoyos-del-bienestar.astro","","all","true","ready","",""
"route","src/pages/mx/vida/cuanto-cuesta-vivir.astro","","all","true","ready","",""
"route","src/pages/mx/vida/escuela-y-becas.astro","","all","true","ready","",""
"route","src/pages/mx/vida/index.astro","","all","true","ready","",""
"route","src/pages/mx/vida/organizar-una-fiesta.astro","","all","true","ready","",""
"route","src/pages/nba-2026.astro","","all","true","ready","",""
"route","src/pages/negocios/capital-de-trabajo.astro","","all","true","ready","",""
"route","src/pages/negocios/comisiones-de-plataforma.astro","","all","true","ready","",""
"route","src/pages/negocios/creador-de-contenido.astro","","all","true","ready","",""
"route","src/pages/negocios/cuanto-vale-mi-negocio.astro","","all","true","ready","",""
"route","src/pages/negocios/index.astro","","all","true","ready","",""
"route","src/pages/negocios/indicadores-de-marca.astro","","all","true","ready","",""
"route","src/pages/negocios/ingresos-por-plataforma.astro","","all","true","ready","",""
"route","src/pages/negocios/metricas-de-marketing.astro","","all","true","ready","",""
"route","src/pages/negocios/precio-de-venta.astro","","all","true","ready","",""
"route","src/pages/negocios/publicar-en-redes.astro","","all","true","ready","",""
"route","src/pages/negocios/tarifas-por-hora.astro","","all","true","ready","",""
"route","src/pages/negocios/vender-mi-contenido.astro","","all","true","ready","",""
"route","src/pages/negocios-e-independientes.astro","","all","true","ready","",""
"route","src/pages/nfl-2026.astro","","all","true","ready","",""
"route","src/pages/nutricion/calorias-diarias.astro","","all","true","ready","",""
"route","src/pages/nutricion/index.astro","","all","true","ready","",""
"route","src/pages/nutricion/nutricion-deportiva.astro","","all","true","ready","",""
"route","src/pages/ocio/index.astro","","all","true","ready","",""
"route","src/pages/ocio/numeros-de-videojuegos.astro","","all","true","ready","",""
"route","src/pages/ocio/tiempo-de-juego.astro","","all","true","ready","",""
"route","src/pages/partners/[vertical].astro","","all","true","ready","",""
"route","src/pages/partners/index.astro","","all","true","ready","",""
"route","src/pages/pe/[...slug].astro","","all","true","ready","",""
"route","src/pages/pe/auto/costos-del-auto.astro","","all","true","ready","",""
"route","src/pages/pe/auto/index.astro","","all","true","ready","",""
"route","src/pages/pe/datos-soat-uit-peru-2026.astro","","all","true","ready","",""
"route","src/pages/pe/datos-sueldo-minimo-peru-2026.astro","","all","true","ready","",""
"route","src/pages/pe/estudio/estudiar-y-aprobar.astro","","all","true","ready","",""
"route","src/pages/pe/estudio/index.astro","","all","true","ready","",""
"route","src/pages/pe/finanzas-personales/afp-onp-y-jubilacion.astro","","all","true","ready","",""
"route","src/pages/pe/finanzas-personales/creditos-y-ahorro.astro","","all","true","ready","",""
"route","src/pages/pe/finanzas-personales/index.astro","","all","true","ready","",""
"route","src/pages/pe/hogar/costo-de-construir.astro","","all","true","ready","",""
"route","src/pages/pe/hogar/index.astro","","all","true","ready","",""
"route","src/pages/pe/hogar/presupuesto-mensual.astro","","all","true","ready","",""
"route","src/pages/pe/impuestos/igv-y-compras.astro","","all","true","ready","",""
"route","src/pages/pe/impuestos/impuestos-del-inmueble.astro","","all","true","ready","",""
"route","src/pages/pe/impuestos/index.astro","","all","true","ready","",""
"route","src/pages/pe/impuestos/que-regimen-tributario-elijo.astro","","all","true","ready","",""
"route","src/pages/pe/impuestos/renta-de-personas.astro","","all","true","ready","",""
"route","src/pages/pe/index.astro","","all","true","ready","",""
"route","src/pages/pe/trabajo/dias-que-no-trabajo.astro","","all","true","ready","",""
"route","src/pages/pe/trabajo/dinero-por-hijos.astro","","all","true","ready","",""
"route","src/pages/pe/trabajo/index.astro","","all","true","ready","",""
"route","src/pages/pe/trabajo/liquidacion-y-beneficios.astro","","all","true","ready","",""
"route","src/pages/pe/trabajo/regimenes-especiales.astro","","all","true","ready","",""
"route","src/pages/pe/trabajo/sueldo-neto.astro","","all","true","ready","",""
"route","src/pages/pe/tramites/index.astro","","all","true","ready","",""
"route","src/pages/pe/tramites/tramites-del-estado.astro","","all","true","ready","",""
"route","src/pages/pe/validar-ruc.astro","","all","true","ready","",""
"route","src/pages/planificador-de-objetivos.astro","","all","true","ready","",""
"route","src/pages/politica-editorial.astro","","all","true","ready","",""
"route","src/pages/populares.astro","","all","true","ready","",""
"route","src/pages/posiciones-nfl-2026.astro","","all","true","ready","",""
"route","src/pages/precio-nafta-hoy.astro","","all","true","ready","",""
"route","src/pages/prensa.astro","","all","true","ready","",""
"route","src/pages/prestaciones-laborales-por-pais.astro","","all","true","ready","",""
"route","src/pages/presupuesto-familiar.astro","","all","true","ready","",""
"route","src/pages/privacidad.astro","","all","true","ready","",""
"route","src/pages/pt/[...slug].astro","","all","true","ready","",""
"route","src/pages/pt/blog/[slug].astro","","all","true","ready","",""
"route","src/pages/pt/blog/index.astro","","all","true","ready","",""
"route","src/pages/pt/casa/energia-da-casa.astro","","all","true","ready","",""
"route","src/pages/pt/casa/index.astro","","all","true","ready","",""
"route","src/pages/pt/casa/obra-e-manutencao.astro","","all","true","ready","",""
"route","src/pages/pt/casa/plantar-e-reduzir-impacto.astro","","all","true","ready","",""
"route","src/pages/pt/dados-inss-irrf-2026.astro","","all","true","ready","",""
"route","src/pages/pt/dados-ipca-brasil-historico.astro","","all","true","ready","",""
"route","src/pages/pt/dados-salario-minimo-brasil-2026.astro","","all","true","ready","",""
"route","src/pages/pt/dinheiro/alugar-um-imovel.astro","","all","true","ready","",""
"route","src/pages/pt/dinheiro/comprar-em-dolar-iof.astro","","all","true","ready","",""
"route","src/pages/pt/dinheiro/comprar-um-imovel.astro","","all","true","ready","",""
"route","src/pages/pt/dinheiro/heranca-e-familia.astro","","all","true","ready","",""
"route","src/pages/pt/dinheiro/imposto-de-renda.astro","","all","true","ready","",""
"route","src/pages/pt/dinheiro/index.astro","","all","true","ready","",""
"route","src/pages/pt/dinheiro/investir-renda-fixa.astro","","all","true","ready","",""
"route","src/pages/pt/dinheiro/simples-nacional.astro","","all","true","ready","",""
"route","src/pages/pt/index.astro","","all","true","ready","",""
"route","src/pages/pt/matematica/converter-medidas.astro","","all","true","ready","",""
"route","src/pages/pt/matematica/estatistica-e-probabilidade.astro","","all","true","ready","",""
"route","src/pages/pt/matematica/geometria-e-trigonometria.astro","","all","true","ready","",""
"route","src/pages/pt/matematica/index.astro","","all","true","ready","",""
"route","src/pages/pt/matematica/resolver-contas.astro","","all","true","ready","",""
"route","src/pages/pt/quando-joga-brasil-copa-2026.astro","","all","true","ready","",""
"route","src/pages/pt/trabalho/aposentadoria-inss.astro","","all","true","ready","",""
"route","src/pages/pt/trabalho/beneficios-do-governo.astro","","all","true","ready","",""
"route","src/pages/pt/trabalho/ferias-e-decimo-terceiro.astro","","all","true","ready","",""
"route","src/pages/pt/trabalho/index.astro","","all","true","ready","",""
"route","src/pages/pt/trabalho/quanto-custa-contratar.astro","","all","true","ready","",""
"route","src/pages/pt/trabalho/rescisao-clt.astro","","all","true","ready","",""
"route","src/pages/pt/trabalho/salario-liquido.astro","","all","true","ready","",""
"route","src/pages/pt/validar-cnpj.astro","","all","true","ready","",""
"route","src/pages/pt/validar-cpf.astro","","all","true","ready","",""
"route","src/pages/pt/veiculos/custo-do-carro.astro","","all","true","ready","",""
"route","src/pages/pt/veiculos/index.astro","","all","true","ready","",""
"route","src/pages/pt/vida/aprender-e-passar.astro","","all","true","ready","",""
"route","src/pages/pt/vida/capacidade-custo-e-consumo.astro","","all","true","ready","",""
"route","src/pages/pt/vida/comida-para-receitas-e-festas.astro","","all","true","ready","",""
"route","src/pages/pt/vida/decisoes-e-calculos-do-dia-a-dia.astro","","all","true","ready","",""
"route","src/pages/pt/vida/index.astro","","all","true","ready","",""
"route","src/pages/pt/vida/treino-e-desempenho.astro","","all","true","ready","",""
"route","src/pages/pt-pt/[...slug].astro","","all","true","ready","",""
"route","src/pages/pt-pt/calculadora-salario-minimo-portugal-hora.astro","","all","true","ready","",""
"route","src/pages/pt-pt/familia/filhos.astro","","all","true","ready","",""
"route","src/pages/pt-pt/familia/index.astro","","all","true","ready","",""
"route","src/pages/pt-pt/financas/credito-habitacao.astro","","all","true","ready","",""
"route","src/pages/pt-pt/financas/impostos-do-automovel.astro","","all","true","ready","",""
"route","src/pages/pt-pt/financas/index.astro","","all","true","ready","",""
"route","src/pages/pt-pt/financas/reforma-e-apoios.astro","","all","true","ready","",""
"route","src/pages/pt-pt/impostos/casa.astro","","all","true","ready","",""
"route","src/pages/pt-pt/impostos/index.astro","","all","true","ready","",""
"route","src/pages/pt-pt/impostos/irs.astro","","all","true","ready","",""
"route","src/pages/pt-pt/index.astro","","all","true","ready","",""
"route","src/pages/pt-pt/trabalho/ferias-baixas-e-licencas.astro","","all","true","ready","",""
"route","src/pages/pt-pt/trabalho/index.astro","","all","true","ready","",""
"route","src/pages/pt-pt/trabalho/salario-liquido.astro","","all","true","ready","",""
"route","src/pages/py/[...slug].astro","","all","true","ready","",""
"route","src/pages/py/automotor/index.astro","","all","true","ready","",""
"route","src/pages/py/automotor/tener-auto.astro","","all","true","ready","",""
"route","src/pages/py/finanzas/guaranies.astro","","all","true","ready","",""
"route","src/pages/py/finanzas/index.astro","","all","true","ready","",""
"route","src/pages/py/finanzas/presupuesto-familiar-y-viajes.astro","","all","true","ready","",""
"route","src/pages/py/impuestos/cuanto-pago.astro","","all","true","ready","",""
"route","src/pages/py/impuestos/index.astro","","all","true","ready","",""
"route","src/pages/py/index.astro","","all","true","ready","",""
"route","src/pages/py/trabajo/dias-y-notas.astro","","all","true","ready","",""
"route","src/pages/py/trabajo/index.astro","","all","true","ready","",""
"route","src/pages/py/trabajo/ips.astro","","all","true","ready","",""
"route","src/pages/py/trabajo/liquidacion-final.astro","","all","true","ready","",""
"route","src/pages/py/trabajo/sueldo-neto.astro","","all","true","ready","",""
"route","src/pages/py/vivienda/casa-propia.astro","","all","true","ready","",""
"route","src/pages/py/vivienda/index.astro","","all","true","ready","",""
"route","src/pages/py/vivienda/organizar-un-evento.astro","","all","true","ready","",""
"route","src/pages/que-sueldo-necesito.astro","","all","true","ready","",""
"route","src/pages/recategorizacion-monotributo-julio-2026.astro","","all","true","ready","",""
"route","src/pages/salud/calorias-de-los-alimentos.astro","","all","true","ready","",""
"route","src/pages/salud/calorias-quemadas.astro","","all","true","ready","",""
"route","src/pages/salud/crecimiento-infantil.astro","","all","true","ready","",""
"route","src/pages/salud/cuanto-dormir.astro","","all","true","ready","",""
"route","src/pages/salud/frecuencia-cardiaca.astro","","all","true","ready","",""
"route","src/pages/salud/fuerza-y-gimnasio.astro","","all","true","ready","",""
"route","src/pages/salud/grasa-corporal.astro","","all","true","ready","",""
"route","src/pages/salud/habitos.astro","","all","true","ready","",""
"route","src/pages/salud/index.astro","","all","true","ready","",""
"route","src/pages/salud/macros.astro","","all","true","ready","",""
"route","src/pages/salud/nutrientes-diarios.astro","","all","true","ready","",""
"route","src/pages/salud/peso-en-el-embarazo.astro","","all","true","ready","",""
"route","src/pages/salud/peso-ideal-imc.astro","","all","true","ready","",""
"route","src/pages/salud/plan-de-carrera.astro","","all","true","ready","",""
"route","src/pages/salud/proteina.astro","","all","true","ready","",""
"route","src/pages/salud/ritmo-y-pace.astro","","all","true","ready","",""
"route","src/pages/salud/sueno-y-pantallas.astro","","all","true","ready","",""
"route","src/pages/simulador-jubilacion-anses.astro","","all","true","ready","",""
"route","src/pages/sobre-nosotros.astro","","all","true","ready","",""
"route","src/pages/sueldos-y-trabajo.astro","","all","true","ready","",""
"route","src/pages/sugerir.astro","","all","true","ready","",""
"route","src/pages/tabla/[slug].astro","","all","true","ready","",""
"route","src/pages/tabla/tabla-escalas-ganancias-2026.astro","","all","true","ready","",""
"route","src/pages/tabla/tabla-imc-peso-altura/index.astro","","all","true","ready","",""
"route","src/pages/tecnologia/ajustes-de-camara.astro","","all","true","ready","",""
"route","src/pages/tecnologia/almacenamiento.astro","","all","true","ready","",""
"route","src/pages/tecnologia/audio.astro","","all","true","ready","",""
"route","src/pages/tecnologia/baterias.astro","","all","true","ready","",""
"route","src/pages/tecnologia/costo-de-ia.astro","","all","true","ready","",""
"route","src/pages/tecnologia/fotografia.astro","","all","true","ready","",""
"route","src/pages/tecnologia/gaming.astro","","all","true","ready","",""
"route","src/pages/tecnologia/impresion-3d.astro","","all","true","ready","",""
"route","src/pages/tecnologia/index.astro","","all","true","ready","",""
"route","src/pages/tecnologia/instalacion-electrica.astro","","all","true","ready","",""
"route","src/pages/tecnologia/internet-y-red.astro","","all","true","ready","",""
"route","src/pages/tecnologia/nitidez-y-encuadre.astro","","all","true","ready","",""
"route","src/pages/tecnologia/resistencias.astro","","all","true","ready","",""
"route","src/pages/terminos.astro","","all","true","ready","",""
"route","src/pages/trabajo/accidente-laboral.astro","","all","true","ready","",""
"route","src/pages/trabajo/aguinaldo.astro","","all","true","ready","",""
"route","src/pages/trabajo/contratar-personal-casas-particulares.astro","","all","true","ready","",""
"route","src/pages/trabajo/costo-de-un-empleado.astro","","all","true","ready","",""
"route","src/pages/trabajo/empleada-domestica.astro","","all","true","ready","",""
"route","src/pages/trabajo/horas-extra.astro","","all","true","ready","",""
"route","src/pages/trabajo/indemnizacion-por-despido.astro","","all","true","ready","",""
"route","src/pages/trabajo/index.astro","","all","true","ready","",""
"route","src/pages/trabajo/liquidacion-final.astro","","all","true","ready","",""
"route","src/pages/trabajo/liquidacion-latam.astro","","all","true","ready","",""
"route","src/pages/trabajo/seguro-de-desempleo.astro","","all","true","ready","",""
"route","src/pages/trabajo/sueldo-bruto-y-neto.astro","","all","true","ready","",""
"route","src/pages/trabajo/sueldo-vs-inflacion.astro","","all","true","ready","",""
"route","src/pages/trabajo/sueldos-por-convenio.astro","","all","true","ready","",""
"route","src/pages/trabajo/vacaciones.astro","","all","true","ready","",""
"route","src/pages/tracker-embarazo-semana-a-semana.astro","","all","true","ready","",""
"route","src/pages/tramites/dni-y-pasaporte.astro","","all","true","ready","",""
"route","src/pages/tramites/index.astro","","all","true","ready","",""
"route","src/pages/uy/[...slug].astro","","all","true","ready","",""
"route","src/pages/uy/finanzas/costos-del-auto.astro","","all","true","ready","",""
"route","src/pages/uy/finanzas/cuentas-y-compras.astro","","all","true","ready","",""
"route","src/pages/uy/finanzas/cuotas-y-prestamos.astro","","all","true","ready","",""
"route","src/pages/uy/finanzas/index.astro","","all","true","ready","",""
"route","src/pages/uy/finanzas/jubilacion.astro","","all","true","ready","",""
"route","src/pages/uy/finanzas/unidades-y-valores.astro","","all","true","ready","",""
"route","src/pages/uy/impuestos/index.astro","","all","true","ready","",""
"route","src/pages/uy/impuestos/trabajo-independiente.astro","","all","true","ready","",""
"route","src/pages/uy/impuestos/vivienda.astro","","all","true","ready","",""
"route","src/pages/uy/index.astro","","all","true","ready","",""
"route","src/pages/uy/trabajo/estudio-y-vida-cotidiana.astro","","all","true","ready","",""
"route","src/pages/uy/trabajo/index.astro","","all","true","ready","",""
"route","src/pages/uy/trabajo/liquidacion-final.astro","","all","true","ready","",""
"route","src/pages/uy/trabajo/prestaciones-bps.astro","","all","true","ready","",""
"route","src/pages/uy/trabajo/sueldo-liquido.astro","","all","true","ready","",""
"route","src/pages/uy/validar-cedula.astro","","all","true","ready","",""
"route","src/pages/vacaciones-invierno-2026.astro","","all","true","ready","",""
"route","src/pages/validar-cbu.astro","","all","true","ready","",""
"route","src/pages/validar-cuit.astro","","all","true","ready","",""
"route","src/pages/valores-bcra.astro","","all","true","ready","",""
"route","src/pages/ve/[...slug].astro","","all","true","ready","",""
"route","src/pages/ve/finanzas/credito-y-gasolina.astro","","all","true","ready","",""
"route","src/pages/ve/finanzas/dolar-y-bolivares.astro","","all","true","ready","",""
"route","src/pages/ve/finanzas/index.astro","","all","true","ready","",""
"route","src/pages/ve/impuestos/index.astro","","all","true","ready","",""
"route","src/pages/ve/impuestos/islr-y-tributos-seniat.astro","","all","true","ready","",""
"route","src/pages/ve/index.astro","","all","true","ready","",""
"route","src/pages/ve/trabajo/index.astro","","all","true","ready","",""
"route","src/pages/ve/trabajo/ivss-y-deducciones.astro","","all","true","ready","",""
"route","src/pages/ve/trabajo/liquidacion-lottt.astro","","all","true","ready","",""
"route","src/pages/ve/trabajo/sueldo-y-recargos.astro","","all","true","ready","",""
"route","src/pages/ve/vida/index.astro","","all","true","ready","",""
"route","src/pages/ve/vida/salud-estudio-y-tramites.astro","","all","true","ready","",""
"route","src/pages/vencimientos-afip-2026.astro","","all","true","ready","",""
"route","src/pages/viajes/aeropuerto.astro","","all","true","ready","",""
"route","src/pages/viajes/antes-de-volar.astro","","all","true","ready","",""
"route","src/pages/viajes/equipaje.astro","","all","true","ready","",""
"route","src/pages/viajes/hora-mundial.astro","","all","true","ready","",""
"route","src/pages/viajes/index.astro","","all","true","ready","",""
"route","src/pages/viajes/millas.astro","","all","true","ready","",""
"route","src/pages/viajes/mudarse-al-exterior.astro","","all","true","ready","",""
"route","src/pages/viajes/presupuesto-de-viaje.astro","","all","true","ready","",""
"route","src/pages/viajes/valen-millas.astro","","all","true","ready","",""
"route","src/pages/viajes/visas-y-tramites.astro","","all","true","ready","",""
"route","src/pages/vivienda/credito-hipotecario.astro","","all","true","ready","",""
"route","src/pages/vivienda/gastos-de-escritura.astro","","all","true","ready","",""
"route","src/pages/vivienda/index.astro","","all","true","ready","",""
"route","src/pages/vivienda/rentabilidad-de-un-alquiler.astro","","all","true","ready","",""
"route","src/pages/wizard/que-monotributo-me-conviene-2026.astro","","all","true","ready","",""
"route","src/pages/wordpress.astro","","all","true","ready","",""
