url,primary_keyword,search_intent,title,h1,meta_description,h1_alignment,description_alignment,on_page_action,target_source
https://hacecuentas.com/,Decisiones con números claros para Argentina,navegacional,Decisiones con números claros para Argentina — Hacé Cuentas,No adivines. Hacé cuentas.,"Hubs de decisión para resolver trabajo, alquiler, impuestos, finanzas, salud y vida cotidiana con números claros, fuentes y datos vigentes.",0,0.5,alineado,title-canonico
https://hacecuentas.com/aguinaldo-diciembre-2026,Aguinaldo Diciembre 2026,calculo,"Aguinaldo Diciembre 2026: cuándo cobro, cómo calcularlo","Aguinaldo Diciembre 2026: cuándo se cobra, cómo calcularlo y tabla de montos","Todo sobre el aguinaldo de diciembre 2026 en Argentina: fecha límite de pago (18/12), fórmula del SAC, tabla con ejemplos por sueldo, descuentos y qué…",1,1,alineado,title-canonico
https://hacecuentas.com/alertas,Alertas: te avisamos cuando cambian tus números,informacional,Alertas: te avisamos cuando cambian tus números,Te avisamos cuando cambian los números que te importan,"Sueldo, monotributo, salario mínimo, dólar, impuestos… Encontrá herramientas, ejemplos y fuentes para resolver alertas: te avisamos cuando cambian tus…",0.67,0.83,alineado,title-canonico
https://hacecuentas.com/alquiler,Calculadoras de alquiler,calculo,"Calculadoras de alquiler: ajuste, depósito y gastos","Antes de firmar, hacé todas las cuentas.","Calculá ajustes por ICL e IPC, depósito, comisión, expensas y costo total del alquiler con índices y ejemplos actualizados.",0,0.5,refuerzo-visible-automatico,title-canonico
https://hacecuentas.com/alquiler/aumento-de-alquiler,Calculadora de aumento de alquiler,calculo,Calculadora de aumento de alquiler: ICL e IPC 2026,¿Cuánto vas a pagar en tu próximo ajuste?,"Calculá el aumento del alquiler por ICL del BCRA, IPC del INDEC o porcentaje pactado. Revisá fórmula, coeficiente y cuota nueva.",0,1,refuerzo-visible-automatico,title-canonico
https://hacecuentas.com/alquiler/entrar-a-un-alquiler,Cuánta plata necesito para entrar a un alquiler,calculo,¿Cuánta plata necesito para entrar a un alquiler?,La llave cuesta más que el primer mes.,"Calculá la plata de entrada a un alquiler: primer mes, depósito, comisión inmobiliaria y seguro de caución, más el sueldo mínimo que te van a pedir.",0,0.5,refuerzo-visible-automatico,title-canonico
https://hacecuentas.com/argentina/cordoba/calculadora-ingresos-brutos-provincial,Calculadora de Ingresos Brutos Córdoba 2026,calculo,Calculadora de Ingresos Brutos Córdoba 2026 | Hacé Cuentas,Calculá IIBB y entendé qué estás pagando.,"Estimá Ingresos Brutos en Córdoba según actividad, facturación y alícuota provincial, con referencias oficiales y explicación del cálculo.",0,0.75,refuerzo-visible-automatico,title-canonico
https://hacecuentas.com/aumento-jubilaciones,Aumento jubilaciones agosto 2026,informacional,"Aumento jubilaciones agosto 2026: 1,9%",Aumento de jubilaciones: cuánto suben los haberes este mes,"Las jubilaciones aumentan 2,1% en julio 2026 (IPC de mayo… Encontrá herramientas, ejemplos y fuentes para resolver aumento jubilaciones julio 2026: 2,1%.",0.5,0.75,alineado,title-canonico
https://hacecuentas.com/auto,Calculadoras para el auto,calculo,"Calculadoras para el auto: consumo, costos y mantenimiento",Tu auto cuesta más que la nafta.,"Calculá combustible, costo por kilómetro, patente, seguro, financiación y mantenimiento para conocer el costo total real de tener un auto.",0.5,0.5,alineado,title-canonico
https://hacecuentas.com/auto/auto-o-uber,Precio de remis por km 2026 y comparador auto vs. Uber,comparacion-comercial,Precio de remis por km 2026 y comparador auto vs. Uber,¿Te conviene tener auto o pedir un viaje?,"Calculá cuánto sale un remis por kilómetro en 2026 y compará el viaje contra Uber, DiDi, Cabify, colectivo o auto propio, incluyendo patente, seguro…",0.17,0.67,alineado,title-canonico
https://hacecuentas.com/auto/consumo,Cuánto consume mi auto? Calculadora de consumo real,calculo,¿Cuánto consume mi auto? Calculadora de consumo real,Descubrí cuánto gasta realmente tu auto.,"Medí el consumo real de tu auto en L/100 km y km/L con… Encontrá herramientas, ejemplos y fuentes para resolver cuánto consume mi auto?",0.25,1,alineado,title-canonico
https://hacecuentas.com/auto/costo-anual,Cuánto cuesta tener un auto por año? Costo real,comparacion-comercial,¿Cuánto cuesta tener un auto por año? Costo real,Tu auto cuesta incluso cuando está estacionado.,"Sumá todo lo que te cuesta el auto en un año: nafta, seguro, patente, service, VTV, cochera y la depreciación que casi nadie cuenta.",0.33,0.5,alineado,title-canonico
https://hacecuentas.com/auto/electrico-vs-nafta,Conviene un auto eléctrico o GNC en vez de nafta,comparacion-comercial,¿Conviene un auto eléctrico o GNC en vez de nafta?,¿El eléctrico se paga solo? Hacé la cuenta completa.,"Cuánto sale cargar un eléctrico contra llenar el tanque, cuánto ahorrás por año, en cuántos años se repaga el sobreprecio del eléctrico, en cuántos meses…",0.17,0.17,alineado,title-canonico
https://hacecuentas.com/auto/ficha-tecnica,Ficha técnica del auto,informacional,"Ficha técnica del auto: potencia, torque, carga y frenado","Los números del auto, traducidos a uso real.","Traducí los números de la ficha técnica: cilindrada en cc y litros, HP a kW y CV, torque en Nm o lb·ft, relación potencia/peso y velocidad máxima, carga…",0.33,0.67,alineado,title-canonico
https://hacecuentas.com/auto/importar-y-nacionalizar,Importar y nacionalizar un auto en Argentina,informacional,Importar y nacionalizar un auto en Argentina: costo total,¿Me conviene importar y nacionalizar un auto en Argentina?,"Compará el costo total de importar y nacionalizar un auto en Argentina frente a comprarlo acá: flete, aranceles, homologación, registro y puesta en calle.",1,1,alineado,title-canonico
https://hacecuentas.com/auto/mantenimiento,"Neumáticos, aceite y service",informacional,"Neumáticos, aceite y service: ¿cuándo y cuánto?","Sabé qué toca hacer y cuándo, sin adivinar.","Medida equivalente de neumático con el porcentaje de desviación del velocímetro, conversión exacta de presión PSI/bar/kPa, intervalo de aceite…",0,0.33,refuerzo-visible-automatico,title-canonico
https://hacecuentas.com/auto/nafta-y-peajes,Costo de viaje en auto,comparacion-comercial,"Costo de viaje en auto: nafta, consumo y peajes","Antes de salir, sabé cuánto vas a gastar.","Calculá el costo real de tu viaje en auto: litros de nafta o gasoil con el precio oficial de tu provincia, peajes con y sin Telepase, desgaste del auto…",0,1,refuerzo-visible-automatico,title-canonico
https://hacecuentas.com/auto/patente,Cuánto pago de patente? Calculadora por provincia 2026,calculo,¿Cuánto pago de patente? Calculadora por provincia 2026,Calculá tu patente y entendé cada peso que pagás.,"Calculá la patente de tu auto o moto según tu provincia: alícuota aplicada, patente anual, valor de cada cuota y comparación con el resto del país.",0.25,0.5,alineado,title-canonico
https://hacecuentas.com/auto/tramites,Trámites del auto 2026,informacional,"Trámites del auto 2026: transferencia, patentamiento","Sabé qué llevar, cuánto pagar y qué sigue.","Cuánto sale cada trámite del auto en Argentina: transferir un usado, patentar un 0km, sacar o renovar la licencia de conducir y pagar una multa.",0,0.33,refuerzo-visible-automatico,title-canonico
https://hacecuentas.com/auto/vtv,Cuándo me toca la VTV y cuánto me sale,comparacion-comercial,¿Cuándo me toca la VTV y cuánto me sale?,¿Cuándo me toca la VTV y cuánto voy a pagar?,"Calculá cuándo vence tu VTV según la antigüedad del vehículo y la última revisión, cuántos meses dura el certificado y cuánto cuesta en tu provincia.",0.75,0.5,alineado,title-canonico
https://hacecuentas.com/autores/martin-rodriguez,Martín Rodríguez,navegacional,Martín Rodríguez — Autor y editor de Hacé Cuentas,Martín Rodríguez,"Martín Rodríguez es emprendedor, desarrollador y creador de hacecuentas.com. Bio, áreas que cubre, metodología y disclaimer profesional.",1,1,alineado,title-canonico
https://hacecuentas.com/aviso-legal,Aviso legal y descargo de responsabilidad,navegacional,Aviso legal y descargo de responsabilidad | Hacé Cuentas,Aviso legal y descargo de responsabilidad,"Aviso legal: Hacé Cuentas provee herramientas educativas e informativas. No brindamos asesoramiento financiero, médico, legal ni tributario personalizado.",1,0.5,alineado,title-canonico
https://hacecuentas.com/bebes,Calculadoras para bebés,calculo,"Calculadoras para bebés: crecimiento, pañales y cuidados",Ubicá su edad. Acompañá su propio ritmo.,"Consultá crecimiento, percentiles, alimentación, sueño, pañales y gastos del primer año con referencias pediátricas y orientación no diagnóstica.",0,0,refuerzo-visible-automatico,title-canonico
https://hacecuentas.com/bebes/crecimiento,"Mi bebé crece bien? Percentil de peso OMS, prematuros",informacional,"¿Mi bebé crece bien? Percentil de peso OMS, prematuros",¿Está creciendo bien tu hijo?,"Percentil de peso del bebé con las tablas LMS oficiales de la OMS, edad corregida si nació prematuro, hitos del desarrollo mes a mes y cronología…",0.14,0.57,alineado,title-canonico
https://hacecuentas.com/blog,Blog — Hacé Cuentas — calculadoras y guías,calculo,Blog — Hacé Cuentas — calculadoras y guías | Hacé Cuentas,"La economía real, explicada sin vueltas.","La economía real, explicada sin vueltas. Usá herramientas gratuitas, ejemplos claros y fuentes documentadas para entender el resultado y decidir mejor.",0,0,refuerzo-visible-automatico,title-canonico
https://hacecuentas.com/blog/7-errores-al-calcular-el-costo-de-construccion-por-m2,7 errores al calcular el costo de construcción por m²,calculo,7 errores al calcular el costo de construcción por m²,7 errores al calcular el costo de construcción por m²,"Evitá siete errores al calcular el costo por m²: superficie, terminaciones, instalaciones, permisos, honorarios y actualización.",1,0.67,alineado,title-canonico
https://hacecuentas.com/blog/7-errores-al-calcular-las-semanas-de-embarazo,7 errores al calcular las semanas de embarazo,calculo,7 errores al calcular las semanas de embarazo,7 errores al calcular las semanas de embarazo,"Evitá siete errores al calcular semanas de embarazo: fecha, ciclos irregulares, meses, ecografías y síntomas que no debe interpretar una app.",1,1,alineado,title-canonico
https://hacecuentas.com/blog/7-errores-al-calcular-tu-peso-ideal-y-tu-imc,7 errores al calcular tu peso ideal y tu IMC,calculo,7 errores al calcular tu peso ideal y tu IMC,7 errores al calcular tu peso ideal y tu IMC,"Evitá siete errores frecuentes al calcular el IMC y el peso ideal: unidades, metas, cintura, mediciones y contexto personal antes de decidir.",1,1,alineado,title-canonico
https://hacecuentas.com/blog/7-errores-al-calcular-un-aumento-de-alquiler,7 errores al calcular un aumento de alquiler,calculo,7 errores al calcular un aumento de alquiler,7 errores al calcular un aumento de alquiler,"Evitá siete errores al calcular el aumento de alquiler: fechas, índices, acumulación, redondeos, expensas y cláusulas del contrato.",1,1,alineado,title-canonico
https://hacecuentas.com/blog/7-errores-al-comparar-tu-sueldo-con-el-convenio,7 errores al comparar tu sueldo con el convenio,comparacion-comercial,7 errores al comparar tu sueldo con el convenio,7 errores al comparar tu sueldo con el convenio,"Evitá siete errores al comparar tu recibo con un convenio: actividad, categoría, jornada, bruto, neto, zona y adicionales.",1,0.75,alineado,title-canonico
https://hacecuentas.com/blog/7-errores-al-identificar-tu-generacion,7 errores al identificar tu generación,informacional,7 errores al identificar tu generación,7 errores al identificar tu generación,"Evitá siete errores al identificar generaciones: edad, año, país, límites, memes y segmentaciones que no son universales.",1,0.67,alineado,title-canonico
https://hacecuentas.com/blog/7-errores-al-pasar-de-sueldo-bruto-a-neto,7 errores al pasar de sueldo bruto a neto,calculo,7 errores al pasar de sueldo bruto a neto,7 errores al pasar de sueldo bruto a neto,"Evitá siete errores al calcular sueldo neto: porcentajes, bonos, obra social, sindicato, Ganancias, período y supuestos.",1,0.6,alineado,title-canonico
https://hacecuentas.com/blog/7-errores-al-revisar-la-declaracion-de-renta-en-colombia,7 errores al revisar la declaración de renta en Colombia,informacional,7 errores al revisar la declaración de renta en Colombia,7 errores al revisar la declaración de renta en Colombia,"Evitá siete errores en renta Colombia: año gravable, ingresos, patrimonio, consumos, deducciones, UVT y fechas DIAN.",1,0.6,alineado,title-canonico
https://hacecuentas.com/blog/7-errores-al-revisar-una-liquidacion-final,7 errores al revisar una liquidación final,informacional,7 errores al revisar una liquidación final,7 errores al revisar una liquidación final,"Evitá siete errores al revisar una liquidación final: sueldo, días, vacaciones, SAC, bruto, neto y regímenes especiales.",1,1,alineado,title-canonico
https://hacecuentas.com/blog/7-errores-que-achican-tu-calculo-de-indemnizacion,7 errores que achican tu cálculo de indemnización,calculo,7 errores que achican tu cálculo de indemnización,7 errores que achican tu cálculo de indemnización,"Revisá siete errores comunes que pueden alterar tu indemnización: sueldo base, antigüedad, variables, fechas, regímenes y documentación.",1,0.67,alineado,title-canonico
https://hacecuentas.com/blog/acuerdo-de-cuota-alimentaria-que-deberia-quedar-por-escrito,Acuerdo de cuota alimentaria,informacional,Acuerdo de cuota alimentaria: qué debería quedar por escrito,Acuerdo de cuota alimentaria: qué debería quedar por escrito,"Checklist para documentar un acuerdo de alimentos con monto, vencimiento, gastos extraordinarios y mecanismo de revisión.",1,0.33,alineado,title-canonico
https://hacecuentas.com/blog/aguinaldo-2026-plazo-fijo-dolar-uva-donde-conviene,Aguinaldo 2026,comparacion-comercial,"Aguinaldo 2026: ¿plazo fijo, dólar o UVA? Dónde conviene","Aguinaldo 2026: ¿plazo fijo, dólar o UVA? Dónde conviene","¿Qué hacer con el aguinaldo 2026: plazo fijo, dólar o UVA? Cómo se comporta cada opción frente a la inflación, qué protege cada una y cómo decidir sin humo.",1,1,alineado,title-canonico
https://hacecuentas.com/blog/aguinaldo-junio-2026-hasta-cuando-pagan,Aguinaldo junio 2026,calculo,Aguinaldo junio 2026: fecha límite y cálculo,Aguinaldo junio 2026: fecha límite y cálculo,"¿Te pagaron el aguinaldo de junio 2026? El plazo legal (30/6 + 4 días hábiles) ya venció: calculá cuánto te deben y cómo reclamar, gratis y al instante.",1,1,alineado,title-canonico
https://hacecuentas.com/blog/algebra-y-aritmetica-tarea-resuelta-2026,Álgebra sin trabas,informacional,"Álgebra sin trabas: fracciones, ecuaciones y sistemas","Álgebra sin trabas: fracciones, ecuaciones y sistemas","Guía para resolver fracciones, regla de tres, potencias y logaritmos, ecuaciones cuadráticas y sistemas por Cramer o Gauss mostrando cada paso…",1,0,alineado,title-canonico
https://hacecuentas.com/blog/alquilar-comprar-construir-cuentas-vivienda-2026,"Alquilar, comprar o construir",comparacion-comercial,"Alquilar, comprar o construir: cuentas antes de decidir","Alquilar, comprar o construir: cuentas antes de decidir","Aumento de alquiler por ICL o IPC, costo de construcción por m2, gastos de escritura al comprar y el costo real de vivir lejos: las cuatro cuentas…",1,0.33,alineado,title-canonico
https://hacecuentas.com/blog/alquiler-fijo-escalonado-o-indexado-que-opcion-te-conviene,"Alquiler fijo, escalonado o indexado",comparacion-comercial,"Alquiler fijo, escalonado o indexado: qué opción te conviene","Alquiler fijo, escalonado o indexado: qué opción te conviene","Compará alquiler fijo, escalonado e indexado según presupuesto, frecuencia, riesgo y costo total antes de firmar un contrato.",1,1,alineado,title-canonico
https://hacecuentas.com/blog/analisis-matematico-primer-parcial-2026,Análisis matemático,informacional,"Análisis matemático: derivadas, límites, integrales y series","Análisis matemático: derivadas, límites, integrales y series","Cómo encarar derivadas, límites, integrales y sucesiones y series para el parcial: qué regla aplicar en cada caso, con el procedimiento paso a paso…",1,0,alineado,title-canonico
https://hacecuentas.com/blog/anos-bisiestos-y-edad-por-que-aparecen-diferencias,Años bisiestos y edad,informacional,Años bisiestos y edad: por qué aparecen diferencias,Años bisiestos y edad: por qué aparecen diferencias,Conocé cómo tratar fechas de nacimiento cercanas al 29 de febrero y por qué los días transcurridos no sustituyen al calendario.,1,0,alineado,title-canonico
https://hacecuentas.com/blog/antes-de-adoptar-mascota-cuentas-2026,Antes de adoptar una mascota,calculo,Antes de adoptar una mascota: las 5 cuentas que nadie hace,Antes de adoptar una mascota: las 5 cuentas que nadie hace,"Qué calcular antes de adoptar un perro, gato, pez o tortuga: costo mensual real, cuántos años vive, cuánto ejercicio necesita, gestación y litros…",1,0.67,alineado,title-canonico
https://hacecuentas.com/blog/antiguedad-laboral-dias-trabajados,Cómo calcular antigüedad laboral y días trabajados,calculo,Cómo calcular antigüedad laboral y días trabajados,Cómo calcular antigüedad laboral y días trabajados,"Cómo contar años, meses y días de antigüedad y por qué cambia vacaciones, indemnización y otros derechos laborales.",1,0.5,alineado,title-canonico
https://hacecuentas.com/blog/argentino-promedio-ganancias-2026,El Argentino Promedio NO Paga Ganancias en 2026,informacional,El Argentino Promedio NO Paga Ganancias en 2026,El argentino promedio NO paga Ganancias en 2026 — Datos oficiales cruzados,¿El argentino promedio paga Ganancias en 2026? No: el RIPTE ($1.734.357/mes) está 73% por debajo del umbral de $3.000.046 bruto. Datos oficiales cruzados.,1,1,alineado,title-canonico
https://hacecuentas.com/blog/armar-huerta-jardin-desde-cero-2026,Armar tu huerta o jardín desde cero,informacional,Armar tu huerta o jardín desde cero: las 4 cuentas clave,Armar tu huerta o jardín desde cero: las 4 cuentas clave,"Cuándo sembrar cada cosa, cuántas plantas entran en tu espacio, qué maceta y cuánta tierra necesitás y cuántos litros regar.",1,0,alineado,title-canonico
https://hacecuentas.com/blog/asado-para-muchos-sin-que-falte-2026,Asado para muchos,informacional,"Asado para muchos: carne, empanadas, bebida y tragos justos","Asado para muchos: carne, empanadas, bebida y tragos justos","Cuánta carne por persona para el asado, cuántas empanadas y cuánto carbón, cuánta bebida comprar y cómo armar los tragos. La juntada resuelta con números.",1,0.5,alineado,title-canonico
https://hacecuentas.com/blog/asalariado-independiente-o-rentista-que-cambia-en-renta,"Asalariado, independiente o rentista",informacional,"Asalariado, independiente o rentista: qué cambia en renta","Asalariado, independiente o rentista: qué cambia en renta","Compará renta de asalariados, independientes y rentistas según fuentes, soportes, deducciones, patrimonio y retenciones.",1,0,alineado,title-canonico
https://hacecuentas.com/blog/aumento-y-descuento-porcentual-como-no-invertir-la-formula,Aumento y descuento porcentual,calculo,Aumento y descuento porcentual: cómo no invertir la fórmula,Aumento y descuento porcentual: cómo no invertir la fórmula,Calculá aumentos y descuentos y entendé por qué aplicar 20% de descuento no se revierte con un aumento de 20%.,1,0.67,alineado,title-canonico
https://hacecuentas.com/blog/aumentos-de-alquiler-en-2026-que-cambio-y-que-mirar,Aumentos de alquiler en 2026,calculo,Aumentos de alquiler en 2026: qué cambió y qué mirar,Aumentos de alquiler en 2026: qué cambió y qué mirar,"Entendé cómo se calculan los aumentos de alquiler en 2026 según contrato, fecha, moneda, frecuencia e índice pactado.",1,1,alineado,title-canonico
https://hacecuentas.com/blog/bajar-facturas-luz-gas-eficiencia-2026,Cómo bajar las facturas de luz y gas con números,calculo,Cómo bajar las facturas de luz y gas con números,Cómo bajar las facturas de luz y gas con números,"Entendé tu factura de luz y de gas, calculá cuánto gasta el aire o la estufa, cuánto ahorra aislar la casa y cuándo se pagan los paneles solares.",1,0.4,alineado,title-canonico
https://hacecuentas.com/blog/bebe-y-nino-como-diferenciar-crecimiento-de-desarrollo,Crecimiento y desarrollo infantil,informacional,Crecimiento y desarrollo infantil: cómo diferenciarlos,Crecimiento y desarrollo infantil: cómo diferenciarlos,"Diferenciá crecimiento físico, desarrollo y maduración para evitar conclusiones a partir de una sola medición.",1,0.67,alineado,title-canonico
https://hacecuentas.com/blog/benchmarks-de-tasa-de-conversion,Benchmarks de tasa de conversión,informacional,Benchmarks de tasa de conversión | Hacé Cuentas,Benchmarks de tasa de conversión,"CR = (conversiones ÷ visitas) × 100. Ejemplo: 250 ventas… Incluye explicación, ejemplo resuelto y pasos para aplicar benchmarks de tasa de conversión.",1,1,alineado,title-canonico
https://hacecuentas.com/blog/calcular-materiales-obra-gruesa-2026,Materiales de obra gruesa,calculo,Materiales de obra gruesa: cómo calcularlos,Materiales de obra gruesa: cómo calcularlos,"Guía para calcular hormigón, ladrillos, techo y tanque de agua antes de comprar: reglas prácticas, errores comunes y las calculadoras para cada etapa…",1,0,alineado,title-canonico
https://hacecuentas.com/blog/calendario-economico-agosto-2026,Calendario económico agosto 2026,informacional,Calendario económico agosto 2026: pagos y vencimientos,Calendario económico agosto 2026: pagos y vencimientos,"Agenda de agosto 2026 en Argentina: ANSES, ARCA, monotributo, inflación, feriado, Ganancias, salarios y alquileres.",1,0.5,alineado,title-canonico
https://hacecuentas.com/blog/calorias-de-mantenimiento-por-que-cambia-el-resultado,Calorías de mantenimiento,informacional,Calorías de mantenimiento: por qué cambia el resultado,Calorías de mantenimiento: por qué cambia el resultado,Conocé por qué las calorías de mantenimiento cambian y cómo ajustar una estimación con datos reales y seguimiento.,1,1,alineado,title-canonico
https://hacecuentas.com/blog/calorias-para-bajar-de-peso-como-evitar-un-deficit-extremo,Calorías para bajar de peso,informacional,Calorías para bajar de peso: cómo evitar un déficit extremo,Calorías para bajar de peso: cómo evitar un déficit extremo,Entendé cómo usar una estimación de calorías sin fijar déficits extremos ni reemplazar orientación profesional.,1,0.33,alineado,title-canonico
https://hacecuentas.com/blog/calorias-proteinas-y-fibra-como-mirar-la-calidad-de-la-dieta,"Calorías, proteínas y fibra",calculo,"Calorías, proteínas y fibra: cómo mirar la calidad","Calorías, proteínas y fibra: cómo mirar la calidad de la dieta","Complementá el cálculo calórico con proteínas, fibra, micronutrientes, hidratación y contexto de salud.",1,0.67,alineado,title-canonico
https://hacecuentas.com/blog/caso-real-andres-encontro-un-rubro-pendiente-en-su-liquidacion,Caso real: Andrés encontró un rubro pendiente,informacional,Caso real: Andrés encontró un rubro pendiente,Caso real: Andrés encontró un rubro pendiente en su liquidación,"Andrés comparó recibos, vacaciones y fechas después de renunciar y encontró un rubro pendiente en su liquidación final.",1,0.67,alineado,title-canonico
https://hacecuentas.com/blog/caso-real-camila-descubrio-que-miraba-la-categoria-equivocada,Caso real: Camila descubrió que miraba la categoría,informacional,Caso real: Camila descubrió que miraba la categoría,Caso real: Camila descubrió que miraba la categoría equivocada,"Camila comparó su recibo con una escala, detectó una categoría equivocada y preparó un reclamo con tareas y horarios verificables.",1,0.33,alineado,title-canonico
https://hacecuentas.com/blog/caso-real-como-valeria-detecto-un-aumento-mal-aplicado,Caso real: cómo Valeria detectó un aumento mal aplicado,informacional,Caso real: cómo Valeria detectó un aumento mal aplicado,Caso real: cómo Valeria detectó un aumento mal aplicado,"Valeria comparó contrato, fechas e índice y descubrió por qué el aumento de alquiler recibido no coincidía con la cuenta pactada.",1,0.29,alineado,title-canonico
https://hacecuentas.com/blog/caso-real-lucia-comparo-dos-presupuestos-de-construccion,Caso real: Lucía comparó dos presupuestos de construcción,informacional,Caso real: Lucía comparó dos presupuestos de construcción,Caso real: Lucía comparó dos presupuestos de construcción,"Lucía comparó dos presupuestos de construcción, separó faltantes y eligió una alternativa realista para una casa de 90 m².",1,0.71,alineado,title-canonico
https://hacecuentas.com/blog/caso-real-marina-ordeno-sus-fechas-de-embarazo,Caso real: Marina ordenó sus fechas de embarazo,informacional,Caso real: Marina ordenó sus fechas de embarazo,Caso real: Marina ordenó sus fechas de embarazo,"Marina comparó fechas, consultó una ecografía y aprendió a usar la edad gestacional como referencia, no como diagnóstico.",1,0.29,alineado,title-canonico
https://hacecuentas.com/blog/caso-real-mateo-comparo-dos-ofertas-de-trabajo,Caso real: Mateo comparó dos ofertas de trabajo,informacional,Caso real: Mateo comparó dos ofertas de trabajo,Caso real: Mateo comparó dos ofertas de trabajo,"Mateo comparó dos ofertas laborales separando bruto, neto, bono y beneficios y eligió el ingreso más previsible.",1,0.57,alineado,title-canonico
https://hacecuentas.com/blog/caso-real-nicolas-ordeno-sus-ingresos-antes-de-declarar-renta,Caso real: Nicolás ordenó sus ingresos antes de declarar,informacional,Caso real: Nicolás ordenó sus ingresos antes de declarar,Caso real: Nicolás ordenó sus ingresos antes de declarar renta,"Nicolás ordenó salario, arrendamiento, venta de vehículo y patrimonio para revisar su obligación de declarar renta en Colombia.",1,0.38,alineado,title-canonico
https://hacecuentas.com/blog/caso-real-paula-reviso-su-liquidacion-despues-del-despido,Caso real: Paula revisó su liquidación después del despido,informacional,Caso real: Paula revisó su liquidación después del despido,Caso real: Paula revisó su liquidación después del despido,"Paula recibió una liquidación por despido, revisó recibos y fechas, y aprendió a separar indemnización, preaviso y conceptos pendientes.",1,0.57,alineado,title-canonico
https://hacecuentas.com/blog/caso-real-que-descubrio-lucia-al-calcular-su-imc,Caso real: qué descubrió Lucía al calcular su IMC,calculo,Caso real: qué descubrió Lucía al calcular su IMC,Caso real: qué descubrió Lucía al calcular su IMC,"Lucía buscó un peso ideal exacto, calculó su IMC y aprendió a transformar una cifra aislada en un objetivo razonable, medible y sostenible.",1,0.4,alineado,title-canonico
https://hacecuentas.com/blog/caso-real-tomas-no-encajaba-en-una-sola-generacion,Caso real: Tomás no encajaba en una sola generación,informacional,Caso real: Tomás no encajaba en una sola generación,Caso real: Tomás no encajaba en una sola generación,"Tomás comparó generaciones en su equipo y descubrió que rol, experiencia y contexto explicaban más que una etiqueta por año.",1,0.17,alineado,title-canonico
https://hacecuentas.com/blog/casos-practicos-de-roi,Casos prácticos de ROI,informacional,Casos prácticos de ROI | Hacé Cuentas,Casos prácticos de ROI,El ROI (Return On Investment) es el indicador universal de rentabilidad: mide cuánto ganaste respecto a lo que invertiste.,1,0.33,alineado,title-canonico
https://hacecuentas.com/blog/ciencia-en-la-cocina-2026,Cocina con ciencia,informacional,"Cocina con ciencia: leudado, café, carne al punto y cerveza","Cocina con ciencia: leudado, café, carne al punto y cerveza","Cuánto tarda en leudar la masa, cuántos gramos de café por taza, la temperatura interna segura de la carne y los números de tu cerveza casera…",1,0,alineado,title-canonico
https://hacecuentas.com/blog/cinco-errores-que-encarecen-un-proyecto-de-impresion-3d,Cinco errores que encarecen un proyecto de impresión 3D,informacional,Cinco errores que encarecen un proyecto de impresión 3D,Cinco errores que encarecen un proyecto de impresión 3D,"Conocé los errores de diseño, orientación y presupuesto que generan desperdicio y retrasos en impresión 3D.",1,0.4,alineado,title-canonico
https://hacecuentas.com/blog/como-actualizar-una-cuota-alimentaria-por-cambios-de-gastos,Cómo actualizar una cuota alimentaria por cambios de gastos,informacional,Cómo actualizar una cuota alimentaria por cambios de gastos,Cómo actualizar una cuota alimentaria por cambios de gastos,Revisá cómo documentar cambios de gastos e ingresos antes de pedir una actualización de cuota alimentaria.,1,0.8,alineado,title-canonico
https://hacecuentas.com/blog/como-calcular-aguinaldo-2026,Cómo calcular el aguinaldo 2026,calculo,Cómo calcular el aguinaldo 2026: fórmula y ejemplos,"Cómo calcular el aguinaldo, sin esperar al recibo.","Aprendé a calcular el aguinaldo 2026 con la fórmula del 50% del mejor sueldo, ejemplos, proporcional por meses y fechas de pago.",0.5,1,alineado,title-canonico
https://hacecuentas.com/blog/como-calcular-aumento-porcentual-entre-dos-valores,Cómo calcular el aumento porcentual entre dos valores,calculo,Cómo calcular el aumento porcentual entre dos valores,Cómo calcular el aumento porcentual entre dos valores,"Fórmula para calcular cuánto aumentó o bajó un valor en porcentaje. Ejemplos con precios, sueldo e inflación y errores comunes.",1,0.2,alineado,title-canonico
https://hacecuentas.com/blog/como-calcular-calorias-para-bajar-de-peso,Cómo calcular calorías para bajar de peso,calculo,Cómo calcular calorías para bajar de peso,Cómo calcular calorías para bajar de peso,"¿Cuántas calorías necesitás para bajar de peso? Calculá tu TDEE (Mifflin-St Jeor), restá 500 kcal y bajá ~0,5 kg por semana. Calculadora gratis.",1,1,alineado,title-canonico
https://hacecuentas.com/blog/como-calcular-cuantas-calorias-necesitas-por-dia,Cómo calcular cuántas calorías necesitás por día,calculo,Cómo calcular cuántas calorías necesitás por día,Cómo calcular cuántas calorías necesitás por día,"Estimá calorías diarias usando edad, sexo, peso, talla y actividad, con límites claros para no convertir el cálculo en diagnóstico.",1,0.33,alineado,title-canonico
https://hacecuentas.com/blog/como-calcular-cuantos-ladrillos-necesitas-para-una-pared,Cómo calcular cuántos ladrillos necesitás para una pared,calculo,Cómo calcular cuántos ladrillos necesitás para una pared,Cómo calcular cuántos ladrillos necesitás para una pared,"Calculá ladrillos por metro cuadrado considerando medidas, junta de mortero, cortes y un margen de desperdicio.",1,0.33,alineado,title-canonico
https://hacecuentas.com/blog/como-calcular-descuentos-sucesivos,Cómo calcular descuentos sucesivos sin sumarlos,comparacion-comercial,Cómo calcular descuentos sucesivos sin sumarlos,Cómo calcular descuentos sucesivos sin sumarlos,"Aprendé a combinar dos o más descuentos y obtener el precio final y el descuento equivalente. Fórmula, tabla y ejemplos paso a paso.",1,0.25,alineado,title-canonico
https://hacecuentas.com/blog/como-calcular-el-costo-de-un-viaje-con-nafta-y-peajes,Cómo calcular el costo de un viaje con nafta y peajes,comparacion-comercial,Cómo calcular el costo de un viaje con nafta y peajes,Cómo calcular el costo de un viaje con nafta y peajes,"Calculá un viaje en auto con consumo, distancia, precio de combustible, peajes y un margen para desvíos.",1,0.5,alineado,title-canonico
https://hacecuentas.com/blog/como-calcular-el-costo-real-de-una-impresion-3d,Cómo calcular el costo real de una impresión 3D,comparacion-comercial,Cómo calcular el costo real de una impresión 3D,Cómo calcular el costo real de una impresión 3D,"Aprendé a estimar una impresión 3D considerando filamento, tiempo, energía, fallas y terminación antes de presupuestar.",1,0.33,alineado,title-canonico
https://hacecuentas.com/blog/como-calcular-el-monotributo-paso-a-paso,Cómo calcular el monotributo paso a paso,calculo,Cómo calcular el monotributo paso a paso,Cómo calcular el monotributo paso a paso,"Entendé cómo revisar el monotributo separando facturación, categoría, actividad, obra social y período vigente.",1,0.5,alineado,title-canonico
https://hacecuentas.com/blog/como-calcular-el-piso-flotante-necesario,Cómo calcular el piso flotante necesario,calculo,Cómo calcular el piso flotante necesario | Hacé Cuentas,Cómo calcular el piso flotante necesario,Antes de ir al corralon o a Easy necesitas saber cuantas cajas de piso flotante comprar para cubrir tu ambiente.,1,0.67,alineado,title-canonico
https://hacecuentas.com/blog/como-calcular-el-promedio-ponderado,Cómo calcular el promedio ponderado,calculo,Cómo calcular el promedio ponderado | Hacé Cuentas,Cómo calcular el promedio ponderado,"Aprendé a calcular un promedio ponderado paso a paso, asignando el peso correcto a cada valor y comprobando el resultado con un ejemplo resuelto.",1,1,alineado,title-canonico
https://hacecuentas.com/blog/como-calcular-el-rendimiento-de-un-plazo-fijo,Cómo calcular el rendimiento de un plazo fijo,calculo,Cómo calcular el rendimiento de un plazo fijo,Cómo calcular el rendimiento de un plazo fijo,"Calculá el rendimiento orientativo de un plazo fijo separando capital, tasa, plazo, impuestos y renovación.",1,1,alineado,title-canonico
https://hacecuentas.com/blog/como-calcular-el-seguro-de-desempleo-en-argentina,Cómo calcular el seguro de desempleo en Argentina,calculo,Cómo calcular el seguro de desempleo en Argentina,Cómo calcular el seguro de desempleo en Argentina,"Ordená una estimación del seguro de desempleo argentino separando causal, aportes, documentación y fecha de solicitud.",1,0.67,alineado,title-canonico
https://hacecuentas.com/blog/como-calcular-el-sueldo-de-una-empleada-domestica,Cómo calcular el sueldo de una empleada doméstica,calculo,Cómo calcular el sueldo de una empleada doméstica,Cómo calcular el sueldo de una empleada doméstica,"Ordená la liquidación de una trabajadora de casas particulares considerando modalidad, jornada, antigüedad y conceptos vigentes.",1,0,alineado,title-canonico
https://hacecuentas.com/blog/como-calcular-el-sueldo-neto-en-paraguay,Cómo calcular el sueldo neto en Paraguay,calculo,Cómo calcular el sueldo neto en Paraguay,Cómo calcular el sueldo neto en Paraguay,"Ordená una estimación de sueldo neto paraguayo separando salario bruto, aportes, descuentos y fecha de vigencia.",1,0.67,alineado,title-canonico
https://hacecuentas.com/blog/como-calcular-el-valor-de-millas-de-un-programa-de-viajes,Cómo calcular el valor de millas de un programa de viajes,comparacion-comercial,Cómo calcular el valor de millas de un programa de viajes,Cómo calcular el valor de millas de un programa de viajes,"Calculá el valor aproximado de millas comparando precio del canje, tasas, costo alternativo y disponibilidad.",1,0.5,alineado,title-canonico
https://hacecuentas.com/blog/como-calcular-gastos-de-escritura-de-una-propiedad,Cómo calcular gastos de escritura de una propiedad,comparacion-comercial,Cómo calcular gastos de escritura de una propiedad,Cómo calcular gastos de escritura de una propiedad,"Ordená los gastos de escritura separando precio, honorarios, impuestos, certificados, sellos y costos de inscripción.",1,0.67,alineado,title-canonico
https://hacecuentas.com/blog/como-calcular-horas-extras-y-recargos-en-colombia,Cómo calcular horas extras y recargos en Colombia,calculo,Cómo calcular horas extras y recargos en Colombia,Cómo calcular horas extras y recargos en Colombia,"Ordená el cálculo de horas extra y recargos en Colombia separando salario, jornada, horario y fecha de vigencia.",1,0.75,alineado,title-canonico
https://hacecuentas.com/blog/como-calcular-ingresos-brutos-en-argentina,Cómo calcular Ingresos Brutos en Argentina,calculo,Cómo calcular Ingresos Brutos en Argentina,Cómo calcular Ingresos Brutos en Argentina,"Entendé cómo ordenar una estimación de Ingresos Brutos separando facturación, jurisdicción, alícuota, retenciones y fecha.",1,0.67,alineado,title-canonico
https://hacecuentas.com/blog/como-calcular-interes-compuesto,Cómo calcular el interés compuesto,calculo,Cómo calcular el interés compuesto — Fórmula y ejemplos,Cómo calcular el interés compuesto — Fórmula y ejemplos,"¿Cómo se calcula el interés compuesto? Fórmula A = P × (1+r/n)^(n×t) paso a paso, regla del 72 y ejemplos: $100.000 al 5% en 10 años se vuelven $164.701.",1,1,alineado,title-canonico
https://hacecuentas.com/blog/como-calcular-la-diferencia-entre-dos-fechas-para-planificar-un-plazo,Diferencia entre dos fechas,calculo,Diferencia entre dos fechas: cómo calcular un plazo,Diferencia entre dos fechas: cómo calcular un plazo,"Calculá plazos y diferencias entre fechas aclarando si el resultado se expresa en días calendario, meses completos o años.",1,0.5,alineado,title-canonico
https://hacecuentas.com/blog/como-calcular-la-edad-exacta-en-anos-meses-y-dias,"Cómo calcular la edad exacta en años, meses y días",calculo,"Cómo calcular la edad exacta en años, meses y días","Cómo calcular la edad exacta en años, meses y días",Calculá edad exacta entre fecha de nacimiento y fecha de referencia teniendo en cuenta meses de distinta duración y años bisiestos.,1,0.8,alineado,title-canonico
https://hacecuentas.com/blog/como-calcular-la-patente-de-un-auto,Cómo calcular la patente de un auto,calculo,Cómo calcular la patente de un auto,Cómo calcular la patente de un auto,"Entendé cómo se estima la patente automotor separando valuación, jurisdicción, cuotas, bonificaciones y fecha.",1,0.5,alineado,title-canonico
https://hacecuentas.com/blog/como-calcular-la-rentabilidad-mensual,Cómo calcular la rentabilidad mensual,calculo,Cómo calcular la rentabilidad mensual | Hacé Cuentas,Cómo calcular la rentabilidad mensual,La ganancia resta costos variables y fijos a los ingresos; la rentabilidad la compara con el capital invertido.,1,0.5,alineado,title-canonico
https://hacecuentas.com/blog/como-calcular-la-tasa-mensual-equivalente-de-un-plazo-fijo,Cómo calcular la tasa mensual equivalente de un plazo fijo,calculo,Cómo calcular la tasa mensual equivalente de un plazo fijo,Cómo calcular la tasa mensual equivalente de un plazo fijo,Convertí una tasa anual en una estimación para el plazo del depósito y diferenciá proporcionalidad de capitalización.,1,0.4,alineado,title-canonico
https://hacecuentas.com/blog/como-calcular-mortero-para-una-pared-de-ladrillos,Cómo calcular mortero para una pared de ladrillos,calculo,Cómo calcular mortero para una pared de ladrillos,Cómo calcular mortero para una pared de ladrillos,"Estimá mortero para mampostería separando superficie, tipo de ladrillo, espesor de junta y desperdicio.",1,0.33,alineado,title-canonico
https://hacecuentas.com/blog/como-calcular-porcentajes,Cómo calcular porcentajes,calculo,Cómo calcular porcentajes: guía + calculadora online,Cómo calcular porcentajes: guía + calculadora online,"¿Cómo se calcula un porcentaje? Número × porcentaje ÷ 100: el 15% de $80.000 es $12.000. Guía con calculadora, regla de tres, trucos mentales, IVA…",1,0,alineado,title-canonico
https://hacecuentas.com/blog/como-calcular-un-porcentaje-de-una-cantidad,Cómo calcular un porcentaje de una cantidad,calculo,Cómo calcular un porcentaje de una cantidad,Cómo calcular un porcentaje de una cantidad,"Aprendé a calcular porcentajes, aumentos y descuentos con fórmulas simples y ejemplos cotidianos.",1,0,alineado,title-canonico
https://hacecuentas.com/blog/como-calcular-una-cuota-alimentaria-sin-usar-una-cifra-universal,Cómo calcular una cuota alimentaria sin usar una cifra,calculo,Cómo calcular una cuota alimentaria sin usar una cifra,Cómo calcular una cuota alimentaria sin usar una cifra universal,"Entendé cómo ordenar una estimación de cuota alimentaria considerando necesidades, ingresos, cuidado y gastos extraordinarios.",1,0.4,alineado,title-canonico
https://hacecuentas.com/blog/como-comparar-dos-presupuestos-de-escribania,Cómo comparar dos presupuestos de escribanía,comparacion-comercial,Cómo comparar dos presupuestos de escribanía,Cómo comparar dos presupuestos de escribanía,"Compará presupuestos notariales por alcance, bases, impuestos, honorarios, vigencia y servicios incluidos.",1,0.25,alineado,title-canonico
https://hacecuentas.com/blog/como-conciliar-ingresos-brutos-con-ventas-y-cobros,Cómo conciliar Ingresos Brutos con ventas y cobros,informacional,Cómo conciliar Ingresos Brutos con ventas y cobros,Cómo conciliar Ingresos Brutos con ventas y cobros,"Armá una conciliación mensual para controlar ventas, cobros, retenciones y pagos de Ingresos Brutos.",1,0.8,alineado,title-canonico
https://hacecuentas.com/blog/como-controlar-una-liquidacion-de-horas-extras-en-colombia,Cómo controlar una liquidación de horas extras en Colombia,informacional,Cómo controlar una liquidación de horas extras en Colombia,Cómo controlar una liquidación de horas extras en Colombia,"Compará registro de horas, valor ordinario, recargos y pago final para detectar diferencias en una nómina colombiana.",1,0.2,alineado,title-canonico
https://hacecuentas.com/blog/como-convertir-talles-de-ropa-sin-equivocarse,Cómo convertir talles de ropa sin equivocarse,calculo,Cómo convertir talles de ropa sin equivocarse,Cómo convertir talles de ropa sin equivocarse,"Convertí talles de ropa con una tabla de medidas y verificá país, marca, prenda y sistema antes de comprar.",1,0.4,alineado,title-canonico
https://hacecuentas.com/blog/como-devolver-una-compra-cuando-el-talle-no-coincide,Cómo devolver una compra cuando el talle no coincide,informacional,Cómo devolver una compra cuando el talle no coincide,Cómo devolver una compra cuando el talle no coincide,"Organizá un cambio de talle con medidas, comprobantes, estado del producto y condiciones de devolución.",1,0.2,alineado,title-canonico
https://hacecuentas.com/blog/como-documentar-un-canje-de-millas-para-compararlo-despues,Cómo documentar un canje de millas para compararlo después,informacional,Cómo documentar un canje de millas para compararlo después,Cómo documentar un canje de millas para compararlo después,"Creá un registro simple de canjes de millas con ruta, fecha, tasas, puntos usados y valor estimado.",1,0.2,alineado,title-canonico
https://hacecuentas.com/blog/como-elegir-talle-de-pantalon-usando-cintura-cadera-y-tiro,"Cómo elegir talle de pantalón usando cintura, cadera y tiro",informacional,"Cómo elegir talle de pantalón usando cintura, cadera y tiro","Cómo elegir talle de pantalón usando cintura, cadera y tiro","Aprendé a medir cintura, cadera, tiro y largo para elegir pantalones con menos riesgo de error.",1,0.57,alineado,title-canonico
https://hacecuentas.com/blog/como-estimar-combustible-cuando-todavia-no-conoces-el-consumo-del-auto,Cómo estimar combustible sin conocer el consumo del auto,calculo,Cómo estimar combustible sin conocer el consumo del auto,Cómo estimar combustible sin conocer el consumo del auto,Estimá consumo de combustible con datos del fabricante y registros propios antes de planificar un viaje.,1,0.33,alineado,title-canonico
https://hacecuentas.com/blog/como-estimar-ladrillos-para-una-habitacion-con-puertas-y-ventanas,Cómo estimar ladrillos para una habitación con puertas,calculo,Cómo estimar ladrillos para una habitación con puertas,Cómo estimar ladrillos para una habitación con puertas y ventanas,Calculá ladrillos de una habitación restando puertas y ventanas y agregando un margen de cortes y roturas.,1,0.75,alineado,title-canonico
https://hacecuentas.com/blog/como-fijar-precios-con-markup,Cómo fijar precios con markup,comparacion-comercial,Cómo fijar precios con markup | Hacé Cuentas,Cómo fijar precios con markup,"Calculá el precio de venta con markup sin confundirlo con margen: fórmula, ejemplo comercial y control para cubrir costos y rentabilidad.",1,0.33,alineado,title-canonico
https://hacecuentas.com/blog/como-interpretar-una-curva-de-crecimiento-infantil,Cómo interpretar una curva de crecimiento infantil,informacional,Cómo interpretar una curva de crecimiento infantil,Cómo interpretar una curva de crecimiento infantil,"Entendé cómo se relacionan edad, peso, talla y percentiles en el seguimiento del crecimiento infantil.",1,0.5,alineado,title-canonico
https://hacecuentas.com/blog/como-invertir-en-plazo-fijo-2026,Plazo fijo 2026 Argentina,comparacion-comercial,Plazo fijo 2026 Argentina: cómo invertir y cuánto rinde,Plazo fijo 2026 Argentina: cómo invertir y cuánto rinde,"¿Cuánto rinde un plazo fijo en 2026? $1.000.000 a 30 días al 32% TNA deja $26.301. Tasas por banco, tradicional vs UVA e impuestos, gratis y al instante.",1,0.75,alineado,title-canonico
https://hacecuentas.com/blog/como-juntar-millas-sin-perder-de-vista-el-costo-real,Cómo juntar millas sin perder de vista el costo real,comparacion-comercial,Cómo juntar millas sin perder de vista el costo real,Cómo juntar millas sin perder de vista el costo real,"Analizá el costo de acumular millas considerando comisiones, consumo, bonos, vencimiento y posibilidad real de canje.",1,0.43,alineado,title-canonico
https://hacecuentas.com/blog/como-leer-un-recibo-de-sueldo-de-paraguay,Cómo leer un recibo de sueldo de Paraguay,informacional,Cómo leer un recibo de sueldo de Paraguay,Cómo leer un recibo de sueldo de Paraguay,"Identificá período, salario, bonificaciones, descuentos y neto en un recibo de sueldo paraguayo.",1,0.5,alineado,title-canonico
https://hacecuentas.com/blog/como-leer-una-retencion-de-ganancias-en-el-recibo-de-sueldo,Cómo leer una retención de Ganancias en el recibo de sueldo,informacional,Cómo leer una retención de Ganancias en el recibo de sueldo,Cómo leer una retención de Ganancias en el recibo de sueldo,"Aprendé a leer la retención de Ganancias en tu recibo, identificar acumulados y separar cambios de salario de cambios fiscales.",1,0.8,alineado,title-canonico
https://hacecuentas.com/blog/como-organizar-la-registracion-de-una-trabajadora-de-casas-particulares,Cómo registrar a una trabajadora de casas particulares,informacional,Cómo registrar a una trabajadora de casas particulares,Cómo registrar a una trabajadora de casas particulares,"Armá un control mensual de registración, pagos, licencias y recibos para trabajo en casas particulares.",1,0.5,alineado,title-canonico
https://hacecuentas.com/blog/como-organizar-un-calendario-mensual-de-monotributo,Cómo organizar un calendario mensual de monotributo,informacional,Cómo organizar un calendario mensual de monotributo,Cómo organizar un calendario mensual de monotributo,"Armá un calendario de monotributo con facturación, cuota, recategorización, ingresos brutos y documentación.",1,0.5,alineado,title-canonico
https://hacecuentas.com/blog/como-pasar-porcentaje-a-decimal-y-fraccion,Cómo pasar un porcentaje a decimal y fracción,informacional,Cómo pasar un porcentaje a decimal y fracción,Cómo pasar un porcentaje a decimal y fracción,"Convertí porcentajes a decimales y fracciones simplificadas, y hacé el camino inverso. Tabla de equivalencias y ejemplos con decimales.",1,0,alineado,title-canonico
https://hacecuentas.com/blog/como-planificar-el-pago-anual-de-patente,Cómo planificar el pago anual de patente,informacional,Cómo planificar el pago anual de patente,Cómo planificar el pago anual de patente,"Convertí la patente anual en un presupuesto mensual y separá impuesto, recargos, descuentos y mantenimiento del auto.",1,0.5,alineado,title-canonico
https://hacecuentas.com/blog/como-planificar-ingresos-mientras-esperas-el-seguro-de-desempleo,Cómo planificar ingresos mientras esperás el seguro,informacional,Cómo planificar ingresos mientras esperás el seguro,Cómo planificar ingresos mientras esperás el seguro de desempleo,Armá un presupuesto de transición sin contar como seguro un beneficio aún no aprobado.,1,0.2,alineado,title-canonico
https://hacecuentas.com/blog/como-preparar-dinero-para-una-escritura-sin-sobregirarse,Cómo preparar dinero para una escritura sin sobregirarse,informacional,Cómo preparar dinero para una escritura sin sobregirarse,Cómo preparar dinero para una escritura sin sobregirarse,"Prepará un plan de caja para la escritura separando anticipo, saldo, impuestos, honorarios y gastos variables.",1,0.2,alineado,title-canonico
https://hacecuentas.com/blog/como-presupuestar-horas-extra-antes-de-aceptar-un-turno,Cómo presupuestar horas extra antes de aceptar un turno,informacional,Cómo presupuestar horas extra antes de aceptar un turno,Cómo presupuestar horas extra antes de aceptar un turno,"Estimá un turno adicional en Colombia identificando salario, horario, día, recargo, autorización y fecha normativa.",1,0.17,alineado,title-canonico
https://hacecuentas.com/blog/como-presupuestar-un-prototipo-impreso-en-3d,Cómo presupuestar un prototipo impreso en 3D,informacional,Cómo presupuestar un prototipo impreso en 3D,Cómo presupuestar un prototipo impreso en 3D,"Armá un presupuesto de prototipo 3D con diseño, prueba, material, tiempo de máquina, ajustes y entrega.",1,0.33,alineado,title-canonico
https://hacecuentas.com/blog/como-registrar-calorias-sin-que-el-seguimiento-se-vuelva-imposible,Cómo registrar calorías sin que el seguimiento se vuelva,informacional,Cómo registrar calorías sin que el seguimiento se vuelva,Cómo registrar calorías sin que el seguimiento se vuelva imposible,"Organizá un registro alimentario flexible con porciones, horarios, hambre y actividad sin perseguir una precisión falsa.",1,0.2,alineado,title-canonico
https://hacecuentas.com/blog/como-repartir-el-costo-de-un-viaje-en-auto-entre-pasajeros,Cómo repartir el costo de un viaje en auto entre pasajeros,informacional,Cómo repartir el costo de un viaje en auto entre pasajeros,Cómo repartir el costo de un viaje en auto entre pasajeros,"Aprendé a dividir nafta, peajes y gastos de viaje de manera transparente según pasajeros, tramos y pagos realizados.",1,0.33,alineado,title-canonico
https://hacecuentas.com/blog/como-saber-a-que-generacion-perteneces,Cómo saber a qué generación pertenecés,informacional,Cómo saber a qué generación pertenecés,Cómo saber a qué generación pertenecés,Ubicá tu generación según año de nacimiento y entendé por qué las etiquetas son aproximadas y dependen del contexto.,1,0.33,alineado,title-canonico
https://hacecuentas.com/blog/como-saber-cuanto-cuesta-construir-por-metro-cuadrado,Cómo saber cuánto cuesta construir por metro cuadrado,comparacion-comercial,Cómo saber cuánto cuesta construir por metro cuadrado,Cómo saber cuánto cuesta construir por metro cuadrado,"Estimá el costo de construcción por m² según superficie, terminación, ubicación y rubros incluidos sin confundir obra y terreno.",1,0,alineado,title-canonico
https://hacecuentas.com/blog/como-saber-cuanto-puede-aumentar-tu-alquiler,Cómo saber cuánto puede aumentar tu alquiler,calculo,Cómo saber cuánto puede aumentar tu alquiler,Cómo saber cuánto puede aumentar tu alquiler,"Revisá contrato, fechas, índice y frecuencia para calcular cuánto puede aumentar tu alquiler y separar el alquiler de las expensas.",1,0.75,alineado,title-canonico
https://hacecuentas.com/blog/como-saber-cuanto-te-corresponde-por-convenio,Cómo saber cuánto te corresponde por convenio,comparacion-comercial,Cómo saber cuánto te corresponde por convenio,Cómo saber cuánto te corresponde por convenio,"Identificá convenio, categoría, jornada y adicionales para comparar tu sueldo con la referencia salarial vigente en agosto de 2026.",1,0.33,alineado,title-canonico
https://hacecuentas.com/blog/como-saber-cuanto-te-corresponde-por-despido,Cómo saber cuánto te corresponde por despido,calculo,Cómo saber cuánto te corresponde por despido,Cómo saber cuánto te corresponde por despido,"Ordená antigüedad, sueldo, preaviso y vacaciones para estimar tu indemnización por despido y revisar la liquidación antes de firmar.",1,0.33,alineado,title-canonico
https://hacecuentas.com/blog/como-saber-cuanto-te-queda-de-un-sueldo-bruto,Cómo saber cuánto te queda de un sueldo bruto,informacional,Cómo saber cuánto te queda de un sueldo bruto,Cómo saber cuánto te queda de un sueldo bruto,"Entendé la diferencia entre sueldo bruto y neto, revisá descuentos y compará ofertas laborales con la misma medida.",1,0.5,alineado,title-canonico
https://hacecuentas.com/blog/como-saber-de-cuantas-semanas-estas-embarazada,Cómo saber de cuántas semanas estás embarazada,calculo,Cómo saber de cuántas semanas estás embarazada,Cómo saber de cuántas semanas estás embarazada,"Calculá tus semanas de embarazo desde la última menstruación, entendé la fecha probable de parto y prepará mejor tu próxima consulta.",1,0.25,alineado,title-canonico
https://hacecuentas.com/blog/como-saber-si-tenes-que-declarar-renta-en-colombia,Cómo saber si tenés que declarar renta en Colombia,informacional,Cómo saber si tenés que declarar renta en Colombia,Cómo saber si tenés que declarar renta en Colombia,"Revisá ingresos, patrimonio, consumos, UVT y documentos para saber si debés declarar renta como persona natural en Colombia.",1,0.8,alineado,title-canonico
https://hacecuentas.com/blog/como-saber-si-tu-liquidacion-final-esta-bien-calculada,Cómo saber si tu liquidación final está bien calculada,calculo,Cómo saber si tu liquidación final está bien calculada,Cómo saber si tu liquidación final está bien calculada,"Revisá sueldo, vacaciones, aguinaldo, preaviso e indemnización para entender si tu liquidación final está completa.",1,0.5,alineado,title-canonico
https://hacecuentas.com/blog/como-saber-si-tu-peso-es-saludable-segun-tu-altura,Cómo saber si tu peso es saludable según tu altura,calculo,Cómo saber si tu peso es saludable según tu altura,Cómo saber si tu peso es saludable según tu altura,"Calculá tu peso saludable según altura, entendé qué indica el IMC y elegí un objetivo razonable sin perseguir un número perfecto ni ignorar tu contexto.",1,0.8,alineado,title-canonico
https://hacecuentas.com/blog/como-sacar-el-valor-original-de-un-porcentaje,Cómo sacar el valor original de un porcentaje,comparacion-comercial,Cómo sacar el valor original de un porcentaje,Cómo sacar el valor original de un porcentaje,"Cómo encontrar el total cuando conocés una parte y su porcentaje, o recuperar un precio antes de un aumento o descuento. Fórmulas y ejemplos.",1,0.25,alineado,title-canonico
https://hacecuentas.com/blog/como-simular-un-cambio-de-sueldo-con-ganancias-sin-sobreestimar-el-neto,Cambio de sueldo y Ganancias,informacional,Cambio de sueldo y Ganancias: cómo simular el neto,Cambio de sueldo y Ganancias: cómo simular el neto,Armá escenarios de sueldo con retenciones y deducciones sin confundir una simulación orientativa con una liquidación fiscal.,1,0.33,alineado,title-canonico
https://hacecuentas.com/blog/comprar-auto-usado-guia-decisiones-2026,Comprar auto,comparacion-comercial,"Comprar auto: qué mirar, qué trámites pagás y si conviene","Comprar auto: qué mirar, qué trámites pagás y si conviene","Antes de comprar un auto: si te conviene contra Uber, eléctrico o nafta, cómo leer la ficha técnica, cuánto sale la transferencia y cuándo toca la VTV.",1,1,alineado,title-canonico
https://hacecuentas.com/blog/contar-dias-plazos-feriados-2026,"Contar días, plazos y feriados sin equivocarte",informacional,"Contar días, plazos y feriados sin equivocarte","Contar días, plazos y feriados sin equivocarte: guía práctica","Cómo contar días entre fechas, días hábiles descontando feriados, cuánto falta para una fecha y qué findes largos vienen: método correcto y errores comunes.",1,0.5,alineado,title-canonico
https://hacecuentas.com/blog/controles-de-salud-numeros-familia-2026,Números de salud para revisar en familia,informacional,Números de salud para revisar en familia,Números de salud para revisar en familia,"IMC y peso ideal en adultos, percentiles de crecimiento en chicos y semanas de embarazo: qué mide cada indicador, cómo interpretarlo sin alarmarse…",1,0,alineado,title-canonico
https://hacecuentas.com/blog/convertir-unidades-sin-errores-2026,Cómo convertir unidades sin errores,calculo,"Cómo convertir unidades sin errores: peso, longitud y más","Cómo convertir unidades sin errores: peso, longitud y más","Guía para convertir kilos a libras, metros a pies, litros a galones, grados y números a letras sin errores: factores exactos, trampas comunes y reglas…",1,0.75,alineado,title-canonico
https://hacecuentas.com/blog/conviene-imprimir-en-3d-o-comprar-una-pieza-terminada,Conviene imprimir en 3D o comprar una pieza terminada,comparacion-comercial,¿Conviene imprimir en 3D o comprar una pieza terminada?,¿Conviene imprimir en 3D o comprar una pieza terminada?,"Compará impresión 3D, compra de piezas y métodos tradicionales según volumen, diseño, plazo, calidad y costo total.",1,0,alineado,title-canonico
https://hacecuentas.com/blog/costo-de-construccion-por-m2-en-2026-que-revisar-este-ano,Costo de construcción por m² en 2026,informacional,Costo de construcción por m² en 2026: qué revisar este año,Costo de construcción por m² en 2026: qué revisar este año,"Revisá cómo actualizar el costo de construcción por m² en 2026 usando fecha, alcance, índices, materiales, mano de obra y etapas.",1,1,alineado,title-canonico
https://hacecuentas.com/blog/costo-de-vida-argentina-2026,Costo de vida en Argentina 2026,comparacion-comercial,Costo de vida en Argentina 2026: gastos y presupuesto,"Cuánto cuesta vivir, según tu vida real.","Estimá cuánto cuesta vivir en Argentina en 2026 según vivienda, comida, transporte y servicios, con presupuesto y datos actualizados.",0.25,0.5,alineado,title-canonico
https://hacecuentas.com/blog/crecimiento-infantil-que-datos-llevar-a-la-consulta,Crecimiento infantil,informacional,Crecimiento infantil: datos útiles para la consulta,Crecimiento infantil: datos útiles para la consulta,"Prepará un registro de crecimiento con fechas, medidas, alimentación, antecedentes y preguntas para el equipo de salud.",1,0.5,alineado,title-canonico
https://hacecuentas.com/blog/cuantas-calorias-comer-y-como-repartirlas-2026,Cuántas calorías comer por día y cómo repartirlas bien,informacional,Cuántas calorías comer por día y cómo repartirlas bien,Cuántas calorías comer por día y cómo repartirlas bien,"Guía en 4 pasos para ordenar tu alimentación: calorías diarias con TDEE, calorías de cada alimento, reparto de macros por objetivo y micronutrientes…",1,0.2,alineado,title-canonico
https://hacecuentas.com/blog/cuanto-cuesta-calefaccionar-casa-invierno-2026,Cuánto cuesta calefaccionar la casa este invierno 2026,comparacion-comercial,Cuánto cuesta calefaccionar la casa este invierno 2026,Cuánto cuesta calefaccionar la casa este invierno 2026,"Gas, eléctrico o tiro balanceado: cuánto gasta cada sistema para calefaccionar, cómo dimensionar lo que tu ambiente necesita y dónde se va la plata…",1,0.17,alineado,title-canonico
https://hacecuentas.com/blog/cuanto-cuesta-mantener-un-auto-2026,Cuánto cuesta tener un auto,comparacion-comercial,"Cuánto cuesta tener un auto: patente, nafta y service","Cuánto cuesta tener un auto: patente, nafta y service","El costo real de tener auto en Argentina: patente por provincia, consumo de nafta, mantenimiento y depreciación.",1,0.67,alineado,title-canonico
https://hacecuentas.com/blog/cuanto-queda-del-sueldo-impuestos-ahorro-2026,Cuánto queda del sueldo,comparacion-comercial,"Cuánto queda del sueldo: bruto, neto y ahorro","Cuánto queda del sueldo: bruto, neto y ahorro","Del bruto al bolsillo: cómo pasar de sueldo bruto a neto, cuándo pagás Ganancias de cuarta categoría, cuándo conviene monotributo vs relación…",1,0.5,alineado,title-canonico
https://hacecuentas.com/blog/cuentas-de-todos-los-dias-guia-rapida-2026,5 cuentas de todos los días que suelen salir mal,calculo,5 cuentas de todos los días que suelen salir mal,5 cuentas de todos los días que suelen salir mal,"Convertir talles de ropa y zapatillas, sacar un porcentaje sin equivocarse, calcular la edad exacta, saber de qué generación sos y presupuestar…",1,0,alineado,title-canonico
https://hacecuentas.com/blog/cuentas-de-tu-setup-tech-2026,"FPS, gigas y tokens",calculo,"FPS, gigas y tokens: las cuentas de tu setup que nadie hace","FPS, gigas y tokens: las cuentas de tu setup que nadie hace","Cuántos FPS te da tu PC, cuántos GB son de verdad y cuánto te cuesta la API de IA: las tres cuentas que definen tu setup tech, con calculadoras.",1,0.33,alineado,title-canonico
https://hacecuentas.com/blog/cuidar-bien-perro-gato-numeros-2026,Cuidar bien a tu perro o gato,informacional,"Cuidar bien a tu perro o gato: ración, peso ideal y edad","Cuidar bien a tu perro o gato: ración, peso ideal y edad real","Las 4 cuentas para cuidar bien a tu mascota: gramos de comida por día, peso ideal por raza y edad de tu perro o gato en años humanos.",1,1,alineado,title-canonico
https://hacecuentas.com/blog/cuota-alimentaria-que-gastos-conviene-documentar,Cuota alimentaria,comparacion-comercial,Cuota alimentaria: qué gastos conviene documentar,Cuota alimentaria: qué gastos conviene documentar,"Organizá comprobantes de salud, educación, vivienda y alimentación para fundamentar una cuota alimentaria.",1,1,alineado,title-canonico
https://hacecuentas.com/blog/cuota-alimentaria-y-cuidado-compartido-como-ordenar-la-conversacion,Cuota alimentaria y cuidado compartido: cómo organizarse,informacional,Cuota alimentaria y cuidado compartido: cómo organizarse,Cuota alimentaria y cuidado compartido: cómo organizarse,"Organizá una conversación sobre cuota alimentaria y cuidado compartido separando tiempo, gastos directos y necesidades de los hijos.",1,0.8,alineado,title-canonico
https://hacecuentas.com/blog/deducciones-de-ganancias-errores-que-pueden-cambiar-el-resultado,Deducciones de Ganancias,informacional,Deducciones de Ganancias: errores que pueden cambiar,Deducciones de Ganancias: errores que pueden cambiar el resultado,"Conocé errores de fechas, comprobantes y cargas de familia que pueden alterar una liquidación de Ganancias.",1,0.5,alineado,title-canonico
https://hacecuentas.com/blog/derechos-recibo-de-sueldo-2026,Recibo de sueldo,calculo,"Recibo de sueldo: aguinaldo, horas extra y vacaciones","Recibo de sueldo: aguinaldo, horas extra y vacaciones","Cómo se calculan el aguinaldo, las horas extra y las vacaciones según la LCT, y cómo saber si tu sueldo le gana a la inflación.",1,0.5,alineado,title-canonico
https://hacecuentas.com/blog/despido-o-fin-de-contrato-como-distinguir-el-seguro-de-desempleo,Despido o fin de contrato,calculo,Despido o fin de contrato: cómo distinguir el seguro,Despido o fin de contrato: cómo distinguir el seguro de desempleo,"Diferenciá despido, vencimiento de contrato, renuncia y otras causales antes de estimar el seguro de desempleo.",1,0.67,alineado,title-canonico
https://hacecuentas.com/blog/dormir-mejor-y-habitos-saludables-2026,"Sueño, pantallas y hábitos",informacional,"Sueño, pantallas y hábitos: cuánto es saludable por día","Sueño, pantallas y hábitos: cuánto es saludable por día","Cuántas horas dormir según tu edad, cuánta pantalla es razonable, la dosis de hábitos como alcohol y sol, y el peso a ganar en el embarazo…",1,0.33,alineado,title-canonico
https://hacecuentas.com/blog/edad-exacta-de-un-bebe-semanas-meses-y-dias-sin-confundir-unidades,Edad exacta de un bebé,informacional,"Edad exacta de un bebé: semanas, meses y días","Edad exacta de un bebé: semanas, meses y días","Aprendé a diferenciar edad en días, semanas, meses y años al registrar la edad de un bebé o preparar una consulta.",1,0.67,alineado,title-canonico
https://hacecuentas.com/blog/edad-exacta-para-tramites-que-fecha-de-corte-corresponde,Edad exacta para trámites,calculo,Edad exacta para trámites: qué fecha de corte corresponde,Edad exacta para trámites: qué fecha de corte corresponde,"Entendé cómo elegir la fecha de corte al calcular edad para trámites, inscripciones, becas o beneficios.",1,0.67,alineado,title-canonico
https://hacecuentas.com/blog/ejercicios-de-combinatoria-resueltos,Ejercicios de combinatoria resueltos,informacional,Ejercicios de combinatoria resueltos | Hacé Cuentas,Ejercicios de combinatoria resueltos,"Practicá combinaciones y permutaciones con ejercicios resueltos paso a paso, identificando cuándo importa el orden y qué fórmula usar.",1,0.67,alineado,title-canonico
https://hacecuentas.com/blog/el-aire-acondicionado-necesario-con-ejemplos-paso-a-paso,el aire acondicionado necesario con ejemplos paso a paso,informacional,el aire acondicionado necesario con ejemplos paso a paso,el aire acondicionado necesario con ejemplos paso a paso,"Regla base: 100 frig/m² en ambiente de orientación… Incluye explicación, ejemplo resuelto y pasos para aplicar el aire acondicionado necesario…",1,0.6,alineado,title-canonico
https://hacecuentas.com/blog/el-capital-de-trabajo-con-ejemplos-paso-a-paso,el capital de trabajo con ejemplos paso a paso,informacional,el capital de trabajo con ejemplos paso a paso,el capital de trabajo con ejemplos paso a paso,"El capital de trabajo neto es activos corrientes menos… Incluye explicación, ejemplo resuelto y pasos para aplicar el capital de trabajo con ejemplos…",1,0.75,alineado,title-canonico
https://hacecuentas.com/blog/el-impuesto-a-las-ganancias-con-ejemplos-paso-a-paso,el Impuesto a las Ganancias con ejemplos paso a paso,calculo,el Impuesto a las Ganancias con ejemplos paso a paso,el Impuesto a las Ganancias con ejemplos paso a paso,"Calculá Ganancias de cuarta categoría con un ejemplo paso a paso: sueldo bruto, deducciones, aguinaldo y escala aplicable en Argentina.",1,0.5,alineado,title-canonico
https://hacecuentas.com/blog/el-poder-de-compra-con-ejemplos-paso-a-paso,el poder de compra con ejemplos paso a paso,informacional,el poder de compra con ejemplos paso a paso | Hacé Cuentas,el poder de compra con ejemplos paso a paso,"Con 30% de inflación anual, $100.000 de hoy valen… Incluye explicación, ejemplo resuelto y pasos para aplicar el poder de compra con ejemplos paso a paso.",1,1,alineado,title-canonico
https://hacecuentas.com/blog/el-precio-por-kilo-con-ejemplos-paso-a-paso,el precio por kilo con ejemplos paso a paso,comparacion-comercial,el precio por kilo con ejemplos paso a paso | Hacé Cuentas,el precio por kilo con ejemplos paso a paso,"Comparador precio por kg/L: cuál conviene según… Incluye explicación, ejemplo resuelto y pasos para aplicar el precio por kilo con ejemplos paso a paso.",1,1,alineado,title-canonico
https://hacecuentas.com/blog/el-sac-proporcional-con-ejemplos-paso-a-paso,el SAC proporcional con ejemplos paso a paso,informacional,el SAC proporcional con ejemplos paso a paso | Hacé Cuentas,el SAC proporcional con ejemplos paso a paso,"Se parte del 50% de la mejor remuneración mensual del… Incluye explicación, ejemplo resuelto y pasos para aplicar el sac proporcional con ejemplos paso…",1,1,alineado,title-canonico
https://hacecuentas.com/blog/electricidad-hogar-conectado-2026,"Cables, baterías y wifi",calculo,"Cables, baterías y wifi: las cuentas del hogar conectado","Cables, baterías y wifi: las cuentas del hogar conectado","Sección de cable, térmica, resistencias, autonomía de baterías y velocidad de internet: los cálculos para instalar y conectar tu casa sin adivinar.",1,0.33,alineado,title-canonico
https://hacecuentas.com/blog/empezar-a-invertir-cuentas-basicas-2026,Empezar a invertir,comparacion-comercial,Empezar a invertir: las 4 cuentas que tenés que saber,Empezar a invertir: las 4 cuentas que tenés que saber,"Interés compuesto, TNA vs TEA, dólar vs plazo fijo, CEDEARs y ganancia real con cripto: las cuentas que hay que entender antes de poner un peso, sin humo.",1,0,alineado,title-canonico
https://hacecuentas.com/blog/entrenar-para-una-carrera-con-numeros-2026,Entrenar para una carrera con números,calculo,"Entrenar para una carrera con números: plan, ritmo y zonas","Entrenar para una carrera con números: plan, ritmo y zonas","Te anotaste a una carrera: calculá cuántas semanas de plan necesitás, tu pace objetivo, tus zonas de frecuencia cardíaca y las calorías que quemás…",1,0.33,alineado,title-canonico
https://hacecuentas.com/blog/errores-al-calcular-el-promedio-ponderado,Errores al calcular el promedio ponderado,calculo,Errores al calcular el promedio ponderado | Hacé Cuentas,Errores al calcular el promedio ponderado,"Evitá los errores más comunes del promedio ponderado: pesos que no suman, porcentajes mal convertidos y valores mezclados sin una misma unidad.",1,1,alineado,title-canonico
https://hacecuentas.com/blog/errores-al-estimar-el-salario-neto-paraguayo,Errores al estimar el salario neto paraguayo,calculo,Errores al estimar el salario neto paraguayo,Errores al estimar el salario neto paraguayo,"Evitá errores al pasar de salario bruto a neto en Paraguay y separá descuentos, beneficios, bonos y tipo de cambio.",1,0.6,alineado,title-canonico
https://hacecuentas.com/blog/errores-al-estimar-ganancias-de-un-plazo-fijo,Errores al estimar ganancias de un plazo fijo,calculo,Errores al estimar ganancias de un plazo fijo,Errores al estimar ganancias de un plazo fijo,"Evitá errores de días, tasas, renovación, inflación y liquidez al proyectar un plazo fijo.",1,0.6,alineado,title-canonico
https://hacecuentas.com/blog/errores-comunes-del-punto-de-equilibrio,Errores comunes del punto de equilibrio,calculo,Errores comunes del punto de equilibrio | Hacé Cuentas,Errores comunes del punto de equilibrio,"Detectá errores al calcular el punto de equilibrio: costos omitidos, margen unitario incorrecto, IVA mezclado y volúmenes poco realistas.",1,0.75,alineado,title-canonico
https://hacecuentas.com/blog/errores-frecuentes-al-liquidar-casas-particulares,Errores frecuentes al liquidar casas particulares,informacional,Errores frecuentes al liquidar casas particulares,Errores frecuentes al liquidar casas particulares,"Detectá errores habituales al liquidar trabajo en casas particulares y revisá jornada, feriados, vacaciones y documentación.",1,0.8,alineado,title-canonico
https://hacecuentas.com/blog/errores-frecuentes-al-pagar-ingresos-brutos,Errores frecuentes al pagar Ingresos Brutos,calculo,Errores frecuentes al pagar Ingresos Brutos,Errores frecuentes al pagar Ingresos Brutos,"Detectá errores de base, actividad, jurisdicción, retenciones y fechas al calcular Ingresos Brutos.",1,0.6,alineado,title-canonico
https://hacecuentas.com/blog/escala-ganancias-2026-argentina-tabla-completa-explicada,Escala de Ganancias 2026,calculo,Escala de Ganancias 2026: tabla completa y calculadora,"Escala de Ganancias 2026: la tabla completa, explicada sin vueltas.","Consultá la tabla de Ganancias 2026, entendé cada tramo y calculá la alícuota marginal y efectiva con ejemplos claros para Argentina.",1,0.67,alineado,title-canonico
https://hacecuentas.com/blog/escritura-de-un-inmueble-costos-que-suelen-olvidarse,Escritura de un inmueble,informacional,Escritura de un inmueble: costos que suelen olvidarse,Escritura de un inmueble: costos que suelen olvidarse,Identificá costos y trámites que pueden aparecer además de honorarios al preparar la escritura de un inmueble.,1,1,alineado,title-canonico
https://hacecuentas.com/blog/esperando-un-bebe-cuentas-clave-2026,Esperar un bebé con números,informacional,"Esperar un bebé con números: fertilidad, parto y crecimiento","Esperar un bebé con números: fertilidad, parto y crecimiento","De los días fértiles a la fecha probable de parto, los percentiles de crecimiento y el presupuesto mensual del bebé: las cuatro cuentas de la etapa.",1,0.33,alineado,title-canonico
https://hacecuentas.com/blog/estadistica-desde-cero,Estadística desde cero,calculo,"Estadística desde cero: dispersión, probabilidad","Estadística desde cero: dispersión, probabilidad y combinatoria","Guía práctica con calculadoras conectadas para estadística desde cero: dispersión, probabilidad y combinatoria.",1,1,alineado,title-canonico
https://hacecuentas.com/blog/estadistica-y-probabilidad-sin-vueltas-2026,Estadística y probabilidad,calculo,Estadística y probabilidad: qué calcular en cada caso,Estadística y probabilidad: qué calcular en cada caso,"Cuándo usar estadística descriptiva, cuándo inferencial y cuándo probabilidad: media y desvío, intervalos de confianza, combinatoria y distribución…",1,1,alineado,title-canonico
https://hacecuentas.com/blog/feriado-17-agosto-2026,Feriado del 17 de agosto de 2026,informacional,Feriado del 17 de agosto de 2026: cómo se paga si trabajás,Feriado del 17 de agosto de 2026: cómo se paga si trabajás,"El 17 de agosto de 2026 cae lunes y forma un fin de semana largo. Qué se conmemora, si se trabaja y cómo se paga.",1,0.67,alineado,title-canonico
https://hacecuentas.com/blog/feriados-que-quedan-2026-argentina-findes-largos,Feriados 2026 Argentina,informacional,Feriados 2026 Argentina: los 6 que quedan y 4 findes largos,Feriados que quedan en 2026 en Argentina: fechas confirmadas y cómo aprovechar los findes largos,"Quedan 6 feriados en 2026 en Argentina y 4 findes largos, incluido uno de 4 días en diciembre. El próximo es el 17 de agosto: mirá las fechas.",1,1,alineado,title-canonico
https://hacecuentas.com/blog/feriados-y-horas-extra-en-casas-particulares-que-controlar,Feriados y horas extra en casas particulares,informacional,Feriados y horas extra en casas particulares: qué controlar,Feriados y horas extra en casas particulares: qué controlar,Revisá cómo documentar feriados y horas adicionales en una relación de casas particulares sin mezclar conceptos.,1,0.8,alineado,title-canonico
https://hacecuentas.com/blog/finde-asado-22-julio-2026,Cuánto comprar para el asado del finde,informacional,Cuánto comprar para el asado del finde,Cuánto comprar para el asado del finde,"La guía para comprar el asado del fin de semana sin pasarte ni quedarte corto: cuánta carne, achuras, cerveza y empanadas por persona, con la regla…",1,0.67,alineado,title-canonico
https://hacecuentas.com/blog/finde-escapada-auto-27-julio-2026,Escapada del finde en auto,comparacion-comercial,"Escapada del finde en auto: nafta, peajes y a qué hora salir","Escapada del finde en auto: nafta, peajes y a qué hora salir","Antes de salir de escapada el finde: cuánta nafta vas a gastar, cuánto suman los peajes y a qué hora conviene salir para llegar con luz.",1,0.67,alineado,title-canonico
https://hacecuentas.com/blog/finde-juntada-5-agosto-2026,Juntada del finde,informacional,Juntada del finde: bebida y picada por persona,Juntada del finde: bebida y picada por persona,"Organizás la juntada del finde: cuánta cerveza, picada y snacks por persona para que no falte ni te sobre medio supermercado.",1,1,alineado,title-canonico
https://hacecuentas.com/blog/finde-largo-13-junio-2026,Finde largo del 13 al 15 de junio 2026,informacional,Finde largo del 13 al 15 de junio 2026,Finde largo del 13 al 15 de junio 2026: cuántos días y por qué,Finde largo del 13 al 15 de junio de 2026: 3 días por Paso a la Inmortalidad del Gral. Martín Miguel de Güemes.,1,1,alineado,title-canonico
https://hacecuentas.com/blog/finde-largo-15-agosto-2026,Finde largo de agosto 2026,informacional,Finde largo de agosto 2026: días y motivo,Finde largo de agosto 2026: días y motivo,Finde largo del 15 al 17 de agosto de 2026: 3 días por Paso a la Inmortalidad del Gral. José de San Martín.,1,1,alineado,title-canonico
https://hacecuentas.com/blog/finde-reposteria-13-agosto-2026,Tarde de cocina,informacional,"Tarde de cocina: medidas, conversiones y proporciones","Tarde de cocina: medidas, conversiones y proporciones","La tarde fría de finde es para cocinar: convertí tazas a gramos, ajustá los huevos de la receta, clavá la proporción del arroz y traducí grados Fahrenheit.",1,0.5,alineado,title-canonico
https://hacecuentas.com/blog/fisica-aplicada-sin-trauma-2026,Física sin trauma,calculo,"Física sin trauma: movimiento, ondas y presión","Física sin trauma: movimiento, ondas y presión con calculadora","Caída libre, tiro parabólico, longitud de onda, Doppler y presión atmosférica: cómo resolver los problemas típicos de física con calculadoras paso a paso.",1,0.33,alineado,title-canonico
https://hacecuentas.com/blog/futbol-con-numeros-guia-2026,El fútbol con números,informacional,"El fútbol con números: puntos, premios, récords y Mundial","El fútbol con números: puntos, premios, récords y Mundial","Las cuentas del fútbol: cuántos puntos necesita tu equipo, cuánta plata reparten los torneos, qué números dejó el Mundial 2026 y cómo te comparás…",1,1,alineado,title-canonico
https://hacecuentas.com/blog/gaming-hobbies-en-numeros-2026,Gaming y hobbies en números,comparacion-comercial,Gaming y hobbies en números: cuánto te lleva y qué conviene,Gaming y hobbies en números: cuánto te lleva y qué conviene,"Las cuentas del tiempo libre: cuánto tarda terminar un juego o una serie, coordenadas de portales en Minecraft, IV en Pokémon GO, ELO y trades de Blox…",1,0,alineado,title-canonico
https://hacecuentas.com/blog/ganancias-de-cuarta-categoria-como-ordenar-una-liquidacion,Ganancias de cuarta categoría,informacional,Ganancias de cuarta categoría: cómo ordenar una liquidación,Ganancias de cuarta categoría: cómo ordenar una liquidación,"Entendé cómo revisar una liquidación de Ganancias sobre rentas del trabajo sin confundir bruto, neto, deducciones y retenciones.",1,0.33,alineado,title-canonico
https://hacecuentas.com/blog/ganancias-vencimiento-2026-prorroga-27-julio,Ganancias 2026,informacional,Ganancias 2026: ARCA prorrogó el vencimiento al 27 de julio,Ganancias 2026: ARCA prorrogó el vencimiento al 27 de julio,ARCA prorrogó hasta el 27 de agosto de 2026 la presentación de Ganancias 2025. El pago mantuvo la fecha del 27 de julio. Qué cambia y checklist.,1,1,alineado,title-canonico
https://hacecuentas.com/blog/ganancias-y-sueldo-neto-por-que-no-son-la-misma-cuenta,Ganancias y sueldo neto,informacional,Ganancias y sueldo neto: por qué no son la misma cuenta,Ganancias y sueldo neto: por qué no son la misma cuenta,"Diferenciá sueldo bruto, aportes, retención de Ganancias y resultado anual para interpretar mejor tu recibo.",1,0.67,alineado,title-canonico
https://hacecuentas.com/blog/ganar-musculo-con-numeros-2026,Ganar músculo con números,informacional,"Ganar músculo con números: 1RM, proteína y grasa corporal","Ganar músculo con números: 1RM, proteína y grasa corporal","Los cuatro números del gimnasio: tu 1RM y descansos, los gramos de proteína por kilo, tu grasa corporal real y las dosis de cafeína, creatina e hidratación.",1,0.33,alineado,title-canonico
https://hacecuentas.com/blog/gastos-de-escritura-que-paga-comprador-y-que-paga-vendedor,Gastos de escritura,informacional,Gastos de escritura: qué paga comprador y qué paga vendedor,Gastos de escritura: qué paga comprador y qué paga vendedor,Revisá cómo conversar la distribución de gastos de escritura y qué conceptos deben aparecer en el presupuesto.,1,1,alineado,title-canonico
https://hacecuentas.com/blog/generacion-x-millennials-y-gen-z-que-comparar,"Generación X, millennials y Gen Z: qué comparar",comparacion-comercial,"Generación X, millennials y Gen Z: qué comparar","Generación X, millennials y Gen Z: qué comparar","Compará Gen X, millennials y Gen Z desde contexto histórico, tecnología y trabajo sin convertir cohortes en estereotipos.",1,0.5,alineado,title-canonico
https://hacecuentas.com/blog/generaciones-en-2026-que-cambio-y-que-mirar,Generaciones en 2026,informacional,Generaciones en 2026: qué cambió y qué mirar,Generaciones en 2026: qué cambió y qué mirar,"Usá generaciones en 2026 con método: verificá rangos, fuente, país, edad, año de nacimiento y objetivo del análisis.",1,1,alineado,title-canonico
https://hacecuentas.com/blog/geometria-figuras-y-cuerpos-paso-a-paso-2026,Geometría: ejercicios resueltos paso a paso para imprimir,informacional,Geometría: ejercicios resueltos paso a paso para imprimir,Geometría: ejercicios resueltos paso a paso para imprimir,"Ejercicios resueltos de geometría para imprimir: área y perímetro, volumen, triángulos y plano cartesiano con fórmula, sustitución y resultado.",1,0.8,alineado,title-canonico
https://hacecuentas.com/blog/guia-completa-monotributo-2026,Monotributo 2026,informacional,"Monotributo 2026: categorías, cuotas e inscripción","Monotributo 2026: categorías, cuotas e inscripción","Monotributo 2026 actualizado: 11 categorías de la A a la K, tope máximo $126.610.839, cuotas oficiales, inscripción y recategorización.",1,1,alineado,title-canonico
https://hacecuentas.com/blog/hora-extra-diurna-o-nocturna-como-distinguirlas,Hora extra diurna o nocturna,informacional,Hora extra diurna o nocturna: cómo distinguirlas,Hora extra diurna o nocturna: cómo distinguirlas,Aprendé a clasificar horas extra diurnas y nocturnas antes de aplicar recargos en una liquidación colombiana.,1,0.25,alineado,title-canonico
https://hacecuentas.com/blog/idiomas-y-lectura-cuentas-reales-2026,Aprender un idioma con números,informacional,"Aprender un idioma con números: horas, exámenes y lectura","Aprender un idioma con números: horas, exámenes y lectura","Cuántas horas lleva cada nivel de idioma, qué puntaje necesitás en TOEFL o IELTS, cuánto tardás en leer un libro y cómo medir palabras de un trabajo…",1,0.33,alineado,title-canonico
https://hacecuentas.com/blog/impresion-3d-por-encargo-que-preguntar-antes-de-aceptar-un-precio,Impresión 3D por encargo,comparacion-comercial,Impresión 3D por encargo: qué preguntar antes de aceptar,Impresión 3D por encargo: qué preguntar antes de aceptar un precio,"Revisá escala, material, tolerancias, terminación y entrega antes de comparar presupuestos de impresión 3D.",1,0.5,alineado,title-canonico
https://hacecuentas.com/blog/imprevistos-laborales-plan-b-2026,"Accidente, despido o mudanza de país",informacional,"Accidente, despido o mudanza de país: tu plan B laboral","Accidente, despido o mudanza de país: tu plan B laboral","Qué cobra la ART tras un accidente laboral, cuánto paga el seguro de desempleo de ANSES, la liquidación al dejar un trabajo en LATAM y el costo…",1,0.25,alineado,title-canonico
https://hacecuentas.com/blog/impuestos-del-que-factura-guia-2026,Facturás y te llega menos,informacional,"Facturás y te llega menos: IVA, Ingresos Brutos","Facturás y te llega menos: IVA, Ingresos Brutos y retenciones","Los tres impuestos que muerden cada factura: cómo discriminar el IVA, cuánto se lleva Ingresos Brutos en tu provincia y por qué te retienen Ganancias…",1,0,alineado,title-canonico
https://hacecuentas.com/blog/impuestos-personales-patrimonio-compras-2026,"Ganancias, Bienes Personales y compras afuera",comparacion-comercial,"Ganancias, Bienes Personales y compras afuera: tu costo real","Ganancias, Bienes Personales y compras afuera: tu costo real","Qué deducciones te bajan Ganancias, cuándo te alcanza Bienes Personales y cuánto pagás de impuestos por comprar en el exterior. Las tres cuentas explicadas.",1,0.6,alineado,title-canonico
https://hacecuentas.com/blog/indemnizacion-por-despido-argentina,Indemnización por despido en Argentina 2026,informacional,Indemnización por despido en Argentina 2026: guía completa,Indemnización por despido en Argentina 2026: guía completa,¿Cuánto te corresponde por despido sin causa? Un mes de sueldo por año trabajado (art. 245 LCT) más preaviso e integración.,1,0.25,alineado,title-canonico
https://hacecuentas.com/blog/indemnizacion-por-despido-en-2026-que-revisar-este-ano,Indemnización por despido en 2026,informacional,Indemnización por despido en 2026: qué revisar este año,Indemnización por despido en 2026: qué revisar este año,"Conocé qué revisar en una indemnización por despido a agosto de 2026: base, antigüedad, convenios, topes y sistemas de cese.",1,1,alineado,title-canonico
https://hacecuentas.com/blog/indemnizacion-renuncia-o-mutuo-acuerdo-que-cambia,"Indemnización, renuncia o mutuo acuerdo",informacional,"Indemnización, renuncia o mutuo acuerdo: qué cambia","Indemnización, renuncia o mutuo acuerdo: qué cambia","Compará despido sin causa, renuncia y mutuo acuerdo para entender qué conceptos pueden corresponder y qué revisar antes de firmar.",1,0.75,alineado,title-canonico
https://hacecuentas.com/blog/inflacion-julio-2026-cuanto-perdiste,Inflación de julio 2026,informacional,Inflación de julio 2026: cuánto perdiste y cómo cubrirte,Inflación de julio 2026: cuánto perdiste y cómo cubrirte,"La inflación de julio 2026 fue 2.1% (INDEC). Acumulada del año 19.3%, 12 meses 33.8%. Cuánto perdió tu poder de compra y cómo cubrirte en pesos.",1,1,alineado,title-canonico
https://hacecuentas.com/blog/inflacion-mayo-2026-cuanto-perdiste,Inflación mayo 2026,calculo,"Inflación mayo 2026: 2,1% (INDEC) — cuánto perdiste","Inflación mayo 2026: 2,1% (INDEC) — cuánto perdiste","La inflación de mayo 2026 fue 2,1% (INDEC): acumulada 14,7%, interanual 33,2%. $100.000 de hace un año valen $75.075. Calculá tu pérdida al instante.",1,1,alineado,title-canonico
https://hacecuentas.com/blog/informe-financiero-argentina-2026-06,Informe financiero Argentina junio 2026,informacional,Informe financiero Argentina junio 2026: dólar y plazo fijo,Informe financiero Argentina junio 2026: dólar y plazo fijo,"¿Cómo arrancó junio 2026 en Argentina? Dólar blue a $1.425, IPC de abril 2,6% y plazo fijo hasta 24% TNA. Datos oficiales BCRA e INDEC, gratis.",1,0.6,alineado,title-canonico
https://hacecuentas.com/blog/informe-financiero-argentina-2026-07,Informe financiero de Argentina,calculo,"Informe financiero de Argentina: dólar, inflación y tasas","La foto del mes, antes de mover tu plata.","Resumen mensual de dólar, inflación, tasas, salarios e inversiones en Argentina con datos oficiales, contexto y calculadoras relacionadas.",0,0.33,refuerzo-visible-automatico,title-canonico
https://hacecuentas.com/blog/informe-financiero-argentina-2026-08,Informe financiero Argentina,comparacion-comercial,Informe financiero Argentina — agosto 2026 | Hacé Cuentas,Informe financiero Argentina — agosto 2026,"Dólar, inflación y tasas en Argentina durante agosto de 2026, con fecha de corte, fuente y escenarios para comparar decisiones.",1,0.33,alineado,title-canonico
https://hacecuentas.com/blog/ingresos-brutos-con-ejemplos-paso-a-paso,Ingresos Brutos con ejemplos paso a paso,informacional,Ingresos Brutos con ejemplos paso a paso | Hacé Cuentas,Ingresos Brutos con ejemplos paso a paso,"IIBB = facturación del período neta de IVA × alícuota… Incluye explicación, ejemplo resuelto y pasos para aplicar ingresos brutos con ejemplos paso a paso.",1,1,alineado,title-canonico
https://hacecuentas.com/blog/ingresos-brutos-diferencia-entre-facturacion-base-y-saldo,Ingresos Brutos,informacional,"Ingresos Brutos: facturación, base imponible y saldo","Ingresos Brutos: facturación, base imponible y saldo","Separá ventas, base imponible, retenciones, percepciones y saldo al revisar una liquidación de Ingresos Brutos.",1,1,alineado,title-canonico
https://hacecuentas.com/blog/ingresos-brutos-para-servicios-como-ordenar-una-primera-estimacion,Ingresos Brutos en servicios,informacional,Ingresos Brutos en servicios: primera estimación,Ingresos Brutos en servicios: primera estimación,"Organizá una estimación de Ingresos Brutos para servicios separando ingresos, actividad, jurisdicción y créditos.",1,1,alineado,title-canonico
https://hacecuentas.com/blog/la-capacidad-de-endeudamiento-con-ejemplos-paso-a-paso,la capacidad de endeudamiento con ejemplos paso a paso,informacional,la capacidad de endeudamiento con ejemplos paso a paso,la capacidad de endeudamiento con ejemplos paso a paso,"El ratio deuda/ingreso divide todos los pagos… Incluye explicación, ejemplo resuelto y pasos para aplicar la capacidad de endeudamiento con ejemplos paso…",1,1,alineado,title-canonico
https://hacecuentas.com/blog/la-comision-por-ventas-con-ejemplos-paso-a-paso,la comisión por ventas con ejemplos paso a paso,informacional,la comisión por ventas con ejemplos paso a paso,la comisión por ventas con ejemplos paso a paso,"La comisión por venta es una de las formas más usadas de remuneración variable en Argentina: vendedores en retail, corredores inmobiliarios, brokers de.",1,0.25,alineado,title-canonico
https://hacecuentas.com/blog/la-comparacion-de-prestamos-con-ejemplos-paso-a-paso,la comparación de préstamos con ejemplos paso a paso,comparacion-comercial,la comparación de préstamos con ejemplos paso a paso,la comparación de préstamos con ejemplos paso a paso,"Para comparar préstamos hay que mirar cuota, plazo y gastos juntos; la menor cuota no siempre implica el menor costo.",1,0.25,alineado,title-canonico
https://hacecuentas.com/blog/la-media-estadistica-con-ejemplos-paso-a-paso,la media estadística con ejemplos paso a paso,calculo,la media estadística con ejemplos paso a paso | Hacé Cuentas,la media estadística con ejemplos paso a paso,Para calcular las 4 medidas de un conjunto de datos: Media = suma de todos los valores ÷ cantidad (x̄ = Σxᵢ/n).,1,0.25,alineado,title-canonico
https://hacecuentas.com/blog/la-nota-necesaria-para-aprobar-con-ejemplos-paso-a-paso,la nota necesaria para aprobar con ejemplos paso a paso,informacional,la nota necesaria para aprobar con ejemplos paso a paso,la nota necesaria para aprobar con ejemplos paso a paso,"¿Tenés parciales rendidos y necesitás saber qué nota… Incluye explicación, ejemplo resuelto y pasos para aplicar la nota necesaria para aprobar…",1,0.6,alineado,title-canonico
https://hacecuentas.com/blog/la-proyeccion-de-ventas-con-ejemplos-paso-a-paso,la proyección de ventas con ejemplos paso a paso,informacional,la proyección de ventas con ejemplos paso a paso,la proyección de ventas con ejemplos paso a paso,La proyección de ventas con crecimiento compuesto sigue la fórmula: Ventas mes N = Ventas actuales × (1 + tasa)^N.,1,0.5,alineado,title-canonico
https://hacecuentas.com/blog/ladrillo-hueco-o-comun-como-comparar-para-una-pared,Ladrillo hueco o común: cómo comparar para una pared,comparacion-comercial,Ladrillo hueco o común: cómo comparar para una pared,Ladrillo hueco o común: cómo comparar para una pared,"Compará ladrillo hueco y común según uso, resistencia, peso, aislación, espesor y rendimiento por metro cuadrado.",1,0.6,alineado,title-canonico
https://hacecuentas.com/blog/las-percepciones-impositivas-con-ejemplos-paso-a-paso,las percepciones impositivas con ejemplos paso a paso,calculo,las percepciones impositivas con ejemplos paso a paso,las percepciones impositivas con ejemplos paso a paso,"Calculá una percepción a partir de la base y la… Incluye explicación, ejemplo resuelto y pasos para aplicar las percepciones impositivas con ejemplos…",1,0.75,alineado,title-canonico
https://hacecuentas.com/blog/las-retenciones-con-ejemplos-paso-a-paso,las retenciones con ejemplos paso a paso,calculo,las retenciones con ejemplos paso a paso | Hacé Cuentas,las retenciones con ejemplos paso a paso,"Calculá retenciones de la RG 830 con ejemplos de honorarios, alquileres y servicios: mínimo, alícuota y comprobación del importe retenido.",1,0.67,alineado,title-canonico
https://hacecuentas.com/blog/liquidacion-final-en-2026-que-revisar-con-la-normativa-vigente,Liquidación final en 2026,informacional,Liquidación final en 2026: qué revisar con la normativa,Liquidación final en 2026: qué revisar con la normativa vigente,"Revisá tu liquidación final en 2026 con la ley vigente, el convenio, la forma de salida, vacaciones, SAC y sistemas de cese.",1,1,alineado,title-canonico
https://hacecuentas.com/blog/liquidacion-final-indemnizacion-y-renuncia-que-comparar,"Liquidación final, indemnización y renuncia: qué comparar",comparacion-comercial,"Liquidación final, indemnización y renuncia: qué comparar","Liquidación final, indemnización y renuncia: qué comparar","Compará liquidación final, indemnización, renuncia, mutuo acuerdo y vencimiento de contrato para entender qué puede corresponder.",1,0.8,alineado,title-canonico
https://hacecuentas.com/blog/liquidacion-final-renuncia-despido,Liquidación final: renuncia vs despido en Argentina,comparacion-comercial,Liquidación final: renuncia vs despido en Argentina,Liquidación final: renuncia vs despido en Argentina,Qué conceptos integran la liquidación final al renunciar o ser despedido y cuáles corresponden solo fuera del período de prueba.,1,0.4,alineado,title-canonico
https://hacecuentas.com/blog/los-costos-fijos-y-variables-con-ejemplos-paso-a-paso,los costos fijos y variables con ejemplos paso a paso,informacional,los costos fijos y variables con ejemplos paso a paso,los costos fijos y variables con ejemplos paso a paso,"El costo total suma costos fijos y costo variable por… Incluye explicación, ejemplo resuelto y pasos para aplicar los costos fijos y variables…",1,0.6,alineado,title-canonico
https://hacecuentas.com/blog/ltv-vs-cac,LTV vs CAC: cómo medir rentabilidad y crecimiento,comparacion-comercial,LTV vs CAC: cómo medir rentabilidad y crecimiento,LTV vs CAC: cómo medir rentabilidad y crecimiento,"CAC es cuánto cuesta cada cliente nuevo sumando todas las inversiones marketing+ventas. Incluye explicación, ejemplo resuelto y pasos para aplicar ltv…",1,0.4,alineado,title-canonico
https://hacecuentas.com/blog/mantenimiento-hogar-cuentas-mensuales-2026,Cuánto cuesta mantener una casa,comparacion-comercial,Cuánto cuesta mantener una casa: las cuentas que nadie hace,Cuánto cuesta mantener una casa: las cuentas que nadie hace,"Gastos fijos de la casa, humedad y condensación, limpieza, pileta y huella de carbono: cinco cuentas de mantenimiento del hogar que conviene hacer…",1,0.33,alineado,title-canonico
https://hacecuentas.com/blog/markup-vs-margen,Markup vs margen,comparacion-comercial,Markup vs margen | Hacé Cuentas,Markup vs margen,"Compará markup y margen de ganancia con las dos fórmulas, ejemplos sobre costo y precio final, y una guía para elegir la métrica correcta.",1,1,alineado,title-canonico
https://hacecuentas.com/blog/medir-bien-en-la-cocina-2026,Medir bien en la cocina,informacional,"Medir bien en la cocina: tazas, horno, porciones y recetas","Medir bien en la cocina: tazas, horno, porciones y recetas","Cuántos gramos es una taza, a qué temperatura poner el horno, cuánto arroz o pasta por persona y cómo adaptar una receta a tu molde.",1,0,alineado,title-canonico
https://hacecuentas.com/blog/medir-riesgo-antes-de-invertir-2026,Riesgo al invertir,comparacion-comercial,"Riesgo al invertir: cartera, opciones y apalancamiento","Riesgo al invertir: cartera, opciones y apalancamiento","Cómo medir el riesgo de tu cartera con Sharpe y correlación, saber qué vale una opción call o put, y calcular a qué precio te liquidan si operás apalancado.",1,0.5,alineado,title-canonico
https://hacecuentas.com/blog/millas-escalas-y-horarios-de-vuelo-2026,"Millas, escalas y horarios",comparacion-comercial,"Millas, escalas y horarios: las cuentas del vuelo","Millas, escalas y horarios: las cuentas del vuelo","Cuántas millas necesitás para tu destino, cuándo conviene canjearlas en vez de pagar, con cuánto tiempo llegar al aeropuerto y qué hora es allá…",1,0.33,alineado,title-canonico
https://hacecuentas.com/blog/millas-o-dinero-como-decidir-si-conviene-canjear,Millas o dinero,comparacion-comercial,Millas o dinero: cómo decidir si conviene canjear,Millas o dinero: cómo decidir si conviene canjear,"Compará canje de millas y compra en efectivo según valor, tasas, flexibilidad y oportunidad de las millas.",1,0.5,alineado,title-canonico
https://hacecuentas.com/blog/millas-y-escalas-como-comparar-dos-itinerarios,Millas y escalas: cómo comparar dos itinerarios,comparacion-comercial,Millas y escalas: cómo comparar dos itinerarios,Millas y escalas: cómo comparar dos itinerarios,"Compará itinerarios con millas considerando tramos, tasas, tiempo de viaje, equipaje y reglas de emisión.",1,0.4,alineado,title-canonico
https://hacecuentas.com/blog/monotributo-errores-que-pueden-generar-recategorizacion,Monotributo: errores que pueden generar recategorización,informacional,Monotributo: errores que pueden generar recategorización,Monotributo: errores que pueden generar recategorización,"Detectá errores de facturación, parámetros y fechas que pueden llevar a una categoría incorrecta de monotributo.",1,0.6,alineado,title-canonico
https://hacecuentas.com/blog/monotributo-o-responsable-inscripto-como-comparar,Monotributo o responsable inscripto: cómo comparar,comparacion-comercial,Monotributo o responsable inscripto: cómo comparar,Monotributo o responsable inscripto: cómo comparar,"Compará monotributo y régimen general según facturación, obligaciones, crédito fiscal, costos administrativos y proyección.",1,0.25,alineado,title-canonico
https://hacecuentas.com/blog/monotributo-social-y-monotributo-general-que-diferencia-revisar,Monotributo social y monotributo general,informacional,Monotributo social y monotributo general,Monotributo social y monotributo general: qué diferencia revisar,"Ordená las diferencias entre modalidades de monotributo y verificá requisitos, aportes y cobertura antes de elegir.",1,0.33,alineado,title-canonico
https://hacecuentas.com/blog/nafta-super-o-premium-como-comparar-el-costo-por-kilometro,Nafta súper o premium: cómo comparar el costo por kilómetro,comparacion-comercial,Nafta súper o premium: cómo comparar el costo por kilómetro,Nafta súper o premium: cómo comparar el costo por kilómetro,"Compará combustibles por costo real cada kilómetro, consumo y recomendación del fabricante, sin decidir solo por el precio del surtidor.",1,0.33,alineado,title-canonico
https://hacecuentas.com/blog/numeros-de-fotografia-y-video-2026,Los números que todo fotógrafo y creador tiene que dominar,calculo,Los números que todo fotógrafo y creador tiene que dominar,Los números que todo fotógrafo y creador tiene que dominar,"Exposición, profundidad de campo, peso de archivos y BPM: los cálculos que separan al creador que adivina del que sabe. Guía práctica con calculadoras.",1,0.17,alineado,title-canonico
https://hacecuentas.com/blog/numeros-emprendimiento,Los cinco números que ordenan un emprendimiento,calculo,Los cinco números que ordenan un emprendimiento,Los cinco números que ordenan un emprendimiento,"Guía práctica con calculadoras conectadas para los… Incluye explicación, ejemplo resuelto y pasos para aplicar los cinco números que ordenan…",1,0.75,alineado,title-canonico
https://hacecuentas.com/blog/numeros-legales-de-la-familia-2026,Los números legales de la familia,calculo,"Los números legales de la familia: cuota, herencia y ANSES","Los números legales de la familia: cuota, herencia y ANSES","Cuota alimentaria, herencia y sucesión, y asignaciones familiares de ANSES: cómo se calculan los tres números legales que más discusiones familiares…",1,0.67,alineado,title-canonico
https://hacecuentas.com/blog/obra-tradicional-steel-frame-o-prefabricada-que-costo-comparar,"Obra tradicional, steel frame o prefabricada",comparacion-comercial,"Obra tradicional, steel frame o prefabricada","Obra tradicional, steel frame o prefabricada: qué costo comparar","Compará obra tradicional, steel frame y prefabricada por costo total, plazo, terminaciones, logística y mantenimiento.",1,1,alineado,title-canonico
https://hacecuentas.com/blog/ordenar-la-plata-del-mes-2026,Cómo ordenar la plata del mes,comparacion-comercial,"Cómo ordenar la plata del mes: gastos, ahorro y tu tarifa","Cómo ordenar la plata del mes: gastos, ahorro y tu tarifa","Ordená tus finanzas del mes: en qué se va la plata, cómo dividir gastos en pareja, fijar una meta de ahorro, cobrar bien como freelance y sumar tu beca.",1,0.67,alineado,title-canonico
https://hacecuentas.com/blog/organizar-una-fiesta-grande-2026,Organizar una fiesta grande,comparacion-comercial,"Organizar una fiesta grande: presupuesto, comida y logística","Organizar una fiesta grande: presupuesto, comida y logística","Cuánto cuesta un casamiento o cumpleaños grande, cuánta comida por invitado y cuántas mesas, sillas y mozos hacen falta. La fiesta con números, sin sustos.",1,0.67,alineado,title-canonico
https://hacecuentas.com/blog/paquete-economico-2027-mexico-8-septiembre,Paquete Económico 2027 México,informacional,Paquete Económico 2027 México: fechas y qué se sabe,"Paquete Económico 2027 en México: qué es, cuándo se entrega y qué podría cambiar","Paquete Económico 2027: se entrega a más tardar el 8 de septiembre de 2026. Calendario legislativo, Pre-Criterios y por qué no habrá nuevas tablas de ISR.",1,0.75,alineado,title-canonico
https://hacecuentas.com/blog/patente-automotor-por-que-cambia-de-un-ano-a-otro,Patente automotor,informacional,Patente automotor: por qué cambia de un año a otro,Patente automotor: por qué cambia de un año a otro,"Conocé las causas de variación de la patente entre períodos y cómo revisar valuación, cuotas y beneficios.",1,0.5,alineado,title-canonico
https://hacecuentas.com/blog/patente-de-un-auto-nuevo-como-estimar-el-primer-ano,Patente de un auto nuevo,calculo,Patente de un auto nuevo: cómo estimar el primer año,Patente de un auto nuevo: cómo estimar el primer año,"Organizá una estimación de patente para un auto nuevo considerando alta, valuación, jurisdicción y cuotas parciales.",1,1,alineado,title-canonico
https://hacecuentas.com/blog/percentiles-infantiles-que-significa-cambiar-de-curva,Percentiles infantiles,informacional,Percentiles infantiles: qué significa cambiar de curva,Percentiles infantiles: qué significa cambiar de curva,Aprendé a mirar la tendencia de peso y talla infantil sin interpretar un cambio de percentil como diagnóstico automático.,1,0,alineado,title-canonico
https://hacecuentas.com/blog/peso-ideal-e-imc-en-2026-que-revisar-antes-de-fin-de-ano,Peso ideal e IMC en 2026,informacional,Peso ideal e IMC en 2026: qué revisar antes de fin de año,Peso ideal e IMC en 2026: qué revisar antes de fin de año,"Revisá qué significa el IMC en 2026, qué datos sumar y cómo seguir tu peso hasta diciembre sin perseguir una cifra aislada ni caer en modas.",1,0.75,alineado,title-canonico
https://hacecuentas.com/blog/peso-ideal-imc-y-cintura-que-dato-conviene-mirar,"Peso ideal, IMC y cintura",comparacion-comercial,"Peso ideal, IMC y cintura: qué dato conviene mirar","Peso ideal, IMC y cintura: qué dato conviene mirar","IMC, cintura y peso ideal miden cosas distintas. Conocé qué aporta cada indicador y cómo combinarlos para entender tu resultado sin apurarte.",1,1,alineado,title-canonico
https://hacecuentas.com/blog/peso-y-talla-infantil-errores-que-distorsionan-el-resultado,Peso y talla infantil,informacional,Peso y talla infantil: errores que distorsionan el resultado,Peso y talla infantil: errores que distorsionan el resultado,"Evitá errores de edad, postura, ropa y unidades al registrar peso y talla infantil.",1,1,alineado,title-canonico
https://hacecuentas.com/blog/planificar-jubilacion-anses-2026,Jubilación ANSES,informacional,"Jubilación ANSES: cuándo, cuánto, pensiones y trámites","Jubilación ANSES: cuándo, cuánto, pensiones y trámites","Cuándo te podés jubilar, cuánto vas a cobrar, qué pensión te corresponde, cómo impacta un crédito ANSES en tu haber y qué cuestan los trámites…",1,0.5,alineado,title-canonico
https://hacecuentas.com/blog/planificar-viaje-al-exterior-checklist-2026,Viaje al exterior,informacional,"Viaje al exterior: presupuesto, visa, valija y aduana","Viaje al exterior: presupuesto, visa, valija y aduana","Checklist con números para viajar al exterior: presupuesto por rubro, visas y pasaporte, cuánta ropa llevar sin pagar exceso, jet lag, datos móviles…",1,0.5,alineado,title-canonico
https://hacecuentas.com/blog/plata-para-mudarse-alquilar-o-comprar-2026,La plata de mudarse,informacional,"La plata de mudarse: entrar a un alquiler, hipoteca","La plata de mudarse: entrar a un alquiler, hipoteca o invertir","Cuánta plata hace falta para entrar a un alquiler, si calificás para un crédito hipotecario UVA y cuánto rinde una propiedad: las tres cuentas…",1,0.5,alineado,title-canonico
https://hacecuentas.com/blog/plazo-fijo-como-decidir-entre-tasa-y-liquidez,Plazo fijo: cómo decidir entre tasa y liquidez,informacional,Plazo fijo: cómo decidir entre tasa y liquidez,Plazo fijo: cómo decidir entre tasa y liquidez,Evaluá cuánto rendimiento extra justifica inmovilizar dinero en un plazo fijo y armá un fondo de liquidez.,1,0.5,alineado,title-canonico
https://hacecuentas.com/blog/plazo-fijo-tradicional-o-cuenta-remunerada-como-comparar,Plazo fijo tradicional o cuenta remunerada: cómo comparar,comparacion-comercial,Plazo fijo tradicional o cuenta remunerada: cómo comparar,Plazo fijo tradicional o cuenta remunerada: cómo comparar,"Compará plazo fijo y cuenta remunerada según tasa, disponibilidad, garantía, renovación y objetivo de liquidez.",1,0.67,alineado,title-canonico
https://hacecuentas.com/blog/poner-precio-negocio-servicios-2026,Cómo ponerle precio a lo que vendés,comparacion-comercial,Cómo ponerle precio a lo que vendés,"Cómo ponerle precio a lo que vendés (producto, hora y negocio)","A cuánto vender tu producto, cuánto cobrar la hora como freelancer, cuánto te come la comisión de la plataforma y cuánto vale tu negocio si lo vendés.",1,0.33,alineado,title-canonico
https://hacecuentas.com/blog/porcentaje-acumulado-como-aplicar-varios-cambios-seguidos,Porcentaje acumulado,calculo,Porcentaje acumulado: cómo aplicar varios cambios seguidos,Porcentaje acumulado: cómo aplicar varios cambios seguidos,Entendé cómo calcular cambios porcentuales sucesivos y por qué no se deben sumar automáticamente.,1,0,alineado,title-canonico
https://hacecuentas.com/blog/porcentaje-de-variacion-como-medir-cuanto-cambio-algo,Porcentaje de variación,calculo,Porcentaje de variación: cómo medir cuánto cambió algo,Porcentaje de variación: cómo medir cuánto cambió algo,Calculá la variación porcentual entre un valor inicial y uno final y elegí correctamente la base de comparación.,1,0.5,alineado,title-canonico
https://hacecuentas.com/blog/porcentajes-en-una-planilla-formulas-y-controles-basicos,Porcentajes en una planilla,informacional,Porcentajes en una planilla: fórmulas y controles básicos,Porcentajes en una planilla: fórmulas y controles básicos,"Organizá porcentajes en una planilla usando bases explícitas, controles de suma y fórmulas reproducibles.",1,1,alineado,title-canonico
https://hacecuentas.com/blog/preguntas-frecuentes-sobre-el-consumo-electrico,Preguntas frecuentes sobre el consumo eléctrico,calculo,Preguntas frecuentes sobre el consumo eléctrico,Preguntas frecuentes sobre el consumo eléctrico,"Respuestas sobre consumo eléctrico: cómo pasar watts a kWh, estimar horas de uso, leer la factura y detectar qué aparato explica el gasto.",1,0.6,alineado,title-canonico
https://hacecuentas.com/blog/preguntas-frecuentes-sobre-el-impuesto-a-las-ganancias,Preguntas frecuentes sobre el Impuesto a las Ganancias,comparacion-comercial,Preguntas frecuentes sobre el Impuesto a las Ganancias,Preguntas frecuentes sobre el Impuesto a las Ganancias,"Respuestas claras sobre Ganancias para empleados: quién paga, qué se deduce, cómo entra el aguinaldo y cuándo conviene revisar la liquidación.",1,0.4,alineado,title-canonico
https://hacecuentas.com/blog/preguntas-frecuentes-sobre-las-retenciones,Preguntas frecuentes sobre las retenciones,informacional,Preguntas frecuentes sobre las retenciones | Hacé Cuentas,Preguntas frecuentes sobre las retenciones,"Preguntas frecuentes sobre retenciones: quién retiene, qué base usar, mínimos, certificados y tratamiento según la operación.",1,1,alineado,title-canonico
https://hacecuentas.com/blog/presupuesto-de-una-pared-de-ladrillos-rubros-que-no-hay-que-olvidar,Presupuesto de una pared de ladrillos,informacional,Presupuesto de una pared de ladrillos: rubros clave,Presupuesto de una pared de ladrillos: rubros clave,"Armá un presupuesto completo de pared de ladrillos con unidades, mortero, mano de obra, transporte y terminación.",1,1,alineado,title-canonico
https://hacecuentas.com/blog/principios-basicos-de-combinatoria,Principios básicos de combinatoria,informacional,Principios básicos de combinatoria | Hacé Cuentas,Principios básicos de combinatoria,"Entendé los principios básicos de combinatoria: regla del producto, combinaciones y permutaciones, con criterios simples para no confundirlas.",1,1,alineado,title-canonico
https://hacecuentas.com/blog/punto-de-equilibrio-para-comercios,Punto de equilibrio para comercios,calculo,Punto de equilibrio para comercios | Hacé Cuentas,Punto de equilibrio para comercios,"Calculá el punto de equilibrio de un comercio con alquiler, sueldos, mercadería y comisiones para saber cuántas unidades necesitás vender.",1,0.67,alineado,title-canonico
https://hacecuentas.com/blog/puntos-porcentuales-vs-porcentaje-diferencia,Puntos porcentuales vs. porcentaje: cuál es la diferencia,comparacion-comercial,Puntos porcentuales vs. porcentaje: cuál es la diferencia,Puntos porcentuales vs. porcentaje: cuál es la diferencia,"Si una tasa pasa de 10% a 15%, sube 5 puntos porcentuales pero aumenta 50%. Entendé la diferencia con fórmulas y ejemplos claros.",1,0.6,alineado,title-canonico
https://hacecuentas.com/blog/que-es-el-consumo-electrico,Qué es el consumo eléctrico,calculo,Qué es el consumo eléctrico | Hacé Cuentas,Qué es el consumo eléctrico,Entendé qué es el consumo eléctrico y cómo pasar potencia y horas de uso a kWh mensuales para estimar el impacto de cada electrodoméstico.,1,1,alineado,title-canonico
https://hacecuentas.com/blog/que-es-el-desvio-estandar,Qué es el desvío estándar,informacional,Qué es el desvío estándar | Hacé Cuentas,Qué es el desvío estándar,"La varianza (σ²) mide cuánto se dispersan los datos respecto a su media, y el desvío estándar (σ) es su raíz cuadrada, con las mismas unidades…",1,1,alineado,title-canonico
https://hacecuentas.com/blog/que-es-el-precio-por-unidad,Qué es el precio por unidad,comparacion-comercial,Qué es el precio por unidad | Hacé Cuentas,Qué es el precio por unidad,El precio por unidad es el precio del paquete dividido por la cantidad; para packs distintos conviene además dividir por el contenido total.,1,1,alineado,title-canonico
https://hacecuentas.com/blog/que-es-el-punto-de-equilibrio,Qué es el punto de equilibrio,calculo,Qué es el punto de equilibrio | Hacé Cuentas,Qué es el punto de equilibrio,"Qué es el punto de equilibrio, cómo se calcula y cómo interpretar el resultado para cubrir costos antes de proyectar ganancias.",1,1,alineado,title-canonico
https://hacecuentas.com/blog/que-es-la-comparacion-de-precios,Qué es la comparación de precios,comparacion-comercial,Qué es la comparación de precios | Hacé Cuentas,Qué es la comparación de precios,"Dividí el precio de cada opción por su cantidad en la misma… Incluye explicación, ejemplo resuelto y pasos para aplicar qué es la comparación de precios.",1,1,alineado,title-canonico
https://hacecuentas.com/blog/quimica-y-cielo-para-estudiantes-2026,De la probeta al cosmos,calculo,De la probeta al cosmos: química y astronomía,De la probeta al cosmos: química y astronomía con calculadora,"pH, molaridad, diluciones, peso en otros planetas y fases lunares: los cálculos de química y astronomía que todo estudiante puede resolver bien.",1,0,alineado,title-canonico
https://hacecuentas.com/blog/recargo-dominical-90-colombia-julio-2026,Recargo dominical 90% Colombia,calculo,Recargo dominical 90% Colombia: revisa tu nómina,Recargo dominical y festivo del 90% en Colombia: cómo revisar tu recibo de nómina de julio 2026,"El recargo dominical y festivo subió al 90% el 1 de julio de 2026 (Ley 2466). Cómo se calcula, cuánto vale un domingo con el mínimo y cómo auditar…",1,0.67,alineado,title-canonico
https://hacecuentas.com/blog/recargos-en-domingo-y-festivo-en-colombia-que-separar,Recargos en domingo y festivo en Colombia,informacional,Recargos en domingo y festivo en Colombia: qué separar,Recargos en domingo y festivo en Colombia: qué separar,"Revisá cómo ordenar trabajo en domingos y festivos en Colombia sin confundir recargo, descanso compensatorio y hora extra.",1,0.25,alineado,title-canonico
https://hacecuentas.com/blog/renta-personas-naturales-en-2026-que-revisar-antes-de-declarar,Renta personas naturales en 2026,informacional,Renta personas naturales en 2026: qué revisar antes,Renta personas naturales en 2026: qué revisar antes de declarar,"Revisá UVT, topes, calendario y documentos de renta para personas naturales en Colombia antes de declarar en 2026.",1,1,alineado,title-canonico
https://hacecuentas.com/blog/rentabilidad-negocio,Rentabilidad,calculo,"Rentabilidad: punto de equilibrio, márgenes, markup y ROI","Rentabilidad: punto de equilibrio, márgenes, markup y ROI","Guía práctica con calculadoras conectadas para rentabilidad de un negocio: punto de equilibrio, márgenes, markup y roi.",1,1,alineado,title-canonico
https://hacecuentas.com/blog/salario-mensual-o-por-hora-en-paraguay-como-convertir-sin-perder-contexto,Salario mensual o por hora en Paraguay,calculo,Salario mensual o por hora en Paraguay: cómo convertirlo,Salario mensual o por hora en Paraguay: cómo convertirlo,"Compará salarios mensuales y por hora teniendo en cuenta jornada, horas reales, beneficios, descansos y descuentos.",1,0.25,alineado,title-canonico
https://hacecuentas.com/blog/salario-minimo-agosto-2026,Salario mínimo agosto 2026,informacional,Salario mínimo agosto 2026: nuevo monto de $376.600,Salario mínimo agosto 2026: nuevo monto de $376.600,"El salario mínimo sube a $376.600 desde el 1 de agosto de 2026. Mirá el valor mensual, por hora y qué prestaciones puede modificar.",1,1,alineado,title-canonico
https://hacecuentas.com/blog/salario-minimo-mexico-2027-que-se-espera,Salario mínimo México 2027,calculo,Salario mínimo México 2027: cálculo y fecha oficial,Salario mínimo México 2027: qué se sabe y cuándo se define,"El salario mínimo México 2027 todavía no está definido. Consulta valores oficiales 2026 y calcula escenarios diarios, mensuales y con MIR.",1,1,alineado,title-canonico
https://hacecuentas.com/blog/salir-de-deudas-plan-completo-2026,"Deudas: tarjeta, préstamo y el plan para salir",comparacion-comercial,"Deudas: tarjeta, préstamo y el plan para salir","Deudas: tarjeta, préstamo y el plan para salir","Qué te cuesta pagar el mínimo de la tarjeta, cómo comparar un préstamo por CFT y no por cuota, y cómo armar un plan real para salir de las deudas paso…",1,1,alineado,title-canonico
https://hacecuentas.com/blog/seguro-de-desempleo-errores-que-pueden-retrasar-el-tramite,Seguro de desempleo,informacional,Seguro de desempleo: errores que pueden retrasar el trámite,Seguro de desempleo: errores que pueden retrasar el trámite,"Detectá errores de plazo, causal, datos personales y documentación al solicitar el seguro de desempleo.",1,1,alineado,title-canonico
https://hacecuentas.com/blog/seguro-de-desempleo-que-documentos-preparar,Seguro de desempleo,informacional,Seguro de desempleo: qué documentos preparar,Seguro de desempleo: qué documentos preparar,"Prepará DNI, constancias laborales, fecha de cese y documentación de la relación para solicitar el seguro de desempleo.",1,1,alineado,title-canonico
https://hacecuentas.com/blog/semanas-de-embarazo-en-2026-que-revisar-en-cada-etapa,Semanas de embarazo en 2026,informacional,Semanas de embarazo en 2026: qué revisar en cada etapa,Semanas de embarazo en 2026: qué revisar en cada etapa,"Revisá cómo usar las semanas de embarazo en 2026 para ordenar controles, estudios y preguntas sin reemplazar la atención prenatal.",1,1,alineado,title-canonico
https://hacecuentas.com/blog/semanas-de-embarazo-fecha-de-parto-y-ecografia-que-pesa-mas,"Semanas de embarazo, fecha de parto y ecografía",informacional,"Semanas de embarazo, fecha de parto y ecografía","Semanas de embarazo, fecha de parto y ecografía: qué pesa más","Compará última menstruación, fecha probable de parto y ecografía para entender qué dato sirve en cada etapa del embarazo.",1,0.8,alineado,title-canonico
https://hacecuentas.com/blog/sobrevivir-la-facultad-con-numeros-2026,Sobrevivir la facultad con números,comparacion-comercial,"Sobrevivir la facultad con números: promedio, finales y plan","Sobrevivir la facultad con números: promedio, finales y plan","Guía para cursar sin sorpresas: qué nota necesitás para aprobar, cómo se calcula tu promedio real, cuánto te falta para recibirte y cuánto cuesta estudiar.",1,0,alineado,title-canonico
https://hacecuentas.com/blog/sueldo-bruto-neto-y-monotributo-que-alternativa-comparar,"Sueldo bruto, neto y monotributo: qué alternativa comparar",comparacion-comercial,"Sueldo bruto, neto y monotributo: qué alternativa comparar","Sueldo bruto, neto y monotributo: qué alternativa comparar","Compará sueldo bruto, neto y monotributo incorporando aportes, vacaciones, salud, impuestos, beneficios y días sin facturar.",1,0.67,alineado,title-canonico
https://hacecuentas.com/blog/sueldo-bruto-y-neto-en-paraguay-como-comparar-dos-ofertas,Sueldo bruto y neto en Paraguay: cómo comparar dos ofertas,comparacion-comercial,Sueldo bruto y neto en Paraguay: cómo comparar dos ofertas,Sueldo bruto y neto en Paraguay: cómo comparar dos ofertas,"Compará propuestas laborales paraguayas por salario bruto, neto estimado, beneficios, frecuencia de pago y estabilidad.",1,0.29,alineado,title-canonico
https://hacecuentas.com/blog/sueldo-de-convenio-salario-real-y-adicionales-que-comparar,"Sueldo de convenio, salario real y adicionales: qué comparar",comparacion-comercial,"Sueldo de convenio, salario real y adicionales: qué comparar","Sueldo de convenio, salario real y adicionales: qué comparar","Separá básico, adicionales, horas extras y mejoras para comparar tu sueldo real con el convenio correcto sin mezclar bruto y neto.",1,0.83,alineado,title-canonico
https://hacecuentas.com/blog/sueldo-real-argentino-2026,Sueldo real en Argentina 1994-2026,informacional,Sueldo real en Argentina 1994-2026: perdió 23% desde 2017,El sueldo real argentino 1994-2026: cuánto perdimos en 30 años,"¿Cuánto perdió el sueldo argentino? El salario real cayó 23% desde 2017: en dólar blue el promedio cobra USD 1.207, contra USD 1.451 en 2017. RIPTE + IPC.",0.8,0.4,alineado,title-canonico
https://hacecuentas.com/blog/sueldos-bruto-y-neto-en-2026-que-revisar-este-ano,Sueldos bruto y neto en 2026,informacional,Sueldos bruto y neto en 2026: qué revisar este año,Sueldos bruto y neto en 2026: qué revisar este año,"Revisá sueldo bruto y neto en 2026 con aportes, descuentos, escalas, Ganancias, acuerdos salariales y el recibo del mes.",1,0.75,alineado,title-canonico
https://hacecuentas.com/blog/sueldos-por-convenio-en-2026-que-revisar-este-ano,Sueldos por convenio en 2026,informacional,Sueldos por convenio en 2026: qué revisar este año,Sueldos por convenio en 2026: qué revisar este año,"Revisá escalas, actas, categorías y sumas salariales para entender tu sueldo de convenio y detectar diferencias durante 2026.",1,0.67,alineado,title-canonico
https://hacecuentas.com/blog/tablero-control-pyme-caja-marketing-2026,El tablero de tu pyme,informacional,"El tablero de tu pyme: caja, costo por cliente y salud","El tablero de tu pyme: caja, costo por cliente y salud de marca","Por qué vendés bien y no tenés plata, cuánto te cuesta conseguir un cliente con publicidad y cómo saber si tu NPS y tus métricas de marca están bien.",1,0,alineado,title-canonico
https://hacecuentas.com/blog/talles-de-calzado-como-pasar-de-centimetros-a-una-etiqueta,Talles de calzado,informacional,Talles de calzado: cómo pasar de centímetros a una etiqueta,Talles de calzado: cómo pasar de centímetros a una etiqueta,"Medí ambos pies, convertí centímetros y revisá horma, ancho y política de cambios para comprar calzado.",1,0.5,alineado,title-canonico
https://hacecuentas.com/blog/talles-internacionales-diferencias-entre-centimetros-letras-y-numeros,Talles internacionales,informacional,"Talles internacionales: centímetros, letras y números","Talles internacionales: centímetros, letras y números",Entendé sistemas de talles internacionales y evitá elegir por equivalencias genéricas al comprar ropa en otro país.,1,1,alineado,title-canonico
https://hacecuentas.com/blog/tarjeta-sube-guia-completa-2026,Tarjeta SUBE 2026,comparacion-comercial,"Tarjeta SUBE 2026: tarifas, registro, carga y descuentos","Tarjeta SUBE 2026: tarifas, registro, carga y descuentos","Guía completa de la tarjeta SUBE en 2026: tarifas de julio, cómo registrarla y cargarla, Tarifa Social, RED SUBE, CUD, saldo máximo y calculadora.",1,1,alineado,title-canonico
https://hacecuentas.com/blog/te-echaron-o-renunciaste-guia-numeros-2026,Te echaron o renunciaste,informacional,Te echaron o renunciaste: números antes de firmar,Te echaron o renunciaste: números antes de firmar,"Indemnización por despido, liquidación final, sueldo de convenio y servicio doméstico: qué te corresponde cobrar en cada caso, cómo verificarlo paso…",1,0,alineado,title-canonico
https://hacecuentas.com/blog/terminaciones-y-muebles-calculos-2026,"Pintura, pisos y muebles",calculo,"Pintura, pisos y muebles: las cuentas de la etapa","Pintura, pisos y muebles: las cuentas de la etapa de terminaciones","Cuántos litros de pintura, cuántas cajas de cerámicos, cuánta placa de madera y qué medida de mueble entra: las cuatro cuentas de terminaciones bien hechas.",1,0.33,alineado,title-canonico
https://hacecuentas.com/blog/tina-asistente-virtual-estado-como-usar,Tina: qué es y cómo usar la asistente virtual del Estado,informacional,Tina: qué es y cómo usar la asistente virtual del Estado,Tina: qué es y cómo usar la asistente virtual del Estado,"Qué es Tina, para qué sirve y cómo usar la asistente virtual del Estado en WhatsApp, Mi Argentina y Argentina.gob.ar. Número oficial, trámites y seguridad.",1,1,alineado,title-canonico
https://hacecuentas.com/blog/transferir-un-auto-que-revisar-de-patente-y-deuda,Transferir un auto,informacional,Transferir un auto: qué revisar de patente y deuda,Transferir un auto: qué revisar de patente y deuda,"Revisá patente, multas, radicación y deuda antes de transferir un vehículo para evitar costos inesperados.",1,0.5,alineado,title-canonico
https://hacecuentas.com/blog/traslado-regimen-pensional-colombia-16-julio-2026,Traslado de régimen pensional,informacional,Traslado de régimen pensional: hasta el 16 de julio,Traslado de régimen pensional en Colombia: el plazo cierra el 16 de julio de 2026,"El traslado de régimen pensional vence el 16 de julio de 2026. Requisitos, doble asesoría y qué mirar antes de elegir entre Colpensiones y un fondo privado.",1,1,alineado,title-canonico
https://hacecuentas.com/blog/un-aumento-por-inflacion-con-ejemplos-paso-a-paso,un aumento por inflación con ejemplos paso a paso,informacional,un aumento por inflación con ejemplos paso a paso,un aumento por inflación con ejemplos paso a paso,"El IPC del INDEC mide la inflación mensual oficial de Argentina: en 2026 acumula +14,7% de enero a mayo (mayo +2,1%, abril +2,6%, marzo +3,4%), un factor…",1,0.25,alineado,title-canonico
https://hacecuentas.com/blog/vacaciones-de-una-empleada-domestica-como-ordenar-la-cuenta,Vacaciones de una empleada doméstica,calculo,Vacaciones de una empleada doméstica: cómo ordenar la cuenta,Vacaciones de una empleada doméstica: cómo ordenar la cuenta,"Organizá el cálculo de vacaciones de personal de casas particulares con antigüedad, fecha de inicio y documentación.",1,0.33,alineado,title-canonico
https://hacecuentas.com/blog/vacaciones-invierno-2026-cuanto-sale-presupuesto,Vacaciones de invierno 2026,informacional,Vacaciones de invierno 2026: cómo armar el presupuesto,Vacaciones de invierno 2026: cómo armar el presupuesto,"¿Cuánto sale un viaje en vacaciones de invierno 2026? Estimá 4 rubros: transporte, alojamiento, comida y actividades.",1,1,alineado,title-canonico
https://hacecuentas.com/blog/viaje-largo-en-auto-que-gastos-suelen-quedar-afuera-del-calculo,Viaje largo en auto,calculo,Viaje largo en auto: qué gastos suelen quedar afuera,Viaje largo en auto: qué gastos suelen quedar afuera del cálculo,"Prepará un presupuesto de viaje en auto incluyendo combustible, peajes, estacionamiento, desvíos y contingencias previsibles.",1,0.67,alineado,title-canonico
https://hacecuentas.com/blog/vivir-de-crear-contenido-numeros-2026,Vivir de crear contenido,informacional,Vivir de crear contenido: los números que tenés que mirar,Vivir de crear contenido: los números que tenés que mirar,"Cuánto paga cada plataforma por tus views, cuánto cobrar por un canje o publicidad, cómo publicar en cada red y qué deja vender tu propia obra.",1,0,alineado,title-canonico
https://hacecuentas.com/buscar,Hubs de decisión,navegacional,Hubs de decisión — encontrá qué resolver | Hacé Cuentas,Contanos qué necesitás resolver.,"Explorá todos los hubs de decisión de Hacé Cuentas por problema, tema y país. Respuestas conectadas para decidir con datos y fuentes vigentes.",0,1,alineado,title-canonico
https://hacecuentas.com/calculadora,Calculadora online gratis,calculo,Calculadora online gratis — Hacé Cuentas,Calculadora online gratis,"Calculadora online gratis: escribí cualquier operación y obtené el resultado al instante, o elegí entre 200 calculadoras de sueldo, porcentajes, IMC…",1,1,alineado,title-canonico
https://hacecuentas.com/calculadora-actualizacion-inflacion-ipc,IPC julio 2026,calculo,IPC julio 2026: calculadora de inflación INDEC,¿Cuánto vale hoy un monto de otro año?,"Actualizá un monto por inflación con el IPC oficial del INDEC. Elegí mes inicial y final, calculá el factor acumulado y compará poder adquisitivo.",0,0.33,refuerzo-visible-automatico,title-canonico
https://hacecuentas.com/calculadora-cientifica,Calculadora científica online con funciones avanzadas,calculo,Calculadora científica online con funciones avanzadas,"Todo el poder de una científica, sin complicarte.","Resolvé potencias, raíces, logaritmos, trigonometría y expresiones científicas desde el navegador, sin registro y con resultados inmediatos.",0.33,0,alineado,title-canonico
https://hacecuentas.com/calculadora-consumo-electrodomesticos,Calculadora de Consumo de Electrodomésticos,calculo,Calculadora de Consumo de Electrodomésticos,¿Cuánta luz consumen tus electrodomésticos?,"Elegí tus electrodomésticos (aire, heladera, TV, lavarropas y +45 más), ajustá horas de uso y descubrí cuántos kWh consume tu casa y cuánto pagás por mes.",0.5,0.5,alineado,title-canonico
https://hacecuentas.com/calculadora-conversor-metros-lineales-a-metros-cuadrados,Metros Lineales a m²,calculo,"Metros Lineales a m²: tela, alfombra, membrana y chapa",De metros lineales a metros cuadrados,"Convertí metros lineales a metros cuadrados con anchos típicos de tela, alfombra, membrana, chapa, madera y papel tapiz. Incluye ida y vuelta.",1,1,alineado,title-canonico
https://hacecuentas.com/calculadora-formula-1,Calculadora de Fórmula 1 2026,calculo,"Calculadora de Fórmula 1 2026: Puntos, Campeonato",Calculadora de Fórmula 1 2026,"Multicalculadora de Fórmula 1 2026: sumá los puntos de un piloto por sus resultados, mirá la tabla de puntos por posición (carrera y sprint), calculá si…",1,1,alineado,title-canonico
https://hacecuentas.com/calculadora-interes-judicial-tasa,Interés judicial,calculo,Interés judicial: estimador con tasa manual y fechas,Estimador de interés judicial,"Estimá interés simple entre dos fechas con la TNA indicada en tu expediente. Resultado orientativo, fórmula visible y fuentes oficiales.",1,0.5,alineado,title-canonico
https://hacecuentas.com/calculadora-validar-cbu-cvu-identificar-banco,Validar CBU o CVU,calculo,Validar CBU o CVU: de qué banco o billetera es,Validar CBU o CVU: ¿de qué banco es? 🇦🇷,Pegá un CBU o CVU de 22 dígitos y verificá si es válido con los dígitos verificadores del BCRA.,1,0.67,alineado,title-canonico
https://hacecuentas.com/calculadoras-evento,Calculadoras para tu asado o evento,calculo,Calculadoras para tu asado o evento,"Calculadoras para tu asado, fiesta o evento","Organizá tu asado, cumpleaños, juntada o casamiento sin que falte ni sobre: calculá comida, bebida, hielo, mesas, sillas y presupuesto.",1,0.33,alineado,title-canonico
https://hacecuentas.com/calculadoras-fin-de-semana,Calculadoras para el fin de semana,calculo,"Calculadoras para el fin de semana: asado, fiesta, escapada",Calculadoras para el fin de semana,"Las calculadoras que de verdad usás el sábado y domingo: cuánta carne y cerveza para el asado, comida y bebida por invitado, nafta y peajes…",1,0.33,alineado,title-canonico
https://hacecuentas.com/calendario-nfl-2026-semana-a-semana,Calendario NFL 2026,informacional,Calendario NFL 2026: las 18 semanas con horario de tu país,Calendario NFL 2026 semana a semana,"Calendario completo de la NFL 2026 semana a semana: los 272 partidos con día, horario de México, Colombia y Argentina, canal de TV y estadio.",1,1,alineado,title-canonico
https://hacecuentas.com/calendario-pagos-anses-agosto-2026,Calendario de pagos ANSES agosto 2026,informacional,Calendario de pagos ANSES agosto 2026,Sabé qué día cobrás. Sin recorrer tablas.,"Consultá todas las fechas de cobro de ANSES de agosto de 2026. Usá herramientas gratuitas, ejemplos claros y fuentes documentadas para entender…",0,0.6,refuerzo-visible-automatico,title-canonico
https://hacecuentas.com/calendarios,"Calendarios 2026, feriados y calculadoras de fechas",calculo,"Calendarios 2026, feriados y calculadoras de fechas","Todos tus calendarios, en un solo lugar.","Consultá calendarios y feriados 2026, calculá días entre fechas, días hábiles, vencimientos y cuánto falta para cada evento importante.",0.2,0.8,alineado,title-canonico
https://hacecuentas.com/cambio-de-monedas,Cambio de Monedas Hoy,informacional,"Cambio de Monedas Hoy — Dólar Blue, Euro, Real en Vivo",Cambio de monedas en vivo 💱,"Cotizaciones en vivo de dólar blue, oficial, MEP, CCL, tarjeta, cripto, euro… Encontrá herramientas, ejemplos y fuentes para resolver cambio de monedas hoy.",0.67,1,alineado,title-canonico
https://hacecuentas.com/campeon-mundial-2026,España campeón del Mundial 2026,informacional,España campeón del Mundial 2026 — resultado de la final,🏆 ¿Quién ganó el Mundial 2026?,"España es el campeón del Mundial 2026: le ganó la final a Argentina (1-0 (pr.)). Resultado, botín de oro y la tabla histórica de campeones del mundo.",0.5,1,alineado,title-canonico
https://hacecuentas.com/ciencia,"Calculadoras de física, química y ciencias",calculo,"Calculadoras de física, química y ciencias | Hacé Cuentas","De la pregunta al resultado, sin saltarte el método.","Resolvé cálculos de física, química, electricidad, ondas, energía y otras ciencias con unidades, fórmulas y ejemplos explicados.",0,0.75,refuerzo-visible-automatico,title-canonico
https://hacecuentas.com/ciencia/movimiento-y-fuerzas,"Movimiento, fuerzas y energía",calculo,"Movimiento, fuerzas y energía: caída libre, tiro parabólico",Mové las fuerzas. Mirá qué pasa.,"Resolvé velocidad, distancia y tiempo; calculá cuánto tarda y a qué velocidad llega un objeto en caída libre; sacá el alcance y la altura máxima…",0.33,0,alineado,title-canonico
https://hacecuentas.com/ciencia/ondas-luz-y-sonido,"Ondas, luz y sonido",calculo,"Ondas, luz y sonido: longitud de onda, Doppler, lentes",Una misma idea. Distintos fenómenos.,"Relacioná velocidad, longitud de onda y frecuencia con v = λ·f; calculá la velocidad del sonido según la temperatura del aire; sacá la frecuencia…",0,0.33,refuerzo-visible-automatico,title-canonico
https://hacecuentas.com/ciencia/ph-y-equilibrio-quimico,"pH, pOH, ácidos débiles y equilibrio químico",calculo,"pH, pOH, ácidos débiles y equilibrio químico: calculadora",No adivines el pH. Mirá el equilibrio.,"Calculá el pH a partir de la concentración de H⁺ (o al revés), sacá el pOH desde [OH⁻], resolvé el pH de un ácido débil con su Ka usando la cuadrática…",0.2,0.2,alineado,title-canonico
https://hacecuentas.com/ciencia/planetas-y-viaje-espacial,"Peso en otros planetas, velocidad de escape, órbitas y años",calculo,"Peso en otros planetas, velocidad de escape, órbitas y años",¿Cuánto tardaríamos en llegar?,"Calculá cuánto pesarías en la Luna, Marte o Júpiter; la velocidad de escape y la velocidad orbital de cualquier cuerpo; convertí entre parsecs, años luz…",0,0.43,refuerzo-visible-automatico,title-canonico
https://hacecuentas.com/ciencia/presion-y-gases,"Presión atmosférica según altitud, psi, bar, atm y gases",calculo,"Presión atmosférica según altitud, psi, bar, atm y gases","Presión y gases, explicado con números.","Convertí presión entre psi, bar, atmósferas, pascales y mmHg con factores exactos, calculá la presión atmosférica según la altitud, la presión…",0.25,0.75,alineado,title-canonico
https://hacecuentas.com/ciencia/quimica-de-soluciones,Química de soluciones,calculo,"Química de soluciones: molaridad, moles, diluciones",Prepará soluciones con la concentración exacta.,"Calculá la masa molar de un compuesto, pasá de gramos a moles, sacá la molaridad o la molalidad de una solución, resolvé una dilución con C1V1 = C2V2…",0.5,0,alineado,title-canonico
https://hacecuentas.com/ciencia/sol-luna-y-mareas,"Amanecer, atardecer, fase lunar y mareas de hoy",informacional,"Amanecer, atardecer, fase lunar y mareas de hoy",La fase lunar también mueve el agua.,"A qué hora amanece y anochece hoy en tu ciudad, cuántas horas de luz hay, qué fase lunar se ve esta noche y cuándo es la próxima luna llena, cuántos…",0.33,0.5,alineado,title-canonico
https://hacecuentas.com/cl,Calculadoras Chile 2026,calculo,"Calculadoras Chile 2026 — SII, AFP, isapre, finiquito","Tus números de Chile, claros y al día.","32 calculadoras gratis para Chile: impuesto a la renta SII, AFP, isapre, finiquito, gratificación, sueldo líquido. Datos 2026.",0.33,1,alineado,title-canonico
https://hacecuentas.com/cl/auto,Auto en Chile,comparacion-comercial,"Auto en Chile — permiso de circulación, revisión técnica",Auto,"Permiso de circulación, revisión técnica, seguro obligatorio, bencina y el costo real de mantener un auto en Chile, con la UTM y el precio de combustible…",0.5,1,alineado,title-canonico
https://hacecuentas.com/cl/auto/cuanto-cuesta-tener-auto,Cuánto cuesta tener auto en Chile al año,comparacion-comercial,Cuánto cuesta tener auto en Chile al año,Tu auto cobra incluso cuando está estacionado.,Suma lo que te cuesta el auto en un año en Chile: permiso de circulación según la tasación fiscal del SII y la tabla en UTM del Art.,0.2,0.8,alineado,title-canonico
https://hacecuentas.com/cl/auto/cuanto-gasto-en-el-viaje,Cuánto sale un viaje en auto en Chile,comparacion-comercial,Cuánto sale un viaje en auto en Chile,"Antes de salir, cerrá la cuenta del camino.","Calcula cuánto te sale un viaje en auto en Chile: litros según el rendimiento y el precio del combustible, peajes y TAG de las autopistas urbanas…",0,1,refuerzo-visible-automatico,title-canonico
https://hacecuentas.com/cl/calculadoras,Todas las calculadoras de Chile,calculo,Todas las calculadoras de Chile — 31 gratis | Hacé Cuentas,Calculadoras de Chile,"Catálogo completo de 31 calculadoras online gratis para Chile: sueldo líquido, impuesto único, finiquito, AFP, IVA, crédito hipotecario UF, licencia…",0.67,0.67,alineado,title-canonico
https://hacecuentas.com/cl/datos-sueldo-chile-2026,Descuentos del sueldo en Chile 2026,informacional,Descuentos del sueldo en Chile 2026,"Descuentos del sueldo en Chile 2026: cotizaciones, topes e impuesto","Tabla de descuentos legales del sueldo en Chile 2026: AFP 10%, salud 7%, seguro de cesantía 0,6%, topes imponibles (90 y 135,2 UF), impuesto único e IVA.",1,1,alineado,title-canonico
https://hacecuentas.com/cl/dinero,"Dinero, créditos y ahorro en Chile",calculo,"Dinero, créditos y ahorro en Chile — calculadoras",Dinero,"Créditos, CAE, ahorro, AFP e inversiones en Chile, resueltos con la UF y la UTM del día y las reglas de la CMF y la Superintendencia de Pensiones…",0.25,0.75,alineado,title-canonico
https://hacecuentas.com/cl/dinero/cuanta-pension-voy-a-tener,Cuánta pensión voy a tener en Chile,informacional,Cuánta pensión voy a tener en Chile,No mires solo el saldo: mirá la vida mensual que compra.,"Proyecta tu pensión en Chile con el saldo real de tu cuenta AFP, la rentabilidad histórica de tu multifondo, la Pensión Garantizada Universal…",0,0.5,refuerzo-visible-automatico,title-canonico
https://hacecuentas.com/cl/dinero/donde-invierto-mis-ahorros,Dónde invertir tus ahorros en Chile,informacional,Dónde invertir tus ahorros en Chile,Primero separá la plata que no puede esperar.,"Compara depósito a plazo, fondo mutuo, renta fija del Banco Central y acciones de la Bolsa de Santiago con el número que importa: cuánto te queda neto…",0,0,refuerzo-visible-automatico,title-canonico
https://hacecuentas.com/cl/dinero/pedir-un-credito,Cuánto cuesta de verdad un crédito en Chile,comparacion-comercial,Cuánto cuesta de verdad un crédito en Chile,La cuota seduce. La CAE cuenta la verdad.,"Calcula la cuota y el costo total de un crédito de consumo en Chile con la CAE real, compara dos ofertas peso por peso, mira cuánto tardas en pagar…",0.25,0.5,alineado,title-canonico
https://hacecuentas.com/cl/dinero/uf-utm-y-dolar-hoy,"UF, UTM, UTA y dólar hoy en Chile",calculo,"UF, UTM, UTA y dólar hoy en Chile: valores y conversor","El valor de hoy, puesto en una cuenta concreta.","Valor de la UF, la UTM, la UTA, el dólar observado y el euro de hoy, con la fecha de cada dato, y un conversor en las dos direcciones: de la unidad…",0.2,0.8,alineado,title-canonico
https://hacecuentas.com/cl/futbol-chileno-hoy,Fútbol chileno hoy,informacional,"Fútbol chileno hoy: partidos, resultados y tablas","Fútbol chileno, hoy","Partidos de hoy, resultados, próximos encuentros, horarios locales y tablas actualizadas del fútbol chileno, con resultados recientes y agenda…",1,1,alineado,title-canonico
https://hacecuentas.com/cl/hogar,Hogar en Chile,informacional,"Hogar en Chile — arriendo, crédito hipotecario y cuentas",Hogar,"Arriendo, crédito hipotecario y cuentas de la casa, resueltos con la UF del día, el arancel que de verdad cobra el Conservador y las tarifas que aparecen…",0.5,0,alineado,title-canonico
https://hacecuentas.com/cl/hogar/arrendar-o-comprar,Arrendar o comprar en Chile,comparacion-comercial,Arrendar o comprar en Chile: qué conviene según los números,¿En qué año deja de ganar el arriendo?,Compara el costo total de seguir arrendando —con el reajuste por IPC que dice tu contrato— contra comprar con pie y crédito hipotecario en UF.,0,0.33,refuerzo-visible-automatico,title-canonico
https://hacecuentas.com/cl/hogar/comprar-casa-con-credito,Comprar casa en Chile,calculo,"Comprar casa en Chile: dividendo, pie y todos los costos","Armá la casa con pie, subsidio y banco.","Calcula el dividendo en UF y el CAE real de tu crédito hipotecario, y suma los costos que descuadran el presupuesto: impuesto de timbres, notaría…",0.33,0,alineado,title-canonico
https://hacecuentas.com/cl/hogar/cuentas-de-la-casa,Cuentas de la casa en Chile,informacional,Cuentas de la casa en Chile: por qué te llegó cara la luz,Descubrí por qué subieron tus cuentas y cómo bajarlas.,"Desarma tu boleta de luz peso por peso —cargo fijo, energía e IVA—, compara gas de red contra cilindro por energía real y revisa tu plan de internet.",0,0,refuerzo-visible-automatico,title-canonico
https://hacecuentas.com/cl/impuestos,Impuestos en Chile,calculo,Impuestos en Chile — calculadoras y guías del SII,Impuestos,"Operación Renta, Global Complementario, Primera Categoría, IVA, contribuciones y herencias en Chile, resueltos con la UTM y la UTA vigentes y el artículo…",0.5,0.5,alineado,title-canonico
https://hacecuentas.com/cl/impuestos/cobre-y-finanzas-publicas,Precio del cobre en Chile,comparacion-comercial,Precio del cobre en Chile: impacto en los ingresos fiscales,Mové el cobre y mirá qué pasa con la caja fiscal.,"Hub de decisión con 1 cálculos: Calculadora de impacto… Consultá cómo impacta el precio del cobre en los ingresos fiscales con datos, herramientas…",0.33,0.67,alineado,title-canonico
https://hacecuentas.com/cl/impuestos/impuestos-de-mi-empresa,Impuestos de una empresa en Chile,calculo,"Impuestos de una empresa en Chile: Primera Categoría, Pyme",Separá lo que gana tu empresa de lo que tiene que pagar.,"Calcula el Impuesto de Primera Categoría del régimen general y del régimen Pyme 14D, la modalidad transparente, la renta presunta del Art.",0.33,0,alineado,title-canonico
https://hacecuentas.com/cl/impuestos/impuestos-de-mi-propiedad,Impuestos de una propiedad en Chile,calculo,Impuestos de una propiedad en Chile,Cada movimiento de la propiedad tiene su propia cuenta.,"Calcula tus contribuciones anuales y su morosidad en la TGR, el impuesto al mayor valor por vender con la exención de 8.000 UF, el impuesto de timbres…",0.33,0,alineado,title-canonico
https://hacecuentas.com/cl/impuestos/operacion-renta,Operación Renta 2026 Chile,calculo,Operación Renta 2026 Chile: te devuelven o tienes que pagar,Seguí la plata desde tus ingresos hasta la devolución.,"Calculá tu Impuesto Global Complementario en la Operación Renta 2026: tabla en UTA del Art. 52, devolución o cargo, honorarios, cripto y APV en Chile.",0,1,refuerzo-visible-automatico,title-canonico
https://hacecuentas.com/cl/trabajo,Trabajo y sueldos en Chile,calculo,Trabajo y sueldos en Chile — calculadoras laborales,Trabajo,"Sueldo líquido, horas extra, finiquito, gratificación y seguro de cesantía en Chile, resueltos con el Código del Trabajo, la UTM del mes y los topes…",0.33,0.67,alineado,title-canonico
https://hacecuentas.com/cl/trabajo/costo-de-contratar,Costo laboral en Chile,comparacion-comercial,Costo laboral en Chile: cuánto le cuesta a la empresa,¿Cuánta empresa necesita ese sueldo?,"Calcula el costo real de contratar en Chile: seguro de cesantía del empleador, SIS, cotización de la Ley de Accidentes del Trabajo, cotización adicional…",0,0.67,refuerzo-visible-automatico,title-canonico
https://hacecuentas.com/cl/trabajo/gratificacion-y-aguinaldo,Gratificación legal y aguinaldo en Chile,calculo,Gratificación legal y aguinaldo en Chile,"Dos artículos, dos formas de repartir.","Calcula tu gratificación legal por el 25% con tope de 4,75 ingresos mínimos al año o por el 30% de las utilidades a prorrata, el aguinaldo de Fiestas…",0,0.75,refuerzo-visible-automatico,title-canonico
https://hacecuentas.com/cl/trabajo/horas-extra-y-recargos,Horas extra Chile 2026,calculo,"Horas extra Chile 2026: recargo, festivos y semana corrida",Marcá la semana y revisá el pago adicional.,"Calculadora de horas extra en Chile 2026: valor hora con jornada de 42 horas, recargo del 50%, feriado irrenunciable trabajado y semana corrida.",0,1,refuerzo-visible-automatico,title-canonico
https://hacecuentas.com/cl/trabajo/licencias-y-permisos,"Licencia médica, prenatal, postnatal y permiso de paternidad",calculo,"Licencia médica, prenatal, postnatal y permiso de paternidad",¿Cuántos días cubre y quién paga?,"Calcula cuánto cobras por una licencia médica común o de accidente del trabajo, por el prenatal y el postnatal, por el postnatal parental completo…",0,0.67,refuerzo-visible-automatico,title-canonico
https://hacecuentas.com/cl/trabajo/me-quedo-sin-trabajo,Finiquito Chile 2026,calculo,Finiquito Chile 2026: cuánto te corresponde según la causal,"Primero la causal. Después, peso por peso.","Calcula tu finiquito completo en Chile: indemnización… Consultá finiquito en chile: cuánta plata te corresponde con datos, herramientas y fuentes…",0,0.67,refuerzo-visible-automatico,title-canonico
https://hacecuentas.com/cl/trabajo/sueldo-liquido,Calcular sueldo líquido Chile 2026,calculo,"Calcular sueldo líquido Chile 2026: AFP, salud y descuentos",Del sueldo prometido al que realmente llega.,"Calculá tu sueldo líquido en Chile 2026: AFP 10% más comisión, salud 7% Fonasa o Isapre, seguro de cesantía 0,6% e Impuesto Único de Segunda Categoría.",0.25,1,alineado,title-canonico
https://hacecuentas.com/cl/trabajo/trabajo-a-honorarios,Boleta de honorarios Chile 2026,calculo,Boleta de honorarios Chile 2026: retención y cotizaciones,Emití la boleta sabiendo cuánto llega.,Calculá la retención de tu boleta de honorarios en Chile 2026 con la tasa vigente de la Ley 21.133 y la cotización obligatoria sobre el 80% de tus rentas.,0.25,1,alineado,title-canonico
https://hacecuentas.com/cl/validar-rut,Validar RUT Chile,calculo,Validar RUT Chile: comprueba el dígito verificador gratis,Validar RUT de Chile,Valida un RUT chileno en un segundo: dígito verificador (incluida la K) con el algoritmo módulo 11 y formato con puntos y guión. Todo corre en tu navegador.,1,0.33,alineado,title-canonico
https://hacecuentas.com/cl/vida,Vida cotidiana y salud en Chile,calculo,Vida cotidiana y salud en Chile — calculadoras,Vida,"Salud, Fonasa e Isapre, licencias médicas, estudios, trámites y las cuentas del día a día en Chile, con la UF y la UTM vigentes.",0.25,0.5,alineado,title-canonico
https://hacecuentas.com/cl/vida/bonos-y-beneficios-del-estado,Bonos y beneficios del Estado en Chile,calculo,Bonos y beneficios del Estado en Chile,Una bandeja con los apoyos que vale la pena revisar.,"Calcula tu tramo del Registro Social de Hogares, cuánto te toca de asignación familiar por carga según tu renta, si te corresponde el Aporte Familiar…",0,0,refuerzo-visible-automatico,title-canonico
https://hacecuentas.com/cl/vida/cuanto-cuesta-estudiar,Cuánto cuesta estudiar en Chile,comparacion-comercial,"Cuánto cuesta estudiar en Chile: gratuidad, arancel, CAE",Que el título muestre también la deuda de salida.,"Calcula si te toca gratuidad por tu decil, cuánto pagarías de arancel en una universidad privada, con qué deuda de CAE sales y cuánto te condonaría el FES.",0,0,refuerzo-visible-automatico,title-canonico
https://hacecuentas.com/cl/vida/cuanto-cuesta-vivir,Cuánto cuesta vivir en Chile,comparacion-comercial,Cuánto cuesta vivir en Chile: presupuesto mensual real,Construí el mes habitación por habitación.,"Cuánta plata necesitas al mes para vivir en Chile según tu ciudad y tu hogar: arriendo, comida, transporte, salud y servicios, contrastado con la canasta…",0,0.67,refuerzo-visible-automatico,title-canonico
https://hacecuentas.com/cl/vida/fonasa-o-isapre,Fonasa o Isapre,comparacion-comercial,Fonasa o Isapre: en qué tramo caes y cuánto pagas,Fonasa o Isapre: compará el costo completo.,"Compara el 7% legal de Fonasa contra el precio de un plan de Isapre en UF, mira en qué tramo de Fonasa caes según el ingreso mínimo mensual, cuánto es…",1,1,alineado,title-canonico
https://hacecuentas.com/cl/vida/viajar-y-comprar-afuera,Viajar desde Chile,informacional,"Viajar desde Chile: tasas del pasaje, valor de tus millas",¿Conviene comprar afuera? Sumemos todo antes de decidir.,"Cuánto sale de verdad un vuelo desde Chile con las tasas de embarque y el cargo de terminal, si el pasaje lleva IVA o no, cuánto valen realmente tus…",0,0.67,refuerzo-visible-automatico,title-canonico
https://hacecuentas.com/co,Calculadoras de Colombia,calculo,"Calculadoras de Colombia: salario, impuestos y finanzas",Entendé tu plata. Decidí con números.,"Calculá salario, prestaciones, impuestos, créditos, vivienda y gastos cotidianos en Colombia con valores y fuentes locales.",0,0.5,refuerzo-visible-automatico,title-canonico
https://hacecuentas.com/co/automotor,Carro y moto en Colombia,calculo,"Carro y moto en Colombia — impuestos, SOAT y multas",Automotor,"Calculá impuesto vehicular, SOAT, tecnomecánica, comparendos y pico y placa en Colombia con tarifas, UVB y fuentes vigentes.",0,0.33,refuerzo-visible-automatico,title-canonico
https://hacecuentas.com/co/automotor/costo-de-tener-carro,Cuánto cuesta tener carro o moto en Colombia,comparacion-comercial,Cuánto cuesta tener carro o moto en Colombia,¿Cuánto cuesta de verdad tener el carro?,"Sumá el costo real anual de tu vehículo en Colombia… Consultá cuánto cuesta tener carro o moto en colombia con datos, herramientas y fuentes para Colombia.",0.6,1,alineado,title-canonico
https://hacecuentas.com/co/automotor/multas-y-pico-y-placa,Pico y placa y comparendos en Colombia,comparacion-comercial,Pico y placa y comparendos en Colombia,¿Podés sacar el carro hoy?,"Verificá si tu placa tiene pico y placa hoy en Bogotá, Medellín o Cali, cuánto vale el Pico y Placa Solidario y cuánto cuesta un comparendo tipo…",0,0.5,refuerzo-visible-automatico,title-canonico
https://hacecuentas.com/co/calculadora-trm-dolar-hoy-pesos-colombianos,TRM dólar hoy Colombia,calculo,TRM dólar hoy Colombia: convertir dólares a pesos,TRM dólar hoy Colombia: convertir dólares a pesos 🇨🇴,Convierte el valor del dólar hoy en Colombia a pesos (y al revés) con la TRM oficial del día que certifica la Superintendencia Financiera.,1,1,alineado,title-canonico
https://hacecuentas.com/co/calculadoras,Todas las calculadoras de Colombia,calculo,Todas las calculadoras de Colombia — 34 gratis,Calculadoras de Colombia,"Catálogo completo de 34 calculadoras online gratis para Colombia: salario mínimo, prestaciones, retención en la fuente, UVT, hora extra, liquidación.",0.67,0.67,alineado,title-canonico
https://hacecuentas.com/co/datos-salario-minimo-colombia-2026,Salario mínimo Colombia 2026,informacional,Salario mínimo Colombia 2026: $1.750.905 y total $2M,Salario mínimo Colombia 2026: $1.750.905,"El salario mínimo en Colombia 2026 es $1.750.905 y llega a $2.000.000 con auxilio. Valores mensual, diario, por hora y prestaciones.",1,1,alineado,title-canonico
https://hacecuentas.com/co/finanzas,Finanzas personales en Colombia,informacional,"Finanzas personales en Colombia — ahorro, crédito y pensión",Finanzas,"Ahorro, CDT, créditos, hipoteca, pensión y comisiones bancarias en Colombia, con las tasas y topes vigentes de la Superfinanciera y el Banco…",0.33,0.33,alineado,title-canonico
https://hacecuentas.com/co/finanzas/comisiones-bancarias,Comisiones bancarias en Colombia,calculo,Comisiones bancarias en Colombia: cuánto te cobra el banco,¿Cuánto pierde tu plata al moverse?,"Calculá lo que te cuestan de verdad las comisiones bancarias en Colombia: el 4×1000 y su exención de 350 UVT, cuota de manejo, retiros en cajero…",0,1,refuerzo-visible-automatico,title-canonico
https://hacecuentas.com/co/finanzas/comprar-vivienda,Comprar vivienda en Colombia 2026,calculo,"Comprar vivienda en Colombia 2026: cuota, gastos y registro",La casa puede alcanzarte. La cuota también tiene que hacerlo.,"Calculá la compra de vivienda en Colombia 2026: cuota inicial, crédito en UVR o pesos, subsidio Mi Casa Ya y gastos notariales y de registro.",0,0.75,refuerzo-visible-automatico,title-canonico
https://hacecuentas.com/co/finanzas/creditos-y-tarjetas,Cuota de crédito y tarjeta en Colombia,calculo,Cuota de crédito y tarjeta en Colombia,¿Cuánto de la cuota es interés?,"Calculá la cuota real de tu tarjeta, libranza, préstamo de cooperativa, préstamo de app o crédito de vehículo con la conversión correcta de efectiva…",0.25,0.75,alineado,title-canonico
https://hacecuentas.com/co/finanzas/donde-pongo-mis-ahorros,"Dónde pongo mis ahorros en Colombia? CDT, FIC, TES, dólares",informacional,"¿Dónde pongo mis ahorros en Colombia? CDT, FIC, TES, dólares",¿Dónde pongo mis ahorros?,"Compará CDT, FIC, TES, cajitas digitales, dólares y finca raíz después de la retención del 7%, el 4×1000 y la inflación.",0.44,0.44,alineado,title-canonico
https://hacecuentas.com/co/finanzas/pension,Pensión en Colombia,calculo,"Pensión en Colombia: cuándo me pensiono, con cuánto y en qué",¿Cuánto falta para pensionarte?,"Calculá tu pensión en Colombia con la ley vigente: edad y semanas del Régimen de Prima Media, tasa de reemplazo del art.",0,1,refuerzo-visible-automatico,title-canonico
https://hacecuentas.com/co/finanzas/vuelos-millas-y-tiempo,Millas LifeMiles y tasas de aeropuerto en Colombia,comparacion-comercial,Millas LifeMiles y tasas de aeropuerto en Colombia,El precio del vuelo no termina donde dice la tarifa.,Calculá si conviene pagar el vuelo con millas LifeMiles o en efectivo y cuánto suman las tasas de aeropuerto e impuestos en vuelos desde Colombia.,0,1,refuerzo-visible-automatico,title-canonico
https://hacecuentas.com/co/futbol-colombiano-hoy,Fútbol colombiano hoy,informacional,"Fútbol colombiano hoy: partidos, resultados y tablas","Fútbol colombiano, hoy","Partidos de hoy, resultados, próximos encuentros, horarios locales y tablas actualizadas del fútbol colombiano, con resultados recientes y agenda…",1,1,alineado,title-canonico
https://hacecuentas.com/co/impuestos,Impuestos en Colombia,calculo,Impuestos en Colombia — calculadoras y guías DIAN,Impuestos,"Renta, IVA, retención en la fuente y sanciones de la DIAN, resueltos con la UVT vigente y el artículo del Estatuto Tributario que aplica en cada caso.",0.5,0,alineado,title-canonico
https://hacecuentas.com/co/impuestos/impuestos-al-consumo,Impuestos al consumo en Colombia,informacional,"Impuestos al consumo en Colombia: impoconsumo, licores, IBUA",¿Qué impuesto viene adentro?,"Cuánto impuesto viene metido en lo que comprás en Colombia: impoconsumo del 8% en restaurantes y bares, impuesto al consumo de licores y cigarrillos…",0,0.67,refuerzo-visible-automatico,title-canonico
https://hacecuentas.com/co/impuestos/impuestos-de-mi-negocio,Impuestos de un negocio en Colombia 2026,calculo,"Impuestos de un negocio en Colombia 2026: IVA, ICA y renta",Entendé cuánto debe reservar tu negocio.,"Qué impuestos paga tu negocio en Colombia 2026: IVA del 19%, ICA por municipio, Régimen Simple de Tributación y renta. Elegí tu caso y calculá cada uno.",0.25,1,alineado,title-canonico
https://hacecuentas.com/co/impuestos/patrimonio-y-herencia,Ganancia ocasional en Colombia,calculo,"Ganancia ocasional en Colombia: vender casa, heredar y pagar",Entendé cuánto pagás por tu patrimonio o una herencia.,"Calculá el impuesto de ganancia ocasional del 15% al vender un inmueble, la exención de 5.000 UVT de vivienda, lo que paga un heredero según el art.",0,0.67,refuerzo-visible-automatico,title-canonico
https://hacecuentas.com/co/impuestos/predial-y-avaluo,Impuesto predial en Colombia,comparacion-comercial,Impuesto predial en Colombia: cuánto pago por mi casa,¿Cuánto cuesta al año tener este inmueble?,"Calculá el impuesto predial con la tabla oficial de Bogotá (Resolución SDH-000194), la tarifa preferencial por estrato, el estimado de Medellín…",0,0.67,refuerzo-visible-automatico,title-canonico
https://hacecuentas.com/co/impuestos/renta-personas,Declaración de renta 2025 Colombia,informacional,Declaración de renta 2025 Colombia: topes y fechas 2026,"Declaración de renta 2025 en Colombia: topes, fecha y cálculo","Revisa si debes declarar renta 2025 en Colombia, consulta la fecha exacta de 2026 por NIT y estima el impuesto con UVT, topes DIAN y tabla del artículo 241.",1,0.75,alineado,title-canonico
https://hacecuentas.com/co/impuestos/retencion-en-la-fuente,Retención en la fuente Colombia,calculo,Retención en la fuente Colombia: cuánto te retienen o cuánto,Sabé cuánto te retienen antes de recibir el pago.,"Calculá la retención en la fuente en Colombia: salario… Consultá retención en la fuente colombia: cuánto te retienen o cuánto con datos, herramientas…",0,1,refuerzo-visible-automatico,title-canonico
https://hacecuentas.com/co/impuestos/sanciones-dian,Sanción por extemporaneidad DIAN 2026,calculo,Sanción por extemporaneidad DIAN 2026: cálculo y mínima UVT,¿Cuánto cuesta esperar un mes más?,"Calculá la sanción por extemporaneidad DIAN 2026 (arts. 641 y 642 ET), la de corrección (art. 644), la sanción mínima de 10 UVT (art.",0,1,refuerzo-visible-automatico,title-canonico
https://hacecuentas.com/co/trabajo,Trabajo y empleo en Colombia,calculo,Trabajo y empleo en Colombia — calculadoras de sueldo,Trabajo,"Sueldo, horas extras, liquidación, prestaciones y seguridad social en Colombia, con el SMLMV vigente y el artículo del Código Sustantivo del Trabajo…",0.33,0.67,alineado,title-canonico
https://hacecuentas.com/co/trabajo/costo-de-contratar,Costo de contratar en Colombia 2026,comparacion-comercial,"Costo de contratar en Colombia 2026: nómina, ARL y aportes",El salario acordado no es lo que cuesta el empleado.,"Cuánto cuesta contratar un empleado en Colombia 2026: prestaciones, seguridad social, ARL por nivel de riesgo, caja de compensación y costo de nómina.",0,1,refuerzo-visible-automatico,title-canonico
https://hacecuentas.com/co/trabajo/horas-extras-y-recargos,Horas extras Colombia 2026,calculo,Horas extras Colombia 2026: recargo nocturno y dominical,Calculá cuánto vale cada hora que trabajaste de más.,"Calculadora de horas extras Colombia 2026: hora extra diurna y nocturna, recargo nocturno desde las 19:00 y recargo dominical y festivo del 90% desde julio.",0,1,refuerzo-visible-automatico,title-canonico
https://hacecuentas.com/co/trabajo/incapacidad-y-licencias,Incapacidad y licencias en Colombia,informacional,Incapacidad y licencias en Colombia: quién te paga y cuánto,Incapacidad o licencia: seguí el dinero,"Cuánto cobrás por incapacidad médica, licencia de maternidad, licencia de paternidad o desempleo en Colombia, y quién pone la plata: empleador, EPS…",0.33,0.67,alineado,title-canonico
https://hacecuentas.com/co/trabajo/independiente-y-honorarios,Prestación de servicios en Colombia,informacional,Prestación de servicios en Colombia,Lo que facturás no es lo que te queda.,"Cuánto pagás de PILA como independiente y cuánto te queda limpio: IBC del 40%, salud 12,5% + pensión 16%, ARL por clase de riesgo, tope de 25 SMLMV…",0,0,refuerzo-visible-automatico,title-canonico
https://hacecuentas.com/co/trabajo/liquidacion-laboral,Liquidación laboral Colombia 2026,calculo,Liquidación laboral Colombia 2026: calculá cuánto te deben,Que el total no esconda lo que te corresponde.,"Calculadora de liquidación laboral Colombia 2026: cesantías, intereses del 12%, prima, vacaciones e indemnización. Incluye empleada doméstica por días.",0,1,refuerzo-visible-automatico,title-canonico
https://hacecuentas.com/co/trabajo/que-hago-con-mis-cesantias,Cesantías en Colombia,informacional,"Cesantías en Colombia: ¿retiro, traslado de fondo o las dejo","¿Retirar, trasladar o dejar quietas las cesantías?","Compará las cuatro salidas de tus cesantías: retiro para vivienda, retiro para educación, traslado a otro fondo o dejarlas quietas ganando el 12%…",0.5,0.5,alineado,title-canonico
https://hacecuentas.com/co/trabajo/sueldo-neto,Salario neto Colombia 2026,calculo,Salario neto Colombia 2026: aportes y sueldo integral,Pasá de salario bruto a lo que realmente recibís.,"Calculá tu salario neto en Colombia 2026: salud 4%, pensión 4%, Fondo de Solidaridad y retención en la fuente. Con auxilio de transporte y embargos.",0.25,1,alineado,title-canonico
https://hacecuentas.com/co/validar-nit,Validar NIT DIAN,calculo,Validar NIT DIAN: dígito de verificación en Colombia,Validá un NIT antes de facturar.,Validá un NIT ante la DIAN: calculá el dígito de verificación (DV) con el algoritmo módulo 11 y detectá errores de formato. Gratis y sin enviar datos.,0.33,0.67,alineado,title-canonico
https://hacecuentas.com/co/vida,Vida cotidiana en Colombia,informacional,"Vida cotidiana en Colombia — arriendo, recibos y costo",Vida,"Arriendo, servicios públicos, costo de vida, familia y estudio en Colombia, con los datos del DANE y las tarifas vigentes de cada operador.",0.33,0.67,alineado,title-canonico
https://hacecuentas.com/co/vida/arriendo,Arriendo en Colombia,calculo,Arriendo en Colombia: cuánto te pueden subir y cuánto,¿Cuánto pueden subirte el arriendo?,"Calculá el aumento legal de tu arriendo (tope IPC, Ley 820/2003 art. 20), el tope del 1% sobre el valor comercial, la cuota de administración y lo que le…",0.5,0.5,alineado,title-canonico
https://hacecuentas.com/co/vida/divorcio-y-cuota-alimentaria,Divorcio y cuota de alimentos en Colombia,informacional,Divorcio y cuota de alimentos en Colombia,Bienes y cuota alimentaria no son la misma cuenta,"Cuánto puede quedar la cuota de alimentos, cómo se liquida la sociedad conyugal, qué cuesta el proceso y qué pasa si te reportan al REDAM.",0.25,0.5,alineado,title-canonico
https://hacecuentas.com/co/vida/documentos-y-pasaporte,Pasaporte y cédula Colombia 2026,comparacion-comercial,"Pasaporte y cédula Colombia 2026: costo, plazos y vigencia",Sabé cuánto cuesta antes de pedir la cita.,"Cuánto cuesta el pasaporte colombiano 2026 y la cédula de ciudadanía: precio, plazos de entrega y vigencia de cada documento, en una sola página.",0,0.75,refuerzo-visible-automatico,title-canonico
https://hacecuentas.com/co/vida/estudiar-en-colombia,Estudiar en Colombia,comparacion-comercial,"Estudiar en Colombia: puntaje ICFES, cuánto cuesta","Entrar es una cuenta. Poder terminar, otra.","Calculá tu puntaje global del Saber 11 sobre 500, el costo total de la carrera entre matrícula y sostenimiento, la cuota real de un crédito ICETEX…",0,0,refuerzo-visible-automatico,title-canonico
https://hacecuentas.com/co/vida/presupuesto-del-hogar,Presupuesto del hogar en Colombia,comparacion-comercial,Presupuesto del hogar en Colombia: cuánto necesitás al mes,¿Tu ingreso alcanza para el hogar que tenés?,"Calculá cuánto cuesta vivir en Colombia según tu ciudad y tu hogar: canasta, arriendo, servicios y transporte, cuántos meses de fondo de emergencia…",0.33,0.67,alineado,title-canonico
https://hacecuentas.com/co/vida/recibos-de-servicios,Recibo de luz por estrato Colombia,informacional,"Recibo de luz por estrato Colombia: Codensa, EPM y subsidios",Entendé por qué subió el recibo antes de recortar todo.,"Descomponé tu recibo de luz (Enel-Codensa, EPM), gas, agua o internet en Colombia: cargo fijo, consumo, subsidios por estrato o contribución…",0.25,1,alineado,title-canonico
https://hacecuentas.com/cocina,Calculadoras de cocina,calculo,"Calculadoras de cocina: medidas, porciones y tiempos",La cantidad justa. Para la mesa que tenés.,"Convertí tazas y gramos, ajustá recetas y calculá porciones, ingredientes, tiempos y cantidades para cocinar sin desperdiciar.",0,0,refuerzo-visible-automatico,title-canonico
https://hacecuentas.com/cocina/adaptar-una-receta,Adaptar una receta,calculo,"Adaptar una receta: porciones, molde y reemplazos",Que alcance justo. Sin cocinar de más ni quedarse corto.,"Cómo escalar una receta a más o menos porciones, cómo convertir las cantidades cuando el molde no es el de la receta y con qué reemplazar el ingrediente…",0,0.5,refuerzo-visible-automatico,title-canonico
https://hacecuentas.com/cocina/cafe,Cuánto café por taza,calculo,Cuánto café por taza: gramos y agua según el método,Una receta de café que podés repetir.,"Calculá gramos de café y mililitros de agua para V60, prensa francesa, moka, espresso, cold brew y filtro, según la intensidad que buscás.",0.5,0.5,alineado,title-canonico
https://hacecuentas.com/cocina/cerveza-casera,Cerveza casera,calculo,"Cerveza casera: ABV, atenuación, IBU y azúcar de cebado","Del grano al fermentador, sin perder cantidades.","Calculá el alcohol de tu cerveza a partir de OG y FG, la atenuación de la levadura, el amargor IBU por el modelo Tinseth, el azúcar de cebado…",0,0.5,refuerzo-visible-automatico,title-canonico
https://hacecuentas.com/cocina/coccion-de-carne,Cocción de carne,informacional,"Cocción de carne: tiempo, temperatura interna y punto",El reloj orienta. El termómetro decide.,"Cuánto tiempo de horno por kilo, a qué temperatura interna está lista, cuánto tarda en descongelarse, cuánto marinarla y qué aceite aguanta la fritura.",0,0,refuerzo-visible-automatico,title-canonico
https://hacecuentas.com/cocina/masa-y-levadura,Cuánto tiene que leudar la masa? Calculadora de levadura,calculo,¿Cuánto tiene que leudar la masa? Calculadora de levadura,La cantidad justa de levadura para el tiempo que tenés,"Calculá cuánto tarda en levar tu masa según la temperatura ambiente y la levadura que pusiste, cuánta levadura necesitás para que esté lista a una hora…",0.25,0.5,alineado,title-canonico
https://hacecuentas.com/cocina/porciones,Cuánto arroz o pasta por persona,informacional,"Cuánto arroz o pasta por persona: gramos, agua y sal",La cantidad justa para que alcance sin cocinar de más,"Cuántos gramos de arroz o pasta seca por persona, cuánta agua y cuánta sal. Guarnición o plato principal, con chicos en la mesa y según el tipo de grano…",0,1,refuerzo-visible-automatico,title-canonico
https://hacecuentas.com/cocina/tazas-y-gramos,Cuántos gramos es una taza? Conversor de cocina,calculo,¿Cuántos gramos es una taza? Conversor de cocina,Una taza no pesa siempre lo mismo.,"Una taza de harina son ~120 g y una de azúcar ~200 g: la taza mide volumen, no peso. Convertí tazas, cucharadas y cucharaditas a gramos con la densidad…",0.25,0.5,alineado,title-canonico
https://hacecuentas.com/cocina/temperatura-del-horno,"A qué temperatura pongo el horno? °C, °F y número de gas",informacional,"¿A qué temperatura pongo el horno? °C, °F y número de gas","La temperatura correcta, sin adivinar la perilla.","Convertí la temperatura del horno entre grados Celsius, Fahrenheit y el número de gas 1 a 9, con la equivalencia para horno con ventilador y el nombre…",0.2,0.8,alineado,title-canonico
https://hacecuentas.com/comparar/auto-vs-transporte-publico-vacaciones,Auto vs Transporte Público vs Alquiler en Vacaciones,comparacion-comercial,Auto vs Transporte Público vs Alquiler en Vacaciones,Auto vs Transporte Público vs Alquiler en Vacaciones | Hacé Cuentas,"Viajar en auto propio, en transporte público (micro, tren, avión) o con auto alquilado. Compará costo, comodidad, flexibilidad y tiempo según tu grupo…",1,0.6,alineado,title-canonico
https://hacecuentas.com/comparar/bcaa-vs-eaa-vs-aminoacidos-esenciales,BCAA vs EAA vs Aminoácidos Completos 2026,comparacion-comercial,BCAA vs EAA vs Aminoácidos Completos 2026 | Hacé Cuentas,BCAA vs EAA vs Aminoácidos Completos 2026 | Hacé Cuentas,"Comparativa técnica: BCAA (3 AA), EAA (9 AA) y proteína completa. Efectividad real para síntesis proteica, costos por dosis y qué dice la evidencia actual.",1,0.4,alineado,title-canonico
https://hacecuentas.com/comparar/credito-uva-vs-tasa-fija,Crédito UVA vs tasa fija 2026: ¿cuál conviene,comparacion-comercial,Crédito UVA vs tasa fija 2026: ¿cuál conviene?,Crédito UVA vs tasa fija 2026: ¿cuál conviene?,"Compara credito hipotecario UVA y tasa fija en Argentina 2026. Cuota inicial, evolucion con inflacion, total pagado y riesgos de cada opcion.",1,0.71,alineado,title-canonico
https://hacecuentas.com/comparar/duolingo-vs-busuu-vs-babbel-vs-rosetta-idiomas-app,Duolingo vs Busuu vs Babbel vs Rosetta Stone 2026,comparacion-comercial,Duolingo vs Busuu vs Babbel vs Rosetta Stone 2026,Duolingo vs Busuu vs Babbel vs Rosetta Stone 2026 | Hacé Cuentas,"Comparativa de las 4 apps de idiomas líderes: método, precio, idiomas disponibles, tiempo estimado a nivel B2 y gamificación. ¿Cuál vale la pena en 2026?",1,0.17,alineado,title-canonico
https://hacecuentas.com/comparar/monotributo-vs-autonomo-vs-empleado,Monotributo vs Autónomo vs Empleado: cuál conviene en 2026,comparacion-comercial,Monotributo vs Autónomo vs Empleado: cuál conviene en 2026,Monotributo vs Autónomo vs Empleado: cuál conviene en 2026 | Hacé Cuentas,"Comparamos carga impositiva total, neto en mano y aportes en Monotributo, Autónomo (RI) y relación de dependencia para un mismo ingreso bruto…",1,0.33,alineado,title-canonico
https://hacecuentas.com/comparar/nafta-vs-gnc-vs-diesel,Nafta vs GNC vs Diesel 2026: Que combustible conviene,comparacion-comercial,Nafta vs GNC vs Diesel 2026: Que combustible conviene,Nafta vs GNC vs Diesel 2026: Que combustible conviene en Argentina | Hace Cuentas,"Compara nafta, GNC y diesel en Argentina 2026. Precio por km, ahorro anual, inversion en conversion GNC y cuando conviene cada combustible…",1,1,alineado,title-canonico
https://hacecuentas.com/comparar/plazo-fijo-uva-vs-tasa-fija-vs-dolar-mep-comparador,Plazo Fijo UVA vs Tasa Fija vs Dólar MEP 2026,comparacion-comercial,Plazo Fijo UVA vs Tasa Fija vs Dólar MEP 2026,Plazo Fijo UVA vs Tasa Fija vs Dólar MEP 2026 — Comparador por Escenario | Hacé Cuentas,"Compará plazo fijo UVA, tasa fija tradicional y dólar MEP en Argentina 2026. Simulación 6, 12 y 18 meses con datos BCRA e inflación proyectada.",1,1,alineado,title-canonico
https://hacecuentas.com/comparar/prestamo-sistema-frances-vs-aleman,Sistema Frances vs Aleman 2026: Cual conviene,comparacion-comercial,Sistema Frances vs Aleman 2026: Cual conviene,Sistema Frances vs Aleman 2026: Cual conviene para tu prestamo | Hace Cuentas,"Compara sistema de amortizacion frances y aleman. Cuota fija vs decreciente, interes total pagado, ventajas y cuando conviene cada sistema de prestamo.",1,0.67,alineado,title-canonico
https://hacecuentas.com/construccion,Calculadoras de construcción,calculo,"Calculadoras de construcción: materiales, costos y medidas","Materiales, mano de obra y margen. Todo entra en la cuenta.","Calculá materiales, metros cuadrados, hormigón, ladrillos, pintura, pisos, techos y costos de obra antes de comprar o construir.",0,0,refuerzo-visible-automatico,title-canonico
https://hacecuentas.com/construccion/agua,"Tanque, cañerías y termotanque",informacional,"Tanque, cañerías y termotanque: ¿qué capacidad necesito?",Dimensioná el tanque antes de quedarte sin agua,"Cuántos litros de tanque y de cisterna te hacen falta, qué termotanque o calefón comprar, qué diámetro de cañería, qué potencia de bomba y cuánto acero…",0.33,0.67,alineado,title-canonico
https://hacecuentas.com/construccion/aislacion,"Cómo aíslo la casa del frío y el calor? Espesor, materiales",informacional,"¿Cómo aíslo la casa del frío y el calor? Espesor, materiales",¿Qué aislación necesita realmente tu casa?,"Qué aislante poner y con cuánto espesor para cumplir la IRAM 11605 en tu zona bioambiental, cuántas placas, perfiles y tornillos lleva el cielorraso…",0.17,0.17,alineado,title-canonico
https://hacecuentas.com/construccion/costo-por-m2,Costo del m² de construcción en Argentina 2026,comparacion-comercial,Costo del m² de construcción en Argentina 2026: calculadora,Calculadora de costo por m² de construcción 2026.,"Estimá un rango de costo por m² para construir en Argentina según categoría y zona. Ajustá precio local, superficie computable, adicionales y contingencia.",0.75,0.5,alineado,title-canonico
https://hacecuentas.com/construccion/hormigon,"Cuánto cemento, arena y hierro necesito",calculo,"¿Cuánto cemento, arena y hierro necesito?",Calculá el hormigón y comprá sólo lo que necesitás.,"Calculá los materiales de tu obra gruesa: cemento, arena, piedra y agua por m³ de hormigón según la resistencia (H-13 a H-30), zapatas y vigas…",0,0.5,refuerzo-visible-automatico,title-canonico
https://hacecuentas.com/construccion/ladrillos,"Cuántos ladrillos por m² de pared? Común, hueco y bloque",calculo,"¿Cuántos ladrillos por m² de pared? Común, hueco y bloque","Contá paredes, no viajes al corralón.","Calculá cuántos ladrillos, bloques o adoquines… Encontrá herramientas, ejemplos y fuentes para resolver cuántos ladrillos necesito?",0,0.2,refuerzo-visible-automatico,title-canonico
https://hacecuentas.com/construccion/madera,"Cuánta madera necesito para el mueble? Placas, plan",calculo,"¿Cuánta madera necesito para el mueble? Placas, plan",Diseñá el mueble y sabé cuántas placas comprar.,"Calculá el despiece completo de tu mueble: metros cuadrados de placa, cuántas piezas salen de cada tablero de melamina o MDF, el desperdicio real…",0.4,0.2,alineado,title-canonico
https://hacecuentas.com/construccion/paneles-solares,"Me conviene poner paneles solares? Cuántos kW, cuánto",comparacion-comercial,"¿Me conviene poner paneles solares? Cuántos kW, cuánto",¿Cuántos paneles necesitás y cuántos entran en tu techo?,"Poné los kWh de tu factura y te decimos cuántos paneles y cuántos kW necesitás, cuánta plata ahorrás por mes y en cuántos años se paga la instalación.",0.25,0.25,alineado,title-canonico
https://hacecuentas.com/construccion/pintura,Cuántos litros de pintura necesito? Calculadora de latas,calculo,¿Cuántos litros de pintura necesito? Calculadora de latas,De las medidas a las latas que necesitás.,"Calculá cuántos litros de pintura necesitás y, sobre… Encontrá herramientas, ejemplos y fuentes para resolver cuántos litros de pintura necesito?",0.25,0.75,alineado,title-canonico
https://hacecuentas.com/construccion/pisos,Cuántas cajas de cerámicos necesito? Calculadora de cajas,calculo,¿Cuántas cajas de cerámicos necesito? Calculadora de cajas,"Calculá cajas, no sólo metros cuadrados.","Calculá cuántas cajas enteras de cerámico o porcelanato tenés que pedir en el corralón, con el desperdicio por cortes ya incluido, más el pegamento…",0.33,0.33,alineado,title-canonico
https://hacecuentas.com/construccion/techos,"Cuánto material necesito para el techo? Membrana, tejas",calculo,"¿Cuánto material necesito para el techo? Membrana, tejas",Calculá la pendiente y salí con la lista de materiales,"Calculá la pendiente del techo en grados y en porcentaje, cuánta superficie real de faldón te agrega esa pendiente, cuántos rollos de membrana asfáltica…",0,0.4,refuerzo-visible-automatico,title-canonico
https://hacecuentas.com/contacto,Contacto — Hacé Cuentas — calculadoras y guías,navegacional,Contacto — Hacé Cuentas — calculadoras y guías,Contanos qué necesitás.,"Escribinos para reportar errores, sugerir calculadoras, corregir datos o proponer una colaboración con Hacé Cuentas.",0,0.33,alineado,title-canonico
https://hacecuentas.com/conversores,"Conversores de unidades, medidas, monedas y formatos",calculo,"Conversores de unidades, medidas, monedas y formatos","Convertí lo que necesitás, sin buscar la fórmula.","Convertí longitud, peso, volumen, temperatura, tiempo, monedas, medidas de cocina, talles y formatos con equivalencias explicadas.",0,0.6,refuerzo-visible-automatico,title-canonico
https://hacecuentas.com/conversores/longitud,"Convertir metros, pies y pulgadas",calculo,"Convertir metros, pies y pulgadas — conversor de longitud",Convertí una vez. Entendé todas las escalas.,"Convertí metros, centímetros, milímetros, pulgadas, pies, yardas, millas, brazas y varas, y también superficies: m², hectáreas, acres y pulgadas cuadradas.",0,0.75,refuerzo-visible-automatico,title-canonico
https://hacecuentas.com/conversores/numeros-a-letras,Número a letras,calculo,Número a letras: cantidad en letras para cheques y montos,Conversor de números a letras,"Convertí números a letras para cheques y pagarés, con centavos y formato listo para copiar. También admite letras a número, romanos y binario.",0.5,1,alineado,title-canonico
https://hacecuentas.com/conversores/peso,Conversor kg a libras,calculo,"Conversor kg a libras: kilos, lb y onzas exactas",Convertí peso sin perder la escala.,"Convertí kilogramos, gramos, libras, onzas, stone, quintales y toneladas (métrica, corta y larga) con los factores exactos: 1 libra = 0,45359237 kg.",0,0.5,refuerzo-visible-automatico,title-canonico
https://hacecuentas.com/conversores/talles,Conversor de talles 2026,calculo,"Conversor de talles 2026: ropa y calzado AR, US, EU y UK",Tu talle no es una letra. Es una medida.,"Averiguá tu talle con tus medidas en centímetros y velo convertido a AR, US, EU y UK. Ropa y jeans por busto, cintura y cadera; zapatillas por largo…",0,0,refuerzo-visible-automatico,title-canonico
https://hacecuentas.com/conversores/temperatura,"Convertir Celsius, Fahrenheit y Kelvin",calculo,"Convertir Celsius, Fahrenheit y Kelvin","Una temperatura, en todas las escalas.","Convertí °C, °F, K y grados Rankine al instante y en los dos sentidos. Con la escala de referencias reales (congelación, ambiente, fiebre, horno)…",0,0,refuerzo-visible-automatico,title-canonico
https://hacecuentas.com/conversores/tiempo,Cuánto es esto en otra unidad de tiempo,calculo,¿Cuánto es esto en otra unidad de tiempo?,Convertí tiempo y ubicá cuánto representa.,"Convertí años a días, meses a semanas, semanas a días, días a horas y horas a minutos. Con las dos convenciones —calendario gregoriano y año comercial…",0.25,0,alineado,title-canonico
https://hacecuentas.com/conversores/volumen,"Convertir litros, galones y onzas",calculo,"Convertir litros, galones y onzas — conversor de volumen","Litros, tazas y metros cúbicos en contexto.","Convertí litros, mililitros, metros cúbicos, galones US e imperiales, onzas líquidas, pintas, cuartos, barriles, pies cúbicos, tazas y cucharadas…",0.25,0.75,alineado,title-canonico
https://hacecuentas.com/convertir-imagen-a-pdf,Convertir Imagen a PDF Online Gratis (JPG y PNG),calculo,Convertir Imagen a PDF Online Gratis (JPG y PNG),Convertir imagen a PDF online,"Convertí imágenes JPG, PNG y WebP a PDF online y gratis. Uní varias fotos en un solo PDF, elegí tamaño de hoja (A4, Carta) y orientación.",0.6,0.6,alineado,title-canonico
https://hacecuentas.com/cookies,Política de cookies,navegacional,Política de cookies — Hacé Cuentas,Política de cookies,"Lista detallada de cookies que usa Hacé Cuentas: necesarias, analíticas y publicitarias. Cómo configurar tus preferencias y revocar el consentimiento.",1,0.5,alineado,title-canonico
https://hacecuentas.com/cooperativa-de-datos,Cooperativa de datos anónimos,informacional,Cooperativa de datos anónimos — Índices propios de Hacé,Cooperativa de datos anónimos,"Aportá tus datos de forma anónima y voluntaria para construir índices argentinos abiertos: sueldo neto, relación alquiler/ingreso y tasas reales.",1,0.33,alineado,title-canonico
https://hacecuentas.com/correcciones,Correcciones y reportes editoriales,informacional,Correcciones y reportes editoriales | Hacé Cuentas,Correcciones y reportes,"Cómo reportar un error en una fórmula, dato, fuente o explicación de Hacé Cuentas y qué información necesitamos para investigarlo.",0.67,0,alineado,title-canonico
https://hacecuentas.com/cuanto-falta-para-Navidad-2026,Cuánto falta para Navidad 2026,calculo,Cuánto falta para Navidad 2026 — Contador en vivo 🎄,Cuánto falta para Navidad 2026,"Contador en tiempo real para Navidad 2026: días, semanas, domingos, horas, minutos y segundos. ¿Cuánto falta para el 25 de diciembre?",1,1,alineado,title-canonico
https://hacecuentas.com/cuanto-perdio-tu-sueldo,Cuánto perdió tu sueldo? Poder de compra vs inflación,comparacion-comercial,¿Cuánto perdió tu sueldo? Poder de compra vs inflación,¿Cuánto perdió tu sueldo contra la inflación?,"La inflación fue 33,8% en los últimos 12 meses (INDEC). Meté tu sueldo y mirá en vivo cuántos cafés, dólares, litros de nafta o meses de alquiler compra…",0.6,0.6,alineado,title-canonico
https://hacecuentas.com/datasets,Datasets públicos económicos,informacional,Datasets públicos económicos: Argentina y Latinoamérica,Datasets públicos económicos de Argentina y Latinoamérica,"Datasets económicos en CSV y JSON: inflación, dólar, UVA y tasas de Argentina, más salarios mínimos de Latinoamérica. Licencia CC-BY 4.0.",1,0.67,alineado,title-canonico
https://hacecuentas.com/datos-aguinaldo-2026,Aguinaldo (SAC) 2026,informacional,"Aguinaldo (SAC) 2026: fecha de pago, fórmula y tope","Aguinaldo (SAC) 2026: fechas, fórmula, tope y ejemplos","Reglas del aguinaldo 2026 en Argentina: fechas legales de pago (30 de junio y 18 de diciembre, Ley 27.073), fórmula del SAC…",1,1,alineado,title-canonico
https://hacecuentas.com/datos-bienes-personales-2026,Bienes Personales 2026,informacional,Bienes Personales 2026: mínimo no imponible y escala,Bienes Personales 2026: mínimo no imponible y escala,"Datos de Bienes Personales 2026 (período fiscal 2025): mínimo no imponible $384.728.044, vivienda única exenta hasta $1.346.548.155 y escala de alícuotas…",1,1,alineado,title-canonico
https://hacecuentas.com/datos-ganancias-2026,Datos de Ganancias 2026,calculo,Datos de Ganancias 2026 — calculadoras y guías,"Ganancias, tramo por tramo. Sin confundir el 35%.","Consultá escalas, deducciones, mínimos y parámetros vigentes de Ganancias 2026 para revisar tu cálculo anual.",0.33,0.67,alineado,title-canonico
https://hacecuentas.com/datos-monotributo-2026,Monotributo 2026,informacional,"Monotributo 2026: tabla de categorías, topes y cuotas",Tabla de categorías del Monotributo 2026,"Tabla de categorías del Monotributo 2026: topes anuales y mensuales, cuotas A–K para servicios y bienes, y valores vigentes desde agosto.",1,1,alineado,title-canonico
https://hacecuentas.com/datos-salario-basico-ecuador-2026,Sueldo básico Ecuador 2026,informacional,Sueldo básico Ecuador 2026: $470 y cuánto te queda neto,Sueldo básico Ecuador 2026: $470 y neto con IESS,"Salario Básico Unificado (SBU) de Ecuador 2026: $482,00 al mes. Sueldo neto tras IESS, décimo tercero y cuarto, fondos de reserva.",1,1,alineado,title-canonico
https://hacecuentas.com/datos-salario-minimo-argentina-2026,Salario mínimo Argentina 2026,informacional,Salario mínimo Argentina 2026: SMVM $376.600 mes a mes,Salario mínimo Argentina 2026: $376.600 (SMVM),"El salario mínimo en Argentina 2026 es de $376.600 por mes y $1.883 por hora (SMVM, vigente agosto 2026). Cronograma mes a mes de la Res. 9/2025.",1,1,alineado,title-canonico
https://hacecuentas.com/datos-salario-minimo-latam-2026,Salario mínimo 2026 por país,informacional,Salario mínimo 2026 por país: tabla y valores,Salario mínimo 2026 por país en Latinoamérica,"Salario mínimo 2026 en 11 países de Latinoamérica: Colombia $1.750.905, México $315,04 diarios, Perú S/1.130 y más valores oficiales.",1,0.75,alineado,title-canonico
https://hacecuentas.com/datos-topes-sipa-2026,Topes SIPA 2026,informacional,Topes SIPA 2026: base imponible máxima y aportes al tope,El tope que cambia cuánto te descuentan.,"Base imponible máxima de aportes personales en… Encontrá herramientas, ejemplos y fuentes para resolver topes sipa 2026: base imponible máxima de aportes.",0,1,refuerzo-visible-automatico,title-canonico
https://hacecuentas.com/deportes,Deportes hoy,calculo,"Deportes hoy: fútbol argentino, NBA y F1 | Hacé Cuentas","Deportes: fútbol argentino, NBA y Fórmula 1. El deporte, explicado con datos.","Fútbol argentino, NBA y Fórmula 1 en un solo lugar: partidos, resultados, posiciones, calendarios y calculadoras deportivas gratis.",0.5,0,alineado,title-canonico
https://hacecuentas.com/desarrolladores,API y MCP — usá las calculadoras desde tu LLM o app,calculo,API y MCP — usá las calculadoras desde tu LLM o app,API y MCP para desarrolladores y LLMs,"API JSON gratuita y servidor MCP para que ChatGPT, Claude, Grok y Gemini consuman las 600 herramientas públicas de Hacé Cuentas en tiempo real.",0.29,0.29,alineado,title-canonico
https://hacecuentas.com/dia-del-nino-2026-cuando-es,Día del Niño 2026,informacional,Día del Niño 2026: es el domingo 16 de agosto (finde largo),¿Cuándo es el Día del Niño 2026? Domingo 16 de agosto,El Día del Niño 2026 en Argentina es el domingo 16 de agosto: el tercer domingo de agosto según el decreto 562/2025.,1,1,alineado,title-canonico
https://hacecuentas.com/do,Calculadoras República Dominicana 2026,calculo,Calculadoras República Dominicana 2026 | Hacé Cuentas,De tu nómina a tu próxima decisión.,"Calculadoras de República Dominicana para salario, TSS, ISR, prestaciones, regalía pascual, vivienda y negocio, con reglas y fuentes locales 2026.",0,1,refuerzo-visible-automatico,title-canonico
https://hacecuentas.com/do/calculadoras,Todas las calculadoras de República Dominicana,calculo,Todas las calculadoras de República Dominicana — 12 gratis,Calculadoras de República Dominicana,"Catálogo completo de 12 calculadoras online gratis para República Dominicana: ISR, TSS, cesantía, regalía pascual, salario neto, ITBIS.",0.75,0.75,alineado,title-canonico
https://hacecuentas.com/do/finanzas,Finanzas personales en República Dominicana,informacional,Finanzas personales en República Dominicana | Hacé Cuentas,Finanzas,"Presupuesto del hogar, factura de luz, tarjetas, certificados financieros, san y dólar: las cuentas de la plata en pesos dominicanos, con el IPC…",0.25,0,alineado,title-canonico
https://hacecuentas.com/do/finanzas/ahorro-y-dolar,"Certificado financiero, san o dólares",informacional,"Certificado financiero, san o dólares",¿Tu plata rinde o sólo aguanta la inflación?,"Compará el rendimiento neto de un certificado financiero (con la retención del 10%), el san de ahorro rotativo y el dólar, contra la inflación del IPC…",0,0.75,refuerzo-visible-automatico,title-canonico
https://hacecuentas.com/do/finanzas/comprar-y-financiar-un-vehiculo,Importar y financiar un vehículo en República Dominicana,calculo,Importar y financiar un vehículo en República Dominicana,¿Cuánto cuesta importar y financiar el vehículo en República Dominicana?,"Calculá los impuestos de importación de un vehículo en República Dominicana y la cuota del préstamo: inicial, total a pagar y costo completo del carro.",1,0.6,alineado,title-canonico
https://hacecuentas.com/do/finanzas/presupuesto-del-hogar,Presupuesto del hogar en República Dominicana,calculo,Presupuesto del hogar en República Dominicana,¿A dónde se te va el sueldo cada mes?,"Calculá a dónde se va tu sueldo en RD$: factura de luz por bloques, gasolina por galón, pago mínimo de tarjeta, útiles escolares y bonos de Supérate…",0,0,refuerzo-visible-automatico,title-canonico
https://hacecuentas.com/do/impuestos,Impuestos en República Dominicana,calculo,Impuestos en República Dominicana — calculadoras DGII,Impuestos,"ITBIS, ISR, anticipos, IPI, transferencia inmobiliaria y recargos por mora: los impuestos de la DGII calculados con las tasas y los artículos del Código…",0.33,0.33,alineado,title-canonico
https://hacecuentas.com/do/impuestos/comprar-vivienda,Comprar vivienda en República Dominicana,informacional,Comprar vivienda en República Dominicana,"La casa cuesta una cifra. Tener las llaves, un poco más.","Cuánto necesitás para cerrar la compra de un inmueble en RD$: inicial, cuota hipotecaria, impuesto de transferencia del 3%, honorarios legales, IPI anual…",0,0,refuerzo-visible-automatico,title-canonico
https://hacecuentas.com/do/impuestos/negocio-dgii,Impuestos DGII de tu negocio,calculo,"Impuestos DGII de tu negocio: ITBIS, ISR, anticipos",Que la DGII no te agarre sin reserva.,"Calculá lo que le debés a la DGII: ITBIS del 18% a pagar, ISR de sociedades del 27%, anticipo mensual según la TET, retención del 10% sobre honorarios…",0.33,0.33,alineado,title-canonico
https://hacecuentas.com/do/trabajo,Trabajo en República Dominicana,informacional,"Trabajo en República Dominicana — sueldo, prestaciones y TSS",Trabajo,"Sueldo neto, prestaciones laborales, regalía pascual y seguridad social en República Dominicana, resueltos con el Código de Trabajo (Ley 16-92)…",0.33,1,alineado,title-canonico
https://hacecuentas.com/do/trabajo/liquidacion,Liquidación laboral República Dominicana,calculo,Liquidación laboral República Dominicana,Terminó tu contrato. Veamos qué deben pagarte.,"Calculá tus prestaciones laborales en RD$: auxilio de cesantía del Art. 80, preaviso del Art. 76, vacaciones, regalía proporcional y la penalidad del Art.",0,0,refuerzo-visible-automatico,title-canonico
https://hacecuentas.com/do/trabajo/regalia-y-bonificacion,Regalía pascual 2026 República Dominicana,calculo,Regalía pascual 2026 República Dominicana: cuánto te toca,Lo que cobrás además del sueldo en República Dominicana: regalía y bonificación.,"Calculá tu regalía pascual 2026 (doble sueldo) completa o proporcional y el tope de tu bonificación en República Dominicana, según el Código de Trabajo.",0.6,1,alineado,title-canonico
https://hacecuentas.com/do/trabajo/sueldo-neto,Sueldo neto República Dominicana 2026,calculo,Sueldo neto República Dominicana 2026: TSS e ISR,Del salario acordado a lo que llega a tu cuenta.,"Calculá tu salario neto en RD$ 2026: AFP 2,87%, SFS 3,04%, retención de ISR por la escala de la DGII, horas extra al 35% y recargo nocturno del 15%.",0,0.4,refuerzo-visible-automatico,title-canonico
https://hacecuentas.com/do/trabajo/tss-aportes-y-coberturas,TSS República Dominicana,comparacion-comercial,"TSS República Dominicana: aportes, costo del empleado",La TSS: cuánto se aporta por vos y qué te devuelve.,"Cuánto aporta el trabajador y cuánto el empleador a la TSS (AFP, SFS, riesgos laborales e INFOTEP), cuánto cuesta realmente un empleado y qué devuelve…",0.33,0.33,alineado,title-canonico
https://hacecuentas.com/dolar-hoy,Dólar hoy en Argentina EN VIVO,calculo,"Dólar hoy en Argentina EN VIVO: blue, oficial, MEP, CCL",Dólar hoy en Argentina — en vivo 💵,"Cotización del dólar hoy en Argentina, en vivo: blue $1.545, oficial $1.510, MEP $1.522, CCL, tarjeta y cripto. Brecha cambiaria y conversor.",1,1,alineado,title-canonico
https://hacecuentas.com/dolar-hoy-chile,"Dólar, UF y UTM hoy en Chile EN VIVO",informacional,"Dólar, UF y UTM hoy en Chile EN VIVO | Hacé Cuentas","Dólar, UF y UTM hoy en Chile 🇨🇱","Valores de hoy en Chile, en vivo: dólar observado $913, UF $40.854,01 y UTM. Se actualiza solo desde el Banco Central. Tabla de conversión dólar a pesos.",0.8,1,alineado,title-canonico
https://hacecuentas.com/dolar-hoy-colombia,Dólar hoy Colombia,comparacion-comercial,Dólar hoy Colombia: precio TRM actualizado al minuto,Dólar hoy en Colombia (TRM) 🇨🇴,"Dólar TRM hoy en Colombia: $3.128,65 por dólar (tasa oficial de la Superintendencia Financiera). Tabla de conversión de dólares a pesos. Se actualiza solo.",1,1,alineado,title-canonico
https://hacecuentas.com/dolar-hoy-mexico,Dólar hoy en México,informacional,Dólar hoy en México: tipo de cambio EN VIVO | Hacé Cuentas,Dólar hoy en México 🇲🇽,Dólar hoy en México: $17.02 pesos por dólar (tipo de cambio interbancario). Tabla de conversión de dólares a pesos. Se actualiza solo.,1,1,alineado,title-canonico
https://hacecuentas.com/dolar-hoy-paraguay,Dólar hoy en Paraguay,informacional,Dólar hoy en Paraguay: cotización a guaraníes EN VIVO,Dólar hoy en Paraguay 🇵🇾,"Dólar hoy en Paraguay: Gs. 5.991 guaraníes por dólar (tipo de cambio de mercado), más real brasileño y peso argentino.",1,1,alineado,title-canonico
https://hacecuentas.com/dolar-hoy-peru,Dólar hoy en Perú,informacional,Dólar hoy en Perú: tipo de cambio a soles EN VIVO,Dólar hoy en Perú 🇵🇪,Dólar hoy en Perú: S/ 3.37 soles por dólar (tipo de cambio de mercado). Tabla de conversión de dólares a soles. Se actualiza solo.,1,1,alineado,title-canonico
https://hacecuentas.com/dolar-hoy-uruguay,Dólar hoy en Uruguay,informacional,Dólar hoy en Uruguay: cotización a pesos EN VIVO,Dólar hoy en Uruguay 🇺🇾,"Dólar hoy en Uruguay: $U 40,14 pesos por dólar (tipo de cambio de mercado), más euro y real brasileño. Tabla de conversión de dólares a pesos uruguayos.",1,1,alineado,title-canonico
https://hacecuentas.com/dolar-hoy-venezuela,Dólar BCV y Paralelo Hoy en Venezuela EN VIVO,informacional,Dólar BCV y Paralelo Hoy en Venezuela EN VIVO | Hacé Cuentas,Dólar BCV y paralelo hoy en Venezuela 🇻🇪,"Dólar de hoy en Venezuela, en vivo: dólar BCV (oficial) Bs. 771,07, dólar paralelo Bs. 861,6 y la brecha cambiaria (11,7%). Se actualiza solo.",0.83,1,alineado,title-canonico
https://hacecuentas.com/ec,Calculadoras de Ecuador,calculo,"Calculadoras de Ecuador: sueldo, impuestos y trámites","Tu sueldo, tus impuestos y tu casa.","Calculá sueldo, décimos, fondos de reserva, impuestos, créditos, auto y trámites en Ecuador con datos y fuentes locales.",0,0.5,refuerzo-visible-automatico,title-canonico
https://hacecuentas.com/ec/auto,Auto en Ecuador,calculo,"Auto en Ecuador — matriculación, SPPAT y revisión técnica",Auto,"Calculá matriculación, rodaje, SPPAT, revisión técnica y combustible para conocer el costo de mantener un auto al día en Ecuador.",0.5,1,alineado,title-canonico
https://hacecuentas.com/ec/auto/costos-del-auto,Cuánto cuesta tener el auto al día en Ecuador,comparacion-comercial,Cuánto cuesta tener el auto al día en Ecuador,¿Cuánto te cuesta al año tener el auto al día en el Ecuador?,"Calcula el costo anual real de tu vehículo en el Ecuador: impuesto a la propiedad del SRI, impuesto al rodaje del COOTAD, tasa SPPAT, revisión técnica…",1,0.2,alineado,title-canonico
https://hacecuentas.com/ec/calculadora-prestamo-quirografario-iess-ecuador,Calculadora Préstamo Quirografario IESS BIESS 2026,calculo,Calculadora Préstamo Quirografario IESS BIESS 2026,Calculadora de Préstamo Quirografario del IESS (Biess) — Ecuador 2026 🌎,Calculá cuánto te presta el IESS por quirografario en 2026: hasta 80 SBU ($38.560). Obtené tu cuota mensual según plazo y tasa BIESS oficial al instante…,1,0.8,alineado,title-canonico
https://hacecuentas.com/ec/calculadoras,Todas las calculadoras de Ecuador,calculo,Todas las calculadoras de Ecuador — 23 gratis | Hacé Cuentas,Calculadoras de Ecuador,"Catálogo completo de 23 calculadoras online gratis para Ecuador: salario básico (SBU), IESS, décimos, IVA, impuesto a la renta, utilidades.",0.67,0.67,alineado,title-canonico
https://hacecuentas.com/ec/datos-pension-alimenticia-ecuador-2026,Tabla pensión alimenticia Ecuador 2026,informacional,"Tabla pensión alimenticia Ecuador 2026: mínimo $135,54",Tabla de pensión alimenticia en Ecuador 2026,"Tabla oficial de pensiones alimenticias mínimas Ecuador 2026 (Acuerdo MDH-DM-2026-0005-A): 6 niveles sobre el SBU de $482, porcentajes por número…",1,0.6,alineado,title-canonico
https://hacecuentas.com/ec/estudio,Estudio en Ecuador,calculo,"Estudio en Ecuador — nota Transformar, promedio y costo",Estudio,"Calculá nota de postulación Transformar, promedio académico y costo universitario en Ecuador con requisitos y fuentes para cada decisión.",0.5,0.5,alineado,title-canonico
https://hacecuentas.com/ec/estudio/entrar-y-pagar-la-universidad,Nota de postulación Transformar y costo de la universidad,calculo,Nota de postulación Transformar y costo de la universidad,"¿Con qué nota entras a la universidad en el Ecuador, y cuánto te va a costar la carrera?",Calcula tu nota de postulación del examen Transformar de la Senescyt con la ponderación de bachillerato general o técnico y la acción afirmativa…,0.4,0.6,alineado,title-canonico
https://hacecuentas.com/ec/finanzas-personales,Finanzas personales en Ecuador,comparacion-comercial,"Finanzas personales en Ecuador — créditos BIESS, tarjetas",Finanzas personales,"Calculá cuotas, costo total y rendimientos de créditos BIESS, tarjetas y depósitos en Ecuador para comparar alternativas antes de decidir.",0.67,0.33,alineado,title-canonico
https://hacecuentas.com/ec/finanzas-personales/creditos-y-ahorro,Préstamo quirografario IESS y créditos Ecuador,calculo,Préstamo quirografario IESS y créditos Ecuador: cuota real,Préstamo quirografario IESS y créditos: ¿cuánto pagás de verdad?,"Calcula la cuota de un préstamo quirografario del IESS o crédito BIESS en Ecuador. Compara tasa, plazo, intereses y costo total antes de pedirlo.",0.8,0.8,alineado,title-canonico
https://hacecuentas.com/ec/futbol-ecuatoriano-hoy,Fútbol ecuatoriano hoy,informacional,"Fútbol ecuatoriano hoy: partidos, resultados y tablas","Fútbol ecuatoriano, hoy","Partidos de hoy, resultados, próximos encuentros, horarios locales y tablas actualizadas del fútbol ecuatoriano, con resultados recientes y agenda…",1,1,alineado,title-canonico
https://hacecuentas.com/ec/hogar,Hogar en Ecuador,comparacion-comercial,"Hogar en Ecuador — costo de vida, arriendo y planillas",Hogar,"Cuánto cuesta vivir en el Ecuador mes a mes: canasta básica del INEC, arriendo, luz y agua, con el pliego tarifario vigente.",0.5,0.5,alineado,title-canonico
https://hacecuentas.com/ec/hogar/comida-salud-y-construccion,"Calorías, costo de construcción y medidas de cocina, Ecuador",calculo,"Calorías, costo de construcción y medidas de cocina, Ecuador","Tu cuerpo, tu receta o tu casa: empezá por el número correcto.","Calculadora de calorías diarias, costo de construcción por m² 2026 y conversor de tazas a gramos para Ecuador, reunidos en una sola página de decisión.",0,0.67,refuerzo-visible-automatico,title-canonico
https://hacecuentas.com/ec/hogar/presupuesto-mensual,Cuánto se necesita al mes para vivir en Ecuador,calculo,Cuánto se necesita al mes para vivir en Ecuador,"¿Cuánto necesitas al mes para vivir en el Ecuador, y te alcanza con lo que ganas?",Calculá el presupuesto mensual de tu hogar en Ecuador y comparalo con la canasta básica del INEC según ciudad y cantidad de integrantes.,0.75,0.25,alineado,title-canonico
https://hacecuentas.com/ec/impuestos,Impuestos en Ecuador,informacional,"Impuestos en Ecuador — renta, IVA, ISD y RIMPE",Impuestos,"Impuesto a la renta, IVA, ISD, prediales y régimen RIMPE del SRI, resueltos con la tabla vigente y la resolución citada.",0.5,0,alineado,title-canonico
https://hacecuentas.com/ec/impuestos/impuesto-a-la-renta,Impuesto a la renta Ecuador 2026,calculo,Impuesto a la renta Ecuador 2026: tabla SRI y retenciones,Tu impuesto no es un porcentaje suelto.,"Calculá tu impuesto a la renta en Ecuador 2026 con la tabla vigente del SRI: retención en relación de dependencia, honorarios y rebaja por gastos.",0.25,1,alineado,title-canonico
https://hacecuentas.com/ec/impuestos/impuestos-del-inmueble,Impuestos de un inmueble en Ecuador,calculo,Impuestos de un inmueble en Ecuador,Una propiedad. Cuatro momentos. Cuatro cuentas distintas.,"Calcula el impuesto predial urbano con el descuento por pronto pago, la alcabala del 1% que paga el comprador, el impuesto a las utilidades y plusvalía…",0,0,refuerzo-visible-automatico,title-canonico
https://hacecuentas.com/ec/impuestos/iva-y-consumo,"IVA, ICE, ISD e impuestos de importación en Ecuador",calculo,"IVA, ICE, ISD e impuestos de importación en Ecuador","¿Cuánto impuesto se le suma a lo que compras, importas o envías al exterior?","Calcula el IVA del 15% en Ecuador, la retención de IVA que te hace un agente de retención, el ICE de un producto, los tributos de una importación…",0,0.67,refuerzo-visible-automatico,title-canonico
https://hacecuentas.com/ec/impuestos/regimen-rimpe-y-negocio,"RIMPE, régimen general o SAS en Ecuador",informacional,"RIMPE, régimen general o SAS en Ecuador",Formalizar tu negocio no debería ser una adivinanza.,"Compara con tus propias cifras cuánto pagas al año como RIMPE negocio popular, RIMPE emprendedor, régimen general o compañía SAS en Ecuador: cuota…",0,1,refuerzo-visible-automatico,title-canonico
https://hacecuentas.com/ec/trabajo,Trabajo en Ecuador,informacional,"Trabajo en Ecuador — sueldo, décimos, IESS y liquidación",Trabajo,"Sueldo, décimos, fondos de reserva, liquidación y aportes al IESS en el Ecuador, con el SBU vigente y el artículo del Código del Trabajo que aplica.",0.5,1,alineado,title-canonico
https://hacecuentas.com/ec/trabajo/decimos-y-fondos-de-reserva,Décimos y fondos de reserva Ecuador 2026,calculo,Décimos y fondos de reserva Ecuador 2026: cuánto te toca,"Décimos, fondos de reserva y vacaciones: cuánto te toca y cuándo lo cobras.","Calculá el décimo tercero y décimo cuarto sueldo en Ecuador 2026 por región, los fondos de reserva del 8,33% y tus vacaciones, con el SBU vigente.",0.6,0.8,alineado,title-canonico
https://hacecuentas.com/ec/trabajo/iess-aportes-y-jubilacion,IESS en Ecuador,informacional,"IESS en Ecuador: cuánto aportas, cuándo te jubilas y cuánto",Lo que aportás hoy define lo que podés cobrar mañana.,"Aportes al IESS en relación de dependencia, como afiliado voluntario y en el trabajo del hogar, más la estimación de la pensión de vejez, la jubilación…",0,0.5,refuerzo-visible-automatico,title-canonico
https://hacecuentas.com/ec/trabajo/licencias-y-pension-alimenticia,Licencias por hijos y enfermedad en Ecuador,informacional,Licencias por hijos y enfermedad en Ecuador,Un cambio familiar. Cuatro cuentas que necesitás entender.,"Licencia de maternidad de 12 semanas con el 75% del IESS y el 25% del empleador, licencia de paternidad de 15 a 25 días, subsidio de enfermedad del IESS…",0,0.25,refuerzo-visible-automatico,title-canonico
https://hacecuentas.com/ec/trabajo/liquidacion-y-despido,Liquidación por despido en Ecuador 2026,calculo,Liquidación por despido en Ecuador 2026: cuánto te deben,Salgo de la empresa en Ecuador: ¿cuánto me tienen que liquidar?,"Calculá tu liquidación en Ecuador 2026: despido intempestivo, visto bueno o desahucio, décimos proporcionales, vacaciones e indemnización del art. 188.",0.25,1,alineado,title-canonico
https://hacecuentas.com/ec/trabajo/sueldo-neto,Sueldo neto Ecuador 2026,calculo,"Sueldo neto Ecuador 2026: aporte IESS 9,45% y costo patronal",Del sueldo acordado a lo que llega a tu cuenta.,"Calculá tu sueldo neto en Ecuador 2026: aporte personal al IESS del 9,45%, horas suplementarias y extraordinarias, y el costo laboral total del empleador.",0.25,1,alineado,title-canonico
https://hacecuentas.com/ec/tramites,Trámites en Ecuador,informacional,"Trámites en Ecuador — pasaporte, multas y notaría",Trámites,"Costos de trámites y actos legales en el Ecuador: pasaporte, multa por no sufragar, honorarios notariales y traspaso de dominio.",0.5,1,alineado,title-canonico
https://hacecuentas.com/ec/tramites/tramites-y-costos-legales,Cuánto cuesta un trámite en Ecuador,comparacion-comercial,Cuánto cuesta un trámite en Ecuador,"¿Cuánto te va a costar ese trámite, esa firma en la notaría o esa multa?","Calcula el costo real de los trámites más comunes en el Ecuador: el pasaporte del Registro Civil según tu caso, la multa del CNE por no sufragar…",0.33,0.33,alineado,title-canonico
https://hacecuentas.com/ec/validar-cedula,Validar Cédula Ecuatoriana Online Gratis,calculo,Validar Cédula Ecuatoriana Online Gratis,Validar cédula ecuatoriana,Validá una cédula ecuatoriana al instante: verifica el dígito verificador (módulo 10) y te dice la provincia de emisión.,1,0.67,alineado,title-canonico
https://hacecuentas.com/embarazo,Calculadoras de embarazo,calculo,"Calculadoras de embarazo: semanas, fechas y seguimiento",Ubicate en el embarazo. Entendé lo que viene.,"Calculá semanas de embarazo, fecha probable de parto y controles orientativos con fuentes médicas; no reemplaza la consulta profesional.",0.5,0.5,alineado,title-canonico
https://hacecuentas.com/embarazo/dias-fertiles,"Calculadora de ciclo menstrual, ovulación y días fértiles",calculo,"Calculadora de ciclo menstrual, ovulación y días fértiles","Tu ventana fértil es un rango, no una certeza.","Calculá tu ventana fértil y el día de ovulación según tu ciclo, tengas… Encontrá herramientas, ejemplos y fuentes para resolver cuáles son mis días…",0,0.6,refuerzo-visible-automatico,title-canonico
https://hacecuentas.com/embarazo/fecha-de-parto,Cuándo nace mi bebé,calculo,¿Cuándo nace mi bebé? — Calculadora de fecha probable,Una fecha para organizarte. Una ventana para entender la realidad.,"Calculá tu fecha probable de parto por última menstruación (regla de Naegele), con ajuste por ciclo largo o corto, por ecografía o por FIV con la fecha…",0,0,refuerzo-visible-automatico,title-canonico
https://hacecuentas.com/embarazo/semanas,Calculadora de semanas de embarazo y fecha de parto,calculo,Calculadora de semanas de embarazo y fecha de parto,"Tu embarazo, semana a semana.","Calculá tus semanas y días de embarazo, el mes y trimestre, la fecha probable de parto y el crecimiento estimado del bebé.",0.25,1,alineado,title-canonico
https://hacecuentas.com/embeber,Embeber Calculadoras Gratis en tu Web,calculo,Embeber Calculadoras Gratis en tu Web — Widget Hacé Cuentas,Embebé calculadoras gratis en tu sitio web,"Calculadoras listas para embeber en tu sitio web: widgets gratis, sin registro y con ejemplos para WordPress, Blogger, Wix, Squarespace o cualquier HTML.",0.67,1,alineado,title-canonico
https://hacecuentas.com/en,"Free calculators for money, health, home and everyday",calculo,"Free calculators for money, health, home and everyday",Don't just calculate. Know what to do next.,"Calculate, compare and understand money, work, health, home, travel and everyday decisions with formulas, examples and cited sources.",0,0.57,refuerzo-visible-automatico,title-canonico
https://hacecuentas.com/en/cars,Car Calculators,calculo,"Car Calculators — fuel, tires, depreciation and maintenance",Cars,"Fuel, tires, resale value and maintenance intervals — the numbers behind owning and driving a car, in US units and with the source behind every constant.",0,0.5,refuerzo-visible-automatico,title-canonico
https://hacecuentas.com/en/cars/buy-lease-finance,"Should I buy, lease or finance a car? Total ownership",informacional,"Should I buy, lease or finance a car? Total ownership","Should I buy, lease or finance this car?","Compare cash ownership, financing and leasing after taxes, dealer fees, interest, maintenance, lease payments and estimated resale value.",0.71,0.29,alineado,title-canonico
https://hacecuentas.com/en/cars/car-value-and-ownership,"Car Depreciation, Insurance and Maintenance Cost Calculator",calculo,"Car Depreciation, Insurance and Maintenance Cost Calculator",Your car loses money while it sits.,"Estimate what your car is worth after N years and miles, what the insurance premium works out to per month, and when the timing belt is actually due — in…",0.2,0.4,alineado,title-canonico
https://hacecuentas.com/en/cars/fuel-and-trip-cost,Road Trip Fuel Cost & Range Calculator,calculo,Road Trip Fuel Cost & Range Calculator,Know the cost before the first mile.,"Work out your tank range in miles, the real fuel cost of a road trip with rest stops, what running the A/C adds every month, and whether CNG beats…",0.2,1,alineado,title-canonico
https://hacecuentas.com/en/cars/import-a-vehicle,Should I import this car? Total vehicle import cost,informacional,Should I import this car? Total vehicle import cost,Will importing this vehicle actually save me money?,"Estimate the full cost of importing a vehicle after shipping, duty, excise tax, import tax, port charges, compliance and registration.",0.29,0.43,alineado,title-canonico
https://hacecuentas.com/en/cars/tires-brakes-and-specs,"Tire Size, PSI, Payload, Battery CCA and Stopping Distance",informacional,"Tire Size, PSI, Payload, Battery CCA and Stopping Distance",Will that wheel actually fit?,"Decode the numbers on your tires, door-jamb placard and owner’s manual: overall tire diameter, correct PSI, GVWR payload in pounds, battery cold-cranking…",0,0.5,refuerzo-visible-automatico,title-canonico
https://hacecuentas.com/en/cars/titles-registration-and-transfer,Car Registration and Transfer Costs in Argentina 2026,informacional,Car Registration and Transfer Costs in Argentina 2026,Know every document before you get in line.,"Estimate new car registration fees (DNRPA) in Argentina 2026, the cost of transferring a used car and moving your registration to another province.",0,0.67,refuerzo-visible-automatico,title-canonico
https://hacecuentas.com/en/cooking,Cooking Calculators,calculo,"Cooking Calculators — Portions, Baking Ratios, Brewing",Cooking,"Party portions, baking ratios, brewing strength and drink counts — worked out with real numbers: cooked-to-raw shrink, baker’s percentages, SCA brew…",0.5,0,alineado,title-canonico
https://hacecuentas.com/en/cooking/baking-ratios-and-conversions,"Baker’s Percentage, Recipe Scaling & Kitchen Conversions",informacional,"Baker’s Percentage, Recipe Scaling & Kitchen Conversions","Scale the dough, not the mistakes.","Scale any recipe, work out hydration and baker’s percentage, convert oven temperatures to °C and Gas Mark, turn teaspoons into grams and estimate rise…",0,0.5,refuerzo-visible-automatico,title-canonico
https://hacecuentas.com/en/cooking/brewing-and-infusions,"Coffee Ratio, Priming Sugar & Infusion Time",informacional,"Coffee Ratio, Priming Sugar & Infusion Time",Extract flavor. Not bitterness.,"How strong it comes out and how long it takes: SCA coffee-to-water ratios, priming sugar for a target carbonation, beer color by the Morey SRM equation…",0,0.5,refuerzo-visible-automatico,title-canonico
https://hacecuentas.com/en/cooking/drinks-for-a-party,How Much Alcohol Per Guest? Party Drinks Calculator,calculo,How Much Alcohol Per Guest? Party Drinks Calculator,Enough to celebrate. Not enough to store for a year.,"How many drinks to buy for a wedding, cocktail party or casual BBQ: bottles of wine, cases of beer, liters of spirits and soda, with a cost range in…",0,0.33,refuerzo-visible-automatico,title-canonico
https://hacecuentas.com/en/cooking/how-much-food-per-guest,How Much Food Per Person? Party Portion Calculator,calculo,How Much Food Per Person? Party Portion Calculator,"Feed the room, not the fear of running out.","Work out exactly how much meat, pizza, empanadas… Encontrá herramientas, ejemplos y fuentes para resolver how much food per person?",0,0.67,refuerzo-visible-automatico,title-canonico
https://hacecuentas.com/en/family,Family calculators,calculo,"Family calculators — babies, feeding and milestones",Family,"Feeding, sleep, growth and the milestones parents actually search for — answered with AAP, CDC and WHO guidance instead of forum folklore.",0.5,0,alineado,title-canonico
https://hacecuentas.com/en/family/baby-and-child-milestones,"Is my child on track? Sleep, teeth, screen time and shoe",informacional,"Is my child on track? Sleep, teeth, screen time and shoe",See what may come next—without turning childhood into a race.,"Age-by-age reference for children: how many hours of sleep they need per AASM, which baby teeth should be in per the ADA chart, the AAP screen-time…",0,0.57,refuerzo-visible-automatico,title-canonico
https://hacecuentas.com/en/family/events-and-family-transitions,"Divorce Costs, Ring Size and Family Event Budgets",informacional,"Divorce Costs, Ring Size and Family Event Budgets","When life changes, see the whole path.","Estimate divorce settlement costs, convert ring sizes between mm, US, UK and EU, and plan the budget for big family events and changes, all on one page.",0,0.57,refuerzo-visible-automatico,title-canonico
https://hacecuentas.com/en/fitness,Fitness & Sports Calculators,calculo,"Fitness & Sports Calculators — pace, strength, zones",Fitness Sports,"Race pace, training volume, power and pace zones, race-day fuelling and where you stand in the standings — the numbers behind training and competing, in…",0.67,0,alineado,title-canonico
https://hacecuentas.com/en/fitness/competition-and-rankings,"Elo Rating, Points Per Game, Auction Budget and Fran Time",informacional,"Elo Rating, Points Per Game, Auction Budget and Fran Time",A score is not a standing until the field is counted.,"Work out where you stand: how many Elo points a result moves you and what the odds were, whether your points-per-game average is safe from relegation…",0,0.44,refuerzo-visible-automatico,title-canonico
https://hacecuentas.com/en/fitness/endurance-thresholds,"FTP, Critical Power, Threshold Pace, SWOLF and Race Fueling",informacional,"FTP, Critical Power, Threshold Pace, SWOLF and Race Fueling",Stop guessing where “hard” begins.,"Set your endurance training zones and your race-day plan: FTP from a 20-minute test, Critical Power and W′ from two efforts, threshold pace from…",0,0.75,refuerzo-visible-automatico,title-canonico
https://hacecuentas.com/en/fitness/running-race-plan,"Race Pace, Training Plan and Recovery Calculator for Runners",calculo,"Race Pace, Training Plan and Recovery Calculator for Runners",Build the finish before chasing the pace.,"Work out the pace you need per mile, how many weeks of training the race takes, how fast you can safely add mileage, what a 10K predicts for your half…",0.14,0.57,alineado,title-canonico
https://hacecuentas.com/en/fitness/strength-and-training-volume,"One-Rep Max, Weekly Sets, Frequency and Recovery Calculator",calculo,"One-Rep Max, Weekly Sets, Frequency and Recovery Calculator",Know what you trained—not just what you lifted.,"Estimate your 1RM in pounds from any set with Epley, Brzycki and Lombardi, get the training percentages, then find the weekly set range that actually…",0,0.14,refuerzo-visible-automatico,title-canonico
https://hacecuentas.com/en/football-today,English football today,informacional,"English football today: matches, results and tables","English football, today","Today’s English football fixtures, results, upcoming matches and current Premier League and Championship tables, with local times, recent scores…",1,1,alineado,title-canonico
https://hacecuentas.com/en/garden,Garden Calculators,calculo,"Garden Calculators — watering, fertilizer, spacing",Garden,"Watering, feeding, spacing and timing — the numbers behind a vegetable garden, in gallons, square feet and USDA hardiness zones.",0.5,0.5,alineado,title-canonico
https://hacecuentas.com/en/garden/planting-and-spacing,"Plant Spacing, Seeds Per Square Foot, Germination and Pot",informacional,"Plant Spacing, Seeds Per Square Foot, Germination and Pot",Give every plant the room it becomes.,"How far apart to space vegetables, how many seeds a bed takes, how many days to germination at your soil temperature, and what size pot and drainage…",0.13,0.38,alineado,title-canonico
https://hacecuentas.com/en/garden/watering-and-feeding,"Garden Watering, Fertilizer, Soil pH and Mulch Calculator",calculo,"Garden Watering, Fertilizer, Soil pH and Mulch Calculator",Water the roots—not the calendar.,"Work out daily watering per plant, how much NPK fertilizer a bed needs, how much lime or sulfur to shift soil pH, how much mulch to buy, and what an EC…",0,0.8,refuerzo-visible-automatico,title-canonico
https://hacecuentas.com/en/garden/when-to-plant,When to Plant Calculator,calculo,"When to Plant Calculator: USDA Zone, Monthly Sowing Guide",Plant for your season—not someone else’s month.,"Find your USDA hardiness zone from your coldest winter temperature, see what to sow this month in either hemisphere, and get the right window to prune…",0.5,0,alineado,title-canonico
https://hacecuentas.com/en/health,Health calculators,calculo,"Health calculators — weight, labs, fertility and training",Health,"Weight, calories, lab results, fertility and training — worked out with the reference ranges the guidelines actually publish, and with the source named…",0.5,0,alineado,title-canonico
https://hacecuentas.com/en/health/blood-test-numbers,"Are my blood test numbers normal? BP, cholesterol, A1c",informacional,"Are my blood test numbers normal? BP, cholesterol, A1c",Put one lab number back into context.,"Put your reading against the published reference range: blood pressure by ACC/AHA and by WHO, the full lipid panel, HbA1c with estimated average glucose…",0,0.14,refuerzo-visible-automatico,title-canonico
https://hacecuentas.com/en/health/body-weight,"Am I at a healthy weight? BMI, ideal weight, body fat",informacional,"Am I at a healthy weight? BMI, ideal weight, body fat",Use weight as a signal—not a verdict.,"Work out your BMI and the healthy weight range for your height in pounds, your ideal body weight by the Devine, Robinson, Hamwi and Lorentz formulas…",0.17,0.83,alineado,title-canonico
https://hacecuentas.com/en/health/calories-and-macros,"How many calories and macros should I eat? TDEE, BMR",informacional,"How many calories and macros should I eat? TDEE, BMR",Build the day around your goal and your appetite.,"Work out your BMR by Mifflin-St Jeor or Harris-Benedict, your TDEE at your real activity level, and the calorie target and protein, fat and carb grams…",0,0.29,refuerzo-visible-automatico,title-canonico
https://hacecuentas.com/en/health/exercise-and-training,"Max heart rate, training zones, RPE and hydration calculator",calculo,"Max heart rate, training zones, RPE and hydration calculator",Schedule stress and recovery together.,"Get your maximum heart rate by both the Fox and Tanaka formulas, your five training zones in beats per minute, the percentage of 1RM behind an RPE or…",0,0.71,refuerzo-visible-automatico,title-canonico
https://hacecuentas.com/en/health/fertility-and-pregnancy,"Ovulation, fertile window and due date calculator",calculo,"Ovulation, fertile window and due date calculator","Map the window, keep the uncertainty visible.","Find your fertile window and ovulation day for regular or irregular cycles, then get the due date from your last period, a known conception date, an IVF…",0.2,1,alineado,title-canonico
https://hacecuentas.com/en/health/medical-out-of-pocket,How much will health insurance cost me? Premium,informacional,How much will health insurance cost me? Premium,How much will this health plan really cost me?,"Estimate annual health-plan cost from premiums, deductible, coinsurance, copays and out-of-pocket maximum, then compare two plans.",0.67,0.33,alineado,title-canonico
https://hacecuentas.com/en/home,Home & building calculators,calculo,"Home & building calculators: paint, concrete, HVAC",Home Building,"Sizing and take-off calculators for the house itself: paint, tile and plaster quantities, concrete and rebar, AC and heating capacity, water heaters…",0.67,0.33,alineado,title-canonico
https://hacecuentas.com/en/home/carpentry-and-stairs,"Deck boards, sheet cuts, stair rise and run, hinge",informacional,"Deck boards, sheet cuts, stair rise and run, hinge",Turn the opening into a buildable staircase.,"Count deck boards and fasteners, get the best cut yield from a 4 × 8 sheet, lay out stair risers and treads to IRC limits, and size hinges, screws…",0,0.5,refuerzo-visible-automatico,title-canonico
https://hacecuentas.com/en/home/concrete-and-structure,"Concrete, rebar and brick calculator",calculo,"Concrete, rebar and brick calculator",Order enough concrete without paying for a second truck.,"Size a strip footing, a spread footing, a beam and a masonry wall, and get the concrete in cubic yards, the premix bags, the rebar weight and the brick…",0.33,1,alineado,title-canonico
https://hacecuentas.com/en/home/electrical-and-solar,"Wire gauge, breaker size and solar panel calculator (NEC)",calculo,"Wire gauge, breaker size and solar panel calculator (NEC)",Size the system from the loads backward.,"Size branch circuit wire and breakers from NEC Table 310.16 ampacity and voltage drop, work out how many solar panels your bill needs, and calculate…",0.14,0.57,alineado,title-canonico
https://hacecuentas.com/en/home/hvac-sizing,"AC, heating, vent fan and insulation sizing calculator",calculo,"AC, heating, vent fan and insulation sizing calculator",Size comfort from the heat the room gains and loses.,"Size the air conditioner in BTU/h and tons, the heater in BTU/h and kW, the exhaust fan in CFM and the wall insulation in R-value, from one set of room…",0,0.4,refuerzo-visible-automatico,title-canonico
https://hacecuentas.com/en/home/paint-and-tile,"Paint, tile and plaster calculator",calculo,"Paint, tile and plaster calculator: how much to buy",Buy for the surfaces—not the room name.,"Work out gallons of paint, boxes of tile, cubic feet of plaster, rolls of membrane and feet of baseboard from one set of room dimensions — with the waste…",0,1,refuerzo-visible-automatico,title-canonico
https://hacecuentas.com/en/home/water-and-plumbing,"Water heater, tank, pipe, pump and drain sizing calculator",calculo,"Water heater, tank, pipe, pump and drain sizing calculator",Find the bottleneck before replacing the fixture.,"Size a water heater in gallons or GPM, a storage tank, the supply pipe diameter in inches, the pump in horsepower and the drain and trap size — using DOE…",0,0.86,refuerzo-visible-automatico,title-canonico
https://hacecuentas.com/en/life,Everyday Life Calculators,calculo,"Everyday Life Calculators — dates, events, energy and carbon",Everyday Life,"Dates, events, energy at home and carbon footprints — the everyday questions that come with a number attached, worked out with the source behind each…",0.67,0.33,alineado,title-canonico
https://hacecuentas.com/en/life/carbon-footprint,Carbon Footprint Calculator,calculo,"Carbon Footprint Calculator: Flights, Streaming, Pets",Measure enough to know what to change first.,"Estimate the CO₂ behind a flight, your streaming habit, your pet and your wedding — and how many trees it would take to offset each one, plus how long…",0,0,refuerzo-visible-automatico,title-canonico
https://hacecuentas.com/en/life/dates-and-hours,"Date, Age and Hours Worked Calculator",calculo,"Date, Age and Hours Worked Calculator",Find the overlap—not just the offset.,"Work out your exact age, the days and business days between two dates, your weekly hours with FLSA overtime and gross pay, and how many terms are left…",0,0.5,refuerzo-visible-automatico,title-canonico
https://hacecuentas.com/en/life/home-energy-savings,Home Energy Savings Calculator,calculo,"Home Energy Savings Calculator: Fridge, Lighting, Standby",Spend first where the house leaks money.,"Work out what your fridge, your lights, your always-plugged-in chargers and your printing cost per year in kWh, dollars and CO₂ — and what each change…",0,0,refuerzo-visible-automatico,title-canonico
https://hacecuentas.com/en/life/identity-permits-and-applications,"US Visa, Driver License and Permit Costs Calculator",calculo,"US Visa, Driver License and Permit Costs Calculator",Know the sequence before gathering the documents.,"Estimate the total cost of a US B1/B2 tourist visa, a driver license by category, foreign residency and ID paperwork and other permits, all on one page.",0,0.6,refuerzo-visible-automatico,title-canonico
https://hacecuentas.com/en/life/move-abroad,Can I afford to move abroad? International relocation,informacional,Can I afford to move abroad? International relocation,Can I afford to move abroad?,"Compare take-home pay, monthly living costs, one-time relocation costs and the first-year or five-year financial position of moving abroad.",0.67,0.33,alineado,title-canonico
https://hacecuentas.com/en/life/party-and-event-planning,Event Cost Calculator,calculo,"Event Cost Calculator: Catering Per Head, Tipping, Music",Put the budget and the clock on the same board.,"Budget an event end to end: catering cost per head with bar, gratuity and tax; the right tip by state and party size; how to split a music gear budget…",0,1,refuerzo-visible-automatico,title-canonico
https://hacecuentas.com/en/math,Math Calculators,calculo,"Math Calculators — percentages, unit conversion, statistics",Math,"Percentages, unit conversions, statistics, algebra and geometry — every answer worked step by step, with the exact defined factor or formula behind it…",0.5,0,alineado,title-canonico
https://hacecuentas.com/en/math/algebra,Algebra Solver,informacional,"Algebra Solver: quadratic formula, 2×2 systems, matrices",See why each algebra step is allowed.,"Solve the algebra you actually get asked for: quadratic roots and the discriminant, 2×2 linear systems by Cramer's rule, matrix determinant and inverse…",0.5,0.5,alineado,title-canonico
https://hacecuentas.com/en/math/geometry-trigonometry,Geometry & Trigonometry,informacional,"Geometry & Trigonometry: area, volume and distance",Solve the shape you can actually see.,"Work out the area of a triangle from its three sides with Heron's formula, the volume and surface area of a sphere, the distance between two points…",0,0,refuerzo-visible-automatico,title-canonico
https://hacecuentas.com/en/math/percentages,Percentage Calculator,calculo,"Percentage Calculator: % of a number, % change, ratios",Percent is easy once you know what is the whole.,"Work out any percentage question in one place: what is X% of a number, what percent one number is of another, percent increase or decrease, the original…",0,1,refuerzo-visible-automatico,title-canonico
https://hacecuentas.com/en/math/statistics,Statistics Calculator,calculo,"Statistics Calculator: mean, median, mode, standard",See the distribution the mean can hide.,"Paste a list of numbers and get the mean, median, mode, range, variance and standard deviation, plus weighted averages, least-squares regression with R²…",0,0,refuerzo-visible-automatico,title-canonico
https://hacecuentas.com/en/math/unit-converter,Unit Converter,informacional,"Unit Converter: feet, pounds, ounces, square feet, BTU",Convert without losing what the number means.,"Convert length, weight, area, volume, cooling capacity, water concentration and temperature between US customary, imperial and metric units, using…",0,0,refuerzo-visible-automatico,title-canonico
https://hacecuentas.com/en/money,Money calculators for the U.S.,calculo,"Money calculators for the U.S. — taxes, paychecks, debt",Money,"Paychecks, taxes, debt and your home loan, worked out with the current IRS brackets, the FICA wage base and the state rate that actually applies to you.",0.33,0,alineado,title-canonico
https://hacecuentas.com/en/money/crypto-profit-and-fees,Crypto profit and fees,informacional,"Crypto profit and fees: P&L, cost basis, funding","See what survives fees, spread and tax basis.","Work out what a crypto position actually earned after buy and sell fees: cost basis, net proceeds, total and annualised return, break-even price…",0.33,0.67,alineado,title-canonico
https://hacecuentas.com/en/money/family-budget-and-big-expenses,50/30/20 Family Budget and Big Expenses Calculator,calculo,50/30/20 Family Budget and Big Expenses Calculator,A monthly budget needs an annual memory.,"Run the 50/30/20 family budget rule, baby shower and back-to-school budgets, stacked discounts and private university costs — all on one single page.",0.25,0.5,alineado,title-canonico
https://hacecuentas.com/en/money/get-out-of-debt,Fastest way to pay off debt,informacional,"Fastest way to pay off debt: minimum payment, avalanche or",Give every extra dollar its next target.,"See exactly what paying only the minimum costs you, how many months a fixed payment takes, and how much the avalanche method saves over the snowball on…",0,0,refuerzo-visible-automatico,title-canonico
https://hacecuentas.com/en/money/grow-your-money,"Compound interest, ROI and portfolio allocation calculator",calculo,"Compound interest, ROI and portfolio allocation calculator",See what time does—and what it cannot promise.,"See what a lump sum or a monthly contribution grows to, how long it takes to double, what a return is worth after inflation, how big an emergency fund…",0,0,refuerzo-visible-automatico,title-canonico
https://hacecuentas.com/en/money/home-loan,"Refinance, pay extra, or take a HELOC? Run all three on your",calculo,"Refinance, pay extra, or take a HELOC? Run all three on your",Price the home as a monthly system.,"One calculator for the three big home-loan decisions: how much a refinance really saves after closing costs, how much time and interest an extra monthly…",0,0.33,refuerzo-visible-automatico,title-canonico
https://hacecuentas.com/en/money/insurance-coverage,"How much insurance coverage do I need? Life, auto and home",informacional,"How much insurance coverage do I need? Life, auto and home",How much insurance coverage do I actually need?,"Estimate a starting coverage need for life, auto liability or home property insurance, then compare premiums and the deductible cash you would need.",0.57,0.86,alineado,title-canonico
https://hacecuentas.com/en/money/landed-cost,How much will this import really cost? Landed cost,informacional,How much will this import really cost? Landed cost,What will this imported product really cost me?,"Estimate the real cost of an imported product after freight, insurance, duty, import tax and handling fees — then test a resale margin.",0.57,0.29,alineado,title-canonico
https://hacecuentas.com/en/money/paycheck-and-taxes,"How much of my paycheck do I keep? W-4, refund, bonus",informacional,"How much of my paycheck do I keep? W-4, refund, bonus",Translate salary into the paycheck you can spend.,"Federal withholding per paycheck, your refund or balance due, what a bonus or overtime really nets, the self-employment tax on 1099 income, and what an…",0.2,0.6,alineado,title-canonico
https://hacecuentas.com/en/money/renting-a-home,"What does renting really cost? Move-in cost, deposit",informacional,"What does renting really cost? Move-in cost, deposit",Price the move-in and the ordinary month.,"Add up what a rental actually costs: first month, security deposit, application and pet fees, renters insurance, HOA or condo charges and the moving…",0.17,0.17,alineado,title-canonico
https://hacecuentas.com/en/money/retirement-income,"Retirement calculator: Roth vs traditional, contribution",comparacion-comercial,"Retirement calculator: Roth vs traditional, contribution",Turn savings into a monthly retirement paycheck.,"Work out how much you can contribute to a 401(k), IRA and HSA this year, whether Roth or traditional wins at your tax rates, what Social Security pays at…",0.25,0.5,alineado,title-canonico
https://hacecuentas.com/en/money/sales-and-property-tax,"Sales tax, property tax and capital gains",informacional,"Sales tax, property tax and capital gains",Separate the tax rate from the taxable base.,"Add or back out sales tax on a purchase, estimate annual property tax on a home by state, work out a vehicle personal property tax bill in Missouri or…",0.2,0.6,alineado,title-canonico
https://hacecuentas.com/en/money/self-employed-rates-and-taxes,Freelance Rate & Side-Hustle Tax Calculator,calculo,Freelance Rate & Side-Hustle Tax Calculator,Your rate has to pay for the work around the work.,"Work out the minimum hourly rate that actually pays your target income, how much self-employment, federal and state tax a side hustle owes, what to send…",0.2,0.8,alineado,title-canonico
https://hacecuentas.com/en/money/student-loans,"Student loan payment, payoff and extra-payment calculator",calculo,"Student loan payment, payoff and extra-payment calculator",What will my student loan really cost to repay?,"Compare a scheduled student-loan payment, total interest, an extra monthly payment and an income-based planning scenario in one place.",0.4,0.8,alineado,title-canonico
https://hacecuentas.com/en/money/tax-residency,Am I a tax resident? Day-count and foreign-income planning,informacional,Am I a tax resident? Day-count and foreign-income planning,Am I a tax resident in the United States or abroad?,"Organize current-year and prior-year days, test a weighted presence threshold and estimate the tax-rate difference on foreign income.",0.29,0.43,alineado,title-canonico
https://hacecuentas.com/en/nfl-2026,NFL Schedule 2026,informacional,"NFL Schedule 2026: Games, Scores & Standings",2026 NFL schedule: EVERY WEEK. EVERY GAME. ONE SEASON.,"Complete 2026 NFL schedule with weekly matchups, kickoff times, TV channels, final scores, AFC/NFC standings, international games and Super Bowl LXI.",1,1,alineado,title-canonico
https://hacecuentas.com/en/pets,Pet Calculators,calculo,"Pet Calculators — feeding portions, pet age, vaccines",Pets,"Portions, doses, ages and budgets for the animals in your house — in pounds, ounces, cups and dollars, from the current WSAVA, AAHA and AKC guidance.",0,0,refuerzo-visible-automatico,title-canonico
https://hacecuentas.com/en/pets/dog-lifestyle-and-costs,Dog Ownership Calculator,calculo,"Dog Ownership Calculator — Walking Minutes, Apartment Fit",Match the dog to your ordinary week.,"How many minutes a day a breed actually needs walked, whether it works in an apartment with your schedule, how often it needs brushing in and out…",0.5,0,alineado,title-canonico
https://hacecuentas.com/en/pets/pet-age-and-life-stage,Pet Age Calculator,calculo,"Pet Age Calculator — Cat, Dog and Rabbit Years, Spay Age",Translate age into the care that changes now.,"Your cat, dog or rabbit in human years using the current AAFP and AVMA formulas, plus the life stage that follows from it, the right age to spay…",0.5,0.5,alineado,title-canonico
https://hacecuentas.com/en/school,School & Learning Calculators,calculo,"School & Learning Calculators — GPA, study time",School Learning,"GPA and scholarship minimums, study time that survives a real week, and how long a language actually takes — the school and learning questions that come…",0.67,0.67,alineado,title-canonico
https://hacecuentas.com/en/school/gpa-and-grades,"GPA Calculator: 4.0 Scale, Weighted vs Unweighted",comparacion-comercial,"GPA Calculator: 4.0 Scale, Weighted vs Unweighted",Know which grade can still move the outcome.,"Work out your GPA on the 4.0 scale from credits and grade points, convert a percentage average, add the AP and honors weighting, and find the GPA you…",0,0.5,refuerzo-visible-automatico,title-canonico
https://hacecuentas.com/en/school/learn-a-language,Language Learning Time Calculator,calculo,"Language Learning Time Calculator: Hours to B2, CEFR Levels",Build contact with the language into the week.,"Work out how many hours a language takes to reach B2 or the next CEFR level, the daily minutes needed to hit a deadline, what your vocabulary size says…",0.33,0.33,alineado,title-canonico
https://hacecuentas.com/en/school/study-time-and-focus,Study Time Planner,informacional,"Study Time Planner: Pomodoro Sessions, Reading Goals",Turn the syllabus into focused sessions.,"Plan your study time: how many Pomodoros fit in the hours you have, how many you can sustain in a day, the daily reading needed to hit a book goal, how…",0,0.67,refuerzo-visible-automatico,title-canonico
https://hacecuentas.com/en/science,Science Calculators,calculo,"Science Calculators — physics, chemistry and astronomy",Science,"Physics, chemistry and astronomy worked out with the exact defined constants — standard gravity, the Planck constant, the speed of light, the gas…",0.5,0,alineado,title-canonico
https://hacecuentas.com/en/science/chemistry-and-thermodynamics,"Dilution, Moles, pH/pOH, Ideal Gas, Carnot and Entropy",informacional,"Dilution, Moles, pH/pOH, Ideal Gas, Carnot and Entropy","Balance what reacts, then trace where the energy goes.","Six chemistry and thermodynamics problems in one page: C1V1 = C2V2 dilutions, moles from mass and molar mass, pOH to pH, PV = nRT for any unknown, Carnot…",0,0.43,refuerzo-visible-automatico,title-canonico
https://hacecuentas.com/en/science/motion-and-forces,"Force, Energy and Motion Calculator",calculo,"Force, Energy and Motion Calculator","Connect force, mass and motion on the same diagram.","Nine mechanics problems in one place: free-fall distance and impact speed, kinetic and potential energy, mechanical work at an angle, friction force…",0.67,0.67,alineado,title-canonico
https://hacecuentas.com/en/science/waves-light-and-astronomy,"Doppler, Photon Energy, Parallax, Redshift and Half-Life",informacional,"Doppler, Photon Energy, Parallax, Redshift and Half-Life",Move from a wave on the screen to light across space.,"How far, how fast and how much energy: Doppler shift of a passing siren, photon energy from wavelength, star distance from parallax, recession velocity…",0,0.57,refuerzo-visible-automatico,title-canonico
https://hacecuentas.com/en/tech,Tech Calculators,calculo,"Tech Calculators — PC builds, storage, networking, cloud",Tech,"PC builds and power supplies, storage and transfer times, networks and password strength, screen and print resolution, cloud and AI bills, batteries…",0.5,0,alineado,title-canonico
https://hacecuentas.com/en/tech/batteries-and-electronics,"Battery Runtime, DC Power Supply, Speaker Load, Servo",informacional,"Battery Runtime, DC Power Supply, Speaker Load, Servo",Size the battery from the load and the losses.,"How long a battery in amp-hours or milliamp-hours will run your load, what DC supply the circuit needs, whether a speaker wiring plan is safe…",0.29,0.57,alineado,title-canonico
https://hacecuentas.com/en/tech/cloud-and-ai-costs,"Cloud Server, LLM Token, Midjourney, Database Pool",informacional,"Cloud Server, LLM Token, Midjourney, Database Pool",Model the bill before the usage graph surprises you.,"What a cloud instance costs per month in dollars, what your LLM API bill comes to, which image-generation plan fits, how many database connections…",0,0.43,refuerzo-visible-automatico,title-canonico
https://hacecuentas.com/en/tech/network-and-security,"Subnet, Cable, WiFi Channel, Ping, Core Web Vitals",informacional,"Subnet, Cable, WiFi Channel, Ping, Core Web Vitals",See which devices should never share the same room.,"Work out how many hosts a CIDR prefix gives you, which Ethernet category covers your run, which WiFi channel to sit on, what ping your distance allows…",0,0.38,refuerzo-visible-automatico,title-canonico
https://hacecuentas.com/en/tech/pc-build-and-power,"PC Build Budget, PSU Wattage, RAM, Overclock Temps and UPS",informacional,"PC Build Budget, PSU Wattage, RAM, Overclock Temps and UPS","A balanced PC, with enough power and no surprise connectors.","What PC you need for a target frame rate, how many watts it pulls, what power supply that requires, how much RAM your workload wants, whether you have…",0,0.13,refuerzo-visible-automatico,title-canonico
https://hacecuentas.com/en/tech/screens-and-print-resolution,"Screen PPI, Print DPI and JPEG File Size Calculator",calculo,"Screen PPI, Print DPI and JPEG File Size Calculator",Know if it will look sharp before you display or print it.,"Work out the pixel density of a screen and whether it counts as Retina, how many pixels you need to print sharply at a given size in inches, and how…",0.14,0.43,alineado,title-canonico
https://hacecuentas.com/en/tech/storage-and-file-size,"Data Size, RAID Capacity, Compression, Repo Size",informacional,"Data Size, RAID Capacity, Compression, Repo Size",How much storage do your files really need?,"Convert bytes, KB, MB, GB and TB in binary or decimal, work out usable RAID capacity and what redundancy costs you, measure a compression ratio, estimate…",0,0.5,refuerzo-visible-automatico,title-canonico
https://hacecuentas.com/enlazanos,Enlazanos — Hacé Cuentas — calculadoras y guías,calculo,Enlazanos — Hacé Cuentas — calculadoras y guías,"Enlazá una puerta de entrada, no una cuenta aislada.","Recomendá nuestros hubs temáticos y por país. Usá herramientas gratuitas, ejemplos claros y fuentes documentadas para entender el resultado y decidir mejor.",0,0,refuerzo-visible-automatico,title-canonico
https://hacecuentas.com/es,Hacé Cuentas España,calculo,Hacé Cuentas España — Calculadoras y guías,Tomá decisiones con todos los números delante.,"Herramientas claras para tomar mejores decisiones en España. Usá herramientas gratuitas, ejemplos claros y fuentes documentadas para entender…",0,1,refuerzo-visible-automatico,title-canonico
https://hacecuentas.com/es/automotor,Coche en España,calculo,Coche en España — calculadoras y guías | Hacé Cuentas,Coche,"Comprar y mantener un coche en España: impuestos, ITV, seguro, etiqueta DGT y coste… Consultá coche en españa con datos, herramientas y fuentes para España.",0.5,1,alineado,title-canonico
https://hacecuentas.com/es/automotor/comprar-coche,Qué coche comprar en España,calculo,"Qué coche comprar en España: eléctrico o gasolina, renting","Elegí el coche que encaja con tu vida, no con el anuncio.","Compara el coste total de un coche eléctrico, diésel o gasolina en España, decide entre comprar, financiar o renting, y calcula el impuesto…",0.33,1,alineado,title-canonico
https://hacecuentas.com/es/automotor/costes-del-coche,Cuánto cuesta tener coche en España,comparacion-comercial,Cuánto cuesta tener coche en España,El coche tiene meses tranquilos y meses que duelen.,"Suma el coste anual real de tu coche en España: impuesto de circulación de tu municipio, ITV, seguro, ITP si lo compras de segunda mano y coste…",0.25,0.5,alineado,title-canonico
https://hacecuentas.com/es/calculadoras,Todas las calculadoras de España,calculo,Todas las calculadoras de España — 29 gratis | Hacé Cuentas,Calculadoras de España,"Catálogo completo de 29 calculadoras online gratis para España: IRPF 2026, autónomos, hipoteca, finiquito, IBI, IVA, jubilación y más.",0.67,0.67,alineado,title-canonico
https://hacecuentas.com/es/datos-cuota-autonomos-2026,Cuota de autónomos 2026,informacional,Cuota de autónomos 2026: tabla de tramos RETA en España,Cuota de autónomos 2026 en España: tabla por tramos (RETA),"Tabla oficial de la cuota de autónomos 2026 en España: los 15 tramos del RETA por rendimiento neto, de 200 €/mes a 500 €/mes. Datos Seguridad Social y BOE.",1,1,alineado,title-canonico
https://hacecuentas.com/es/educacion,Educación en España,comparacion-comercial,Educación en España — calculadoras y guías | Hacé Cuentas,Educación,"Cuánto cuesta estudiar en España y qué nota necesitas: grados, FP, másteres… Consultá educación en españa con datos, herramientas y fuentes para España.",0.5,1,alineado,title-canonico
https://hacecuentas.com/es/educacion/cuanto-cuesta-estudiar,Cuánto cuesta estudiar en España,comparacion-comercial,"Cuánto cuesta estudiar en España: grado, FP, máster y becas",¿Máster oficial o título propio? Compará antes.,"Calcula el coste real de una carrera, una FP o un máster en España, en pública y en privada, y cuánto te descuenta la beca MEC o la ayuda Erasmus…",0,0.33,refuerzo-visible-automatico,title-canonico
https://hacecuentas.com/es/educacion/nota-de-admision,Nota de admisión y nota media en España,calculo,Nota de admisión y nota media en España,Construí tu nota sobre 14 y mira qué te falta.,"Calcula tu nota de admisión a la universidad con las ponderaciones de la EvAU sobre 14 puntos, y la nota media de tu expediente universitario ponderada…",0.25,0.75,alineado,title-canonico
https://hacecuentas.com/es/familia,Familia en España,calculo,Familia en España — calculadoras y guías | Hacé Cuentas,Familia,"Permisos, deducciones por hijos, becas y ayudas por renta en España, con los umbrales del IPREM y las cuantías vigentes.",0.5,0.5,alineado,title-canonico
https://hacecuentas.com/es/familia/ayudas-por-renta,Ayudas por renta en España,informacional,"Ayudas por renta en España: IPREM, IMV, bono social y bono",Contanos cómo es tu hogar. Te mostramos qué ayudas revisar.,"Comprueba a cuántas veces el IPREM equivalen tus ingresos y qué ayudas se abren con ese número: ingreso mínimo vital, bono social eléctrico y bono…",0.33,0.33,alineado,title-canonico
https://hacecuentas.com/es/familia/tener-un-hijo,Tener un hijo en España,calculo,"Tener un hijo en España: permiso, guardería, deducciones","El primer año, ordenado mes a mes.","Calcula lo que cuesta cada etapa de un hijo en España y lo que recuperas: permiso por nacimiento, deducción por maternidad, cheque guardería, beca…",0,0.67,refuerzo-visible-automatico,title-canonico
https://hacecuentas.com/es/finanzas,Finanzas en España,comparacion-comercial,Finanzas en España — calculadoras y guías | Hacé Cuentas,Finanzas,"Dónde poner los ahorros y cuánto cuesta de verdad una deuda en España: Letras del Tesoro, cuentas remuneradas, planes de pensiones y préstamos.",0.5,0.5,alineado,title-canonico
https://hacecuentas.com/es/finanzas/deudas-y-prestamos,Préstamos y deudas en España,calculo,"Préstamos y deudas en España: TAE frente a TIN, revolving",Tu cuota necesita una fecha de salida.,"Calcula lo que cuesta de verdad un préstamo personal en España, cuánto se paga con una tarjeta revolving y si compensa reunificar deudas en una sola cuota.",0,0.67,refuerzo-visible-automatico,title-canonico
https://hacecuentas.com/es/finanzas/donde-pongo-mis-ahorros,Dónde poner los ahorros en España,informacional,"Dónde poner los ahorros en España: Letras, cuentas, planes",Cada euro necesita un trabajo y una fecha.,"Compara dónde poner tus ahorros en España: fondo de emergencia, cuenta remunerada, Letras del Tesoro, bonos del Estado, plan de pensiones, PIAS y renta…",0,1,refuerzo-visible-automatico,title-canonico
https://hacecuentas.com/es/futbol-espanol-hoy,Fútbol español hoy,informacional,"Fútbol español hoy: partidos, resultados y tablas","Fútbol español, hoy","Partidos de hoy, resultados, próximos encuentros, horarios locales y tablas actualizadas del fútbol español, con resultados recientes y agenda…",1,1,alineado,title-canonico
https://hacecuentas.com/es/impuestos,Impuestos en España,calculo,Impuestos en España — calculadoras y guías | Hacé Cuentas,Impuestos,"IRPF, IVA, ITP, plusvalía y modelos de la Agencia Tributaria, resueltos con la escala vigente y la comunidad autónoma que te toca.",0.5,0,alineado,title-canonico
https://hacecuentas.com/es/impuestos/ahorro-e-inversiones,Impuestos del ahorro en España,calculo,"Impuestos del ahorro en España: acciones, fondos, dividendos",Seguimos el dinero desde la ganancia hasta tu bolsillo.,"Calcula lo que se lleva Hacienda de tus inversiones: escala del ahorro para ganancias por vender acciones o fondos, intereses y dividendos, gravamen…",0,0.33,refuerzo-visible-automatico,title-canonico
https://hacecuentas.com/es/impuestos/autonomos,Impuestos de autónomo en España,calculo,"Impuestos de autónomo en España: cuota, modelo 130, IVA",Desarmá la factura antes de gastar lo que no es tuyo.,"Calcula lo que te queda como autónomo: cuota del RETA según tu rendimiento neto, retención del 15% o del 7% en factura, pago fraccionado del modelo 130…",0,0.33,refuerzo-visible-automatico,title-canonico
https://hacecuentas.com/es/impuestos/irpf-nomina,Cálculo IRPF 2026,calculo,"Cálculo IRPF 2026: cuánto te retienen en la nómina, España","Lee tu nómina como un recibo, no como una caja negra.","Cálculo de la retención de IRPF 2026 de tu nómina con el algoritmo de la AEAT, la escala autonómica de tu comunidad y tu situación familiar, en España.",0,1,refuerzo-visible-automatico,title-canonico
https://hacecuentas.com/es/trabajo,Trabajo en España,calculo,Trabajo en España — calculadoras y guías | Hacé Cuentas,Trabajo,"Nómina, convenios, despido, paro, bajas y pensiones en España, con el Estatuto de los Trabajadores y las bases de la Seguridad Social.",0.5,0.5,alineado,title-canonico
https://hacecuentas.com/es/trabajo/jubilacion,Jubilación en España,calculo,Jubilación en España: cuándo puedes jubilarte y con qué,"Tu jubilación es un camino con hitos, no una edad suelta.","Calcula tu pensión de jubilación según años cotizados y base reguladora, lo que te quita jubilarte antes, la revalorización con el IPC y la pensión…",0.5,0.5,alineado,title-canonico
https://hacecuentas.com/es/trabajo/mi-nomina,Calculadora de nómina España 2026,calculo,"Calculadora de nómina España 2026: neto, convenio y pagas",Marcá cada línea y descubrí qué no cuadra.,"Calcula tu nómina en España 2026: sueldo del convenio de hostelería y comercio por categoría, hora extra, pagas extra prorrateadas y coste de empresa.",0,1,refuerzo-visible-automatico,title-canonico
https://hacecuentas.com/es/trabajo/no-puedo-trabajar,"Baja, incapacidad y dependencia en España",calculo,"Baja, incapacidad y dependencia en España: cuánto se cobra",La baja cambia de pagador y porcentaje con los días.,"Calcula lo que cobras si no puedes trabajar: baja por enfermedad común o accidente laboral, incapacidad permanente total y absoluta, pensión…",0.25,0.5,alineado,title-canonico
https://hacecuentas.com/es/trabajo/perder-el-trabajo,Me quedo sin trabajo en España,calculo,"Me quedo sin trabajo en España: finiquito, indemnización",Tu salida tiene tres cuentas distintas.,"Calcula qué te corresponde al salir de la empresa: finiquito, indemnización de 33 o 20 días por año, prestación por desempleo con sus topes y subsidio…",0,0,refuerzo-visible-automatico,title-canonico
https://hacecuentas.com/es/vida,Vida en España,calculo,Vida en España — calculadoras y guías | Hacé Cuentas,Vida,"Lo que cuesta el día a día en España: recibos del hogar, suministros, comunidad, cesta de la compra y coste de vida por comunidad.",0.5,1,alineado,title-canonico
https://hacecuentas.com/es/vida/comida-cuentas-y-tiempo-con-amigos,"Dividir gastos, propinas y barbacoa por persona en España",calculo,"Dividir gastos, propinas y barbacoa por persona en España",Armá el plan alrededor de la mesa.,"Calculadoras para el plan con amigos en España: dividir gastos, propinas, carne para la barbacoa y bebidas por persona, y tazas a gramos para la receta.",0,1,refuerzo-visible-automatico,title-canonico
https://hacecuentas.com/es/vida/gastos-de-la-casa,Gastos de la casa en España,informacional,"Gastos de la casa en España: IBI, basura, comunidad, luz","Tu casa, vista como un presupuesto vivo.","Suma lo que cuesta mantener tu casa cada mes en España: IBI y tasa de basura de tu municipio, cuota de comunidad, aire acondicionado, fibra y móvil…",0.33,0.67,alineado,title-canonico
https://hacecuentas.com/es/vivienda,Vivienda en España,calculo,Vivienda en España — calculadoras y guías | Hacé Cuentas,Vivienda,"Calculá impuestos y costes para comprar, vender, alquilar, hipotecar o reformar una vivienda en España con guías y fuentes oficiales.",0.5,1,alineado,title-canonico
https://hacecuentas.com/es/vivienda/alquilar-piso,Alquilar un piso en España,calculo,"Alquilar un piso en España: fianza, rentabilidad e IRPF",La llave cuesta más que el primer alquiler.,"Calcula lo que cuesta entrar a un alquiler en España y lo que renta ponerlo: fianza y garantías de la LAU, rentabilidad bruta y neta, IRPF del arrendador…",0,0.33,refuerzo-visible-automatico,title-canonico
https://hacecuentas.com/es/vivienda/comprar-o-vender-piso,Comprar o vender piso en España,calculo,"Comprar o vender piso en España: ITP, AJD, plusvalía","Sentá a comprador, vendedor e impuestos en la misma mesa.","Calcula los impuestos de comprar o vender vivienda en España: ITP por comunidad, IVA y AJD en obra nueva, plusvalía municipal por los dos métodos…",0,0.75,refuerzo-visible-automatico,title-canonico
https://hacecuentas.com/es/vivienda/hipoteca,Hipoteca en España,comparacion-comercial,Hipoteca en España: cuota con Euríbor y si conviene,"Mira cómo cambia la deuda, no sólo la próxima cuota.","Calcula la cuota de tu hipoteca fija o variable con el Euríbor, cómo cambia en la revisión y cuánto ahorras amortizando: reduciendo cuota o reduciendo…",0,0.5,refuerzo-visible-automatico,title-canonico
https://hacecuentas.com/es/vivienda/reforma-y-eficiencia,Reformar o construir en España,comparacion-comercial,"Reformar o construir en España: precio por m², aerotermia","Presupuestá la obra sobre el plano, ambiente por ambiente.","Calcula lo que cuesta reformar un piso o construir una casa por metro cuadrado en España, y si compensa instalar aerotermia o autoconsumo solar…",0,1,refuerzo-visible-automatico,title-canonico
https://hacecuentas.com/estudio,Calculadoras para estudiar,calculo,"Calculadoras para estudiar: notas, promedios y planificación",Tu carrera no es solo lo que falta. También es todo lo que hiciste.,"Calculá notas, promedios, asistencia, tiempos de lectura y planes de estudio con procedimientos claros y ejemplos resueltos.",0,0,refuerzo-visible-automatico,title-canonico
https://hacecuentas.com/estudio/aprender-un-idioma,Cuánto tardo en aprender un idioma,calculo,¿Cuánto tardo en aprender un idioma?,Un idioma entra en tu semana antes que en tu cabeza.,"Calculá cuántas horas y meses te faltan para llegar a A2, B1, B2, C1 o C2 en el idioma que estudiás, qué tan lejos está del español según el FSI…",0.33,0.33,alineado,title-canonico
https://hacecuentas.com/estudio/contador-de-palabras,Contador de palabras y caracteres gratis,calculo,Contador de palabras y caracteres gratis: texto y páginas,Contá palabras mientras escribís,"Contá palabras, caracteres, párrafos y páginas gratis. Pegá tu texto, medí cuánto te falta para el objetivo y calculá el tiempo de lectura.",0.33,0.67,alineado,title-canonico
https://hacecuentas.com/estudio/cuanto-cuesta-estudiar,Cuánto cuesta estudiar,comparacion-comercial,"¿Cuánto cuesta estudiar? — Carrera privada, colegio, apuntes",La cuota no es todo lo que cuesta una carrera,"Calculá lo que sale estudiar de verdad: la carrera privada completa con el aumento anual, el costo total con apuntes y transporte, la cuota…",0.5,0.5,alineado,title-canonico
https://hacecuentas.com/estudio/cuanto-falta-para-recibirme,Cuánto me falta para recibirme,calculo,"¿Cuánto me falta para recibirme? — Materias, cuatrimestres",¿Cuánto te falta para recibirte?,"Calculá cuántas materias te faltan y el porcentaje de la carrera que llevás, en cuántos cuatrimestres terminás según tu ritmo, cuánto vas a tardar…",0.5,0,alineado,title-canonico
https://hacecuentas.com/estudio/cuanto-tardo-en-leer,Cuánto tardo en leer esto,calculo,"¿Cuánto tardo en leer esto? — Libro, apunte, examen",¿Lo terminás hoy o necesitás un plan?,"Calculá cuánto tiempo te lleva leer un libro o un apunte según tus palabras por minuto, medí tu velocidad real de lectura, estimá las horas de estudio…",0,0.33,refuerzo-visible-automatico,title-canonico
https://hacecuentas.com/estudio/examenes-de-idioma,"Qué puntaje necesito en TOEFL, IELTS o Cambridge",calculo,"¿Qué puntaje necesito en TOEFL, IELTS o Cambridge?",Traducí tu examen a un plan semanal.,"Pasá tu puntaje de TOEFL iBT, IELTS o Cambridge a nivel MCER y a los otros exámenes, mirá qué band te pide tu objetivo y cuánto te falta, calculá…",0,0.8,refuerzo-visible-automatico,title-canonico
https://hacecuentas.com/estudio/nota-necesaria-para-aprobar,Qué nota necesito para aprobar,calculo,"¿Qué nota necesito para aprobar? — Final, recuperatorio","La nota que necesitás, antes de rendir.","Calculá qué nota necesitás en el final, en el recuperatorio o en el parcial que te falta para aprobar la materia, promocionar sin final o no quedar libre.",0.33,0.67,alineado,title-canonico
https://hacecuentas.com/estudio/plan-de-estudio,Cómo organizo el estudio para el examen,calculo,¿Cómo organizo el estudio para el examen?,Un plan que entra en tus días y llega antes del examen,"Armá tu calendario de repaso espaciado antes del examen, calculá cuánto vas a olvidar sin repasar, cuántas flashcards o tarjetas de Anki por día…",0.33,0.33,alineado,title-canonico
https://hacecuentas.com/estudio/promedio,Cuál es mi promedio,calculo,"¿Cuál es mi promedio? — Notas, ponderado, faltas, GPA y beca",No es sólo cuánto te da. Es qué necesitás lograr.,"Calculá tu promedio de notas simple o ponderado por créditos, la nota final de la materia, cuántas faltas te quedan, tu equivalencia en GPA 4.0 y si…",0,0.5,refuerzo-visible-automatico,title-canonico
https://hacecuentas.com/euro-hoy,Euro hoy en Argentina EN VIVO,calculo,"Euro hoy en Argentina EN VIVO: oficial, blue y tarjeta",Euro hoy en Argentina — en vivo 💶,"Cotización del euro hoy en Argentina, en vivo: oficial $1.722, blue $1.679 y tarjeta $2.239. Con conversor euro ⇄ pesos y brecha. Se actualiza solo.",1,1,alineado,title-canonico
https://hacecuentas.com/eventos,Calculadoras para eventos,calculo,"Calculadoras para eventos: comida, bebida y presupuesto",Que alcance para todos. Y no sobre una fiesta entera.,"Calculá comida, bebida, torta, hielo, mesas y presupuesto para cumpleaños, fiestas, casamientos y reuniones según invitados.",0,0,refuerzo-visible-automatico,title-canonico
https://hacecuentas.com/eventos/asado,Cuánta carne compro para el asado? Kilos por corte,informacional,¿Cuánta carne compro para el asado? Kilos por corte,Que alcance para todos sin comprar de más.,"Cuántos kilos de carne comprar para el asado según los invitados: tira, vacío, pollo, chorizos, morcillas y achuras, con la lista para la carnicería.",0,0.6,refuerzo-visible-automatico,title-canonico
https://hacecuentas.com/eventos/bebidas,Cuánta bebida compro para la fiesta? Calculadora 2026,calculo,¿Cuánta bebida compro para la fiesta? Calculadora 2026,Que alcance para brindar. No para llenar la despensa.,"Calculá cuánta cerveza, vino, fernet, gaseosa, agua y hielo comprar para tu fiesta, y sobre todo cuántas botellas, latas y packs.",0,0.25,refuerzo-visible-automatico,title-canonico
https://hacecuentas.com/eventos/casamiento,"Cuánto cuesta casarse? Anillo, fiesta, por invitado",comparacion-comercial,"¿Cuánto cuesta casarse? Anillo, fiesta, por invitado",Organizá el casamiento sin perder de vista el total,"Cuánto sale casarse en Argentina: el anillo de compromiso, el presupuesto total de la fiesta, el costo real por invitado, cuánto regalar si sos invitado…",0,0.8,refuerzo-visible-automatico,title-canonico
https://hacecuentas.com/eventos/comida,Cuánta comida compro para la fiesta? Calculadora,calculo,¿Cuánta comida compro para la fiesta? Calculadora,¿Cuánta comida necesitás para tu evento?,"Cuánta pizza, sushi, picada, canapés, sándwiches de miga, torta y helado comprar para tu evento, repartido entre los invitados para no comprar de más.",0.33,0,alineado,title-canonico
https://hacecuentas.com/eventos/empanadas-y-guarniciones,"Empanadas, carbón y guarniciones",calculo,"Empanadas, carbón y guarniciones: ¿cuánto preparo",Que sobren algunas. No cinco docenas.,"Cuántas empanadas por persona, cuánta harina y relleno lleva la masa, cuánta ensalada y pan calcular y cuánto carbón comprar para el asado.",0,0.67,refuerzo-visible-automatico,title-canonico
https://hacecuentas.com/eventos/logistica,Logística de eventos,calculo,"Logística de eventos: mesas, sillas, meseros y playlist","Todo lo que tiene que pasar, en el orden correcto.","Calculá mesas, sillas, mozos, vajilla, cotillón… Encontrá herramientas, ejemplos y fuentes para resolver cuántas mesas, sillas y meseros necesito…",0,0,refuerzo-visible-automatico,title-canonico
https://hacecuentas.com/eventos/presupuesto,Cuánto sale la fiesta? Calculadora de presupuesto,calculo,¿Cuánto sale la fiesta? Calculadora de presupuesto,Decidí dónde gastar antes de pedir presupuestos.,"Armá el presupuesto de un cumpleaños, fiesta de 15, graduación o despedida y calculá el costo total y por invitado por rubro.",0,0.67,refuerzo-visible-automatico,title-canonico
https://hacecuentas.com/eventos/tragos,Tragos para muchos,informacional,Tragos para muchos: proporciones e ingredientes por persona,"Calculá la barra en botellas, hielo y mezcladores","Cuánto ron, gin, aperol o pisco va por trago y cuánto sale en total para la cantidad de gente que sos, con las botellas, las limas, el hielo y el jarabe.",0,0,refuerzo-visible-automatico,title-canonico
https://hacecuentas.com/familia,Calculadoras para la familia,calculo,"Calculadoras para la familia: presupuesto, hijos",Organizar la familia también es cuidar.,"Organizá presupuesto familiar, gastos de hijos, celebraciones y decisiones cotidianas con cálculos explicados y escenarios comparables.",0.5,0,alineado,title-canonico
https://hacecuentas.com/familia/asignaciones-anses,AUH y asignaciones familiares,calculo,AUH y asignaciones familiares: ¿cuánto cobro?,Entendé qué te corresponde y qué te retienen.,"Cuánto paga ANSES por hijo según tu situación: AUH si no tenés trabajo registrado, asignación familiar por tramo de ingreso si estás en blanco, el 20%…",0,0.33,refuerzo-visible-automatico,title-canonico
https://hacecuentas.com/familia/costo-de-un-bebe,"Cuánto cuesta un bebé por mes? Pañales, leche de fórmula",comparacion-comercial,"¿Cuánto cuesta un bebé por mes? Pañales, leche de fórmula",Prepará el bolsillo sin comprar todo de golpe.,"Presupuesto mensual de un bebé en Argentina: cuántos pañales por día según la edad y cuánto salen, latas de fórmula por mes, y la cuota del jardín…",0,0.67,refuerzo-visible-automatico,title-canonico
https://hacecuentas.com/familia/cuota-alimentaria,Cuánto es la cuota alimentaria,informacional,¿Cuánto es la cuota alimentaria? — Estimación 2026,No hay un porcentaje único. Hay una cuenta que tiene que poder explicarse.,"Estimá la cuota alimentaria según tu caso: un hijo, dos o más, alimentante monotributista o informal, o una cuota con sentencia que quedó desactualizada.",0,1,refuerzo-visible-automatico,title-canonico
https://hacecuentas.com/familia/fallecimiento-y-tramites,Falleció un familiar,informacional,"Falleció un familiar: pensión, sucesión, deudas y trámites","Falleció un familiar: ¿qué hay que cobrar, pagar y tramitar?","Checklist económico tras un fallecimiento: pensión, sucesión, herencia, cuentas, seguros, servicios, deudas y documentación.",1,0,alineado,title-canonico
https://hacecuentas.com/familia/herencia,Cuánto me toca de la herencia y cuánto cuesta la sucesión,comparacion-comercial,¿Cuánto me toca de la herencia y cuánto cuesta la sucesión?,Primero separá los bienes. Después mirá quién hereda.,"Calculá la legítima que protege el Código Civil y Comercial (2/3 para los hijos, 1/2 para el cónyuge o los padres), cuánto le queda a cada heredero…",0,0,refuerzo-visible-automatico,title-canonico
https://hacecuentas.com/familia/tener-un-hijo,Voy a tener un hijo,informacional,"Voy a tener un hijo: licencias, asignaciones, gastos",Voy a tener un hijo: ¿qué cobro y qué tengo que hacer?,"Recorrido desde el embarazo hasta el nacimiento: licencias, Prenatal, Maternidad, nacimiento, AUH o SUAF, presupuesto y trámites.",1,0,alineado,title-canonico
https://hacecuentas.com/fechas,"Calculadoras de fechas, días hábiles y vencimientos",calculo,"Calculadoras de fechas, días hábiles y vencimientos","Días, meses y años. Sin perderse en el calendario.","Calculá días entre fechas, días hábiles, edades, aniversarios, vencimientos y cuánto falta para una fecha con calendarios actualizados.",0.2,0.8,alineado,title-canonico
https://hacecuentas.com/fechas/cuenta-regresiva,"Cuánto falta para…? Cuenta regresiva en días, horas",informacional,"¿Cuánto falta para…? Cuenta regresiva en días, horas",¿Cuánto falta para ese momento?,"Cuánto falta para la fecha que quieras, para Navidad y fin de año, para el próximo feriado en Argentina y para las fechas que se mueven cada año…",0.2,0.2,alineado,title-canonico
https://hacecuentas.com/fechas/dias-entre-fechas,"Cuántos días hay entre dos fechas? Corridos, hábiles",calculo,"¿Cuántos días hay entre dos fechas? Corridos, hábiles",Calcular días entre dos fechas,"Calculá cuántos días, semanas y horas hay entre dos fechas: días corridos, hábiles reales descontando fines de semana y feriados argentinos 2026…",0.57,1,alineado,title-canonico
https://hacecuentas.com/fechas/edad-exacta,"Qué edad tengo exactamente? Años, meses, días, semanas",informacional,"¿Qué edad tengo exactamente? Años, meses, días, semanas",Tu edad es más que los años que cumpliste.,"Tu edad exacta al día: años, meses y días cumplidos… Encontrá herramientas, ejemplos y fuentes para resolver qué edad tengo exactamente?",0.29,0.86,alineado,title-canonico
https://hacecuentas.com/fechas/feriados,"Cuándo es el próximo feriado? Calendario, findes largos",informacional,"¿Cuándo es el próximo feriado? Calendario, findes largos","El próximo descanso, a la vista.","El próximo feriado en Argentina y cuántos días faltan, cuántos feriados quedan en el año, qué fines de semana largos vienen y cuántos días hábiles te…",0.17,0.5,alineado,title-canonico
https://hacecuentas.com/fechas/generaciones,Generaciones por edad 2026,informacional,Generaciones por edad 2026: ¿de qué generación soy?,¿De qué generación soy según mi año de nacimiento?,"Descubrí a qué generación pertenecés según tu año de nacimiento. Tabla de generaciones por edad: Baby Boomer, X, Millennial, Z, Alpha y Beta.",0,0.67,refuerzo-visible-automatico,title-canonico
https://hacecuentas.com/feriados-2026,Feriados 2026 por país,informacional,Feriados 2026 por país: calendario oficial de LATAM,Feriados 2026 por país,"Feriados 2026 de México, Colombia, Chile, Perú y Ecuador en una sola tabla: cuántos días no laborables tiene cada país y el calendario oficial completo.",1,1,alineado,title-canonico
https://hacecuentas.com/feriados-chile-2026,Feriados Chile 2026,informacional,Feriados Chile 2026: calendario e irrenunciables,Calendario Chile 2026 : 16 feriados,"Consultá los 16 feriados de Chile 2026: próximo feriado, fechas, irrenunciables, fines de semana largos y puentes del calendario oficial.",1,1,alineado,title-canonico
https://hacecuentas.com/feriados-colombia-2026,Calendario Colombia 2026,informacional,Calendario Colombia 2026: 18 festivos y puentes,Calendario Colombia 2026: 18 festivos y puentes,"Calendario Colombia 2026: los 18 festivos en Colombia 2026 con fechas observadas, lunes festivos, puentes que quedan y aplicación de la Ley Emiliani.",1,1,alineado,title-canonico
https://hacecuentas.com/feriados-ecuador-2026,Feriados Ecuador 2026,informacional,Feriados Ecuador 2026: calendario oficial con puentes,Calendario Ecuador 2026: feriados y días festivos,"Feriados de Ecuador 2026: fechas oficiales, cuáles se trasladan para armar puentes y cuál es el próximo. Planifica tus fines de semana largos del año.",1,1,alineado,title-canonico
https://hacecuentas.com/feriados-mexico-2026,Feriados México 2026,informacional,Feriados México 2026: descansos y puentes | Hacé Cuentas,"Feriados México 2026, sin confundir descanso con costumbre.","Calendario de feriados de México 2026: descansos obligatorios de la LFT, puentes, Semana Santa, fechas escolares y pago si te toca trabajar.",1,1,alineado,title-canonico
https://hacecuentas.com/feriados-peru-2026,Feriados Perú 2026,informacional,Feriados Perú 2026: calendario y días no laborables,Todos los feriados de Perú. Y cómo aprovecharlos mejor.,"Calendario de feriados de Perú 2026 con los 16 feriados nacionales, días no laborables, fines de semana largos y puentes posibles.",0.67,1,alineado,title-canonico
https://hacecuentas.com/fin-de-semana,Cuánto falta para el fin de semana,calculo,¿Cuánto falta para el fin de semana? — Hacé Cuentas,¿Cuánto falta para el fin de semana?,"Calculá exactamente cuánto falta para tu próximo descanso. Usá herramientas gratuitas, ejemplos claros y fuentes documentadas para entender el resultado…",1,0.33,alineado,title-canonico
https://hacecuentas.com/fin-de-semana/comida-y-juntadas,Comida y juntadas,calculo,Comida y juntadas: cuánto comprar para tus invitados,🍽️ Comida y juntadas,"Todas las calculadoras para comer con amigos sin comprar de más ni quedarte corto: carne, pan, ensalada, bebidas, café, mate, pizza, empanadas y postre…",1,0,alineado,title-canonico
https://hacecuentas.com/fin-de-semana/escapadas,Escapadas de fin de semana,informacional,"Escapadas de fin de semana: presupuesto, nafta y hospedaje",🚗 Escapadas de fin de semana,"Planificá tu escapada sin sorpresas: costo de combustible y peajes, presupuesto del viaje, noches de hospedaje, tiempo con paradas y cómo dividir…",1,0,alineado,title-canonico
https://hacecuentas.com/fin-de-semana/fiestas-y-reuniones,Fiestas y reuniones,informacional,"Fiestas y reuniones: presupuesto, bebidas y vajilla",🎉 Fiestas y reuniones,"Organizá una fiesta o reunión sin sorpresas: presupuesto por invitado, bebidas, vasos y platos descartables, sillas y mesas, hielo y todo lo…",1,0,alineado,title-canonico
https://hacecuentas.com/fin-de-semana/proyectos-en-casa,Proyectos en casa,calculo,"Proyectos en casa: materiales para pintar, pisos y jardín",🔨 Proyectos en casa,"Calculá los materiales exactos para tus proyectos del finde: pintura, pisos, cerámicos, contrapiso, machimbre, adoquines, tierra para el jardín y más…",1,0.5,alineado,title-canonico
https://hacecuentas.com/finanzas-personales,Calculadoras de finanzas personales 2026,calculo,Calculadoras de finanzas personales 2026 | Hacé Cuentas,Que el mes no te pase por encima.,"Cuota de préstamo, plazo fijo, interés compuesto, CFT, crédito UVA… Encontrá herramientas, ejemplos y fuentes para resolver finanzas personales y créditos.",0,0.5,refuerzo-visible-automatico,title-canonico
https://hacecuentas.com/finanzas-personales/becas-para-estudiar,Becas para estudiar,informacional,Becas para estudiar: cuánto cobrás por mes y qué te retienen,No busques “becas”. Buscá las que encajan con vos.,"Progresar, Beca Manuel Belgrano y el acompañamiento universitario en un solo lugar: el monto de tu línea, el 20% que se retiene hasta acreditar…",0.5,0,alineado,title-canonico
https://hacecuentas.com/finanzas-personales/dividir-gastos,Cómo dividimos los gastos? Quién le debe a quién,informacional,¿Cómo dividimos los gastos? Quién le debe a quién,Cerrá la cuenta con menos transferencias.,"Dividí gastos entre amigos o en pareja: saldá las cuentas del grupo con la menor cantidad de transferencias posible, repartí proporcional al ingreso…",0,0.25,refuerzo-visible-automatico,title-canonico
https://hacecuentas.com/finanzas-personales/dolar,"Conviene comprar dólares? Comparador contra pesos, UVA",comparacion-comercial,"¿Conviene comprar dólares? Comparador contra pesos, UVA",¿Qué hacés hoy con tus pesos?,"Cotizaciones vivas de oficial, blue, MEP, CCL y cripto, con la brecha del día. Compará dólar contra plazo fijo y UVA a los meses que elijas, calculá…",0.14,0.29,alineado,title-canonico
https://hacecuentas.com/finanzas-personales/gastos-del-mes,En qué se me va la plata? Calculadora de gastos del mes,calculo,¿En qué se me va la plata? Calculadora de gastos del mes,Tu plata no desaparece. Se reparte.,"Cuánto se te va por mes en vivienda, comida, transporte, suscripciones y delivery, con el reparto por rubro en un solo gráfico.",0.33,0.33,alineado,title-canonico
https://hacecuentas.com/finanzas-personales/meta-de-ahorro,Cuánto tengo que ahorrar por mes,calculo,¿Cuánto tengo que ahorrar por mes? — Calculadora de meta,Convertí tu meta en un plan que puedas sostener,"Calculá cuánto apartar por mes para llegar a tu meta, cuánto vas a tardar con la cuota que podés poner, cuánto colchón de emergencia necesitás, cómo…",0,0.33,refuerzo-visible-automatico,title-canonico
https://hacecuentas.com/finanzas-personales/perfil-crediticio,Perfil crediticio,informacional,Perfil crediticio: cómo saber si podés pedir un crédito,¿Estoy en condiciones de pedir un crédito?,"Interpretá la Central de Deudores del BCRA, evaluá tu carga de cuotas y armá un plan antes de pedir un préstamo.",0,0,refuerzo-visible-automatico,title-canonico
https://hacecuentas.com/finanzas-personales/prestamo,"Cuánto voy a pagar por este préstamo? Cuota, CFT",calculo,"¿Cuánto voy a pagar por este préstamo? Cuota, CFT",La cuota entra. ¿Pero cuánto vas a pagar de verdad?,"Calculá la cuota real de un préstamo personal, prendario o pyme y, sobre todo, el CFT: la tasa que suma IVA sobre intereses, seguro de vida y gastos…",0.33,0.5,alineado,title-canonico
https://hacecuentas.com/finanzas-personales/salir-de-deudas,"Cómo salgo de las deudas? Pago mínimo, refinanciación",informacional,"¿Cómo salgo de las deudas? Pago mínimo, refinanciación",Tu deuda tiene una salida. Armemos el plan.,"Cuánto vas a terminar pagando según lo que hagas con tu deuda: seguir con el pago mínimo de la tarjeta, atacar varias deudas por orden de tasa…",0,0.6,refuerzo-visible-automatico,title-canonico
https://hacecuentas.com/finanzas-personales/tarifa-freelance,Cuánto tengo que cobrar la hora como freelance,comparacion-comercial,¿Cuánto tengo que cobrar la hora como freelance?,Cobrar la hora no es dividir tu sueldo por 160.,"Calculá tu tarifa por hora en pesos contando costos fijos, impuestos, vacaciones y horas realmente facturables; cuánto te queda de una tarifa en dólares…",0.5,0.25,alineado,title-canonico
https://hacecuentas.com/finanzas-personales/tarjeta-de-credito,Pago el mínimo de la tarjeta,informacional,Pago el mínimo de la tarjeta: ¿cuánto me cuesta? Intereses,Elegí cuánto pagar mirando el mes siguiente.,"Cuánto terminás pagando si abonás sólo el mínimo del resumen, cuánto tardás con un pago fijo y si las cuotas convienen contra el contado con descuento.",0,0.67,refuerzo-visible-automatico,title-canonico
https://hacecuentas.com/fixture-mundial-2026,Mundial 2026,informacional,"Mundial 2026: resultados, campeón y fixture completo","Mundial 2026: resultados, campeón y fixture","España campeón del Mundial 2026: consultá los resultados de los 104 partidos, el fixture completo, grupos y cruces de Estados Unidos, México y Canadá.",1,1,alineado,title-canonico
https://hacecuentas.com/formula-1-2026,Fórmula 1 2026,informacional,"Fórmula 1 2026: calendario, próximos GP y resultados",Fórmula 1 2026 · Próximo Gran Premio GP DE PAÍSES BAJOS,"Calendario completo de la Fórmula 1 2026: los 25 Grandes Premios con horarios en tu país, resultados en vivo y posiciones de pilotos y constructores…",1,1,alineado,title-canonico
https://hacecuentas.com/futbol,Calculadoras y datos de fútbol,calculo,"Calculadoras y datos de fútbol: partidos, tablas y torneos",Menos intuición. Más lectura del partido.,"Consultá partidos, resultados, tablas y calendarios, y usá calculadoras de posiciones, puntos, probabilidades y torneos de fútbol.",0,0.67,refuerzo-visible-automatico,title-canonico
https://hacecuentas.com/futbol-argentino-hoy,Fútbol argentino hoy,informacional,"Fútbol argentino hoy: partidos, resultados y tablas","Fútbol argentino, hoy","Partidos de hoy, resultados en vivo, próximos encuentros y tablas actualizadas de Primera División y Primera Nacional del fútbol argentino.",1,1,alineado,title-canonico
https://hacecuentas.com/futbol-hoy,"Fútbol hoy: partidos, resultados y tablas por país",informacional,"Fútbol hoy: partidos, resultados y tablas por país","Todo el fútbol de hoy, país por país","Partidos de hoy, resultados, próximos encuentros, horarios y tablas de las principales ligas de cada país, con una landing actualizada por mercado.",0.5,0.83,alineado,title-canonico
https://hacecuentas.com/futbol/estadisticas,Récords y estadísticas de jugadores,informacional,Récords y estadísticas de jugadores,Medí tu nivel. Comparalo con los que juegan en serio.,"Medí tu nivel real contra el de un profesional: km recorridos por partido, sprint de 30 metros, velocidad del disparo, porcentaje de pases…",0,0,refuerzo-visible-automatico,title-canonico
https://hacecuentas.com/futbol/mundial-2026,Mundial 2026,calculo,"Mundial 2026: cupos por confederación, premios y récords",48 selecciones. 104 partidos. Una campeona.,"Cómo se repartieron las 48 plazas del Mundial 2026 entre UEFA, CAF, AFC, CONMEBOL, CONCACAF y OFC, cuánto pagó la FIFA por cada fase, cuánto le quedó…",0,1,refuerzo-visible-automatico,title-canonico
https://hacecuentas.com/futbol/premios,Cuánto se lleva de premio cada equipo,calculo,¿Cuánto se lleva de premio cada equipo?,"Seguí la plata del fútbol, desde la copa hasta el club formador","Cuánto pagó la FIFA por cada fase del Mundial 2026, cuánto reparte la Copa Argentina ronda por ronda, cuánto embolsa un plantel de la Liga Profesional…",0,0.25,refuerzo-visible-automatico,title-canonico
https://hacecuentas.com/futbol/puntos-y-campeonato,Le alcanzan los puntos,informacional,"¿Le alcanzan los puntos? — Clasificación, descenso",Probá el fixture. Mirá qué necesita tu equipo.,"Cuántos puntos le faltan a tu equipo para clasificar, salir campeón o salvarse: promedios del fútbol argentino, permanencia en LaLiga, playoffs de la MLS…",0,0.5,refuerzo-visible-automatico,title-canonico
https://hacecuentas.com/global,Calculadoras gratis online,calculo,Calculadoras gratis online — versión global | Hacé Cuentas,Calculadoras que funcionan en cualquier país — 99 calculadoras gratis,"Más de 99 calculadoras gratis sin registro: salud, finanzas, conversores, embarazo, mascotas, cocina. Sin ads invasivos.",1,1,alineado,title-canonico
https://hacecuentas.com/glosario,Glosario — Hacé Cuentas — calculadoras y guías,calculo,Glosario — Hacé Cuentas — calculadoras y guías,"Las palabras difíciles, en simple.","Conceptos de trabajo, impuestos y finanzas explicados en simple. Usá herramientas gratuitas, ejemplos claros y fuentes documentadas para entender…",0,0,refuerzo-visible-automatico,title-canonico
https://hacecuentas.com/goleadores-mundial-2026,Goleadores del Mundial 2026,informacional,Goleadores del Mundial 2026 — Kylian Mbappé Botín de Oro,Goleadores del Mundial 2026 : la tabla final,"Tabla final de goleadores del Mundial 2026: Kylian Mbappé (Francia)… Encontrá herramientas, ejemplos y fuentes para resolver goleadores del mundial 2026.",1,1,alineado,title-canonico
https://hacecuentas.com/guia/combustible-peajes-costo-por-persona-viaje,Costo de un viaje en auto,calculo,Costo de un viaje en auto: nafta y peajes | Hacé Cuentas,"Cómo calcular combustible, peajes y costo por persona de un viaje","Calculá cuánto sale un viaje en auto: litros de nafta según el consumo, peajes de la ruta, ida y vuelta y cuánto pone cada pasajero al dividir.",0.67,0.67,alineado,title-canonico
https://hacecuentas.com/guia/comida-reunion-cuanto-comprar,Cuánta comida comprar para una reunión 2026,informacional,Cuánta comida comprar para una reunión 2026 | Hacé Cuentas,Cómo calcular cuánta comida comprar para una reunión,"Cuánta comida comprar para una reunión: gramos por persona según el plato, bebidas, pan, ensalada, carbón, postre y margen por imprevistos.",0.75,0.75,alineado,title-canonico
https://hacecuentas.com/guia/deportes-fitness,Deportes y fitness,calculo,"Deportes y fitness: fuerza, calorías, pace y competición","Guía de deportes y fitness: entrenamiento, rendimiento y datos de competición","1RM, calorías por deporte, FTP y W/kg en ciclismo, pace de running, hidratación y cafeína, cupos a copas y puntos de descenso. 100+ calculadoras.",1,0,alineado,title-canonico
https://hacecuentas.com/guia/dividir-gastos-amigos-sin-errores,Cómo dividir gastos entre amigos sin errores,comparacion-comercial,Cómo dividir gastos entre amigos sin errores | Hacé Cuentas,Cómo dividir gastos entre amigos sin equivocarse,"Cómo dividir gastos entre amigos sin equivocarse: partes iguales vs proporcional, el método de quién le debe a quién, gastos de viaje, apps y errores…",0.83,1,alineado,title-canonico
https://hacecuentas.com/guia/estimar-materiales-construccion-sin-comprar-de-mas,Estimar materiales de construcción,calculo,Estimar materiales de construcción | Hacé Cuentas,Cómo estimar materiales de construcción sin comprar de más,"Calculá materiales de obra con el margen de desperdicio justo: contrapiso y hormigón, cerámicos, machimbre, venecitas, adoquines y tierra sin sobrar ni…",1,0.33,alineado,title-canonico
https://hacecuentas.com/guia/finanzas-personales,Finanzas personales en Argentina 2026,informacional,Finanzas personales en Argentina 2026,Finanzas personales en Argentina 2026: cómo ahorrar e invertir,"Guía de finanzas personales para Argentina 2026: cómo armar un fondo de emergencia, ahorrar contra la inflación, diversificar y empezar a invertir.",1,1,alineado,title-canonico
https://hacecuentas.com/guia/impuestos-argentina-2026,Impuestos en Argentina 2026,informacional,Impuestos en Argentina 2026: cómo funcionan (guía),Impuestos en Argentina 2026: ¿cómo funciona cada uno?,"Cómo funcionan los impuestos en Argentina 2026: categorías del Monotributo, Ganancias de 4ta categoría, alícuotas del IVA, Bienes Personales e IIBB.",1,1,alineado,title-canonico
https://hacecuentas.com/guia/marketing-roi-metricas,Guía de Métricas de Marketing y ROI Publicitario 2026,informacional,Guía de Métricas de Marketing y ROI Publicitario 2026,Guía de métricas de marketing y ROI publicitario,"Las métricas que de verdad mueven la rentabilidad del marketing: CAC, LTV, ROAS, payback, CPM/CPC/CTR y mix de canales.",0.83,0.33,alineado,title-canonico
https://hacecuentas.com/guia/presupuesto-fiesta-como-armar,Cómo armar el presupuesto de una fiesta 2026,informacional,Cómo armar el presupuesto de una fiesta 2026 | Hacé Cuentas,Cómo armar un presupuesto para una fiesta,"Cómo armar el presupuesto de una fiesta paso a paso: rubros (salón, comida, bebida, torta, cotillón), costo por invitado, vajilla y dónde recortar…",0.75,0.75,alineado,title-canonico
https://hacecuentas.com/guia/subsidios-anses-2026,Guía Subsidios ANSES 2026,informacional,Guía Subsidios ANSES 2026 | Hacé Cuentas,Guía completa de subsidios y asignaciones ANSES 2026,"Todo sobre subsidios ANSES 2026: AUH, Asignación Familiar, Tarjeta Alimentar, Progresar, PUAM, jubilación mínima/máxima, pensiones, seguro desempleo, PAMI.",1,0.75,alineado,title-canonico
https://hacecuentas.com/guia/sueldos-argentina-2026,Cómo se calcula el sueldo en Argentina 2026 (guía),calculo,Cómo se calcula el sueldo en Argentina 2026 (guía),¿Cómo se calcula el sueldo en Argentina en 2026?,"Cómo se calcula el sueldo en Argentina 2026: diferencia entre bruto y neto, qué descuentos te hacen y cómo se calculan el aguinaldo y las horas extras.",0.8,0.8,alineado,title-canonico
https://hacecuentas.com/guia/tecnologia-electronica,Tecnología y electrónica,informacional,"Tecnología y electrónica: almacenamiento, energía",Tecnología y electrónica: guía de cálculos que sí usás,"Guía pilar de tecnología y electrónica: almacenamiento (GB, TB), descargas, baterías (mAh), impresión 3D, fotografía y circuitos con ley de Ohm.",1,1,alineado,title-canonico
https://hacecuentas.com/guias,Guías — Hacé Cuentas — calculadoras y guías,calculo,Guías — Hacé Cuentas — calculadoras y guías | Hacé Cuentas,Primero entendé el tema. Después hacé la cuenta.,"Guías prácticas con ejemplos y calculadoras para entender decisiones de dinero, trabajo, vivienda y vida cotidiana.",0,1,refuerzo-visible-automatico,title-canonico
https://hacecuentas.com/hogar,"Calculadoras para organizar gastos, consumo y tareas",calculo,"Calculadoras para organizar gastos, consumo y tareas",Entendé qué consume tu hogar. Y dónde podés mejorar.,"Calculá gastos del hogar, consumo de servicios y electrodomésticos, mudanzas, limpieza, mantenimiento y compras cotidianas.",0,0.4,refuerzo-visible-automatico,title-canonico
https://hacecuentas.com/hogar/amueblar,Qué medida de mueble entra en mi ambiente,informacional,¿Qué medida de mueble entra en mi ambiente?,Amueblá primero lo que hace habitable tu casa,"Qué TV, mesa, colchón, placard, escritorio, cortina o… Encontrá herramientas, ejemplos y fuentes para resolver qué medida de mueble entra en mi ambiente.",0,1,refuerzo-visible-automatico,title-canonico
https://hacecuentas.com/hogar/climatizacion,Cuánto me cuesta el aire o la calefacción? Consumo y costo,calculo,¿Cuánto me cuesta el aire o la calefacción? Consumo y costo,La temperatura justa. El equipo justo.,"Calculá cuánto gastás en climatizar tu casa: costo del aire acondicionado por hora y por mes, qué calefacción sale más barata…",0,0.6,refuerzo-visible-automatico,title-canonico
https://hacecuentas.com/hogar/factura-de-luz,Por qué me vino tan cara la luz? Calculá tu factura,calculo,¿Por qué me vino tan cara la luz? Calculá tu factura,Entendé por qué subió antes de empezar a apagar todo.,"Estimá la factura de luz de Edenor o Edesur con el esquema de subsidios 2026, medí cuánto consume cada electrodoméstico en kWh y en pesos, cuánto te…",0,0.33,refuerzo-visible-automatico,title-canonico
https://hacecuentas.com/hogar/gas-y-agua,"Gas y agua: ¿cuánto voy a pagar? Factura, zona fría, garrafa",calculo,"Gas y agua: ¿cuánto voy a pagar? Factura, zona fría, garrafa",Entendé qué consumís y qué te cobran.,"Estimá la factura bimestral de gas natural con el cuadro ENARGAS por categoría, calculá la bonificación de zona fría, cuánto te dura y cuánto te cuesta…",0,0.5,refuerzo-visible-automatico,title-canonico
https://hacecuentas.com/hogar/gastos-de-la-casa,Cuánto me cuesta la casa además del alquiler o la cuota,informacional,¿Cuánto me cuesta la casa además del alquiler o la cuota?,La casa cuesta más que el alquiler.,"Expensas, mantenimiento anual, seguro de hogar, cuándo… Encontrá herramientas, ejemplos y fuentes para resolver cuánto me cuesta la casa además…",0.6,0.6,alineado,title-canonico
https://hacecuentas.com/hogar/huella-de-carbono,"Cuál es mi huella de carbono? Calculadora anual, vuelos",calculo,"¿Cuál es mi huella de carbono? Calculadora anual, vuelos",Medí lo grande primero. Después afiná los detalles.,"Cuántas toneladas de CO₂ generás por año entre transporte, dieta y energía, cuánto emite un vuelo por pasajero, cuánto pesa la carne en tu alimentación…",0,0,refuerzo-visible-automatico,title-canonico
https://hacecuentas.com/hogar/humedad-en-casa,Humedad en casa,calculo,"Humedad en casa: rango ideal, punto de rocío y dónde",La mancha no dice sola de dónde viene el agua.,"Poné temperatura y humedad relativa y calculá el punto de rocío, la humedad absoluta en g/m³, si estás dentro del rango ideal del ambiente y en qué…",0,0.5,refuerzo-visible-automatico,title-canonico
https://hacecuentas.com/hogar/limpieza,Cada cuánto limpio y cuánto producto uso,comparacion-comercial,¿Cada cuánto limpio y cuánto producto uso?,"Una casa limpia, con un plan que sí entra en tu semana.","Cuánto tiempo lleva limpiar tu casa, cada cuánto conviene hacerlo, cuántos ml de lavandina van por litro de agua según el uso, cuánto rinde un envase…",0,0.5,refuerzo-visible-automatico,title-canonico
https://hacecuentas.com/hogar/pileta,Cuánto sale mantener la pileta,calculo,"¿Cuánto sale mantener la pileta? — Costo mensual, cloro",Primero calculá cuánta agua tenés.,"Calculá el costo mensual real de tu pileta: litros que tiene, cloro y alguicida por mes, agua que se evapora y hay que reponer, luz de la bomba y filtro.",0,0.33,refuerzo-visible-automatico,title-canonico
https://hacecuentas.com/hogar/subsidios-energia,"Subsidios de luz, gas y garrafa",informacional,"Subsidios de luz, gas y garrafa: requisitos, inscripción","¿Me corresponde subsidio de luz, gas o garrafa?","Descubrí si tu hogar puede solicitar Subsidios Energéticos Focalizados, qué datos necesitás y cómo impacta en luz, gas o garrafa.",0.75,1,alineado,title-canonico
https://hacecuentas.com/iibb,Ingresos Brutos 2026,calculo,Ingresos Brutos 2026 — calculadoras y guías | Hacé Cuentas,Encontrá cuánto pagás de IIBB donde realmente trabajás.,"Calculá Ingresos Brutos según provincia, actividad y régimen. Usá herramientas gratuitas, ejemplos claros y fuentes documentadas para entender…",0,0.67,refuerzo-visible-automatico,title-canonico
https://hacecuentas.com/iibb/buenos-aires,Ingresos Brutos Buenos Aires 2026,informacional,Ingresos Brutos Buenos Aires 2026 — Alícuotas | Hacé Cuentas,Ingresos Brutos en Buenos Aires — Alícuotas por actividad 2026,"IIBB en Buenos Aires: alícuotas 2026 por actividad económica, retenciones bancarias, régimen simplificado y Convenio Multilateral. Datos oficiales.",1,0.6,alineado,title-canonico
https://hacecuentas.com/iibb/caba,Ingresos Brutos Ciudad Autonoma de Buenos Aires 2026,informacional,Ingresos Brutos Ciudad Autonoma de Buenos Aires 2026,Ingresos Brutos en Ciudad Autonoma de Buenos Aires — Alícuotas por actividad 2026,"IIBB en Ciudad Autonoma de Buenos Aires: alícuotas 2026 por actividad económica, retenciones bancarias, régimen simplificado y Convenio Multilateral.",1,0.71,alineado,title-canonico
https://hacecuentas.com/iibb/catamarca,Ingresos Brutos Catamarca 2026,informacional,Ingresos Brutos Catamarca 2026 — Alícuotas | Hacé Cuentas,Ingresos Brutos en Catamarca — Alícuotas por actividad 2026,"IIBB en Catamarca: alícuotas 2026 por actividad económica, retenciones bancarias, régimen simplificado y Convenio Multilateral. Datos oficiales.",1,0.5,alineado,title-canonico
https://hacecuentas.com/iibb/chaco,Ingresos Brutos Chaco 2026,informacional,Ingresos Brutos Chaco 2026 — Alícuotas | Hacé Cuentas,Ingresos Brutos en Chaco — Alícuotas por actividad 2026,"IIBB en Chaco: alícuotas 2026 por actividad económica, retenciones bancarias, régimen simplificado y Convenio Multilateral. Datos oficiales.",1,0.5,alineado,title-canonico
https://hacecuentas.com/iibb/chubut,Ingresos Brutos Chubut 2026,informacional,Ingresos Brutos Chubut 2026 — Alícuotas | Hacé Cuentas,Ingresos Brutos en Chubut — Alícuotas por actividad 2026,"IIBB en Chubut: alícuotas 2026 por actividad económica, retenciones bancarias, régimen simplificado y Convenio Multilateral. Datos oficiales.",1,0.5,alineado,title-canonico
https://hacecuentas.com/iibb/cordoba,Ingresos Brutos Cordoba 2026,informacional,Ingresos Brutos Cordoba 2026 — Alícuotas | Hacé Cuentas,Ingresos Brutos en Cordoba — Alícuotas por actividad 2026,"IIBB en Cordoba: alícuotas 2026 por actividad económica, retenciones bancarias, régimen simplificado y Convenio Multilateral. Datos oficiales.",1,0.5,alineado,title-canonico
https://hacecuentas.com/iibb/corrientes,Ingresos Brutos Corrientes 2026,informacional,Ingresos Brutos Corrientes 2026 — Alícuotas | Hacé Cuentas,Ingresos Brutos en Corrientes — Alícuotas por actividad 2026,"IIBB en Corrientes: alícuotas 2026 por actividad económica, retenciones bancarias, régimen simplificado y Convenio Multilateral. Datos oficiales.",1,0.5,alineado,title-canonico
https://hacecuentas.com/iibb/entre-rios,Ingresos Brutos Entre Rios 2026,informacional,Ingresos Brutos Entre Rios 2026 — Alícuotas | Hacé Cuentas,Ingresos Brutos en Entre Rios — Alícuotas por actividad 2026,"IIBB en Entre Rios: alícuotas 2026 por actividad económica, retenciones bancarias, régimen simplificado y Convenio Multilateral. Datos oficiales.",1,0.6,alineado,title-canonico
https://hacecuentas.com/iibb/formosa,Ingresos Brutos Formosa 2026,informacional,Ingresos Brutos Formosa 2026 — Alícuotas | Hacé Cuentas,Ingresos Brutos en Formosa — Alícuotas por actividad 2026,"IIBB en Formosa: alícuotas 2026 por actividad económica, retenciones bancarias, régimen simplificado y Convenio Multilateral. Datos oficiales.",1,0.5,alineado,title-canonico
https://hacecuentas.com/iibb/jujuy,Ingresos Brutos Jujuy 2026,informacional,Ingresos Brutos Jujuy 2026 — Alícuotas | Hacé Cuentas,Ingresos Brutos en Jujuy — Alícuotas por actividad 2026,"IIBB en Jujuy: alícuotas 2026 por actividad económica, retenciones bancarias, régimen simplificado y Convenio Multilateral. Datos oficiales.",1,0.5,alineado,title-canonico
https://hacecuentas.com/iibb/la-pampa,Ingresos Brutos La Pampa 2026,informacional,Ingresos Brutos La Pampa 2026 — Alícuotas | Hacé Cuentas,Ingresos Brutos en La Pampa — Alícuotas por actividad 2026,"IIBB en La Pampa: alícuotas 2026 por actividad económica, retenciones bancarias, régimen simplificado y Convenio Multilateral. Datos oficiales.",1,0.5,alineado,title-canonico
https://hacecuentas.com/iibb/la-rioja,Ingresos Brutos La Rioja 2026,informacional,Ingresos Brutos La Rioja 2026 — Alícuotas | Hacé Cuentas,Ingresos Brutos en La Rioja — Alícuotas por actividad 2026,"IIBB en La Rioja: alícuotas 2026 por actividad económica, retenciones bancarias, régimen simplificado y Convenio Multilateral. Datos oficiales.",1,0.5,alineado,title-canonico
https://hacecuentas.com/iibb/mendoza,Ingresos Brutos Mendoza 2026,informacional,Ingresos Brutos Mendoza 2026 — Alícuotas | Hacé Cuentas,Ingresos Brutos en Mendoza — Alícuotas por actividad 2026,"IIBB en Mendoza: alícuotas 2026 por actividad económica, retenciones bancarias, régimen simplificado y Convenio Multilateral. Datos oficiales.",1,0.5,alineado,title-canonico
https://hacecuentas.com/iibb/misiones,Ingresos Brutos Misiones 2026,informacional,Ingresos Brutos Misiones 2026 — Alícuotas | Hacé Cuentas,Ingresos Brutos en Misiones — Alícuotas por actividad 2026,"IIBB en Misiones: alícuotas 2026 por actividad económica, retenciones bancarias, régimen simplificado y Convenio Multilateral. Datos oficiales.",1,0.5,alineado,title-canonico
https://hacecuentas.com/iibb/neuquen,Ingresos Brutos Neuquen 2026,informacional,Ingresos Brutos Neuquen 2026 — Alícuotas | Hacé Cuentas,Ingresos Brutos en Neuquen — Alícuotas por actividad 2026,"IIBB en Neuquen: alícuotas 2026 por actividad económica, retenciones bancarias, régimen simplificado y Convenio Multilateral. Datos oficiales.",1,0.5,alineado,title-canonico
https://hacecuentas.com/iibb/rio-negro,Ingresos Brutos Rio Negro 2026,informacional,Ingresos Brutos Rio Negro 2026 — Alícuotas | Hacé Cuentas,Ingresos Brutos en Rio Negro — Alícuotas por actividad 2026,"IIBB en Rio Negro: alícuotas 2026 por actividad económica, retenciones bancarias, régimen simplificado y Convenio Multilateral. Datos oficiales.",1,0.6,alineado,title-canonico
https://hacecuentas.com/iibb/salta,Ingresos Brutos Salta 2026,informacional,Ingresos Brutos Salta 2026 — Alícuotas | Hacé Cuentas,Ingresos Brutos en Salta — Alícuotas por actividad 2026,"IIBB en Salta: alícuotas 2026 por actividad económica, retenciones bancarias, régimen simplificado y Convenio Multilateral. Datos oficiales.",1,0.5,alineado,title-canonico
https://hacecuentas.com/iibb/san-juan,Ingresos Brutos San Juan 2026,informacional,Ingresos Brutos San Juan 2026 — Alícuotas | Hacé Cuentas,Ingresos Brutos en San Juan — Alícuotas por actividad 2026,"IIBB en San Juan: alícuotas 2026 por actividad económica, retenciones bancarias, régimen simplificado y Convenio Multilateral. Datos oficiales.",1,0.6,alineado,title-canonico
https://hacecuentas.com/iibb/san-luis,Ingresos Brutos San Luis 2026,informacional,Ingresos Brutos San Luis 2026 — Alícuotas | Hacé Cuentas,Ingresos Brutos en San Luis — Alícuotas por actividad 2026,"IIBB en San Luis: alícuotas 2026 por actividad económica, retenciones bancarias, régimen simplificado y Convenio Multilateral. Datos oficiales.",1,0.6,alineado,title-canonico
https://hacecuentas.com/iibb/santa-cruz,Ingresos Brutos Santa Cruz 2026,informacional,Ingresos Brutos Santa Cruz 2026 — Alícuotas | Hacé Cuentas,Ingresos Brutos en Santa Cruz — Alícuotas por actividad 2026,"IIBB en Santa Cruz: alícuotas 2026 por actividad económica, retenciones bancarias, régimen simplificado y Convenio Multilateral. Datos oficiales.",1,0.6,alineado,title-canonico
https://hacecuentas.com/iibb/santa-fe,Ingresos Brutos Santa Fe 2026,informacional,Ingresos Brutos Santa Fe 2026 — Alícuotas | Hacé Cuentas,Ingresos Brutos en Santa Fe — Alícuotas por actividad 2026,"IIBB en Santa Fe: alícuotas 2026 por actividad económica, retenciones bancarias, régimen simplificado y Convenio Multilateral. Datos oficiales.",1,0.5,alineado,title-canonico
https://hacecuentas.com/iibb/santiago-del-estero,Ingresos Brutos Santiago del Estero 2026,informacional,Ingresos Brutos Santiago del Estero 2026 — Alícuotas,Ingresos Brutos en Santiago del Estero — Alícuotas por actividad 2026,"IIBB en Santiago del Estero: alícuotas 2026 por actividad económica, retenciones bancarias, régimen simplificado y Convenio Multilateral. Datos oficiales.",1,0.6,alineado,title-canonico
https://hacecuentas.com/iibb/tierra-del-fuego,Ingresos Brutos Tierra del Fuego 2026,informacional,Ingresos Brutos Tierra del Fuego 2026 — Alícuotas,Ingresos Brutos en Tierra del Fuego — Alícuotas por actividad 2026,"IIBB en Tierra del Fuego: alícuotas 2026 por actividad económica, retenciones bancarias, régimen simplificado y Convenio Multilateral. Datos oficiales.",1,0.6,alineado,title-canonico
https://hacecuentas.com/iibb/tucuman,Ingresos Brutos Tucuman 2026,informacional,Ingresos Brutos Tucuman 2026 — Alícuotas | Hacé Cuentas,Ingresos Brutos en Tucuman — Alícuotas por actividad 2026,"IIBB en Tucuman: alícuotas 2026 por actividad económica, retenciones bancarias, régimen simplificado y Convenio Multilateral. Datos oficiales.",1,0.5,alineado,title-canonico
https://hacecuentas.com/impuestos,Calculadoras de impuestos Argentina 2026,calculo,Calculadoras de impuestos Argentina 2026,Pagá lo que corresponde. Entendé cada peso.,"Calculá IVA, Ganancias, Monotributo, Ingresos Brutos, retenciones y otros impuestos con parámetros vigentes y fuentes oficiales.",0,0.25,refuerzo-visible-automatico,title-canonico
https://hacecuentas.com/impuestos-argentina,Impuestos en Argentina 2026,informacional,"Impuestos en Argentina 2026 — monotributo, Ganancias, IVA",Pagá lo justo. Ni un peso de más. — Impuestos en Argentina 2026,"Monotributo 2026 por categoría, Ganancias sobre el sueldo, IVA, Bienes… Encontrá herramientas, ejemplos y fuentes para resolver impuestos en argentina 2026.",1,1,alineado,title-canonico
https://hacecuentas.com/impuestos/bienes-personales,Tengo que pagar Bienes Personales,informacional,¿Tengo que pagar Bienes Personales?,¿Tu patrimonio supera el mínimo?,"Primero la respuesta binaria: si tu patrimonio supera el mínimo no imponible o no. Después, cuánto pagás según la escala por tramo, con la deducción…",0,0,refuerzo-visible-automatico,title-canonico
https://hacecuentas.com/impuestos/comprar-en-el-exterior,Cuánto me cuesta realmente importar una compra,comparacion-comercial,¿Cuánto me cuesta realmente importar una compra?,Del precio del carrito al costo puesto en tu casa.,"Calculá el precio final de una compra en Temu, Shein, AliExpress o Amazon puesta en tu casa: producto, envío, IVA, derechos sobre el excedente…",0,0.25,refuerzo-visible-automatico,title-canonico
https://hacecuentas.com/impuestos/deducciones-ganancias,Qué me puedo deducir de Ganancias y cuánto me baja,calculo,¿Qué me puedo deducir de Ganancias y cuánto me baja?,Descubrí cuánto de tus gastos realmente podés deducir,"Calculá cuánto podés deducir de Ganancias: 40% del alquiler con tope de la ganancia no imponible, cónyuge e hijos a cargo y la prepaga con su tope del 5%.",0.25,0.5,alineado,title-canonico
https://hacecuentas.com/impuestos/elegir-regimen,"Monotributo, autónomo o responsable inscripto",informacional,"Monotributo, autónomo o responsable inscripto",¿Sigo en monotributo o tengo que cambiar de régimen?,"Decidí si seguir en monotributo o pasar al régimen general según facturación, gastos, clientes, IVA y riesgo de exclusión.",0.25,0.25,alineado,title-canonico
https://hacecuentas.com/impuestos/ganancias-cuarta-categoria,Calcular Impuesto a las Ganancias sobre el sueldo 2026,calculo,Calcular Impuesto a las Ganancias sobre el sueldo 2026,¿Cuánto te sacan del sueldo por Ganancias?,"Calculá el impuesto a las ganancias sobre tu sueldo: si te retienen cuarta categoría y cuánto, sueldo mensual, aguinaldo, pase de monotributo a régimen…",0.4,0.8,alineado,title-canonico
https://hacecuentas.com/impuestos/ingresos-brutos,Calculadora de Ingresos Brutos 2026 por provincia,calculo,Calculadora de Ingresos Brutos 2026 por provincia,Facturar no es lo mismo que ganar.,"Calculá cuánto pagás de Ingresos Brutos según tu provincia y tu actividad: alícuota aplicable, impuesto del mes, mínimo del régimen simplificado…",0,0.75,refuerzo-visible-automatico,title-canonico
https://hacecuentas.com/impuestos/iva,Cómo discrimino el IVA,comparacion-comercial,"¿Cómo discrimino el IVA? — Calculadora de IVA 21%, 10,5%",El IVA no se resta. Se discrimina.,"Sacá el IVA de un precio final, agregalo a un precio neto, aplicá la alícuota reducida del 10,5% o compará el IVA de los países de la región.",0.5,0.5,alineado,title-canonico
https://hacecuentas.com/impuestos/monotributo,Qué categoría de monotributo me toca,calculo,¿Qué categoría de monotributo me toca? — Escala y cuota 2026,"Tu categoría, tu cuota y cuánto margen te queda.","Calculá tu categoría con la escala de ARCA desde agosto 2026: cuota, tope de facturación y comparación con responsable inscripto, autónomo y empleado.",0.33,0.33,alineado,title-canonico
https://hacecuentas.com/impuestos/residencia-fiscal-nomadas-digitales,Residencia fiscal para nómadas digitales,informacional,Residencia fiscal para nómadas digitales: regla de 183 días,Residencia fiscal para nómadas digitales: ¿dónde pago impuestos?,"Ordená tus días de viaje, compará umbrales de residencia fiscal por país —como la regla de 183 días— y estimá impuestos sobre ingresos del exterior.",1,0.5,alineado,title-canonico
https://hacecuentas.com/impuestos/retenciones,Retención de Ganancias RG 830,calculo,Retención de Ganancias RG 830: mínimos y alícuotas,Te descontaron plata. Ahora veamos si es costo o pago a cuenta.,"Calculá qué te retienen y qué te perciben cuando facturás o movés plata: retención de Ganancias RG 830 con sus mínimos y alícuotas por régimen, impuesto…",0,1,refuerzo-visible-automatico,title-canonico
https://hacecuentas.com/inflacion-argentina,IPC Argentina 2026,informacional,IPC Argentina 2026: inflación mes a mes y próximo dato,IPC Argentina 2026: inflación mes a mes 📊,"Inflación en Argentina hoy: dato mensual del INDEC… Encontrá herramientas, ejemplos y fuentes para resolver inflación argentina hoy: mensual, interanual…",1,0.33,alineado,title-canonico
https://hacecuentas.com/informes,Informes Hacé Cuentas,informacional,Informes Hacé Cuentas — datos propios sobre sueldos,Informes Hacé Cuentas,"Informes con datos propios de Hacé Cuentas: sueldo neto, esfuerzo de alquiler, tasas reales de plazo fijo y brecha bruto-neto.",1,1,alineado,title-canonico
https://hacecuentas.com/informes/brecha-bruto-neto,Cuánto se queda el Estado de tu sueldo,informacional,Cuánto se queda el Estado de tu sueldo,Cuánto se queda el Estado de tu sueldo,Un empleado registrado argentino resigna entre el 17% y más del 21% de su sueldo bruto entre aportes obligatorios e Impuesto a las Ganancias…,1,0.33,alineado,title-canonico
https://hacecuentas.com/informes/indice-capacidad-de-alquiler,Índice Hacé Cuentas de capacidad de alquiler,informacional,Índice Hacé Cuentas de capacidad de alquiler,Índice Hacé Cuentas de capacidad de alquiler,"El Índice Hacé Cuentas de capacidad de alquiler mide qué porcentaje del ingreso neto del hogar se destina al alquiler en Argentina, a partir de aportes…",1,1,alineado,title-canonico
https://hacecuentas.com/informes/indice-sueldo-neto,Índice Hacé Cuentas de sueldo neto,informacional,Índice Hacé Cuentas de sueldo neto: Cuánto cobra en mano,Índice Hacé Cuentas de sueldo neto,El Índice Hacé Cuentas de sueldo neto releva cuánto cobra en mano el trabajador argentino a partir de aportes anónimos y voluntarios de usuarios reales…,1,1,alineado,title-canonico
https://hacecuentas.com/informes/tasa-real-plazo-fijo,La tasa que los bancos realmente pagan,informacional,La tasa que los bancos realmente pagan,La tasa que los bancos realmente pagan,Este informe compara la TNA de plazo fijo que los bancos y billeteras ofrecen de verdad a sus clientes —declarada de forma anónima por usuarios de Hacé…,1,0.25,alineado,title-canonico
https://hacecuentas.com/inversiones,"Calculadoras de inversiones, rendimiento e interés compuesto",calculo,"Calculadoras de inversiones, rendimiento e interés compuesto",Tu plata puede crecer. Primero hacé las cuentas.,"Compará inversiones y calculá rendimiento, interés compuesto, plazo fijo, bonos, riesgo y ganancia real después de inflación e impuestos.",0,0.8,refuerzo-visible-automatico,title-canonico
https://hacecuentas.com/inversiones/cedears,Cuánto vale un CEDEAR y cuánto rinde,comparacion-comercial,¿Cuánto vale un CEDEAR y cuánto rinde?,"Antes de comprar el ticker, entendé qué estás pagando.","Precio teórico del CEDEAR según el ratio y el dólar CCL, prima o descuento contra el mercado, a qué dólar implícito estás comprando y cuánto cobrás…",0,0.33,refuerzo-visible-automatico,title-canonico
https://hacecuentas.com/inversiones/ganancia-con-cripto,Cuánto gané de verdad con mis cripto,informacional,¿Cuánto gané de verdad con mis cripto?,"Tu ganancia depende de cada compra, venta y comisión.","Ganancia o pérdida neta de tu operación en cripto después de comisiones, costo de pasar de USDT a USDC, gas fee de Ethereum, pérdida impermanente…",0,0.25,refuerzo-visible-automatico,title-canonico
https://hacecuentas.com/inversiones/interes-compuesto,Interés compuesto,comparacion-comercial,"Interés compuesto: calculadora con aportes, TNA y TEA",Tu plata no crece en línea recta. Al principio casi no se nota.,"Calculá cuánto vale tu inversión dentro de X años con aportes mensuales, cuánto tarda en duplicarse por la regla del 72, cuál de dos tasas conviene…",0,0,refuerzo-visible-automatico,title-canonico
https://hacecuentas.com/inversiones/liquidacion-apalancamiento,A qué precio me liquidan,comparacion-comercial,"¿A qué precio me liquidan? — Liquidación, apalancamiento",No mires sólo la ganancia potencial. Ubicá primero dónde desaparece tu margen.,"Precio de liquidación de tu long o short apalancado, distancia porcentual hasta ahí, tamaño de posición que banca tu riesgo en cripto y en forex…",0,0.5,refuerzo-visible-automatico,title-canonico
https://hacecuentas.com/inversiones/opciones-call-put,Cuánto vale una opción y desde qué precio gano,comparacion-comercial,¿Cuánto vale una opción y desde qué precio gano?,"Antes de operar, mirá cuánto podés ganar y cuánto podés perder.","Prima teórica por Black-Scholes, punto de equilibrio, valor intrínseco y temporal, pérdida máxima y P&L de tu call o put.",0,0,refuerzo-visible-automatico,title-canonico
https://hacecuentas.com/inversiones/plazo-fijo,Cuánto gano con un plazo fijo? Calculadora 2026,calculo,¿Cuánto gano con un plazo fijo? Calculadora 2026 — Argentina,Tu saldo sube. ¿Tu plata también vale más?,"Calculá cuánto te deja un plazo fijo con la TNA vigente del BCRA, compará contra un plazo fijo UVA, contra una billetera con rendimiento diario y entre…",0,0.5,refuerzo-visible-automatico,title-canonico
https://hacecuentas.com/inversiones/riesgo-de-mi-cartera,Cuánto rinde y cuánto riesgo tiene mi cartera,informacional,¿Cuánto rinde y cuánto riesgo tiene mi cartera?,¿El retorno compensa el riesgo que tomás?,"Sharpe ratio de tu portafolio, cuánto baja el riesgo al combinar dos activos según su correlación, rendimiento y paridad de un bono argentino y price…",0.25,0.25,alineado,title-canonico
https://hacecuentas.com/jardin,Calculadoras de jardín y huerta,calculo,"Calculadoras de jardín y huerta: riego, tierra y plantas",Un jardín sano no necesita agua de más. Necesita la cuenta correcta.,"Calculá tierra, macetas, riego, cantidad de plantas, semillas y calendario de huerta según espacio, clima y necesidades del cultivo.",0.33,0.33,alineado,title-canonico
https://hacecuentas.com/jardin/cuantas-plantas,Cuántas plantas entran,informacional,"Cuántas plantas entran: espaciado, seto, semillas y césped","Calculá con el tamaño adulto, no con el plantín.","A qué distancia va cada especie y cuántas plantas entran en tu cantero, cuántas necesitás para un seto de X metros, cuántas semillas por metro cuadrado…",0,1,refuerzo-visible-automatico,title-canonico
https://hacecuentas.com/jardin/huerta,Cuándo siembro cada cosa,informacional,"¿Cuándo siembro cada cosa? — Calendario de siembra, heladas","Qué sembrar, cuándo y cómo cuidarlo.","Qué sembrar este mes según tu zona de Argentina, cuándo caen la primera y la última helada, cuántos días tarda en germinar cada semilla a la temperatura…",0.25,0.5,alineado,title-canonico
https://hacecuentas.com/jardin/riego,Cuánto regar,informacional,"Cuánto regar: litros por planta, goteo y programación","Regá lo necesario, sin ahogar las plantas ni desperdiciar agua.","Cuántos litros por día necesita cada planta, cuántos minutos programar el riego por goteo, cómo configurar el programador por zona y cuánta agua gasta…",0,0,refuerzo-visible-automatico,title-canonico
https://hacecuentas.com/jardin/tierra-y-macetas,Qué maceta y cuánta tierra,informacional,"Qué maceta y cuánta tierra: tamaño, litros y mezcla","Comprá litros de sustrato, no “bolsas a ojo”.","Qué diámetro de maceta le corresponde a tu planta, cuántos litros de sustrato entran según la forma y las medidas, cuántas bolsas comprar y cómo armar…",0,0.5,refuerzo-visible-automatico,title-canonico
https://hacecuentas.com/jubilacion,"Calculadoras de jubilación, aportes y pensiones 2026",calculo,"Calculadoras de jubilación, aportes y pensiones 2026",No esperes al último año para hacer la cuenta.,"Estimá jubilación, años de aportes, moratorias, pensiones y haberes ANSES con requisitos, fuentes oficiales y valores vigentes.",0,0.6,refuerzo-visible-automatico,title-canonico
https://hacecuentas.com/jubilacion/cuando-me-jubilo,Cuándo me puedo jubilar,informacional,"¿Cuándo me puedo jubilar? — Edad, años de aportes y qué pasa",No alcanza con cumplir años. También tienen que cerrar los aportes.,"Cuántos años te faltan para jubilarte según tu edad y tus aportes, qué pasa si no llegás a los 30 años, qué moratoria está vigente hoy y cuánto cobrarías…",0,0,refuerzo-visible-automatico,title-canonico
https://hacecuentas.com/jubilacion/cuanto-voy-a-cobrar,Cuánto voy a cobrar de jubilación? Calculadora ANSES 2026,calculo,¿Cuánto voy a cobrar de jubilación? Calculadora ANSES 2026,Estimá cuánto vas a cobrar de jubilación,"Estimá tu haber jubilatorio con la Ley 24.241: PBU, prestación compensatoria, PAP y bono, con el haber mínimo y la movilidad mensual vigentes.",0.4,0,alineado,title-canonico
https://hacecuentas.com/jubilacion/pensiones,Me corresponde una pensión,informacional,"¿Me corresponde una pensión? — Viudez, invalidez, PUAM y PNC",Entendé quién puede cobrar y cómo se reparte la pensión.,"Cuál de las pensiones de ANSES te puede corresponder y cuánto paga cada una: pensión por fallecimiento del cónyuge, PNC por invalidez, PUAM a los 65…",0.5,0.5,alineado,title-canonico
https://hacecuentas.com/jubilacion/prestamo-anses,Préstamo ANSES,informacional,Préstamo ANSES: cuánto te prestan y con qué haber te quedás,"Antes de aceptar un préstamo, mirá cuánto te queda del haber.","Créditos ANSES para jubilados, pensionados y titulares de AUH o SUAF: el máximo que te prestan con el tope del 30% del haber, la cuota real, el bono…",0.5,0.5,alineado,title-canonico
https://hacecuentas.com/mapa-del-sitio,Mapa del sitio,calculo,Mapa del sitio — todas las guías y calculadoras,Mapa del sitio,"Índice completo de Hacé Cuentas: 490 guías de decisión con calculadoras, organizadas por país y tema.",1,0,alineado,title-canonico
https://hacecuentas.com/mascotas,"Calculadoras para perros, gatos y otras mascotas",calculo,"Calculadoras para perros, gatos y otras mascotas",Sus años cuentan distinto. Su cuidado también.,"Calculá edad, alimento, peso, gestación, costos y cuidados de perros, gatos y otras mascotas con referencias veterinarias y límites claros.",0,0.8,refuerzo-visible-automatico,title-canonico
https://hacecuentas.com/mascotas/acuario,"De cuántos litros tiene que ser mi acuario? Litros, filtro",calculo,"¿De cuántos litros tiene que ser mi acuario? Litros, filtro",Un acuario donde puedan vivir bien.,"Calculá los litros que necesitás según cantidad y tamaño de peces, el mínimo real de un betta y el acuario de una tortuga acuática con su filtro, su zona…",0.2,0.6,alineado,title-canonico
https://hacecuentas.com/mascotas/cuanta-comida,Cuánta comida le doy a mi mascota? Gramos por día,calculo,¿Cuánta comida le doy a mi mascota? Gramos por día,No llenes el plato a ojo.,"Calculá los gramos diarios de tu perro, gato, cachorro, conejo o tortuga con la ecuación veterinaria real (RER = 70 × peso^0,75 × factor de etapa).",0,0.2,refuerzo-visible-automatico,title-canonico
https://hacecuentas.com/mascotas/cuanto-cuesta,Cuánto sale por mes tener un perro o un gato? Presupuesto,calculo,¿Cuánto sale por mes tener un perro o un gato? Presupuesto,"Antes de adoptar, calculá si el cuidado entra en tu presupuesto.","Calculá el costo mensual de tu mascota en Argentina: alimento, veterinario, arena sanitaria, antipulgas, higiene y extras.",0.17,0,alineado,title-canonico
https://hacecuentas.com/mascotas/cuanto-vive,"Cuánto vive un conejo, una tortuga o un reptil? Esperanza",calculo,"¿Cuánto vive un conejo, una tortuga o un reptil? Esperanza",No es una cuenta regresiva. Es un mapa para cuidarlo mejor.,"Calculá cuántos años vive tu conejo, tortuga o reptil según la especie y los cuidados reales: temperatura, UVB y dieta cambian el resultado por décadas.",0,0.8,refuerzo-visible-automatico,title-canonico
https://hacecuentas.com/mascotas/edad-del-gato,Cuántos años humanos tiene mi gato? Tabla AAFP por edad,informacional,¿Cuántos años humanos tiene mi gato? Tabla AAFP por edad,Su edad no se multiplica por siete.,"Convertí la edad de tu gato a años humanos con la tabla real de la AAFP/AAHA: el primer año son 15, el segundo suma 9 y después van 4 por año.",0.14,0.86,alineado,title-canonico
https://hacecuentas.com/mascotas/edad-del-perro,Cuántos años humanos tiene mi perro? Tabla por tamaño,informacional,¿Cuántos años humanos tiene mi perro? Tabla por tamaño,Entendé en qué momento de su vida está.,Convertí la edad de tu perro a años humanos con la tabla real por tamaño (AAHA/AKC) y la curva epigenética de la UCSD 2019.,0,0.83,refuerzo-visible-automatico,title-canonico
https://hacecuentas.com/mascotas/gestacion,Cuánto dura la gestación de mi perra? Fecha de parto,informacional,¿Cuánto dura la gestación de mi perra? Fecha de parto,"Prepará la llegada, semana por semana.","La gestación canina dura unos 63 días desde la monta, con un rango normal de 58 a 68. Poné la fecha de la monta y salen la fecha estimada de parto…",0,0.8,refuerzo-visible-automatico,title-canonico
https://hacecuentas.com/mascotas/peso-ideal,Cuánto tiene que pesar mi perro o mi gato? Peso ideal,informacional,¿Cuánto tiene que pesar mi perro o mi gato? Peso ideal,El peso saludable no depende sólo de la raza.,"Peso ideal por raza con los rangos FCI/AKC por sexo y contextura, más la curva de crecimiento WALTHAM para saber cuánto debería pesar tu cachorro…",0.17,0.5,alineado,title-canonico
https://hacecuentas.com/mascotas/rutina-y-cuidados,"Cuánto ejercicio necesita mi perro? Paseos, baño y corte",informacional,"¿Cuánto ejercicio necesita mi perro? Paseos, baño y corte","Una rutina sana, sin tener que adivinar.","Minutos de paseo por día según raza, energía, tamaño y edad, en cuántas salidas repartirlos, cada cuántos días bañarlo según el pelo y la piel, y cada…",0,0,refuerzo-visible-automatico,title-canonico
https://hacecuentas.com/matematica,Calculadoras de matemática con procedimiento paso a paso,calculo,Calculadoras de matemática con procedimiento paso a paso,No memorices la fórmula. Entendé qué estás buscando.,"Resolvé porcentajes, ecuaciones, matrices, geometría, estadística, límites e integrales con fórmulas, ejemplos y procedimiento explicado.",0,0.25,refuerzo-visible-automatico,title-canonico
https://hacecuentas.com/matematica/area-y-perimetro,Cuál es el área y el perímetro de esta figura,informacional,¿Cuál es el área y el perímetro de esta figura?,Dibujá la medida antes de calcularla.,"Área y perímetro de círculo, sector circular, triángulo (por Herón o por coordenadas), trapecio, rombo y polígono regular.",0,0.4,refuerzo-visible-automatico,title-canonico
https://hacecuentas.com/matematica/derivadas,Cómo derivo esta función,informacional,"¿Cómo derivo esta función? — Reglas, parciales, tangente",Mové el punto. Mirá cómo cambia la pendiente.,"Derivada paso a paso: regla de la potencia, producto, cociente y cadena, polinomio por coeficientes, derivadas parciales, derivación implícita, recta…",0,0,refuerzo-visible-automatico,title-canonico
https://hacecuentas.com/matematica/ecuaciones-y-polinomios,Cómo resuelvo esta ecuación,informacional,"¿Cómo resuelvo esta ecuación? — Cuadrática, inecuaciones",Encontrá dónde el polinomio toca el piso.,"Fórmula resolvente con discriminante y raíces complejas, inecuaciones lineales, polinómicas, racionales y con valor absoluto resueltas por tabla…",0,0,refuerzo-visible-automatico,title-canonico
https://hacecuentas.com/matematica/estadistica-descriptiva,Qué me dicen estos datos,informacional,"¿Qué me dicen estos datos? — Media, mediana, desvío",Convertí una fila de números en una historia visible.,"Media, mediana, moda y rango; varianza y desvío estándar (poblacional o muestral); coeficiente de variación; percentiles, cuartiles y outliers; z-score.",0,0,refuerzo-visible-automatico,title-canonico
https://hacecuentas.com/matematica/estadistica-inferencial,Puedo confiar en esta muestra,informacional,"¿Puedo confiar en esta muestra? — Tamaño, intervalos",Una muestra puede acertar. O puede engañarte.,"Tamaño de muestra para una encuesta, intervalo de confianza para la media (con z o con t de Student), correlación de Pearson y test chi-cuadrado…",0.25,0.25,alineado,title-canonico
https://hacecuentas.com/matematica/fracciones,Cómo opero con fracciones,informacional,"¿Cómo opero con fracciones? — Sumar, restar, simplificar","Si podés verlo, podés operarlo.","Suma y resta con mcm de denominadores, multiplicación y división, simplificación a fracción irreducible por mcd, conversión entre fracción impropia…",0,0,refuerzo-visible-automatico,title-canonico
https://hacecuentas.com/matematica/geometria-analitica,"Cómo trabajo con puntos, rectas y vectores en el plano",informacional,"¿Cómo trabajo con puntos, rectas y vectores en el plano?",Dos puntos cuentan toda una recta.,"Distancia entre dos puntos en 2D y 3D, punto medio, ecuación de la recta por dos puntos o por punto y pendiente, y operaciones con vectores: módulo…",0.2,0.4,alineado,title-canonico
https://hacecuentas.com/matematica/limites-e-integrales,Cómo calculo este límite o esta integral,calculo,¿Cómo calculo este límite o esta integral? — Paso a paso,Aproximarse y acumular son dos formas de entender una curva.,"Límites en un punto y en el infinito con indeterminaciones 0/0 e ∞/∞ y regla de L'Hôpital, dominio y rango, asíntotas verticales, horizontales…",0,0,refuerzo-visible-automatico,title-canonico
https://hacecuentas.com/matematica/porcentajes,Cómo calculo un porcentaje,comparacion-comercial,¿Cómo calculo un porcentaje? — Calculadora de porcentajes,La cuenta cambia. La lógica siempre se puede ver.,"Cuánto es el X% de un número, qué porcentaje es A de B, cuánto aumentó o bajó algo, el precio con descuento, el número original antes del porcentaje…",0,1,refuerzo-visible-automatico,title-canonico
https://hacecuentas.com/matematica/potencias-y-raices,"Calculadora de MCM y MCD, potencias, raíces y logaritmos",calculo,"Calculadora de MCM y MCD, potencias, raíces y logaritmos","El resultado importa. Entender de dónde sale, más.","Calculá potencias y raíces, logaritmos en cualquier base, MCD y MCM por el algoritmo de Euclides, números primos y factorización, y notación científica.",0,1,refuerzo-visible-automatico,title-canonico
https://hacecuentas.com/matematica/probabilidad,"Cuál es la probabilidad? Dados, sorteos, combinatoria",calculo,"¿Cuál es la probabilidad? Dados, sorteos, combinatoria",¿Qué puede pasar y qué tan probable es?,"Tirá un dado o sorteá números al azar, calculá la probabilidad de un evento y de que ocurra al menos una vez en N intentos, cuántas combinaciones…",0,0.2,refuerzo-visible-automatico,title-canonico
https://hacecuentas.com/matematica/regla-de-tres,Cómo hago una regla de tres,informacional,"¿Cómo hago una regla de tres? — Simple, inversa y compuesta",La fórmula es fácil. Elegir la proporción correcta es lo importante.,"Regla de tres simple directa e inversa, compuesta, escala de plano o… Encontrá herramientas, ejemplos y fuentes para resolver cómo hago una regla de tres.",0,1,refuerzo-visible-automatico,title-canonico
https://hacecuentas.com/matematica/sistemas-y-matrices,Cómo resuelvo este sistema de ecuaciones,informacional,¿Cómo resuelvo este sistema de ecuaciones?,Hacé cero lo que molesta.,"Sistemas 2×2 por Cramer, sistemas 3×3, eliminación de Gauss-Jordan paso a paso y determinante e inversa de matrices 2×2 y 3×3.",0,0,refuerzo-visible-automatico,title-canonico
https://hacecuentas.com/matematica/sucesiones-y-series,Cómo sigue esta sucesión,informacional,"¿Cómo sigue esta sucesión? — Progresiones, Fibonacci",Descubrí el patrón antes de sumar.,"Término general y suma de una progresión aritmética o geométrica, suma de una serie geométrica infinita, sucesión de Fibonacci y polinomio de Taylor.",0,0.33,refuerzo-visible-automatico,title-canonico
https://hacecuentas.com/matematica/triangulos-y-trigonometria,Cómo resuelvo este triángulo,informacional,"¿Cómo resuelvo este triángulo? — Pitágoras, trigonometría",Resolvé el triángulo viendo qué pasa.,"Pitágoras, seno, coseno y tangente, resolución de triángulos rectángulos, ley de senos, ley de cosenos, teorema de Tales, diagonal de un rectángulo…",0.33,0,alineado,title-canonico
https://hacecuentas.com/matematica/volumen-de-cuerpos,Cuánto volumen tiene este cuerpo,calculo,"¿Cuánto volumen tiene este cuerpo? — Caja, cilindro, cono","¿Cuánto entra, ocupa o cubre?","Calculá volumen, capacidad en litros y superficie de cajas, cilindros, conos, esferas y pirámides con fórmula y procedimiento paso a paso.",0,0.25,refuerzo-visible-automatico,title-canonico
https://hacecuentas.com/metodologia,"Cómo verificamos fórmulas, datos y fuentes | Metodología",informacional,"Cómo verificamos fórmulas, datos y fuentes | Metodología",Un resultado vale tanto como su método.,"Conocé cómo Hacé Cuentas selecciona fuentes, prueba fórmulas, actualiza valores, trata contenidos sensibles y corrige errores.",0,0.4,refuerzo-visible-automatico,title-canonico
https://hacecuentas.com/mi,Mis productos,informacional,Mis productos — Hacé Cuentas,Tus productos,"Cuatro productos para las cuentas que repetís cada mes: Mi Plata, Mi Trabajo, Mi Casa y Mi Familia.",0.5,0.5,alineado,title-canonico
https://hacecuentas.com/mi/casa,"Mi Casa — Alquiler, crédito y gastos",informacional,"Mi Casa — Alquiler, crédito y gastos | Hacé Cuentas",Mi Casa,"Actualización de alquiler por ICL, cuota del crédito UVA, gastos de comprar, escritura y mudanza.",0.25,0.75,alineado,title-canonico
https://hacecuentas.com/mi/familia,"Mi Familia — Embarazo, hijos y licencias",informacional,"Mi Familia — Embarazo, hijos y licencias | Hacé Cuentas",Mi Familia,"Semanas de embarazo, calendario de vacunas, licencia por maternidad, percentil de crecimiento, leche y asignaciones.",0.25,0.25,alineado,title-canonico
https://hacecuentas.com/mi/plata,"Mi Plata — Tu dinero, mes a mes",comparacion-comercial,"Mi Plata — Tu dinero, mes a mes | Hacé Cuentas",Mi Plata,"Tu centro de finanzas personales: presupuesto, sueldo vs inflación, deudas, ahorro y metas. Con seguimiento mensual, alertas y tu perfil que precarga todo.",0.33,0,alineado,title-canonico
https://hacecuentas.com/mi/trabajo,"Mi Trabajo — Sueldo, recibo y derechos",informacional,"Mi Trabajo — Sueldo, recibo y derechos | Hacé Cuentas",Mi Trabajo,"Sueldo neto, recibo, Ganancias, aguinaldo, vacaciones, horas extra y liquidación. Tu perfil precarga sueldo y antigüedad, y te avisamos cuando cambia…",0.25,0.5,alineado,title-canonico
https://hacecuentas.com/mundial-2026,Quién ganó el Mundial 2026,informacional,Quién ganó el Mundial 2026: España campeón,España ganó el Mundial 2026,"España ganó el Mundial 2026 tras vencer a Argentina en la final. Resultado, podio, cuadro y los 104 partidos del torneo.",0.75,0.75,alineado,title-canonico
https://hacecuentas.com/mx,Calculadoras de México 2026,calculo,"Calculadoras de México 2026: sueldo, ISR e IMSS",De tu nómina a tu próxima decisión.,"Calculadoras de México actualizadas a 2026 para sueldo neto, ISR, IMSS, aguinaldo, finiquito, vivienda y trámites, con fuentes oficiales.",0,1,refuerzo-visible-automatico,title-canonico
https://hacecuentas.com/mx/auto,Auto en México,calculo,Auto en México — calculadoras y guías | Hacé Cuentas,Auto,"Tenencia, verificación, placas, crédito automotriz e ISAN: lo que cuesta comprar, tener y usar un auto en México, estado por estado.",0.5,1,alineado,title-canonico
https://hacecuentas.com/mx/auto/comprar-o-vender-auto,Comprar o vender auto en México,calculo,"Comprar o vender auto en México: contado o crédito, ISAN",El precio de publicación es sólo el comienzo.,"Compara pagar de contado contra financiar con el costo de oportunidad real, calcula la mensualidad y el CAT del crédito automotriz, el ISAN del auto…",0,0.25,refuerzo-visible-automatico,title-canonico
https://hacecuentas.com/mx/auto/gasto-de-usar-el-auto,Cuánto cuesta usar el auto en México,comparacion-comercial,Cuánto cuesta usar el auto en México,"Tu auto cobra por kilómetro, aunque no te dé ticket.","Calcula el costo real de manejar: gasolina y casetas de un viaje en carretera, si conviene convertir a gas LP con su punto de recuperación…",0.25,0,alineado,title-canonico
https://hacecuentas.com/mx/auto/tenencia-verificacion-y-placas,"Tenencia, verificación y placas",comparacion-comercial,"Tenencia, verificación y placas: cuánto cuesta traer",Tu auto necesita un expediente y un calendario.,"Calcula lo que pagas al año por tener el auto en orden en México: tenencia y refrendo según tu estado y el valor de factura, verificación vehicular…",0,0.67,refuerzo-visible-automatico,title-canonico
https://hacecuentas.com/mx/calculadoras,Todas las calculadoras de México,calculo,Todas las calculadoras de México — 36 gratis | Hacé Cuentas,Calculadoras de México,"Catálogo completo de 36 calculadoras online gratis para México: salario mínimo, UMA, ISR, aguinaldo, finiquito, IMSS. Filtrá y entrá a cualquiera.",0.67,0.67,alineado,title-canonico
https://hacecuentas.com/mx/datos-salario-minimo-mexico-2026,Salario mínimo México 2026,informacional,"Salario mínimo México 2026: diario, mensual y frontera","Salario mínimo México 2026: $315,04 diarios","Salario mínimo México 2026: $315,04 diarios, $9.577,22 mensuales y $440,87 en la Frontera Norte. Tabla oficial, UMA y prestaciones.",1,1,alineado,title-canonico
https://hacecuentas.com/mx/datos-uma-imss-2026,UMA 2026 México,informacional,"UMA 2026 México: $117,31 diaria, mensual y anual",Valor de la UMA 2026,"Valor UMA 2026: $117,31 diarios, $3.566,22 mensuales y $42.794,64 anuales. Tabla oficial del INEGI y equivalencias para IMSS y multas.",0.67,0.67,alineado,title-canonico
https://hacecuentas.com/mx/familia,Familia en México,calculo,Familia en México — calculadoras y guías | Hacé Cuentas,Familia,"Pensión alimenticia, licencias de maternidad y paternidad e incapacidades del IMSS, con los días y porcentajes que fija la ley.",0.5,0,alineado,title-canonico
https://hacecuentas.com/mx/familia/licencias-e-incapacidades,Incapacidad y licencias IMSS 2026,calculo,"Incapacidad y licencias IMSS 2026: maternidad, paternidad",¿Cuántos días te corresponden y cuánto cobras?,"Calcula cuánto te paga el IMSS y por cuántos días: subsidio de maternidad al 100% durante 84 días, los 5 días de licencia de paternidad de la LFT, el 60%…",0,0.25,refuerzo-visible-automatico,title-canonico
https://hacecuentas.com/mx/familia/pension-alimenticia,Pensión alimenticia en México 2026,calculo,Pensión alimenticia en México 2026: cuánto corresponde,Primero medimos las necesidades. Después repartimos la capacidad.,"Calcula el rango de pensión alimenticia por número de hijos y tipo de custodia, cuánto queda de tu sueldo tras el descuento en nómina, y cómo…",0,0.5,refuerzo-visible-automatico,title-canonico
https://hacecuentas.com/mx/finanzas,Finanzas en México,calculo,Finanzas en México — calculadoras y guías | Hacé Cuentas,Finanzas,"Afore, créditos de vivienda, deudas de tarjeta y dónde rinde tu dinero, con el CAT y las tasas que se publican oficialmente.",0.5,0,alineado,title-canonico
https://hacecuentas.com/mx/finanzas/credito-de-vivienda,Crédito Infonavit 2026,calculo,Crédito Infonavit 2026: cuánto te presta y cuánto pagas,¿Cuánto te prestan y cuánto vas a pagar cada mes?,"Calculá tu crédito Infonavit 2026: precalificación, monto máximo, descuento vía nómina, escenario Fovissste y la hipoteca bancaria con enganche, en México.",0,1,refuerzo-visible-automatico,title-canonico
https://hacecuentas.com/mx/finanzas/deudas-y-credito,Deudas y crédito en México,comparacion-comercial,Deudas y crédito en México: cuánto cuesta de verdad,"Antes de pagar o pedir prestado, mirá el costo completo.","Calcula en cuántos meses liquidas tu tarjeta y cuánto pagas de intereses con IVA, si te conviene un pago a meses sin intereses o de contado, y el costo…",0,0,refuerzo-visible-automatico,title-canonico
https://hacecuentas.com/mx/finanzas/donde-invierto,Dónde rinde más mi dinero en México,informacional,Dónde rinde más mi dinero en México,Ubicá tu dinero en el mapa de riesgo y liquidez.,"Compara el rendimiento neto de Cetes por plazo, de un pagaré bancario, de las cuentas de ahorro y fintech, y descuenta lo que se llevan las comisiones…",0.2,0,alineado,title-canonico
https://hacecuentas.com/mx/finanzas/mi-afore,"Afore 2026: saldo proyectado, comisiones, ahorro voluntario",calculo,"Afore 2026: saldo proyectado, comisiones, ahorro voluntario",Convertí tu estado de cuenta en una ruta de retiro.,"Calcula cuánto vas a tener en tu Afore al jubilarte, cuánto se lleva la comisión en 10 y 30 años, cuánto ISR te devuelve el SAT por ahorro voluntario…",0,0.43,refuerzo-visible-automatico,title-canonico
https://hacecuentas.com/mx/futbol-mexicano-hoy,Fútbol mexicano hoy,informacional,"Fútbol mexicano hoy: partidos, resultados y tablas","Fútbol mexicano, hoy","Partidos de hoy, resultados, próximos encuentros, horarios locales y tablas actualizadas del fútbol mexicano, con resultados recientes y agenda…",1,1,alineado,title-canonico
https://hacecuentas.com/mx/hogar,Hogar en México,calculo,Hogar en México — calculadoras y guías | Hacé Cuentas,Hogar,"Luz de CFE, gas LP, paneles solares y costo de obra por metro cuadrado, con las tarifas y precios de referencia vigentes.",0.5,0,alineado,title-canonico
https://hacecuentas.com/mx/hogar/servicios-y-obra,"Luz CFE, gas LP, paneles solares y costo de obra",comparacion-comercial,"Luz CFE, gas LP, paneles solares y costo de obra",Entendé el recibo. Planeá la mejora. Cuidá el presupuesto.,"Calcula tu recibo bimestral de CFE con los tramos de la tarifa doméstica y la DAC, cuánto ahorras con paneles solares y en cuánto se pagan, cuánto cuesta…",0,0.43,refuerzo-visible-automatico,title-canonico
https://hacecuentas.com/mx/impuestos,Impuestos en México,calculo,Impuestos en México — calculadoras y guías | Hacé Cuentas,Impuestos,"ISR, IVA, deducciones y trámites del SAT, calculados con las tarifas del Anexo 8 de la RMF y el artículo de la LISR que corresponde.",0.5,0,alineado,title-canonico
https://hacecuentas.com/mx/impuestos/declaracion-anual,Declaración anual SAT 2026,comparacion-comercial,Declaración anual SAT 2026: quién declara y cuánto devuelven,Prepará la declaración antes de abrir el portal del SAT.,"Calculá tu declaración anual SAT 2026: ISR anual con la tarifa del Art. 152, deducciones personales, colegiaturas y tu saldo a favor estimado en México.",0.5,1,alineado,title-canonico
https://hacecuentas.com/mx/impuestos/importar-productos,Calculadora de importación a México,calculo,Calculadora de importación a México,¿Cuánto me cuesta realmente importar un producto a México?,"Calcula el costo puesto en México de una importación: mercancía, flete, seguro, IGI, DTA, IVA, agente aduanal y costo final por unidad.",0.5,1,alineado,title-canonico
https://hacecuentas.com/mx/impuestos/impuestos-de-mi-empresa,Impuestos de mi empresa en México,informacional,"Impuestos de mi empresa en México: ISR, RESICO PM y costo",Los impuestos de la empresa necesitan lugar en el flujo de caja.,"Cuánto ISR paga tu persona moral en el régimen general del 30% frente a RESICO PM por flujo de efectivo, cuánto te cuesta timbrar CFDI y cobrar…",0.67,0,alineado,title-canonico
https://hacecuentas.com/mx/impuestos/isr-de-mis-inversiones,ISR de inversiones en México,calculo,"ISR de inversiones en México: intereses, bolsa, dividendos",La ganancia es una. El impuesto depende de dónde salió.,"Calcula el ISR de tus rendimientos: retención del banco sobre Cetes y pagarés, 10% definitivo de la bolsa, dividendos con piramidación, ganancia…",0,0.33,refuerzo-visible-automatico,title-canonico
https://hacecuentas.com/mx/impuestos/isr-por-mi-cuenta,Calculadora de impuestos RIF 2026,calculo,"Calculadora de impuestos RIF 2026: RESICO, ISR y régimen",Del ingreso facturado al dinero que realmente te queda.,"El RIF fue sustituido para nuevas altas: compara RESICO y régimen general y calcula cuánto ISR pagas por tu cuenta en México, las retenciones…",0,0.33,refuerzo-visible-automatico,title-canonico
https://hacecuentas.com/mx/impuestos/iva,IVA en México,calculo,"IVA en México: calcular 16%, 8% de frontera, trasladado",El IVA se entiende mejor con dos páginas abiertas.,"Suma o extrae el IVA de cualquier monto con la tasa que te toca, resuelve tu declaración mensual restando el IVA acreditable del trasladado y entiende…",0.5,0.5,alineado,title-canonico
https://hacecuentas.com/mx/impuestos/rentar-mi-departamento,Rentar un departamento en México,comparacion-comercial,Rentar un departamento en México: ISR de arrendamiento,La renta que cobras atraviesa varios pisos antes de llegar a tú.,"Cuánto ISR pagas por rentar, si te conviene la deducción ciega del 35% o las deducciones reales, cuánto te retiene un inquilino persona moral…",0,0.33,refuerzo-visible-automatico,title-canonico
https://hacecuentas.com/mx/impuestos/vender-o-heredar-un-inmueble,"Vender, heredar o donar una casa en México",comparacion-comercial,"Vender, heredar o donar una casa en México","La operación cambia de raíz según vendas, heredes o dones.","Cuánto ISR pagas al vender tu casa con la exención de 700.000 UDIS, qué pasa si es terreno o local comercial, y cuánto cuesta realmente heredar, donar…",0,0.8,refuerzo-visible-automatico,title-canonico
https://hacecuentas.com/mx/trabajo,Trabajo en México,comparacion-comercial,Trabajo en México — calculadoras y guías | Hacé Cuentas,Trabajo,"Sueldo, finiquito, prestaciones de ley y pensiones del IMSS, resueltos con la tarifa de ISR vigente y el artículo de la LFT o de la LSS que aplica…",0.5,0,alineado,title-canonico
https://hacecuentas.com/mx/trabajo/aguinaldo-prima-y-ptu,"Aguinaldo, prima y PTU México 2026",calculo,"Aguinaldo, prima y PTU México 2026: cuánto te toca",Tus prestaciones llegan en momentos distintos del año.,"Calculá tu aguinaldo 2026, prima vacacional y PTU en México con las exenciones de ISR en UMA del Art. 93 de la LISR y el método de tasa efectiva.",0,1,refuerzo-visible-automatico,title-canonico
https://hacecuentas.com/mx/trabajo/costo-de-un-empleado,Costo de un empleado México 2026,calculo,"Costo de un empleado México 2026: IMSS, SDI y cuotas",El sueldo es sólo una parte de la nómina.,"Calcula el factor de integración 2026, salario diario integrado (SDI) y costo patronal con IMSS, INFONAVIT, ISN y prestaciones en México.",0,0.75,refuerzo-visible-automatico,title-canonico
https://hacecuentas.com/mx/trabajo/finiquito-y-liquidacion,Finiquito y liquidación México 2026,calculo,Finiquito y liquidación México 2026: cuánto te deben pagar,Lo que te deben depende de cómo terminó.,"Calculadora de finiquito y liquidación en México 2026: partes proporcionales, 3 meses de indemnización, 20 días por año y prima de antigüedad según LFT.",0,1,refuerzo-visible-automatico,title-canonico
https://hacecuentas.com/mx/trabajo/mi-pension-imss,Pensión IMSS 2026,informacional,"Pensión IMSS 2026: Ley 73, Ley 97, Modalidad 40 y semanas",Tu pensión empieza por saber qué ley te corresponde.,"Estimá tu pensión IMSS 2026 por Ley 73 o Ley 97, revisá semanas cotizadas y compará el efecto de salario, edad y Modalidad 40.",0.33,1,alineado,title-canonico
https://hacecuentas.com/mx/trabajo/sueldo-neto,Sueldo neto México 2026,calculo,"Sueldo neto México 2026: calculá ISR, IMSS y SDI",Del sueldo bruto al dinero que sí recibes.,"Calculá tu sueldo neto en México 2026: ISR del Art. 96, cuota IMSS, subsidio para el empleo y salario diario integrado (SDI) con factor de integración.",0.25,1,alineado,title-canonico
https://hacecuentas.com/mx/trabajo/vacaciones-y-jornada,Vacaciones y horas extra México 2026,informacional,"Vacaciones y horas extra México 2026: días, pago y jornada",Tu semana y tus vacaciones deben caber en la misma agenda.,"Cuántos días de vacaciones te tocan en México 2026 con la reforma de vacaciones dignas, prima vacacional, horas extra dobles y triples y jornada de 40 h.",0.2,1,alineado,title-canonico
https://hacecuentas.com/mx/tramites,Trámites en México,comparacion-comercial,Trámites en México — calculadoras y guías | Hacé Cuentas,Trámites,"Pasaporte, INE, RFC y licencia de conducir: cuánto cuesta cada documento y qué… Consultá trámites en méxico con datos, herramientas y fuentes para México.",0.5,1,alineado,title-canonico
https://hacecuentas.com/mx/tramites/costo-de-mis-documentos,"Cuánto cuesta el pasaporte, la licencia y la credencial",comparacion-comercial,"Cuánto cuesta el pasaporte, la licencia y la credencial",Tu licencia cuesta más que el primer pago.,"Compara los derechos del pasaporte mexicano por vigencia de 3, 6 y 10 años con sus descuentos, calcula lo que te cobra tu estado por la licencia…",0.5,0.5,alineado,title-canonico
https://hacecuentas.com/mx/vida,Vida en México,comparacion-comercial,Vida en México — calculadoras y guías | Hacé Cuentas,Vida,"Cuánto cuesta vivir, estudiar, organizar una fiesta o acceder a un apoyo del gobierno en México, con precios y montos verificados.",0.5,0.5,alineado,title-canonico
https://hacecuentas.com/mx/vida/apoyos-del-bienestar,Apoyos del Bienestar 2026,informacional,Apoyos del Bienestar 2026: pensión de adultos mayores,"Buscá apoyos por persona, no por una lista interminable.","Checa si calificas para la Pensión para el Bienestar de Adultos Mayores, la Pensión Mujeres Bienestar, la de personas con discapacidad o Jóvenes…",0.33,0.33,alineado,title-canonico
https://hacecuentas.com/mx/vida/cuanto-cuesta-vivir,Cuánto cuesta vivir en México,comparacion-comercial,Cuánto cuesta vivir en México: presupuesto mensual y cuánta,¿Cuánto cuesta vivir donde quieres?,"Calcula cuánto necesitas al mes para vivir según tu hogar y tu ciudad, cuánto se va en despensa, cuánta renta soporta tu sueldo, cuánto cuesta rentar…",0.67,0.67,alineado,title-canonico
https://hacecuentas.com/mx/vida/escuela-y-becas,Cuánto cuesta la escuela en México y qué beca te toca,comparacion-comercial,Cuánto cuesta la escuela en México y qué beca te toca,"Escuela, gastos y becas en un solo plan","Calcula el costo total de una carrera en universidad privada con beca y crédito educativo, el gasto de regreso a clases por alumno, el monto de las becas…",0.2,0.2,alineado,title-canonico
https://hacecuentas.com/mx/vida/organizar-una-fiesta,Organizar una fiesta en México,calculo,"Organizar una fiesta en México: cuánta comida, bebida","Tu fiesta, organizada de punta a punta","Calcula el presupuesto de tu fiesta o noche mexicana por invitado, cuántos litros de bebida y kilos de carne comprar para la carne asada y cómo dividir…",0.33,0.33,alineado,title-canonico
https://hacecuentas.com/nba-2026,"NBA hoy: partidos, resultados, posiciones y calendario",informacional,"NBA hoy: partidos, resultados, posiciones y calendario","NBA hoy: partidos, resultados y toda la temporada","Calendario semanal de la NBA, horarios, resultados finales y tabla de posiciones, actualizado automáticamente al terminar cada partido.",0.67,0.67,alineado,title-canonico
https://hacecuentas.com/negocios,Calculadoras para negocios,calculo,"Calculadoras para negocios: costos, precios, margen",Vender más sirve si también te queda más.,"Calculá punto de equilibrio, margen, markup, costos, precios, flujo de caja, rentabilidad y métricas comerciales de tu negocio.",0,0,refuerzo-visible-automatico,title-canonico
https://hacecuentas.com/negocios-e-independientes,Negocios y trabajadores independientes,comparacion-comercial,Negocios y trabajadores independientes — calculadoras 2026,Que tu negocio cierre los números. — Negocios y trabajadores independientes 2026,"Margen de ganancia, punto de equilibrio, precios con IVA, costo laboral, tarifa freelance por hora, ROAS y CAC/LTV.",1,0,alineado,title-canonico
https://hacecuentas.com/negocios/capital-de-trabajo,Vendo bien pero no tengo plata,calculo,Vendo bien pero no tengo plata: el ciclo de conversión,La ganancia no paga una factura que vence hoy.,"Calculá el ciclo de caja, los días de inventario, cobro y pago, y el capital de trabajo necesario para financiar la operación del negocio.",0,0,refuerzo-visible-automatico,title-canonico
https://hacecuentas.com/negocios/comisiones-de-plataforma,Cuánto me cobra de comisión la plataforma,informacional,¿Cuánto me cobra de comisión la plataforma?,"De cada venta, ¿cuánto te queda de verdad?","Rappi, PedidosYa, Uber, Uber Eats, Tienda Nube, Mercado Pago, Airbnb, Etsy y Amazon: cuánto te retiene cada plataforma sobre lo que facturás y cuánto te…",0,0.33,refuerzo-visible-automatico,title-canonico
https://hacecuentas.com/negocios/creador-de-contenido,Cuánto vale mi cuenta y cuánto puedo cobrar,comparacion-comercial,¿Cuánto vale mi cuenta y cuánto puedo cobrar?,Publicar más no siempre hace crecer más.,"Calculá tu engagement rate real, la tarifa que podés pedir por un post o una colaboración, la mejor hora para publicar en cada plataforma y cuánto te…",0,0,refuerzo-visible-automatico,title-canonico
https://hacecuentas.com/negocios/cuanto-vale-mi-negocio,"Cuánto vale mi negocio? Capital para abrir, rentabilidad",informacional,"¿Cuánto vale mi negocio? Capital para abrir, rentabilidad",Un negocio no vale sólo por lo que factura.,"Del capital inicial al múltiplo de venta: cuánta plata necesitás para abrir con colchón, en cuántos meses la recuperás, cuánto rinde el negocio por mes…",0.4,0.6,alineado,title-canonico
https://hacecuentas.com/negocios/indicadores-de-marca,Mi NPS es 32,informacional,"Mi NPS es 32: ¿está bien o mal? Benchmarks de NPS, CES",Una marca fuerte deja señales antes de vender.,"Los cuatro indicadores de marca y experiencia que no son plata, cada uno con su banda de referencia: NPS, Customer Effort Score, tasa de rebote por tipo…",0,1,refuerzo-visible-automatico,title-canonico
https://hacecuentas.com/negocios/ingresos-por-plataforma,Cuánto me paga cada plataforma por mis views? Calculadora,calculo,¿Cuánto me paga cada plataforma por mis views? Calculadora,Un millón de views no vale lo mismo en todos lados.,"YouTube, Shorts, Facebook Reels, TikTok Live, Twitch, X y blog con AdSense: cuánto paga cada una por las mismas vistas, cuánto queda después…",0.2,0.4,alineado,title-canonico
https://hacecuentas.com/negocios/metricas-de-marketing,"CPC, CPM y ROAS",calculo,"CPC, CPM y ROAS: ¿cuánto me cuesta un cliente? Calculadora",No optimices clicks. Optimizá clientes rentables.,"Cargá presupuesto, CPM y tus tasas y mirá la cascada completa: impresiones, clicks, CPC, leads, CPL, clientes, CAC, LTV y ROAS.",0,1,refuerzo-visible-automatico,title-canonico
https://hacecuentas.com/negocios/precio-de-venta,A cuánto vendo mi producto,comparacion-comercial,"¿A cuánto vendo mi producto? — Calculadora de precio, margen","El margen se calcula desde lo que te queda, no desde lo que cobrás.","Calculá a cuánto vender: precio por margen o por markup (no son lo mismo), costo unitario con los fijos prorrateados, margen de contribución, punto…",0,0,refuerzo-visible-automatico,title-canonico
https://hacecuentas.com/negocios/publicar-en-redes,Cómo publico en cada red,calculo,"¿Cómo publico en cada red? — Engagement, duración, slides","Una idea, adaptada. No copiada y pegada.","Medí el engagement rate real de tu posteo en Instagram o TikTok, calculá cuántos segundos tiene que durar tu video, cuántas slides lleva tu carrusel…",0,0,refuerzo-visible-automatico,title-canonico
https://hacecuentas.com/negocios/tarifas-por-hora,Cuánto se cobra la hora en mi oficio? Tarifas de mercado,comparacion-comercial,¿Cuánto se cobra la hora en mi oficio? Tarifas de mercado,No todas tus horas se pueden facturar.,"Tarifa por hora de mercado según profesión, años de experiencia y país del cliente: desarrollo, diseño, marketing, fotografía y redacción.",0,0.4,refuerzo-visible-automatico,title-canonico
https://hacecuentas.com/negocios/vender-mi-contenido,Cuánto deja vender mi propia obra? Regalías de streams,informacional,¿Cuánto deja vender mi propia obra? Regalías de streams,No vendas “contenido”. Vendé una transformación concreta.,"Cuánto te queda por stream en Spotify o Apple Music, por ebook vendido en Kindle KDP, por audiolibro en Audible y por suscriptor pago en Substack…",0,0,refuerzo-visible-automatico,title-canonico
https://hacecuentas.com/nfl-2026,"NFL 2026: calendario, partidos de hoy y resultados en vivo",informacional,"NFL 2026: calendario, partidos de hoy y resultados en vivo","NFL 2026: calendario, partidos de hoy y resultados","La temporada 2026 de la NFL: calendario completo, partidos de hoy con horario de México, Colombia y Argentina, resultados y posiciones AFC/NFC.",0.86,0.86,alineado,title-canonico
https://hacecuentas.com/nutricion,Calculadoras de nutrición y alimentación con fuentes,calculo,Calculadoras de nutrición y alimentación con fuentes,Comer mejor empieza por conocer lo que necesitás.,"Consultá calorías, macronutrientes y porciones orientativas con fórmulas y fuentes; no reemplaza una evaluación nutricional profesional.",0,0.25,refuerzo-visible-automatico,title-canonico
https://hacecuentas.com/nutricion/calorias-diarias,Cuántas calorías necesito por día? Calculadora de TDEE,calculo,¿Cuántas calorías necesito por día? Calculadora de TDEE,Tus calorías no son un número fijo.,"Calculá tus calorías diarias con Mifflin-St Jeor… Encontrá herramientas, ejemplos y fuentes para resolver cuántas calorías necesito por día?",0.25,0.75,alineado,title-canonico
https://hacecuentas.com/nutricion/nutricion-deportiva,"Cuánta cafeína, creatina, geles y agua necesito",informacional,"¿Cuánta cafeína, creatina, geles y agua necesito?",Comé para el entrenamiento que vas a hacer.,"Tu dosis de cafeína y creatina según el peso corporal con los protocolos ISSN, cuántos geles llevar en carrera según la recomendación ACSM y cuánta agua…",0,0.8,refuerzo-visible-automatico,title-canonico
https://hacecuentas.com/ocio,"Calculadoras de ocio, entretenimiento y tiempo libre",calculo,"Calculadoras de ocio, entretenimiento y tiempo libre",Más planes que valen la pena. Menos gastos que sorprenden.,"Planificá actividades, juegos, salidas, lecturas y tiempo libre con calculadoras prácticas de costos, duración y organización.",0,0.6,refuerzo-visible-automatico,title-canonico
https://hacecuentas.com/ocio/numeros-de-videojuegos,Calculadoras de videojuegos,calculo,"Calculadoras de videojuegos: portal Nether, IV de Pokémon",El progreso también se diseña con cuentas.,"Los cuatro números que el juego no te da masticados: coordenadas para alinear un portal del Nether, IV estimado de un Pokémon GO, cuánto ELO ganás…",0,0,refuerzo-visible-automatico,title-canonico
https://hacecuentas.com/ocio/tiempo-de-juego,Cuánto tiempo me va a llevar,calculo,"¿Cuánto tiempo me va a llevar? — Series, juegos, puzzles",Terminá el juego sin entregar toda tu semana.,"Calculá cuántas horas, días y semanas te lleva terminar una serie o un anime, completar un videojuego, armar un puzzle o pintar un ejército…",0,0,refuerzo-visible-automatico,title-canonico
https://hacecuentas.com/partners,Partner Studio,calculo,Partner Studio — Calculadoras white-label para medios,"Las calculadoras de Hacé Cuentas, con tu marca","Convertí cualquiera de las 200 calculadoras de Hacé Cuentas en un widget propio: tu color, tu logo, tus textos, datos precargados y eventos para tu sistema.",0,0,refuerzo-visible-automatico,title-canonico
https://hacecuentas.com/partners/blogs-financieros,Calculadoras embebibles para blogs y finanzas personales,comparacion-comercial,Calculadoras embebibles para blogs y finanzas personales,Tu contenido explica — la calculadora convierte al lector en usuario,"Tu contenido explica — la calculadora convierte al lector en usuario. Embebé gratis calculadoras como interés compuesto, cuotas vs contado, cuota…",0,0.2,refuerzo-visible-automatico,title-canonico
https://hacecuentas.com/partners/estudios-contables,Calculadoras embebibles para estudios contables,calculo,Calculadoras embebibles para estudios contables,"Que tus clientes calculen solos lo simple, y te llamen para lo importante","Que tus clientes calculen solos lo simple, y te llamen para lo importante. Embebé gratis calculadoras como monotributo: categoría y cuota, sueldo neto…",0,0.25,refuerzo-visible-automatico,title-canonico
https://hacecuentas.com/partners/inmobiliarias,Calculadoras embebibles para inmobiliarias y portales,calculo,Calculadoras embebibles para inmobiliarias y portales,Calificá al interesado antes de la primera visita,"Calificá al interesado antes de la primera visita. Embebé gratis calculadoras como capacidad de alquiler, cuota de préstamo, inflación acumulada…",0,0.25,refuerzo-visible-automatico,title-canonico
https://hacecuentas.com/partners/medios,Calculadoras embebibles para medios y periodismo,calculo,Calculadoras embebibles para medios y periodismo,Tu nota da el dato — la calculadora deja que el lector calcule SU caso,"Tu nota da el dato — la calculadora deja que el lector calcule SU caso. Embebé gratis calculadoras como inflación acumulada, sueldo neto (bruto a neto)…",0,0.25,refuerzo-visible-automatico,title-canonico
https://hacecuentas.com/partners/portales-de-empleo,Calculadoras embebibles para portales de empleo,calculo,Calculadoras embebibles para portales de empleo,El candidato ve el bruto en tu aviso — mostrale el neto sin que se vaya,"El candidato ve el bruto en tu aviso — mostrale el neto sin que se vaya. Embebé gratis calculadoras como sueldo neto (bruto a neto), aguinaldo (sac)…",0,0.25,refuerzo-visible-automatico,title-canonico
https://hacecuentas.com/partners/recursos-humanos,Calculadoras embebibles para consultoras de rr.hh.,calculo,Calculadoras embebibles para consultoras de rr.hh.,Respondé las preguntas de compensaciones antes de que lleguen a tu inbox,"Respondé las preguntas de compensaciones antes de que lleguen a tu inbox. Embebé gratis calculadoras como sueldo neto (bruto a neto), indemnización…",0,0.33,refuerzo-visible-automatico,title-canonico
https://hacecuentas.com/partners/sindicatos,Calculadoras embebibles para sindicatos y gremios,calculo,Calculadoras embebibles para sindicatos y gremios,Que cada afiliado sepa exactamente qué le corresponde,"Que cada afiliado sepa exactamente qué le corresponde. Embebé gratis calculadoras como sueldo neto (bruto a neto), aguinaldo (sac), indemnización…",0,0.25,refuerzo-visible-automatico,title-canonico
https://hacecuentas.com/partners/universidades,Calculadoras embebibles para universidades y educación,calculo,Calculadoras embebibles para universidades y educación,"Enseñá finanzas con herramientas reales, no con ejemplos de pizarrón","Enseñá finanzas con herramientas reales, no con ejemplos de pizarrón. Embebé gratis calculadoras como interés compuesto, inflación acumulada, cuotas…",0,0.25,refuerzo-visible-automatico,title-canonico
https://hacecuentas.com/pe,Calculadoras de Perú,calculo,"Calculadoras de Perú: sueldo, impuestos y finanzas",Calculadoras para Perú,"Calculá sueldo, CTS, gratificación, impuestos, créditos, vivienda, auto y trámites en Perú con valores y fuentes locales.",1,0.5,alineado,title-canonico
https://hacecuentas.com/pe/auto,Auto en Perú,comparacion-comercial,"Auto en Perú — SOAT, revisión técnica e impuesto vehicular",Auto,"SOAT, revisión técnica, impuesto vehicular y combustible: cuánto cuesta tener el auto al… Consultá auto en perú con datos, herramientas y fuentes para Perú.",0.5,1,alineado,title-canonico
https://hacecuentas.com/pe/auto/costos-del-auto,SOAT Perú 2026,comparacion-comercial,SOAT Perú 2026: precio por tipo de vehículo y costos,¿Cuánto cuesta tener el auto al día?,"Cuánto cuesta el SOAT 2026 en el Perú según el tipo de vehículo, más el costo anual real de tenerlo al día: la revisión técnica vehicular, el impuesto…",0,1,refuerzo-visible-automatico,title-canonico
https://hacecuentas.com/pe/calculadora-tipo-de-cambio-sunat-dolar-soles-peru,Tipo de Cambio SUNAT 2026,calculo,Tipo de Cambio SUNAT 2026: Dólar a Soles | Hacé Cuentas,Calculadora de Tipo de Cambio SUNAT — Dólar a Soles 🇵🇪,"Convertí dólares a soles al instante con el TC SUNAT 2026. Ingresá el tipo de cambio del día y obtené el monto exacto para facturas, IGV y declaraciones…",0.75,1,alineado,title-canonico
https://hacecuentas.com/pe/calculadoras,Todas las calculadoras de Perú,calculo,Todas las calculadoras de Perú — 24 gratis | Hacé Cuentas,Calculadoras de Perú,"Catálogo completo de 24 calculadoras online gratis para Perú: sueldo mínimo (RMV), UIT, IGV, gratificaciones, CTS, AFP y ONP. Filtrá y entrá a cualquiera.",0.67,0.67,alineado,title-canonico
https://hacecuentas.com/pe/datos-soat-uit-peru-2026,SOAT Perú 2026,informacional,"SOAT Perú 2026: precios por vehículo, UIT S/ 5.500 e ITF","SOAT, UIT e ITF en Perú 2026","Precios del SOAT 2026 en Perú: auto S/ 34-200, moto S/ 33-336, taxi S/ 80-250. Coberturas en UIT (S/ 5.500), ITF 0,005% y costo del brevete. CC-BY 4.0.",1,1,alineado,title-canonico
https://hacecuentas.com/pe/datos-sueldo-minimo-peru-2026,Sueldo mínimo Perú 2026,informacional,Sueldo mínimo Perú 2026: RMV S/1.130 y neto,Sueldo mínimo Perú 2026: S/1.130 al mes,"El sueldo mínimo en Perú 2026 es S/1.130 mensuales. Con ONP queda en S/983,10 antes de otros descuentos. RMV vigente confirmada por SUNAFIL.",1,1,alineado,title-canonico
https://hacecuentas.com/pe/estudio,Estudiar en Perú,comparacion-comercial,"Estudiar en Perú: costos, notas y calculadoras",Estudiar en Perú,"Calculá cuánto cuesta estudiar en Perú, qué nota necesitás para aprobar y cómo planificar carrera, matrícula y pensiones con fuentes locales.",1,1,alineado,title-canonico
https://hacecuentas.com/pe/estudio/estudiar-y-aprobar,Universidad privada en Perú 2026,comparacion-comercial,Universidad privada en Perú 2026: costo y promedio ponderado,¿Cuánto cuesta avanzar y qué nota necesitás?,"Hub de decisión con 2 cálculos: ¿Cuánto cuesta estudiar en… Consultá cuánto cuesta estudiar y qué nota necesito con datos, herramientas y fuentes para Perú.",0,0.25,refuerzo-visible-automatico,title-canonico
https://hacecuentas.com/pe/finanzas-personales,Finanzas personales en Perú,informacional,"Finanzas personales en Perú — créditos, AFP y ahorro",Finanzas personales,"Créditos, depósitos, AFP y ONP en el Perú: cuánto pagás de verdad por financiarte y cuánto vas a cobrar cuando te jubiles.",0.67,0.33,alineado,title-canonico
https://hacecuentas.com/pe/finanzas-personales/afp-onp-y-jubilacion,AFP u ONP en Perú,informacional,AFP u ONP en Perú: cuál te descuenta menos y cuánto vas,"AFP u ONP: compará el camino, no sólo el descuento","Compara el descuento de la ONP contra el de cada AFP, proyecta el fondo que tendrías a los 65 años, mira cuánto sería el retiro del 95,5% frente…",0.67,0.67,alineado,title-canonico
https://hacecuentas.com/pe/finanzas-personales/creditos-y-ahorro,Créditos y ahorro en Perú,calculo,Créditos y ahorro en Perú: cuánto pagas de verdad y cuánto,¿Lo comprás con crédito o esperás ahorrando?,"Calcula la cuota real y el costo total de un préstamo personal, un crédito hipotecario, el Nuevo Crédito MIVIVIENDA con Bono del Buen Pagador…",0,0,refuerzo-visible-automatico,title-canonico
https://hacecuentas.com/pe/futbol-peruano-hoy,Fútbol peruano hoy,informacional,"Fútbol peruano hoy: partidos, resultados y tablas","Fútbol peruano, hoy","Partidos de hoy, resultados, próximos encuentros, horarios locales y tablas actualizadas del fútbol peruano, con resultados recientes y agenda…",1,1,alineado,title-canonico
https://hacecuentas.com/pe/hogar,Hogar en Perú,comparacion-comercial,"Hogar en Perú — costo de vida, alquiler y recibos",Hogar,"Cuánto cuesta vivir en el Perú mes a mes: canasta básica, alquiler, luz, agua y gas, con los datos del INEI y los reguladores.",0.5,0.5,alineado,title-canonico
https://hacecuentas.com/pe/hogar/costo-de-construir,Cuánto cuesta construir una casa en Perú 2026,comparacion-comercial,Cuánto cuesta construir una casa en Perú 2026: costo por m2,"Antes de construir, construí el presupuesto.","Hub de decisión con 1 cálculos: Calculadora de Costo de Construcción… Consultá cuánto cuesta construir mi casa con datos, herramientas y fuentes para Perú.",0.2,0.8,alineado,title-canonico
https://hacecuentas.com/pe/hogar/presupuesto-mensual,Cuánto se necesita al mes para vivir en el Perú,comparacion-comercial,Cuánto se necesita al mes para vivir en el Perú,¿Cuánto necesita tu hogar cada mes?,"Arma el presupuesto mensual real de tu hogar en el Perú: alquiler, luz con tarifa BT5B, agua de Sedapal, gas de Cálidda, comida y transporte, comparado…",0.5,0.25,alineado,title-canonico
https://hacecuentas.com/pe/impuestos,Impuestos en Perú,informacional,"Impuestos en Perú — renta, IGV y regímenes SUNAT",Impuestos,"Renta de 1ra a 5ta categoría, IGV, ITF, predial y regímenes tributarios de la SUNAT, resueltos con la UIT vigente y la norma citada.",0.5,0,alineado,title-canonico
https://hacecuentas.com/pe/impuestos/igv-y-compras,"IGV Perú 2026, detracciones y tipo de cambio SUNAT",calculo,"IGV Perú 2026, detracciones y tipo de cambio SUNAT","IGV, detracción e ITF en la misma operación","Calcula el IGV 18%, detracciones, ITF y compras del exterior en Perú. Incluye conversión dólar a soles con el tipo de cambio SUNAT de la operación.",0.14,0.86,alineado,title-canonico
https://hacecuentas.com/pe/impuestos/impuestos-del-inmueble,Impuestos de un inmueble en Perú,calculo,"Impuestos de un inmueble en Perú: predial, arbitrios","¿Qué impuesto pagás al comprar, tener, alquilar o vender?","Calcula el impuesto predial y los arbitrios que pagas como propietario, la alcabala del 3% que paga el comprador y el impuesto de segunda categoría…",0,0,refuerzo-visible-automatico,title-canonico
https://hacecuentas.com/pe/impuestos/que-regimen-tributario-elijo,Qué régimen tributario me conviene en Perú,comparacion-comercial,Qué régimen tributario me conviene en Perú,¿Qué régimen tributario encaja con tu negocio?,"Compara con tus propias cifras cuánto pagas de impuestos en el Nuevo RUS, el Régimen Especial, el Régimen MYPE Tributario y el Régimen General, más…",0.5,0.5,alineado,title-canonico
https://hacecuentas.com/pe/impuestos/renta-de-personas,Impuesto a la renta Perú 2026,calculo,Impuesto a la renta Perú 2026: cuánto pagas por categoría,¿De dónde viene tu plata?,"Calculá tu impuesto a la renta en el Perú 2026 por categoría: quinta, cuarta, primera y segunda, con la UIT vigente y la deducción de 7 UIT de la LIR.",0,1,refuerzo-visible-automatico,title-canonico
https://hacecuentas.com/pe/trabajo,Trabajo en Perú,informacional,"Trabajo en Perú — sueldo, CTS, gratificación y liquidación",Trabajo,"Sueldo, CTS, gratificaciones, liquidación y licencias en el Perú, con la RMV y la UIT vigentes y el artículo de la norma que aplica en cada caso.",0.5,0.5,alineado,title-canonico
https://hacecuentas.com/pe/trabajo/dias-que-no-trabajo,El día que no trabajas en Perú,informacional,"El día que no trabajas en Perú: vacaciones, feriado, falta","Si no trabajás un día, ¿lo cobrás o te lo descuentan?","Cuánto se paga —o cuánto te descuentan— el día que no trabajas en el Perú: remuneración vacacional y pago triple, feriado trabajado sin descanso…",0.67,1,alineado,title-canonico
https://hacecuentas.com/pe/trabajo/dinero-por-hijos,Tengo un hijo en Perú,informacional,Tengo un hijo en Perú: qué plata me corresponde,Tengo un hijo: ¿qué dinero o licencia corresponde?,"Licencia de maternidad y subsidio de EsSalud, licencia de paternidad, subsidio por lactancia, asignación familiar mensual y pensión de alimentos.",0.67,0,alineado,title-canonico
https://hacecuentas.com/pe/trabajo/liquidacion-y-beneficios,Liquidación de beneficios sociales Perú 2026,calculo,Liquidación de beneficios sociales Perú 2026: CTS trunca,Me voy o me despiden: ¿qué entra en la liquidación?,"Calculá tu liquidación en el Perú 2026: CTS trunca, gratificación trunca con bonificación de la Ley 30334, vacaciones truncas e indemnización por despido.",0.2,0.6,alineado,title-canonico
https://hacecuentas.com/pe/trabajo/regimenes-especiales,Regímenes laborales especiales en Perú,informacional,Regímenes laborales especiales en Perú,No todos trabajan bajo las mismas reglas,"Qué te corresponde cobrar si no estás en el régimen laboral privado general del Perú: aguinaldo del sector público, jornal y BUC de construcción civil…",0,0.25,refuerzo-visible-automatico,title-canonico
https://hacecuentas.com/pe/trabajo/sueldo-neto,Calculadora de sueldo neto Perú 2026,calculo,"Calculadora de sueldo neto Perú 2026: AFP, ONP y quinta","Tu sueldo, los descuentos y el costo para la empresa","Calculá tu sueldo neto en el Perú 2026: descuento de AFP u ONP, retención de quinta categoría y costo empleador con EsSalud, CTS y gratificaciones.",0.25,1,alineado,title-canonico
https://hacecuentas.com/pe/tramites,Trámites en Perú,informacional,"Trámites en Perú — pasaporte, brevete y multas",Trámites,"Consultá tasas y multas en Perú para pasaporte, brevete, papeletas y multa electoral, expresadas en UIT y soles con fuentes oficiales.",0.5,0.5,alineado,title-canonico
https://hacecuentas.com/pe/tramites/tramites-del-estado,Cuánto cuesta un trámite o una multa en el Perú,comparacion-comercial,Cuánto cuesta un trámite o una multa en el Perú,¿Cuánto cuesta y qué llevar?,"Calcula el costo real del pasaporte electrónico, del brevete de conducir, de una papeleta de tránsito según su código de infracción y de la multa…",0.25,0.25,alineado,title-canonico
https://hacecuentas.com/pe/validar-ruc,Validar RUC Perú Online Gratis (dígito verificador),calculo,Validar RUC Perú Online Gratis (dígito verificador),Validar RUC del Perú,"Validá un RUC peruano al instante: verifica el dígito verificador y te dice el tipo de contribuyente (persona natural 10, empresa 20). 100% en tu navegador.",0.6,0.6,alineado,title-canonico
https://hacecuentas.com/planificador-de-objetivos,Planificador de Objetivos de Ahorro,calculo,Planificador de Objetivos de Ahorro — Cuánto Ahorrar por Mes,Planificador de objetivos de ahorro 🎯,"Ponete una meta ($X para un viaje, auto, fondo de emergencia) y calculá cuánto ahorrar por mes o en cuánto tiempo llegás, con interés compuesto.",1,0,alineado,title-canonico
https://hacecuentas.com/politica-editorial,Política editorial,calculo,Política editorial — Hacé Cuentas,Política editorial,"Cómo verificamos datos, fuentes oficiales (ARCA, BCRA, ANSES, OMS) y cómo mantenemos 200+ calculadoras al día. Metodología transparente y auditable.",1,0,alineado,title-canonico
https://hacecuentas.com/populares,Calculadoras más usadas,calculo,Calculadoras más usadas — Hacé Cuentas,Las calculadoras más usadas,"Las calculadoras más usadas de Hacé Cuentas: sueldo en mano, aguinaldo, monotributo, IMC, días entre fechas y más. Las que más buscan y usan los argentinos.",1,1,alineado,title-canonico
https://hacecuentas.com/posiciones-nfl-2026,Posiciones NFL 2026,informacional,Posiciones NFL 2026: tabla de la AFC y la NFC actualizada,Posiciones NFL 2026: tabla de la AFC y la NFC,"Tabla de posiciones de la NFL 2026: las 8 divisiones de la AFC y la NFC con victorias, derrotas, empates y porcentaje, actualizada tras cada jornada.",1,1,alineado,title-canonico
https://hacecuentas.com/precio-nafta-hoy,Precio de la nafta hoy en Argentina,comparacion-comercial,Precio de la nafta hoy en Argentina,Precio de la nafta hoy en Argentina ⛽,"Precio promedio de la nafta y el gasoil hoy en Argentina: súper… Encontrá herramientas, ejemplos y fuentes para resolver precio de la nafta hoy…",1,1,alineado,title-canonico
https://hacecuentas.com/prensa,Prensa — Hacé Cuentas (kit para periodistas),informacional,Prensa — Hacé Cuentas (kit para periodistas),Prensa / Press Kit,"Kit de prensa de Hacé Cuentas para periodistas, medios y blogs: cómo citar el sitio, datos del editor, temas y calcs más buscadas, embeds gratis…",0.67,1,alineado,title-canonico
https://hacecuentas.com/prestaciones-laborales-por-pais,Prestaciones laborales,calculo,Prestaciones laborales: cálculo y qué te toca en cada país,Prestaciones laborales: cálculo y qué te toca en cada país,"Cálculo de prestaciones laborales por país: preaviso y cesantía en República Dominicana, prestaciones sociales en Colombia y Venezuela, finiquito en México.",1,1,alineado,title-canonico
https://hacecuentas.com/presupuesto-familiar,Presupuesto Familiar 2026,informacional,Presupuesto Familiar 2026 — Regla 50/30/20,Calculadora de presupuesto familiar 💰,"Armá tu presupuesto familiar paso a paso: cargá ingresos y gastos por bloques y obtené tu score de salud financiera, distribución 50/30/20…",0.67,0.67,alineado,title-canonico
https://hacecuentas.com/privacidad,Política de privacidad,navegacional,Política de privacidad — Hacé Cuentas,Política de privacidad,"Política de privacidad de Hacé Cuentas. Cómo tratamos tus datos personales, qué información recolectamos y cómo protegemos tu privacidad.",1,1,alineado,title-canonico
https://hacecuentas.com/pt,Calculadoras Online Grátis,calculo,Calculadoras Online Grátis — Hacé Cuentas,Descubra o número antes de tomar a decisão.,"Calculadoras online grátis para finanças, saúde, matemática, negócios, esportes e dia a dia. Fórmulas precisas, resultados na hora, 100% privado.",0,1,refuerzo-visible-automatico,title-canonico
https://hacecuentas.com/pt-pt,Calculadoras de Portugal,calculo,"Calculadoras de Portugal: salário, impostos e finanças",Não faça só a conta. Saiba o próximo passo.,"Calcule salário, IRS, segurança social, crédito, habitação e despesas em Portugal com fórmulas explicadas e fontes locais.",0,0.5,refuerzo-visible-automatico,title-canonico
https://hacecuentas.com/pt-pt/calculadoras,Todas las calculadoras de Portugal,calculo,Todas las calculadoras de Portugal — 12 gratis,Calculadoras de Portugal,"Catálogo completo de 12 calculadoras online gratis para Portugal: IRS, Segurança Social, salário líquido, subsídios, IVA, despedimento.",0.67,0.67,alineado,title-canonico
https://hacecuentas.com/pt-pt/familia,Família em Portugal,informacional,"Família em Portugal — abono, pensão de alimentos e escola",Família,"Abono de família, pensão de alimentos, propinas e o orçamento do regresso às aulas: quanto custam os filhos em Portugal e que apoios da Segurança Social…",0.5,1,alineado,title-canonico
https://hacecuentas.com/pt-pt/familia/filhos,Filhos em Portugal,informacional,"Filhos em Portugal: abono de família, escola, propinas",Cada idade traz uma conta e um apoio diferente.,"Que escalão de abono de família lhe corresponde e quanto recebe por mês, quanto custa o regresso às aulas por ciclo, o que se paga de propinas…",0,0,refuerzo-visible-automatico,title-canonico
https://hacecuentas.com/pt-pt/financas,Finanças em Portugal,informacional,"Finanças em Portugal — crédito habitação, poupança e reforma",Finanças,"Crédito à habitação, taxa de esforço, amortização antecipada, Certificados de Aforro, reforma e complementos da Segurança Social: as decisões de dinheiro…",0.5,0,alineado,title-canonico
https://hacecuentas.com/pt-pt/financas/credito-habitacao,Crédito à habitação,informacional,Crédito à habitação: aguento a prestação e vale a pena,A prestação cabe hoje. E se a Euribor subir?,"Taxa de esforço com as referências do Banco de Portugal, poupança real de uma amortização antecipada depois da comissão, comparação com os Certificados…",0,0,refuerzo-visible-automatico,title-canonico
https://hacecuentas.com/pt-pt/financas/impostos-do-automovel,ISV e IUC 2026,calculo,ISV e IUC 2026: quanto paga pelo carro em Portugal,O passaporte fiscal do seu carro.,"Simulador de ISV para importar e legalizar um carro em Portugal 2026 e calculadora de IUC: quanto paga de selo do carro por ano, antes de comprar.",0,1,refuerzo-visible-automatico,title-canonico
https://hacecuentas.com/pt-pt/financas/reforma-e-apoios,"Pensão de reforma, CSI e RSI",calculo,"Pensão de reforma, CSI e RSI: que rendimento me garante",Veja que degrau sustenta o seu rendimento.,"Estime a pensão de reforma pela taxa de formação da sua carreira contributiva, veja se tem direito ao Complemento Solidário para Idosos e calcule…",0,0.5,refuerzo-visible-automatico,title-canonico
https://hacecuentas.com/pt-pt/futebol-portugues-hoje,Futebol português hoje,informacional,"Futebol português hoje: jogos, resultados e tabela","Futebol português, hoje","Jogos de hoje, resultados, próximos jogos, horários locais e classificação do futebol português, com resultados recentes e agenda dos próximos 14 dias.",1,1,alineado,title-canonico
https://hacecuentas.com/pt-pt/impostos,Impostos em Portugal,informacional,"Impostos em Portugal — IRS, IMI, IMT e IUC | Hacé Cuentas",Impostos,"IRS, reembolso, mais-valias, recibos verdes, IMI, AIMI, IMT, Imposto do Selo, IUC e ISV: o que a Autoridade Tributária cobra a quem trabalha, tem casa ou…",0.5,0,alineado,title-canonico
https://hacecuentas.com/pt-pt/impostos/casa,Impostos da casa em Portugal,informacional,"Impostos da casa em Portugal: IMI, AIMI, IMT e Imposto","Comprar, ter ou herdar: a casa muda de imposto.","Quanto custa comprar e ter casa em Portugal: IMI anual sobre o VPT e prestações, AIMI de quem tem vários imóveis, IMT e Imposto do Selo na compra…",0.33,0.67,alineado,title-canonico
https://hacecuentas.com/pt-pt/impostos/irs,IRS 2026 em Portugal,informacional,IRS 2026 em Portugal: quanto paga e quando é reembolsado,Leia a liquidação antes de entregar.,"Simule o IRS 2026 em Portugal com os escalões em vigor: saldo a pagar ou reembolso, tributação conjunta ou separada, mais-valias a 28% e recibos verdes.",0,1,refuerzo-visible-automatico,title-canonico
https://hacecuentas.com/pt-pt/trabalho,Trabalho em Portugal,calculo,Trabalho em Portugal — calculadoras de salário e subsídios,Trabalho,"Salário líquido, retenção na fonte, subsídios de férias e de Natal, subsídio de refeição, férias, feriados e baixas: as contas do recibo de vencimento…",0.5,0,alineado,title-canonico
https://hacecuentas.com/pt-pt/trabalho/ferias-baixas-e-licencas,"Férias, feriados, baixas e licenças em Portugal",informacional,"Férias, feriados, baixas e licenças em Portugal",Marque a ausência e veja quem paga cada dia.,"Quantos dias de férias tem por lei, quantos dias úteis e feriados há no período que quer marcar, quanto paga a Segurança Social numa baixa médica ou numa…",0,0.4,refuerzo-visible-automatico,title-canonico
https://hacecuentas.com/pt-pt/trabalho/salario-liquido,Salário líquido Portugal 2026,calculo,Salário líquido Portugal 2026: IRS e Segurança Social,Do salário bruto ao que entra na conta.,"Calcule o salário líquido em Portugal 2026: 11% de Segurança Social, retenção de IRS pelos escalões em vigor, subsídio de refeição e subsídios de férias.",0.25,1,alineado,title-canonico
https://hacecuentas.com/pt/blog/ipca-julho-2026-quanto-voce-perdeu,IPCA de julho de 2026,informacional,IPCA de julho de 2026: 0.07% — quanto você perdeu e como,IPCA de julho de 2026: 0.07% — quanto você perdeu e como se proteger,"A inflação (IPCA) de julho de 2026 foi 0.07% (IBGE). Acumulado no ano 3.4%, 12 meses 4.4%. Quanto o seu poder de compra perdeu e como se proteger.",1,1,alineado,title-canonico
https://hacecuentas.com/pt/casa,Energia da casa,calculo,"Energia da casa: consumo, conta e kWh | Hacé Cuentas",Energia da casa,"Calcule o consumo de energia da casa, entenda a conta de luz e compare o gasto dos aparelhos em kWh e reais com referências do Brasil.",1,1,alineado,title-canonico
https://hacecuentas.com/pt/casa/energia-da-casa,Consumo de energia da casa,calculo,"Consumo de energia da casa: geladeira, kWh e conta de luz",Descubra qual cômodo está puxando sua conta para cima.,"Calcule o consumo da geladeira em kWh, a conta de luz com bandeira tarifária e quanto você economiza trocando por um eletrodoméstico A+++, numa página.",0,0.33,refuerzo-visible-automatico,title-canonico
https://hacecuentas.com/pt/casa/obra-e-manutencao,"Custo de obra por m² (CUB), tijolos e aço por m² de laje",calculo,"Custo de obra por m² (CUB), tijolos e aço por m² de laje","Compre por etapa, não por ansiedade.","Calculadoras de obra: custo por m² com o CUB, tijolos por m² de parede, aço por m² de laje, brita para drenagem e custo de mudança com frete e embalagem.",0,1,refuerzo-visible-automatico,title-canonico
https://hacecuentas.com/pt/casa/plantar-e-reduzir-impacto,Calendário de plantio mês a mês e colheita da horta,informacional,Calendário de plantio mês a mês e colheita da horta,Plante o que faz sentido no seu clima e no seu espaço.,"Calendário de plantio do hemisfério sul mês a mês, colheita esperada da horta em kg/m², poda de roseiras por zona e pegada de carbono do seu evento.",0,1,refuerzo-visible-automatico,title-canonico
https://hacecuentas.com/pt/dados-inss-irrf-2026,Tabelas INSS e IRRF 2026,informacional,"Tabelas INSS e IRRF 2026: faixas, alíquotas e deduções",INSS e IRRF sem precisar decifrar a tabela.,"Consulte as faixas, alíquotas, deduções e limites do INSS e IRRF em 2026, com fontes oficiais e data da última atualização.",0.5,0.75,alineado,title-canonico
https://hacecuentas.com/pt/dados-ipca-brasil-historico,IPCA Brasil: série histórica mensal e acumulado 2026,informacional,IPCA Brasil: série histórica mensal e acumulado 2026,IPCA Brasil: série histórica mensal e acumulado,"Tabela do IPCA (inflação oficial do Brasil) mês a mês: variação mensal, acumulado no ano (3.2%) e em 12 meses (4.72%). Dados do IBGE/BCB.",0.86,0.57,alineado,title-canonico
https://hacecuentas.com/pt/dados-salario-minimo-brasil-2026,Salário mínimo 2026 no Brasil,informacional,"Salário mínimo 2026 no Brasil: R$ 1.621,00","Salário mínimo 2026 no Brasil: R$ 1.621,00","Salário mínimo 2026 no Brasil: R$ 1.621,00 por mês, R$ 54,033 por dia e R$ 7,368 por hora. O que ele reajusta (INSS, FGTS, seguro-desemprego).",1,1,alineado,title-canonico
https://hacecuentas.com/pt/dinheiro,Dinheiro e impostos no Brasil,calculo,Dinheiro e impostos no Brasil — calculadoras e guias,Dinheiro,"Imposto de renda, Simples Nacional, investimentos, câmbio, imóveis e herança: contas de dinheiro no Brasil, feitas com a tabela vigente e o artigo de lei…",0.33,0.67,alineado,title-canonico
https://hacecuentas.com/pt/dinheiro/alugar-um-imovel,Alugar um imóvel,calculo,"Alugar um imóvel: quanto custa entrar, ficar e sair antes?",O aluguel não começa na primeira mensalidade.,"Calcule o custo real do aluguel: entrada com caução, fiador ou seguro-fiança, aluguel + condomínio por mês, multa proporcional por sair antes do prazo (art.",0,0,refuerzo-visible-automatico,title-canonico
https://hacecuentas.com/pt/dinheiro/comprar-em-dolar-iof,Comprar em dólar,calculo,"Comprar em dólar: quanto custa de verdade com IOF, spread",Quanto o dólar custa quando a fatura chega?,"Calcule o custo real de gastar no cartão no exterior, mandar dinheiro para fora, comprar moeda em espécie ou pedir de site internacional, com IOF, spread…",0.5,0.5,alineado,title-canonico
https://hacecuentas.com/pt/dinheiro/comprar-um-imovel,Comprar imóvel,informacional,Comprar imóvel: quanto preciso ter e quanto pago por mês?,"Veja a casa, a chave e todos os números entre elas.","Simule a compra do imóvel de ponta a ponta: entrada, uso do FGTS pelo SFH e MCMV, parcela pelo SAC ou pela Tabela Price, ITBI, escritura e registro…",0,0.5,refuerzo-visible-automatico,title-canonico
https://hacecuentas.com/pt/dinheiro/heranca-e-familia,"Herança, divórcio e pensão",calculo,"Herança, divórcio e pensão: quanto custa acertar isso?",Separe a partilha do custo de fazer a partilha.,"Calcule o custo de um inventário extrajudicial ou judicial, o ITCMD sobre herança e doação, a partilha no divórcio conforme o regime de bens e o valor…",0,0.67,refuerzo-visible-automatico,title-canonico
https://hacecuentas.com/pt/dinheiro/imposto-de-renda,Imposto de Renda 2026,informacional,Imposto de Renda 2026: quem declara e quanto paga ou recebe,Descubra se você paga ou recebe — e por quê.,"Simule o Imposto de Renda 2026: declaração simplificada ou completa, imposto a pagar ou restituir, lotes da restituição, day trade na B3 e DARF de cripto.",0,1,refuerzo-visible-automatico,title-canonico
https://hacecuentas.com/pt/dinheiro/investir-renda-fixa,"Poupança, CDB, Tesouro ou FII",informacional,"Poupança, CDB, Tesouro ou FII: onde rende mais depois","Compare o que sobra, não a taxa da propaganda.","Compare poupança, CDB, Tesouro Selic, Tesouro IPCA+, FII e previdência privada com IR regressivo, IOF dos 30 primeiros dias, custódia da B3 e a dedução…",0,1,refuerzo-visible-automatico,title-canonico
https://hacecuentas.com/pt/dinheiro/simples-nacional,Simples Nacional,informacional,Simples Nacional: em que anexo eu caio e quanto pago de DAS?,Não aplique a alíquota da tabela direto no faturamento.,"Descubra o anexo do seu CNPJ (I a V), o Fator R da sua folha, a faixa do RBT12, a alíquota efetiva real e o valor do DAS do mês.",0,0,refuerzo-visible-automatico,title-canonico
https://hacecuentas.com/pt/futebol-brasileiro-hoje,Futebol brasileiro hoje,informacional,"Futebol brasileiro hoje: jogos, resultados e tabela","Futebol brasileiro, hoje","Jogos de hoje, resultados, próximos jogos, horários locais e classificação do futebol brasileiro, com resultados recentes e agenda dos próximos 14 dias.",1,1,alineado,title-canonico
https://hacecuentas.com/pt/matematica,"Matemática — geometria, trigonometria e estatística",informacional,"Matemática — geometria, trigonometria e estatística",Matemática,"Geometria, trigonometria, estatística e probabilidade com a fórmula à mostra: área de um triângulo pelos três lados, volume de cone, seno, cosseno…",0.25,0.75,alineado,title-canonico
https://hacecuentas.com/pt/matematica/converter-medidas,"Conversor de torque, velocidade e medida de pneu",calculo,"Conversor de torque, velocidade e medida de pneu",Converta sem perder a relação entre as unidades.,"Conversores de medidas: torque em Nm, lb·ft e kg·m, velocidade em km/h, mph e nós, diâmetro real do pneu e quintal métrico para tonelada, numa página só.",0,0.6,refuerzo-visible-automatico,title-canonico
https://hacecuentas.com/pt/matematica/estatistica-e-probabilidade,"Desvio padrão, combinações e probabilidade binomial em uma",informacional,"Desvio padrão, combinações e probabilidade binomial em uma",Veja a distribuição antes de resumir tudo em um número.,"Média, variância e desvio padrão (populacional ou amostral) de um conjunto de dados, permutações e combinações de n elementos tomados k a k…",0,0.5,refuerzo-visible-automatico,title-canonico
https://hacecuentas.com/pt/matematica/geometria-e-trigonometria,"Área, volume e trigonometria",calculo,"Área, volume e trigonometria: como calcular a sua figura",Desenhe o que você sabe. Calcule o que falta.,"Área de um triângulo pelos três lados (fórmula de Heron), volume e área de um cone, e seno, cosseno e tangente de um ângulo com os lados de um triângulo…",0,0.67,refuerzo-visible-automatico,title-canonico
https://hacecuentas.com/pt/matematica/resolver-contas,"Regra de três, MDC e MMC, diluição e queda livre",calculo,"Regra de três, MDC e MMC, diluição e queda livre",Não dê só a resposta. Mostre o caminho.,"Calculadoras de regra de três, MDC e MMC, diluição C1V1=C2V2, energia cinética, queda livre, empuxo de Arquimedes e gramas em moles, numa página só.",0,1,refuerzo-visible-automatico,title-canonico
https://hacecuentas.com/pt/quando-joga-brasil-copa-2026,Quando joga o Brasil na Copa do Mundo 2026? Próximo jogo,informacional,Quando joga o Brasil na Copa do Mundo 2026? Próximo jogo,🇧🇷 Quando joga o Brasil na Copa do Mundo 2026?,"Veja o calendário do Brasil na Copa do Mundo 2026, com datas, horários, resultados e o caminho completo que a seleção percorreu no torneio.",0.75,0.5,alineado,title-canonico
https://hacecuentas.com/pt/trabalho,Trabalho e CLT no Brasil,calculo,Trabalho e CLT no Brasil — calculadoras e guias,Trabalho,"Salário líquido, rescisão, férias, 13º e aposentadoria do INSS, calculados com a tabela vigente do INSS e do IRRF e o artigo da CLT que se aplica em cada…",0.33,0.33,alineado,title-canonico
https://hacecuentas.com/pt/trabalho/aposentadoria-inss,Aposentadoria INSS,informacional,Aposentadoria INSS: quando posso me aposentar e quanto vou,Qual regra leva você primeiro à aposentadoria?,"Simule todas as regras da EC 103/2019 num só lugar: idade, pontos, idade progressiva, pedágio de 50% e de 100%, aposentadoria especial e professor.",0.5,0.5,alineado,title-canonico
https://hacecuentas.com/pt/trabalho/beneficios-do-governo,Bolsa Família e abono PIS/PASEP,calculo,Bolsa Família e abono PIS/PASEP: tenho direito e de quanto,Descubra onde vale a pena bater à porta.,"Calcule o valor do Bolsa Família pela regra da Lei… Consultá bolsa família e abono pis/pasep: tenho direito e de quanto con datos, herramientas y fuentes…",0,1,refuerzo-visible-automatico,title-canonico
https://hacecuentas.com/pt/trabalho/ferias-e-decimo-terceiro,Férias e 13º salário 2026,calculo,Férias e 13º salário 2026: quanto vou receber e quando cai,Veja em quais meses seu dinheiro muda.,"Calcule as férias com o 1/3 constitucional, o abono da venda de 10 dias, os descontos de INSS e IRRF e as duas parcelas do 13º salário em 2026.",0,1,refuerzo-visible-automatico,title-canonico
https://hacecuentas.com/pt/trabalho/quanto-custa-contratar,Quanto custa contratar,calculo,"Quanto custa contratar: CLT, Simples, doméstica ou PJ?",O salário é só a primeira camada.,"Calcule o custo real de ter alguém trabalhando pra você: INSS patronal de 20%, RAT, terceiros, FGTS de 8%, provisões de 13º e férias + 1/3, encargos…",0,0,refuerzo-visible-automatico,title-canonico
https://hacecuentas.com/pt/trabalho/rescisao-clt,Rescisão CLT 2026,calculo,Rescisão CLT 2026: quanto vou receber ao ser demitido,Abra o envelope da sua saída.,"Calculadora de rescisão CLT 2026: saldo de salário, aviso prévio proporcional, 13º e férias + 1/3, multa de 40% do FGTS e parcelas do seguro-desemprego.",0,1,refuerzo-visible-automatico,title-canonico
https://hacecuentas.com/pt/trabalho/salario-liquido,Salário líquido CLT 2026,calculo,Salário líquido CLT 2026: quanto cai na conta após descontos,Do bruto ao que cai na conta.,"Calculadora de salário líquido CLT 2026: INSS progressivo, IRRF com redutor e dependentes, adicional noturno, DSR, vale-transporte e consignado.",0,1,refuerzo-visible-automatico,title-canonico
https://hacecuentas.com/pt/validar-cnpj,Validar CNPJ e Gerar CNPJ Válido Online Grátis,calculo,Validar CNPJ e Gerar CNPJ Válido Online Grátis,Validar CNPJ e gerar CNPJ válido,"Valide um CNPJ e verifique o dígito verificador na hora, ou gere um CNPJ válido para testes. 100% no seu navegador, sem enviar dados. Grátis, sem cadastro.",1,0.5,alineado,title-canonico
https://hacecuentas.com/pt/validar-cpf,Validar CPF e Gerar CPF Válido Online Grátis,calculo,Validar CPF e Gerar CPF Válido Online Grátis | Hacé Cuentas,Validar CPF e gerar CPF válido,"Valide um CPF e confira os dígitos verificadores na hora, ou gere um CPF válido para testes. Descubra a região fiscal pelo 9º dígito.",1,0.5,alineado,title-canonico
https://hacecuentas.com/pt/veiculos,Veículos no Brasil,calculo,"Veículos no Brasil — calculadoras de custo, IPVA",Veículos,"O que o carro realmente custa por mês: combustível pela regra dos 70%, IPVA de São Paulo, Paraná e Santa Catarina sobre a tabela FIPE, seguro…",0.5,0,alineado,title-canonico
https://hacecuentas.com/pt/veiculos/custo-do-carro,Quanto custa ter um carro por mês,informacional,"Quanto custa ter um carro por mês: combustível, IPVA",Quanto seu carro custa parado e rodando?,"Some tudo o que o carro tira do seu bolso: combustível (álcool ou gasolina pela regra dos 70%), IPVA de SP, PR e SC sobre a tabela FIPE, seguro…",0.6,0.2,alineado,title-canonico
https://hacecuentas.com/pt/vida,Cálculos do dia a dia,calculo,Cálculos do dia a dia | Hacé Cuentas,Cálculos do dia a dia,"Qual é o número para decidir melhor no dia a dia?. Consultá cálculos do dia a dia con datos, herramientas y fuentes para Brasil.",1,1,alineado,title-canonico
https://hacecuentas.com/pt/vida/aprender-e-passar,"Média do ENEM, nota para passar e média escolar",calculo,"Média do ENEM, nota para passar e média escolar",Transforme a nota que falta em sessões possíveis.,"Calculadora de média ponderada do ENEM (nota de corte do SiSU), média escolar do ensino médio, quanto preciso para passar e aulas de idiomas por semana.",0.2,1,alineado,title-canonico
https://hacecuentas.com/pt/vida/capacidade-custo-e-consumo,"Custo por token, bitrate de streaming e bateria em horas",informacional,"Custo por token, bitrate de streaming e bateria em horas","Vai caber, durar ou custar quanto?","Custo de API por token (ChatGPT, Claude, Gemini), bitrate para streaming, autonomia de bateria em horas, PC gamer por FPS e tempo de transferência USB.",0,1,refuerzo-visible-automatico,title-canonico
https://hacecuentas.com/pt/vida/comida-para-receitas-e-festas,Churrasco: gramas de carne por pessoa e porções de festa,calculo,Churrasco: gramas de carne por pessoa e porções de festa,Monte a mesa antes de ir ao mercado.,"Gramas de carne por pessoa no churrasco, porções de bolo por forma, hambúrgueres e sushi por convidado e conversor de cups para gramas nas receitas.",0,0.83,refuerzo-visible-automatico,title-canonico
https://hacecuentas.com/pt/vida/decisoes-e-calculos-do-dia-a-dia,"Sódio na dieta DASH, ELO do xadrez e proteína vegana",calculo,"Sódio na dieta DASH, ELO do xadrez e proteína vegana",Coloque duas opções na mesma régua.,"Calculadora de sódio diário na dieta DASH, variação de ELO no xadrez e combinação de aminoácidos para proteína vegana completa, numa página só.",0,1,refuerzo-visible-automatico,title-canonico
https://hacecuentas.com/pt/vida/treino-e-desempenho,"Calculadora de 1RM, IMC, macros e pace",calculo,"Calculadora de 1RM, IMC, macros e pace: treino e resultado",Treine forte sem apagar a recuperação.,"Calcule seu 1RM no supino, agachamento e terra, IMC pela tabela da OMS, macros para cutting ou bulking, TMB e pace de natação e corrida, numa página só.",0,1,refuerzo-visible-automatico,title-canonico
https://hacecuentas.com/py,Calculadoras Paraguay 2026,calculo,"Calculadoras Paraguay 2026 — IRP, IPS, aguinaldo, IVA","Las cuentas de todos los días, en guaraníes.","16 calculadoras gratis para Paraguay: salario neto, aguinaldo, IPS, IRP, IVA 10% y 5%, indemnización. Datos oficiales 2026.",0,1,refuerzo-visible-automatico,title-canonico
https://hacecuentas.com/py/automotor,Autos en Paraguay,informacional,"Autos en Paraguay — importación, transferencia y patente",Automotor,"Importación, transferencia, patente municipal y gasto de combustible: lo que cuesta traer, poner a tu nombre y usar un auto en Paraguay.",0,0.5,refuerzo-visible-automatico,title-canonico
https://hacecuentas.com/py/automotor/tener-auto,Auto en Paraguay,comparacion-comercial,"Auto en Paraguay: costo de importar, transferir, patentar",¿Cuánto cuesta tener el auto?,"Cuánto cuesta un auto en Paraguay de punta a punta: arancel e IVA de importación sobre el CIF, gastos de transferencia ante escribano, patente municipal…",0.5,1,alineado,title-canonico
https://hacecuentas.com/py/calculadoras,Todas las calculadoras de Paraguay,calculo,Todas las calculadoras de Paraguay — 15 gratis,Calculadoras de Paraguay,"Catálogo completo de 15 calculadoras online gratis para Paraguay: aguinaldo, IPS, salario mínimo, IRP, IVA, indemnización, guaraní.",0.67,0.67,alineado,title-canonico
https://hacecuentas.com/py/finanzas,Finanzas en Paraguay,comparacion-comercial,"Finanzas en Paraguay — dólar, remesas y plazo fijo",Finanzas,"Cotización del dólar, el euro y el peso, costo real de una remesa, rendimiento de un plazo fijo e inflación del IPC: qué pasa con tus guaraníes.",0.5,0,alineado,title-canonico
https://hacecuentas.com/py/finanzas/guaranies,Dólar hoy en Paraguay,informacional,Dólar hoy en Paraguay: cotización en guaraníes y remesas,¿Cuánto vale tu plata en guaraníes?,"Cotización del dólar, euro y peso argentino en guaraníes hoy: cuánto llega de una remesa, cuánto rinde un plazo fijo y cuánto se licuó por inflación.",0,0.67,refuerzo-visible-automatico,title-canonico
https://hacecuentas.com/py/finanzas/presupuesto-familiar-y-viajes,Cuota alimentaria y presupuesto familiar en Paraguay 2026,calculo,Cuota alimentaria y presupuesto familiar en Paraguay 2026,¿Alcanza para vivir y viajar?,"Calculadora de cuota alimentaria orientativa en Paraguay, gasto mensual en colectivo y presupuesto para seguir el Mundial 2026 desde Paraguay.",0,0.83,refuerzo-visible-automatico,title-canonico
https://hacecuentas.com/py/futbol-paraguayo-hoy,Fútbol paraguayo hoy,informacional,"Fútbol paraguayo hoy: partidos, resultados y tablas","Fútbol paraguayo, hoy","Partidos de hoy, resultados, próximos encuentros, horarios locales y tablas actualizadas del fútbol paraguayo, con resultados recientes y agenda…",1,1,alineado,title-canonico
https://hacecuentas.com/py/impuestos,Impuestos en Paraguay,calculo,"Impuestos en Paraguay — calculadoras IRP, IRE e IVA",Impuestos,"IRP, IRE, IVA y tributos municipales resueltos con las tasas de la Ley 6380/19 y el umbral de no incidencia que decide si realmente te toca pagar.",0.5,0,alineado,title-canonico
https://hacecuentas.com/py/impuestos/cuanto-pago,Impuestos en Paraguay,informacional,"Impuestos en Paraguay: IRP, IRE, IVA y aportes de quien",¿Cuánto pagás según cómo ganás?,"Cuánto pagás de IRP según la escala del 8%, 9% y 10%, el umbral de no incidencia, el IRE del 10% sobre la renta empresarial, el IVA del 10% y 5%…",0,0,refuerzo-visible-automatico,title-canonico
https://hacecuentas.com/py/trabajo,Trabajo y sueldos en Paraguay,calculo,Trabajo y sueldos en Paraguay — calculadoras laborales,Trabajo,"Sueldo neto, horas extras, aguinaldo, vacaciones, liquidación final y aportes al IPS, resueltos con el salario mínimo vigente y el artículo del Código…",0.33,0,alineado,title-canonico
https://hacecuentas.com/py/trabajo/dias-y-notas,Días hábiles y feriados Paraguay 2026 y promedio de notas,calculo,Días hábiles y feriados Paraguay 2026 y promedio de notas,"Días, jornal y constancias","Calculadora de días hábiles con los feriados de Paraguay 2026 y calculadora de promedio de notas del MEC en escala 1 a 5, reunidas en una sola página.",0.14,1,alineado,title-canonico
https://hacecuentas.com/py/trabajo/ips,IPS Paraguay,comparacion-comercial,IPS Paraguay: cuánto aportás y qué te cubre,¿Cuánto aportás y qué te devuelve el IPS?,"El aporte obrero del 9% y el patronal del 16,5% al IPS, el costo real de un empleado, los requisitos de la jubilación ordinaria, anticipada…",0.5,0.5,alineado,title-canonico
https://hacecuentas.com/py/trabajo/liquidacion-final,Liquidación final Paraguay 2026,calculo,Liquidación final Paraguay 2026: indemnización y preaviso,¿Cuánto te pagan al salir?,"Calculá tu liquidación final en Paraguay 2026: indemnización de 15 jornales por año, preaviso del art. 87, aguinaldo proporcional y vacaciones no gozadas.",0,1,refuerzo-visible-automatico,title-canonico
https://hacecuentas.com/py/trabajo/sueldo-neto,Salario mínimo Paraguay 2026,calculo,Salario mínimo Paraguay 2026: jornal diario y sueldo neto,Salario mínimo Paraguay 2026: Gs. 3.044.000,El salario mínimo en Paraguay 2026 es Gs. 3.044.000 al mes y el jornal diario Gs. 117.077. Calculá tu sueldo neto con el descuento del IPS del 9%.,1,1,alineado,title-canonico
https://hacecuentas.com/py/vivienda,Vivienda en Paraguay,informacional,"Vivienda en Paraguay — crédito, escritura y gastos",Vivienda,"Crédito Che Róga Porã, gastos de escritura, comisión inmobiliaria, impuesto inmobiliario y factura de la ANDE: todo lo que cuesta comprar y sostener…",0.5,0,alineado,title-canonico
https://hacecuentas.com/py/vivienda/casa-propia,Comprar casa en Paraguay,comparacion-comercial,"Comprar casa en Paraguay: cuota Che Róga Porã, escritura",¿Cuánto cuesta de verdad la casa propia?,"Cuánto cuesta realmente la casa propia en Paraguay: la cuota del crédito Che Róga Porã al 6,5% o 9,9%, los gastos de escrituración, la comisión…",0.33,0.67,alineado,title-canonico
https://hacecuentas.com/py/vivienda/organizar-un-evento,"Cuánta carne y bebida por persona para un asado, Paraguay",calculo,"Cuánta carne y bebida por persona para un asado, Paraguay",Organizá el evento mesa por mesa,"Calculá cuánta carne por persona necesitás para el asado y cuántas bebidas comprar para tu evento o fiesta en Paraguay, todo en una sola página.",0,0.8,refuerzo-visible-automatico,title-canonico
https://hacecuentas.com/que-sueldo-necesito,Qué sueldo necesito para...? Calculadoras 2026,calculo,¿Qué sueldo necesito para...? Calculadoras 2026,¿Qué sueldo necesito para...?,"Qué sueldo necesitás para alquilar, comprar un auto, sacar un crédito, mantener una familia o vivir del monotributo.",0.5,0.25,alineado,title-canonico
https://hacecuentas.com/recategorizacion-monotributo-julio-2026,Recategorización Monotributo,calculo,Recategorización Monotributo: vence 5 de agosto 2026,¿Tenés que cambiar de categoría?,Calculá tu categoría para la recategorización del monotributo que vence el 5 de agosto de 2026.,0,1,refuerzo-visible-automatico,title-canonico
https://hacecuentas.com/salud,Salud — calculadoras y guías,calculo,Salud — calculadoras y guías | Hacé Cuentas,Entendé tu cuerpo sin perderte en resultados.,"Calculá IMC, peso, calorías, crecimiento y otras medidas de salud con referencias profesionales, límites claros y orientación para interpretar resultados.",0,0.33,refuerzo-visible-automatico,title-canonico
https://hacecuentas.com/salud/calorias-de-los-alimentos,"Cuántas calorías tiene lo que como? Calorías, macros",informacional,"¿Cuántas calorías tiene lo que como? Calorías, macros",¿Qué tiene realmente lo que comés?,"Buscá un alimento y mirá cuántas calorías aporta tu porción, cómo se reparten entre proteínas, carbohidratos y grasas, qué índice y carga glucémica…",0.33,0.33,alineado,title-canonico
https://hacecuentas.com/salud/calorias-quemadas,Cuántas calorías quemé entrenando? Calculadora,calculo,¿Cuántas calorías quemé entrenando? Calculadora,¿Cuánto quemaste de verdad?,"Calculá las calorías que quemaste en cualquier actividad: caminar, correr, bici, natación, fútbol, pádel, pesas, yoga, escaleras o tareas de casa.",0,0.33,refuerzo-visible-automatico,title-canonico
https://hacecuentas.com/salud/crecimiento-infantil,Está bien el peso y la altura de mi hijo? Percentiles,informacional,¿Está bien el peso y la altura de mi hijo? Percentiles,¿Está creciendo bien tu hijo?,"Percentil de IMC para la edad con las tablas CDC, percentil de peso con las curvas OMS, estimación de la talla adulta y peso máximo de la mochila escolar.",0.5,0.17,alineado,title-canonico
https://hacecuentas.com/salud/cuanto-dormir,Cuántas horas tengo que dormir y a qué hora acostarme,comparacion-comercial,¿Cuántas horas tengo que dormir y a qué hora acostarme?,La hora de levantarte define cuándo empieza la noche.,"Las horas de sueño que te corresponden por edad según el consenso NSF/AASM, cuánto te falta si dormís menos, y a qué hora conviene acostarte…",0.2,0.4,alineado,title-canonico
https://hacecuentas.com/salud/frecuencia-cardiaca,"Cuál es mi zona de frecuencia cardíaca? Zonas, FC máxima",calculo,"¿Cuál es mi zona de frecuencia cardíaca? Zonas, FC máxima","Entendé tu pulso. Entrená con un rango, no a ciegas.","Calculá tus 5 zonas de entrenamiento por Karvonen y por porcentaje de FC máxima, tu frecuencia cardíaca máxima con Tanaka, Fox y Gellish comparadas…",0,0.67,refuerzo-visible-automatico,title-canonico
https://hacecuentas.com/salud/fuerza-y-gimnasio,Cuánto peso levanto y cuánto descanso,informacional,¿Cuánto peso levanto y cuánto descanso?,Progresá la carga sin perder la técnica.,"Tu 1RM con Epley, Brzycki y Lombardi, la escalera de cargas por porcentaje, tu score Wilks, el descanso entre series y cuántas horas necesita cada…",0,0.33,refuerzo-visible-automatico,title-canonico
https://hacecuentas.com/salud/grasa-corporal,"Cuánta grasa corporal tengo? Método Marina, pliegues y FFMI",informacional,"¿Cuánta grasa corporal tengo? Método Marina, pliegues y FFMI",Dos cuerpos pueden pesar lo mismo y estar compuestos distinto.,"Estimá tu porcentaje de grasa corporal por circunferencias (método de la Marina de EE.UU.), por pliegues cutáneos (Jackson-Pollock), tu índice…",0,0.71,refuerzo-visible-automatico,title-canonico
https://hacecuentas.com/salud/habitos,"Cuánto alcohol, sol y pantalla me hacen bien",calculo,"¿Cuánto alcohol, sol y pantalla me hacen bien?",Medí el hábito. Entendé el riesgo. Elegí mejor.,"Calculá tu alcohol en sangre estimado frente al límite de la ley 24.449, los minutos de sol seguros según tu fototipo, tu ventana de ayuno intermitente…",0,0.4,refuerzo-visible-automatico,title-canonico
https://hacecuentas.com/salud/macros,"Cómo reparto mis macros? Calculadora de proteína, carbos",calculo,"¿Cómo reparto mis macros? Calculadora de proteína, carbos","Los macros son un reparto, no tres metas aisladas.","Pasá tus calorías diarias a gramos de proteína, carbohidratos y grasa según la dieta o el objetivo: balanceada, alta en proteína, low carb, keto, paleo…",0.4,0.2,alineado,title-canonico
https://hacecuentas.com/salud/nutrientes-diarios,"Cuánto necesito por día? Calcio, hierro, magnesio, fibra",calculo,"¿Cuánto necesito por día? Calcio, hierro, magnesio, fibra",La variedad se puede revisar sin contar cada miligramo.,"Tu cantidad diaria recomendada de calcio, hierro, magnesio, fibra y vitamina D según edad, sexo, embarazo o lactancia — y tus topes de sodio, azúcar…",0,0.67,refuerzo-visible-automatico,title-canonico
https://hacecuentas.com/salud/peso-en-el-embarazo,Aumento de peso en el embarazo,calculo,Aumento de peso en el embarazo: calculadora por semana,¿Cuánto peso es esperable subir en cada semana?,"Calculá el rango orientativo de aumento de peso para tu semana de embarazo según tu IMC previo. Incluye curva, rango total y fuentes médicas.",0.33,1,alineado,title-canonico
https://hacecuentas.com/salud/peso-ideal-imc,Calculadora de IMC y rango de peso saludable según la OMS,calculo,Calculadora de IMC y rango de peso saludable según la OMS,Calculadora de IMC y rango saludable según tu altura,"Calculá tu IMC y un rango de peso saludable según tu altura. Incluye tabla OMS, cintura/altura y fórmulas históricas opcionales. Gratis y privado.",0.67,1,alineado,title-canonico
https://hacecuentas.com/salud/plan-de-carrera,Me anoté a una carrera,informacional,Me anoté a una carrera: ¿cuántas semanas de plan necesito?,"La carrera se prepara por bloques, no acumulando kilómetros al azar.","Cuántas semanas de entrenamiento necesitás para 5K, media maratón o maratón según tu nivel, con qué pico de kilómetros semanales, qué tiempo podés hacer…",0.5,0,alineado,title-canonico
https://hacecuentas.com/salud/proteina,Cuánta proteína tengo que comer por día? Gramos,calculo,¿Cuánta proteína tengo que comer por día? Gramos,"Tu proteína diaria, llevada al plato.","Calculá tus gramos de proteína diarios según tu peso, tu edad y tu objetivo: mantenimiento, ganar músculo o bajar grasa.",0.2,0.4,alineado,title-canonico
https://hacecuentas.com/salud/ritmo-y-pace,A qué ritmo tengo que correr,calculo,"¿A qué ritmo tengo que correr? — Pace, velocidad",Tu ritmo se entiende mejor vuelta por vuelta.,"Calculá tu pace en min/km, la velocidad en km/h y cuánto te daría otra… Encontrá herramientas, ejemplos y fuentes para resolver a qué ritmo tengo…",0.33,0.67,alineado,title-canonico
https://hacecuentas.com/salud/sueno-y-pantallas,Cuántas horas de sueño y de pantalla deberíamos tener,informacional,¿Cuántas horas de sueño y de pantalla deberíamos tener?,No apagues el día en el mismo segundo que la pantalla.,"Cuántas horas de sueño corresponden a cada edad, cuánta pantalla es razonable para un chico y para un adulto, cuánto te comen las redes al año y qué dice…",0.2,0.6,alineado,title-canonico
https://hacecuentas.com/simulador-jubilacion-anses,Simulador jubilación ANSES 2026,calculo,"Simulador jubilación ANSES 2026: edad, aportes y haber",Simulador de jubilación ANSES,"Calculá cuándo podrías jubilarte, cuántos aportes te faltan y un haber orientativo. Valores ANSES vigentes y escenarios de jubilación o PUAM.",0.75,0.5,alineado,title-canonico
https://hacecuentas.com/sobre-nosotros,Sobre Hacé Cuentas,navegacional,Sobre Hacé Cuentas — Calculadoras online gratuitas,Sobre Hacé Cuentas,"Hacé Cuentas es un proyecto argentino de calculadoras online gratuitas. Conoce nuestra misión, quién revisa el contenido, metodología, fuentes oficiales…",1,0,alineado,title-canonico
https://hacecuentas.com/sugerir,Sugerí una calculadora nueva,calculo,Sugerí una calculadora nueva — Hacé Cuentas,Sugerí una calculadora nueva,"¿Hay una calculadora que te falta? Proponé tu idea y la comunidad la vota. Si gana tracción, la construimos. 100% gratis, sin registro.",1,0,alineado,title-canonico
https://hacecuentas.com/tabla/tabla-amortizacion-prestamo,Tabla de Amortización de Préstamo 2026,informacional,Tabla de Amortización de Préstamo 2026 — Francés y Alemán,Tabla de Amortización de Préstamo 2026 — Francés y Alemán | Hacé Cuentas,"Tabla de amortización de préstamo con sistema francés y alemán: cuotas, capital, intereses y saldo. Ejemplo real con $5.000.000 al 80% TNA a 12 meses.",1,0.75,alineado,title-canonico
https://hacecuentas.com/tabla/tabla-calorias-alimentos,Tabla de Calorías por Alimento 2026,informacional,Tabla de Calorías por Alimento 2026 — Completa,Tabla de Calorías por Alimento 2026 — Completa | Hacé Cuentas,"Tabla de calorías de alimentos completa: frutas, verduras, carnes, lácteos y cereales con proteínas, carbohidratos y grasas por cada 100 g. Fuente USDA.",1,0.5,alineado,title-canonico
https://hacecuentas.com/tabla/tabla-conversion-medidas,Tabla de Conversión de Medidas 2026,informacional,Tabla de Conversión de Medidas 2026 — Completa,Tabla de Conversión de Medidas 2026 — Completa | Hacé Cuentas,"Tabla de conversión de medidas completa: longitud, peso, volumen, temperatura y superficie. Equivalencias entre sistema métrico e imperial al instante.",1,0.75,alineado,title-canonico
https://hacecuentas.com/tabla/tabla-imc-peso-altura,Tabla de IMC por peso y altura,informacional,Tabla de IMC por peso y altura: valores OMS | Hacé Cuentas,"Tu peso y tu altura, puestos en contexto.","Consultá el IMC correspondiente a cada combinación de peso y altura, cómo interpretarlo según la OMS y en qué casos no alcanza.",0.5,0.75,alineado,title-canonico
https://hacecuentas.com/tecnologia,"Calculadoras de tecnología, electrónica y archivos",calculo,"Calculadoras de tecnología, electrónica y archivos",Menos siglas. Más respuestas útiles.,"Calculá consumo, baterías, almacenamiento, bitrate, redes, componentes electrónicos y ajustes de dispositivos con herramientas gratuitas.",0,0,refuerzo-visible-automatico,title-canonico
https://hacecuentas.com/tecnologia/ajustes-de-camara,Con qué ajustes disparo,informacional,"¿Con qué ajustes disparo? — Exposición, ND, flash y focal",La foto que imaginás empieza antes del clic.,"Sacá el EV de tu combinación de ISO, diafragma y velocidad, las combinaciones equivalentes, cuánto se alarga la exposición con un filtro ND, hasta dónde…",0,0,refuerzo-visible-automatico,title-canonico
https://hacecuentas.com/tecnologia/almacenamiento,"Cuántos GB son? Conversor bytes, KB, MB, GB, TB y espacio",calculo,"¿Cuántos GB son? Conversor bytes, KB, MB, GB, TB y espacio","Antes de comprar espacio, mirá qué está ocupando el armario.","Convertí entre bits, bytes, KB, MB, GB y TB en base decimal (1.000) o binaria (1.024) y entendé por qué un disco de 1 TB muestra 931 GB.",0.25,0.25,alineado,title-canonico
https://hacecuentas.com/tecnologia/audio,"Audio: BPM, tempo, afinación y decibeles",informacional,"Audio: BPM, tempo, afinación y decibeles",El ruido entra donde la señal llega demasiado baja.,"Sacá el BPM de una canción, la duración del compás, el delay sincronizado en milisegundos, la frecuencia de cualquier nota con A440, la tensión…",0,0.2,refuerzo-visible-automatico,title-canonico
https://hacecuentas.com/tecnologia/baterias,"Cuánto dura la batería? Autonomía en mAh, Ah, UPS, tiempo",calculo,"¿Cuánto dura la batería? Autonomía en mAh, Ah, UPS, tiempo",Sabé cuánto dura antes de quedarte sin energía.,"Calculá cuántas horas dura una batería según su capacidad en mAh o Ah y el consumo real, la autonomía de un UPS con tu carga en watts, el tiempo de carga…",0.17,1,alineado,title-canonico
https://hacecuentas.com/tecnologia/costo-de-ia,Cuánto me cuesta la API de IA,comparacion-comercial,"¿Cuánto me cuesta la API de IA? — Tokens, caché, GPU","El costo está en el flujo, no en una sola llamada.","Calculá el gasto mensual real de tu aplicación de IA: precio por millón de tokens de entrada y salida, ahorro del prompt caching, alquiler de GPU…",0,0,refuerzo-visible-automatico,title-canonico
https://hacecuentas.com/tecnologia/fotografia,Fotos y video,informacional,Fotos y video: cuánto ocupan y a qué resolución imprimen,"De la cámara a la pared, sin adivinar.","Cuántas fotos entran en tu tarjeta SD, cuánto pesa un video según el bitrate, hasta qué tamaño podés imprimir tus megapíxeles a 300 DPI y cuántas fotos…",0,1,refuerzo-visible-automatico,title-canonico
https://hacecuentas.com/tecnologia/gaming,Qué FPS me da mi PC,calculo,"¿Qué FPS me da mi PC? — Calculadora de FPS, fuente, ping","Tu PC, medida en lo que realmente importa.","Estimá cuántos FPS te da tu PC según GPU, CPU, resolución y calidad gráfica, si tu monitor los aprovecha, cuántos watts necesita tu fuente, cuánto te…",0,1,refuerzo-visible-automatico,title-canonico
https://hacecuentas.com/tecnologia/impresion-3d,Costo de impresión 3D por hora y por pieza,comparacion-comercial,Costo de impresión 3D por hora y por pieza,¿Cuánto cuesta y cuánto cobrar por una impresión 3D?,"Calculá el costo de una impresora 3D por hora y por pieza: filamento o resina, luz consumida, desgaste, amortización, mano de obra y precio final…",0.25,0.75,alineado,title-canonico
https://hacecuentas.com/tecnologia/instalacion-electrica,"Sección de cable, térmica y caída de tensión",calculo,"Sección de cable, térmica y caída de tensión",El cable correcto. La protección correcta.,"Calculá qué sección de cable y qué térmica necesita un circuito según su consumo, cuánta tensión se pierde en un tramo largo, la relación entre voltaje…",0.2,0.8,alineado,title-canonico
https://hacecuentas.com/tecnologia/internet-y-red,Me alcanzan los megas? Cuánto tarda una descarga,calculo,¿Me alcanzan los megas? Cuánto tarda una descarga,Más megas no arreglan una señal que no llega.,"Calculá cuánto tarda una descarga con tu velocidad real, cuántos MB/s son tus Mbps, qué porcentaje de lo contratado te está dando el ISP, cuánto pierde…",0.25,0.5,alineado,title-canonico
https://hacecuentas.com/tecnologia/nitidez-y-encuadre,Qué sale nítido y cuánto entra en el cuadro,calculo,¿Qué sale nítido y cuánto entra en el cuadro?,La cámara enfoca un punto; vos decidís qué importa.,"Calculá la profundidad de campo real de tu lente, la distancia hiperfocal para que el paisaje quede nítido hasta el infinito, cuántos metros de ancho…",0,0.25,refuerzo-visible-automatico,title-canonico
https://hacecuentas.com/tecnologia/resistencias,"Qué resistencia necesito? Código de colores, LED",calculo,"¿Qué resistencia necesito? Código de colores, LED",La resistencia correcta protege el componente y hace predecible el circuito.,"Leé el código de colores de 4, 5 y 6 bandas, calculá la resistencia para un LED, la equivalente en serie y paralelo y un divisor de tensión.",0.2,0.8,alineado,title-canonico
https://hacecuentas.com/terminos,Términos y condiciones,navegacional,Términos y condiciones — Hacé Cuentas,Términos y condiciones,"Términos y condiciones de uso de Hacé Cuentas. Reglas, limitaciones y responsabilidades al usar nuestras calculadoras online.",1,1,alineado,title-canonico
https://hacecuentas.com/trabajo,Calculadoras de sueldo y trabajo 2026,calculo,Calculadoras de sueldo y trabajo 2026 | Hacé Cuentas,Entendé tu sueldo. Defendé mejor tu trabajo.,"Lo que cobrás, lo que te descuentan y lo que te corresponde cuando el trabajo empieza… Encontrá herramientas, ejemplos y fuentes para resolver trabajo.",0.5,0.25,alineado,title-canonico
https://hacecuentas.com/trabajo/accidente-laboral,Accidente laboral,informacional,"Accidente laboral: qué hacer, qué cobra la ART y cuándo",Tuve un accidente laboral: ¿qué hago ahora?,"Recorrido paso a paso ante un accidente laboral: denuncia, ART, sueldo durante la baja, incapacidad, Comisión Médica e indemnización orientativa.",1,1,alineado,title-canonico
https://hacecuentas.com/trabajo/aguinaldo,Cuánto cobro de aguinaldo,calculo,¿Cuánto cobro de aguinaldo? — Calculadora de SAC 2026,Tu mejor sueldo tiene una segunda mitad.,"Calculá tu aguinaldo según tu caso: empleado en relación de dependencia, empleada de casas particulares, medio semestre trabajado o jubilado de ANSES.",0,0.5,refuerzo-visible-automatico,title-canonico
https://hacecuentas.com/trabajo/contratar-personal-casas-particulares,Contratar personal de casas particulares,calculo,Contratar personal de casas particulares,Voy a contratar personal para mi casa: ¿cuánto cuesta y qué hago?,"Calculá y organizá el alta de personal de casas particulares: remuneración, horas, aportes, ART, recibo, aguinaldo, vacaciones y calendario.",0.5,0.75,alineado,title-canonico
https://hacecuentas.com/trabajo/costo-de-un-empleado,Aportes patronales y cargas sociales 2026,calculo,Aportes patronales y cargas sociales 2026,El sueldo es sólo una parte del costo.,"Calculá las cargas sociales y el costo laboral total de un empleado registrado en Argentina: sueldo bruto, aportes y contribuciones patronales…",0,0.8,refuerzo-visible-automatico,title-canonico
https://hacecuentas.com/trabajo/empleada-domestica,Empleada doméstica,calculo,Empleada doméstica: ¿cuánto le pago? — Sueldo y aportes 2026,Sabé cuánto cobra ella y cuánto te cuesta a vos.,"Calculá cuánto te sale por mes tener empleada doméstica registrada: valor hora de la escala CNTCP por categoría, con o sin retiro, sueldo mensual…",0,1,refuerzo-visible-automatico,title-canonico
https://hacecuentas.com/trabajo/horas-extra,Cuánto me tienen que pagar las horas extra,calculo,¿Cuánto me tienen que pagar las horas extra?,Cada hora de más tiene un valor distinto.,"Calculá tus horas extra al 50% y al 100%, las horas nocturnas del art. 200 LCT, el valor de tu hora normal y cómo quedan el plus por antigüedad…",0,0.5,refuerzo-visible-automatico,title-canonico
https://hacecuentas.com/trabajo/indemnizacion-por-despido,Indemnización por despido 2026,calculo,Indemnización por despido 2026: cuánto te corresponde,Te despidieron. Veamos si la cuenta está bien.,"Calculá tu indemnización por despido y liquidación final en Argentina. Antigüedad, preaviso, integración, aguinaldo y vacaciones, con ley vigente.",0,0.67,refuerzo-visible-automatico,title-canonico
https://hacecuentas.com/trabajo/liquidacion-final,Liquidación final por renuncia y antigüedad laboral 2026,calculo,Liquidación final por renuncia y antigüedad laboral 2026,Calculadora de liquidación final por renuncia.,"Si renunciás no cobrás indemnización por antigüedad… Encontrá herramientas, ejemplos y fuentes para resolver renuncio: ¿cuánto cobro de liquidación final.",0.5,0.5,alineado,title-canonico
https://hacecuentas.com/trabajo/liquidacion-latam,Me voy del trabajo,calculo,Me voy del trabajo: ¿qué me tienen que pagar?,Primero identificá conceptos. Después elegí el país.,"Finiquito, liquidación, cesantías, prima, CTS, gratificación, indemnización y desahucio: elegí tu país y calculá lo que te corresponde cuando terminás…",0,0,refuerzo-visible-automatico,title-canonico
https://hacecuentas.com/trabajo/seguro-de-desempleo,Seguro de desempleo ANSES 2026,calculo,Seguro de desempleo ANSES 2026: cuánto y cuántos meses,Sabé cuánto cobrarías y por cuánto tiempo.,"Calculá la prestación por desempleo de ANSES: 75% de tu mejor remuneración, con piso y techo vigentes y la duración según tus meses de aportes.",0,0.5,refuerzo-visible-automatico,title-canonico
https://hacecuentas.com/trabajo/sueldo-bruto-y-neto,Calculadora de sueldo bruto a neto 2026 Argentina,calculo,Calculadora de sueldo bruto a neto 2026 Argentina,Del sueldo bruto al dinero que te queda en mano.,"Calculá sueldo bruto a neto y neto a bruto en Argentina. Incluye aportes con tope SIPA de julio 2026, Ganancias estimada y monotributo por categoría.",0.4,1,alineado,title-canonico
https://hacecuentas.com/trabajo/sueldo-vs-inflacion,Mi sueldo le gana a la inflación? Calculadora de sueldo,comparacion-comercial,¿Mi sueldo le gana a la inflación? Calculadora de sueldo,Tu sueldo subió. ¿Pero te alcanza para más?,"Compará tu aumento contra el IPC del INDEC y mirá si tu sueldo real subió o bajó. Incluye salario mínimo vigente, sueldo en dólares, comparación…",0.33,0.33,alineado,title-canonico
https://hacecuentas.com/trabajo/sueldos-por-convenio,Sueldos por convenio 2026,calculo,Sueldos por convenio 2026: escalas y cálculo por CCT,Tu convenio dice cuánto deberías estar cobrando.,"Elegí tu gremio y mirá el básico de convenio vigente, la antigüedad… Encontrá herramientas, ejemplos y fuentes para resolver cuánto gana un… según convenio.",0.33,0.33,alineado,title-canonico
https://hacecuentas.com/trabajo/vacaciones,Cuántos días de vacaciones me corresponden,calculo,¿Cuántos días de vacaciones me corresponden?,¿Cuántos días te corresponden y cuánto cobrás?,"Calculá los días que te corresponden según tu antigüedad (14, 21, 28 o 35 días, LCT art. 150) y también las licencias por maternidad, paternidad…",0.67,0.67,alineado,title-canonico
https://hacecuentas.com/tracker-embarazo-semana-a-semana,Tracker de embarazo semana a semana 2026,informacional,Tracker de embarazo semana a semana 2026 | Hacé Cuentas,Tracker de embarazo semana a semana,"Seguí tu embarazo semana a semana: desarrollo del bebé, cambios en tu cuerpo, hitos de cada semana, fecha de parto y calendario de controles. Gratis.",0.75,0.5,alineado,title-canonico
https://hacecuentas.com/tramites,Trámites — calculadoras y guías,calculo,Trámites — calculadoras y guías | Hacé Cuentas,Trámites,"Cuánto sale cada trámite de documentación, qué papeles piden y cuánto tarda, con los aranceles de los organismos oficiales y las cuentas que se resuelven…",0.33,0,alineado,title-canonico
https://hacecuentas.com/tramites/dni-y-pasaporte,"DNI, pasaporte y trámites",comparacion-comercial,"DNI, pasaporte y trámites: cuánto cuesta y qué necesito",El documento no vence cuando viajás: vence antes.,"Cuánto sale renovar el DNI, sacar el pasaporte, pedir el certificado de antecedentes penales o tramitar la residencia, con los plazos de entrega.",0,0.67,refuerzo-visible-automatico,title-canonico
https://hacecuentas.com/uy,Calculadoras de Uruguay,calculo,"Calculadoras de Uruguay: sueldo, BPS, impuestos y finanzas",Calculadoras para Uruguay,"Calculadoras de sueldo, BPS, IRPF, jubilación, préstamos, vivienda y auto en Uruguay, con supuestos visibles, ejemplos y fuentes locales.",1,1,alineado,title-canonico
https://hacecuentas.com/uy/calculadoras,Todas las calculadoras de Uruguay,calculo,Todas las calculadoras de Uruguay — 14 gratis | Hacé Cuentas,Calculadoras de Uruguay,"Catálogo completo de 14 calculadoras online gratis para Uruguay: IRPF, BPS, aguinaldo, salario líquido, IVA, despido. Filtrá y entrá a cualquiera.",0.67,0.67,alineado,title-canonico
https://hacecuentas.com/uy/finanzas,Finanzas en Uruguay,informacional,"Finanzas en Uruguay — jubilación, UI, UR y BPC",Finanzas,"Jubilación, unidades de cuenta y actualización de montos en Uruguay: BPC, Unidad Indexada, Unidad Reajustable, dólar e inflación, con el valor vigente…",0.5,0.5,alineado,title-canonico
https://hacecuentas.com/uy/finanzas/costos-del-auto,"Patente SUCIVE y costo de viaje en auto, Uruguay 2026",calculo,"Patente SUCIVE y costo de viaje en auto, Uruguay 2026",¿Cuánto cuesta tener y usar el auto en Uruguay?,Calculadora de patente de rodados SUCIVE Uruguay 2026 y del costo de un viaje en auto con nafta y peajes: elegí tu caso y hacé la cuenta completa.,0.29,1,alineado,title-canonico
https://hacecuentas.com/uy/finanzas/cuentas-y-compras,Compras courier y factura de UTE en Uruguay 2026,calculo,Compras courier y factura de UTE en Uruguay 2026,¿Cuánto termino pagando por la compra o la factura en Uruguay?,"Calculá cuánto pagás por compras en el exterior por courier en Uruguay 2026 y cuánto viene la factura de UTE según tu consumo, en una sola página.",0.33,1,alineado,title-canonico
https://hacecuentas.com/uy/finanzas/cuotas-y-prestamos,"Cuota de préstamo e hipoteca en UI, Uruguay 2026",calculo,"Cuota de préstamo e hipoteca en UI, Uruguay 2026",¿Cuánto voy a pagar por mes por el préstamo en Uruguay?,"Calculá la cuota de tu crédito hipotecario en UI y de un préstamo personal en Uruguay 2026: cuánto vas a pagar por mes, antes de firmar con el banco.",0.4,0.8,alineado,title-canonico
https://hacecuentas.com/uy/finanzas/jubilacion,Jubilación en Uruguay,calculo,Jubilación en Uruguay: a qué edad podés jubilarte,¿A qué edad te podés jubilar en Uruguay y con cuánto te quedás?,"Calculá tu edad jubilatoria según la transición de la Ley 20.130, la tasa de reemplazo que te corresponde por años de servicio y edad, el monto estimado…",0.5,0,alineado,title-canonico
https://hacecuentas.com/uy/finanzas/unidades-y-valores,"UI, UR, BPC y dólar en Uruguay",calculo,"UI, UR, BPC y dólar en Uruguay: cuánto valen hoy en pesos","De unidades a pesos, sin perderte en la sigla.","Convertí Unidad Indexada, Unidad Reajustable, BPC y dólares a pesos uruguayos con el valor vigente, actualizá un monto por inflación y calculá…",0,0.33,refuerzo-visible-automatico,title-canonico
https://hacecuentas.com/uy/futbol-uruguayo-hoy,Fútbol uruguayo hoy,informacional,"Fútbol uruguayo hoy: partidos, resultados y tablas","Fútbol uruguayo, hoy","Partidos de hoy, resultados, próximos encuentros, horarios locales y tablas actualizadas del fútbol uruguayo, con resultados recientes y agenda…",1,1,alineado,title-canonico
https://hacecuentas.com/uy/impuestos,Impuestos en Uruguay,calculo,Impuestos en Uruguay — calculadoras y guías DGI,Impuestos,"IRPF, IVA, IRAE, monotributo y los tributos de la vivienda en Uruguay, resueltos con la BPC vigente y la norma de la DGI o la Intendencia que aplica…",0.5,0.5,alineado,title-canonico
https://hacecuentas.com/uy/impuestos/trabajo-independiente,Trabajar por tu cuenta en Uruguay,informacional,"Trabajar por tu cuenta en Uruguay: monotributo, IRPF, IRAE",Facturar no es lo mismo que ganar.,"Cuánto pagás si facturás por tu cuenta en Uruguay: IRPF de servicios personales con deducción ficta o gastos reales, cuota de monotributo BPS…",0,0.67,refuerzo-visible-automatico,title-canonico
https://hacecuentas.com/uy/impuestos/vivienda,Impuestos de la vivienda en Uruguay,informacional,Impuestos de la vivienda en Uruguay,"Tu casa, del escribano a la venta: ¿cuánto pagás de impuestos en cada etapa?","Todos los impuestos de un inmueble en Uruguay: ITP y honorarios de escribano al comprar, contribución inmobiliaria e impuesto de primaria mientras lo…",0.33,0.67,alineado,title-canonico
https://hacecuentas.com/uy/trabajo,Trabajo en Uruguay,informacional,"Trabajo en Uruguay — sueldo, BPS e IRPF | Hacé Cuentas",Trabajo,"Sueldo líquido, aportes al BPS, IRPF, aguinaldo, licencia, despido y prestaciones: las cuentas del trabajo en Uruguay, con la BPC vigente y la norma…",0.5,1,alineado,title-canonico
https://hacecuentas.com/uy/trabajo/estudio-y-vida-cotidiana,Edad de tu perro en años humanos y promedio UdelaR,calculo,Edad de tu perro en años humanos y promedio UdelaR — Uruguay,Edad de tu perro en años humanos y promedio de escolaridad UdelaR,Hub de decisión con 2 cálculos: Edad de perro en años humanos según tamaño — Uruguay; Calculadora de promedio de escolaridad — UdelaR (Uruguay).,1,1,alineado,title-canonico
https://hacecuentas.com/uy/trabajo/liquidacion-final,Liquidación final en Uruguay,calculo,"Liquidación final en Uruguay: aguinaldo, licencia",¿Cuánto te tienen que pagar cuando se termina el trabajo?,"Calculá cuánto te tienen que pagar al terminar el vínculo laboral en Uruguay: aguinaldo proporcional, licencia no gozada, salario vacacional…",0,0.33,refuerzo-visible-automatico,title-canonico
https://hacecuentas.com/uy/trabajo/prestaciones-bps,Prestaciones del BPS,informacional,"Prestaciones del BPS: seguro de paro, enfermedad, asignación","Cuando se corta el sueldo, ¿cuánto te paga el BPS?","Cuánto cobrás del BPS cuando dejás de trabajar o te enfermás: seguro de paro mes a mes con sus topes en BPC, subsidio por enfermedad al 70%, asignación…",0.5,0.5,alineado,title-canonico
https://hacecuentas.com/uy/trabajo/sueldo-liquido,Sueldo líquido Uruguay 2026,calculo,"Sueldo líquido Uruguay 2026: BPS, IRPF y qué te queda","Del nominal al bolsillo, sin descuentos misteriosos.","Calculá tu sueldo líquido en Uruguay 2026: aportes BPS (montepío 15%, FONASA, FRL) e IRPF por franjas en BPC. Con jornal, valor hora y horas extra.",0,1,refuerzo-visible-automatico,title-canonico
https://hacecuentas.com/uy/validar-cedula,Validar Cédula Uruguaya Online Gratis (dígito verificador),calculo,Validar Cédula Uruguaya Online Gratis (dígito verificador),Validar cédula de identidad uruguaya,"Validá una cédula de identidad uruguaya al instante: verifica el dígito verificador con el algoritmo oficial (pesos 2-9-8-7-6-3-4, módulo 10).",0.6,0.8,alineado,title-canonico
https://hacecuentas.com/vacaciones-invierno-2026,Vacaciones de invierno 2026,informacional,Vacaciones de invierno 2026: fechas por provincia,Vacaciones de invierno 2026: fechas por provincia,"Cuándo son las vacaciones de invierno 2026 en Argentina, provincia por provincia. Fechas de inicio y fin del receso escolar según el calendario oficial…",1,1,alineado,title-canonico
https://hacecuentas.com/validar-cbu,Validar CBU o CVU Online Gratis (dígitos verificadores),calculo,Validar CBU o CVU Online Gratis (dígitos verificadores),Validar CBU / CVU,Validá un CBU o CVU argentino al instante: verifica los dos dígitos verificadores de los 22 números e identifica el banco emisor.,0.6,0.8,alineado,title-canonico
https://hacecuentas.com/validar-cuit,Validar CUIT / CUIL Online Gratis (dígito verificador),calculo,Validar CUIT / CUIL Online Gratis (dígito verificador),Validar CUIT / CUIL,Validá un CUIT o CUIL argentino al instante: verifica el dígito verificador con el algoritmo módulo 11 de AFIP/ARCA y te dice si es persona física…,0.6,0.8,alineado,title-canonico
https://hacecuentas.com/valores-bcra,Valor UVA hoy BCRA,informacional,"Valor UVA hoy BCRA: tasas, dólar, CER e ICL actualizados",Valores vigentes BCRA e INDEC,"Consultá el valor UVA hoy publicado por el BCRA, CER, BADLAR, dólar oficial, MEP, blue, CCL, inflación INDEC, ICL para alquileres y TNA de plazo fijo.",0.25,1,alineado,title-canonico
https://hacecuentas.com/ve,Calculadoras Venezuela 2026,comparacion-comercial,"Calculadoras Venezuela 2026 — ISLR, IVA, prestaciones, dólar","Tus cuentas en bolívares, sin perder de vista el dólar.","12 calculadoras gratis para Venezuela: prestaciones sociales, utilidades, vacaciones, ISLR, IVA, IGTF y dólar BCV vs paralelo. Datos oficiales 2026.",0,1,refuerzo-visible-automatico,title-canonico
https://hacecuentas.com/ve/calculadoras,Todas las calculadoras de Venezuela,calculo,Todas las calculadoras de Venezuela — 11 gratis,Calculadoras de Venezuela,"Catálogo completo de 11 calculadoras online gratis para Venezuela: dólar BCV y paralelo, bolívares, prestaciones sociales, ISLR, IVA, IGTF, utilidades.",0.67,0.67,alineado,title-canonico
https://hacecuentas.com/ve/finanzas,Finanzas en Venezuela,informacional,"Finanzas en Venezuela — dólar, bolívares y remesas",Finanzas,"Dólar BCV y paralelo, remesas, USDT, reconversiones del bolívar y cuánto vale realmente tu ingreso: las cuentas que en Venezuela hay que rehacer cada…",0.5,0.5,alineado,title-canonico
https://hacecuentas.com/ve/finanzas/credito-y-gasolina,Credinómina y cupo de gasolina subsidiada en Venezuela,calculo,Credinómina y cupo de gasolina subsidiada en Venezuela,¿Cuánto pago de crédito y cuánto ahorro en gasolina en Venezuela?,"Calculá la cuota de un crédito de nómina (credinómina) y los litros y el ahorro mensual del cupo de gasolina subsidiada en Venezuela, en una página.",0.4,1,alineado,title-canonico
https://hacecuentas.com/ve/finanzas/dolar-y-bolivares,Dólar BCV y paralelo hoy,calculo,Dólar BCV y paralelo hoy: cuánto es en bolívares,Cuánto es esto en bolívares hoy (y al revés).,"Convertí entre bolívares, dólares, euros, USDT y pesos colombianos con la tasa BCV o la paralela, calculá la brecha, lo que recibe una remesa Zelle…",0.25,0.25,alineado,title-canonico
https://hacecuentas.com/ve/futbol-venezolano-hoy,Fútbol venezolano hoy,informacional,"Fútbol venezolano hoy: partidos, resultados y tablas","Fútbol venezolano, hoy","Partidos de hoy, resultados, próximos encuentros, horarios locales y tablas actualizadas del fútbol venezolano, con resultados recientes y agenda…",1,1,alineado,title-canonico
https://hacecuentas.com/ve/impuestos,Impuestos en Venezuela,calculo,"Impuestos en Venezuela — ISLR, IVA e IGTF del SENIAT",Impuestos,"ISLR, retenciones, IVA, IGTF, INCES y sucesiones del SENIAT, calculados en Unidades Tributarias —que es como los escribe la ley— y con el valor de la U.T.",0.5,0,alineado,title-canonico
https://hacecuentas.com/ve/impuestos/islr-y-tributos-seniat,"ISLR, IVA e IGTF en Venezuela",comparacion-comercial,"ISLR, IVA e IGTF en Venezuela: cuánto le debo al SENIAT","¿Cuánto tenés que declarar, retener o pagar?","Calculá tu ISLR anual con la Tarifa N° 1 y el desgravamen de 774 U.T., la retención mensual sobre tu sueldo, la retención de IVA del 75% o 100%, el IGTF…",0,0.75,refuerzo-visible-automatico,title-canonico
https://hacecuentas.com/ve/trabajo,Trabajo en Venezuela,calculo,Trabajo en Venezuela — calculadoras LOTTT e IVSS,Trabajo,"Prestaciones sociales, liquidación, recargos de jornada y seguridad social en Venezuela, resueltos con el artículo de la LOTTT que aplica en cada caso…",0.5,0.5,alineado,title-canonico
https://hacecuentas.com/ve/trabajo/ivss-y-deducciones,IVSS en Venezuela,calculo,IVSS en Venezuela: qué te descuentan del sueldo y qué te,Qué me descuentan del sueldo y qué me devuelve el IVSS.,"Calculá el SSO, el RPE y el FAOV que te retienen, el sueldo neto que queda, y qué te devuelve el sistema: pago del reposo médico (66,66%), paro forzoso…",0.5,0,alineado,title-canonico
https://hacecuentas.com/ve/trabajo/liquidacion-lottt,Liquidación en Venezuela (LOTTT),calculo,"Liquidación en Venezuela (LOTTT): prestaciones, vacaciones",Me voy o me sacan. ¿Cuánto me tienen que pagar?,"Calculá tu liquidación completa en Venezuela con la… Consultá liquidación en venezuela (lottt): prestaciones, vacaciones con datos, herramientas…",0,1,refuerzo-visible-automatico,title-canonico
https://hacecuentas.com/ve/trabajo/sueldo-y-recargos,Cuánto me tienen que pagar este mes en Venezuela,informacional,Cuánto me tienen que pagar este mes en Venezuela,Tu sueldo no es solo el salario.,"Armá tu pago mensual completo: valor de la hora, horas extras (+50%), bono nocturno (+30%), feriados y domingos trabajados (+50%), cestaticket y bono…",0,0,refuerzo-visible-automatico,title-canonico
https://hacecuentas.com/ve/vida,"Salud, estudio y trámites",informacional,"Salud, estudio y trámites | Hacé Cuentas","Salud, estudio y trámites","¿Qué número necesito para mi salud, estudio o trámite?. Consultá salud, estudio y trámites con datos, herramientas y fuentes para Venezuela.",1,1,alineado,title-canonico
https://hacecuentas.com/ve/vida/salud-estudio-y-tramites,"Pasaporte SAIME, promedio de notas y calorías",informacional,"Pasaporte SAIME, promedio de notas y calorías — Venezuela","¿Qué número necesito para mi salud, estudio o trámite en Venezuela?","Costo del pasaporte y la prórroga del SAIME en bolívares, promedio de notas e índice académico en escala 0-20 y calorías diarias, para Venezuela.",0,1,refuerzo-visible-automatico,title-canonico
https://hacecuentas.com/vencimientos-afip-2026,Vencimientos AFIP 2026,informacional,Vencimientos AFIP 2026: calendario fiscal mes por mes,Vencimientos AFIP 2026: calendario fiscal completo,"Calendario completo de vencimientos AFIP 2026… Encontrá herramientas, ejemplos y fuentes para resolver vencimientos afip 2026: calendario fiscal completo…",1,1,alineado,title-canonico
https://hacecuentas.com/viajes,Calculadoras de viajes,comparacion-comercial,"Calculadoras de viajes: combustible, peajes, equipaje",Disfrutá el destino. Nosotros hacemos las cuentas.,"Planificá combustible, peajes, distancias, tiempos, equipaje, cambio de moneda y división de gastos para conocer el costo real antes de viajar.",0,0,refuerzo-visible-automatico,title-canonico
https://hacecuentas.com/viajes/aeropuerto,Con cuánto tiempo tengo que llegar al aeropuerto? Anticipo,informacional,¿Con cuánto tiempo tengo que llegar al aeropuerto? Anticipo,Llegá con tiempo. No con ansiedad.,"A qué hora salir de casa según el tipo de vuelo, el equipaje y el aeropuerto, y si tu escala alcanza para hacer la conexión.",0.2,0.2,alineado,title-canonico
https://hacecuentas.com/viajes/antes-de-volar,Ya tengo el pasaje,comparacion-comercial,Ya tengo el pasaje: ¿qué me falta antes de volar?,Tu vuelo empieza antes de llegar al aeropuerto.,"Cuántos días vas a tardar en acomodarte al huso horario, si te conviene roaming, eSIM o chip local, cuánto podés traer sin pagar en la Aduana y cuántos…",0,0,refuerzo-visible-automatico,title-canonico
https://hacecuentas.com/viajes/equipaje,Cuánto equipaje puedo llevar? Franquicia por aerolínea,comparacion-comercial,¿Cuánto equipaje puedo llevar? Franquicia por aerolínea,"Armá la valija con criterio, no con ansiedad.","Cuánta ropa meter para los días que viajás, cuántos kilos y piezas te deja llevar tu tarifa en cada aerolínea, y cuánto te cobran si te pasás de peso.",0,0.4,refuerzo-visible-automatico,title-canonico
https://hacecuentas.com/viajes/hora-mundial,"Qué hora es allá? Diferencia horaria, hora mundial",informacional,"¿Qué hora es allá? Diferencia horaria, hora mundial","La hora de allá, sin hacer cuentas.","Mirá qué hora es ahora mismo en cualquier ciudad del mundo, cuánta diferencia horaria hay con la tuya, a qué hora local llegás si salís a tal hora…",0.4,0.6,alineado,title-canonico
https://hacecuentas.com/viajes/millas,"Cuántas millas necesito? LifeMiles, LATAM Pass y más 2026",informacional,"¿Cuántas millas necesito? LifeMiles, LATAM Pass y más 2026",¿Cuántas millas necesitás para ese viaje?,"Elegí el programa (LifeMiles, LATAM Pass, AAdvantage, MileagePlus o SkyMiles) y el destino: te decimos cuántas millas necesitás, cuántas te faltan y si…",0.14,0.57,alineado,title-canonico
https://hacecuentas.com/viajes/mudarse-al-exterior,Me conviene mudarme al exterior? Calculadora de mudanza,comparacion-comercial,¿Me conviene mudarme al exterior? Calculadora de mudanza,¿Me conviene mudarme al exterior?,"Compara ingreso neto, costo de vida, gastos de mudanza, meses sin ingresos y posición financiera del primer año o a cinco años.",0.75,0.25,alineado,title-canonico
https://hacecuentas.com/viajes/presupuesto-de-viaje,Cuánta plata necesito para este viaje,informacional,¿Cuánta plata necesito para este viaje?,"Antes de armar la valija, armá bien las cuentas.","Armá el presupuesto del viaje rubro por rubro: alojamiento, comida, transporte y actividades, con referencias de costo diario para Río de Janeiro, Dubái…",0,0.25,refuerzo-visible-automatico,title-canonico
https://hacecuentas.com/viajes/valen-millas,Millas o plata? Cuánto vale cada milla y cuándo conviene,comparacion-comercial,¿Millas o plata? Cuánto vale cada milla y cuándo conviene,¿Usás las millas o pagás el pasaje?,"Calculá el valor de tus millas o puntos en centavos de dólar y decidí si canjeás o pagás en efectivo: canje de vuelo, upgrade, puntos de tarjeta, millas…",0.14,0.14,alineado,title-canonico
https://hacecuentas.com/viajes/visas-y-tramites,Necesito visa para viajar y cuánto sale,comparacion-comercial,¿Necesito visa para viajar y cuánto sale?,"Antes de comprar, sabé qué papeles vas a necesitar.","Si necesitás visa, ESTA, ETIAS o ETA para tu destino, cuánto cuesta la tasa consular, cuánto tarda el turno, qué vigencia tiene que tener tu pasaporte…",0,0.25,refuerzo-visible-automatico,title-canonico
https://hacecuentas.com/vivienda,Calculadoras de vivienda,calculo,"Calculadoras de vivienda: alquiler, crédito y gastos","Entrar, mantener y mejorar. Con todas las cuentas claras.","Calculá alquiler, ajustes, crédito hipotecario, gastos de compra, impuestos y costos mensuales para decidir sobre tu vivienda.",0,0.5,refuerzo-visible-automatico,title-canonico
https://hacecuentas.com/vivienda/credito-hipotecario,Califico para un crédito hipotecario UVA,calculo,¿Califico para un crédito hipotecario UVA?,"¿Podés sostener el crédito, no solo conseguirlo?","Calculá cuánto te prestan con tu sueldo, la cuota del crédito hipotecario UVA, el ingreso mínimo que piden los bancos y cuánto crece la cuota…",0.25,0.75,alineado,title-canonico
https://hacecuentas.com/vivienda/gastos-de-escritura,Cuánto sale escriturar una propiedad,calculo,¿Cuánto sale escriturar una propiedad?,"La propiedad vale una cifra. Entrar, un poco más.","Calculá los gastos de escritura de una compraventa: honorarios del escribano, impuesto de sellos (2,7% CABA / 2% PBA), comisión inmobiliaria, inscripción…",0.33,0,alineado,title-canonico
https://hacecuentas.com/vivienda/rentabilidad-de-un-alquiler,"Conviene alquilarla, venderla o alquilar yo",comparacion-comercial,"¿Conviene alquilarla, venderla o alquilar yo?",Del alquiler publicado a lo que realmente te queda.,"Calculá cuánto rinde de verdad poner una propiedad en alquiler: cap rate bruto y neto, comparación contra el plazo fijo, costo de tenerla vacía…",0,0,refuerzo-visible-automatico,title-canonico
https://hacecuentas.com/wizard/que-monotributo-me-conviene-2026,Qué Monotributo me conviene en 2026? Test interactivo,comparacion-comercial,¿Qué Monotributo me conviene en 2026? Test interactivo,¿Qué Monotributo me conviene en 2026?,"Respondé 5 preguntas y descubrí tu categoría exacta de Monotributo (A-K), cuota mensual y si te conviene cambiar al Régimen General.",0.6,0.4,alineado,title-canonico
https://hacecuentas.com/wordpress,Plugin de WordPress,calculo,Plugin de WordPress — Calculadoras Hacé Cuentas,"Calculadoras de Hacé Cuentas, ahora en WordPress","Plugin gratis de WordPress para insertar más de 477 calculadoras (sueldo, monotributo, aguinaldo, IMC, préstamos, IVA y más) en tus posts y páginas…",0.5,1,alineado,title-canonico
