url,status_code,canonical,canonical_is_self,protocol,has_http_duplicate,indexable,robots_meta,title,title_length,title_is_unique,meta_description,meta_description_length,meta_description_is_unique,h1,h1_count,h1_matches_intent,word_count_visible,has_formula_section,has_example_section,has_faq_section,has_sources_section,has_last_updated,has_editor,has_breadcrumb_schema,has_webapp_or_software_schema,has_faq_schema,internal_links_count,related_calculators_count,sitemap_included,priority_cluster,action_required
https://hacecuentas.com/auto/auto-o-uber,200,https://hacecuentas.com/auto/auto-o-uber,true,https,false,true,"max-image-preview:large, max-snippet:-1, max-video-preview:-1",Precio de remis por km 2026 y comparador auto vs. Uber,54,true,"Calculá cuánto sale un remis por kilómetro en 2026 y compará el viaje contra Uber, DiDi, Cabify, colectivo o auto propio, incluyendo patente, seguro…",149,true,¿Te conviene tener auto o pedir un viaje?,1,true,2020,true,false,true,true,false,true,true,false,true,104,0,true,PRIORITY:hubs,
https://hacecuentas.com/blog,200,https://hacecuentas.com/blog,true,https,false,true,"max-image-preview:large, max-snippet:-1, max-video-preview:-1",Blog — Hacé Cuentas — calculadoras y guías | Hacé Cuentas,57,true,"La economía real, explicada sin vueltas. Usá herramientas gratuitas, ejemplos claros y fuentes documentadas para entender el resultado y decidir mejor.",151,true,"La economía real, explicada sin vueltas.",1,false,608,true,false,false,false,false,true,true,false,false,3,0,true,PRIORITY:core,
https://hacecuentas.com/calculadora-conversor-metros-lineales-a-metros-cuadrados,200,https://hacecuentas.com/calculadora-conversor-metros-lineales-a-metros-cuadrados,true,https,false,true,"max-image-preview:large, max-snippet:-1, max-video-preview:-1","Metros Lineales a m²: tela, alfombra, membrana y chapa",54,true,"Convertí metros lineales a metros cuadrados con anchos típicos de tela, alfombra, membrana, chapa, madera y papel tapiz. Incluye ida y vuelta.",142,true,De metros lineales a metros cuadrados,1,true,4455,true,true,true,true,true,true,true,true,true,4,9,true,PRIORITY:priority,
https://hacecuentas.com/embarazo/dias-fertiles,200,https://hacecuentas.com/embarazo/dias-fertiles,true,https,false,true,"max-image-preview:large, max-snippet:-1, max-video-preview:-1","Calculadora de ciclo menstrual, ovulación y días fértiles",57,true,"Calculá tu ventana fértil y el día de ovulación según tu ciclo, tengas… Encontrá herramientas, ejemplos y fuentes para resolver cuáles son mis días…",148,true,"Tu ventana fértil es un rango, no una certeza.",1,false,2344,true,false,true,true,false,true,true,false,true,105,0,true,PRIORITY:hubs,
https://hacecuentas.com/estudio/cuanto-tardo-en-leer,200,https://hacecuentas.com/estudio/cuanto-tardo-en-leer,true,https,false,true,"max-image-preview:large, max-snippet:-1, max-video-preview:-1","¿Cuánto tardo en leer esto? — Libro, apunte, examen",51,true,"Calculá cuánto tiempo te lleva leer un libro o un apunte según tus palabras por minuto, medí tu velocidad real de lectura, estimá las horas de estudio…",151,true,¿Lo terminás hoy o necesitás un plan?,1,false,1885,true,false,true,true,false,true,true,false,true,104,0,true,PRIORITY:hubs,
https://hacecuentas.com/hogar/huella-de-carbono,200,https://hacecuentas.com/hogar/huella-de-carbono,true,https,false,true,"max-image-preview:large, max-snippet:-1, max-video-preview:-1","¿Cuál es mi huella de carbono? Calculadora anual, vuelos",56,true,"Cuántas toneladas de CO₂ generás por año entre transporte, dieta y energía, cuánto emite un vuelo por pasajero, cuánto pesa la carne en tu alimentación…",152,true,Medí lo grande primero. Después afiná los detalles.,1,false,2382,true,false,true,true,false,true,true,false,true,105,0,true,PRIORITY:hubs,
https://hacecuentas.com/inversiones/interes-compuesto,200,https://hacecuentas.com/inversiones/interes-compuesto,true,https,false,true,"max-image-preview:large, max-snippet:-1, max-video-preview:-1","Interés compuesto: calculadora con aportes, TNA y TEA",53,true,"Calculá cuánto vale tu inversión dentro de X años con aportes mensuales, cuánto tarda en duplicarse por la regla del 72, cuál de dos tasas conviene…",148,true,Tu plata no crece en línea recta. Al principio casi no se nota.,1,false,2094,true,false,true,true,false,true,true,false,true,107,0,true,PRIORITY:hubs,
https://hacecuentas.com/matematica/potencias-y-raices,200,https://hacecuentas.com/matematica/potencias-y-raices,true,https,false,true,"max-image-preview:large, max-snippet:-1, max-video-preview:-1","Calculadora de MCM y MCD, potencias, raíces y logaritmos",56,true,"Calculá potencias y raíces, logaritmos en cualquier base, MCD y MCM por el algoritmo de Euclides, números primos y factorización, y notación científica.",152,true,"El resultado importa. Entender de dónde sale, más.",1,false,1280,true,false,true,true,true,true,true,true,false,108,33,true,PRIORITY:hubs,
https://hacecuentas.com/matematica/regla-de-tres,200,https://hacecuentas.com/matematica/regla-de-tres,true,https,false,true,"max-image-preview:large, max-snippet:-1, max-video-preview:-1","¿Cómo hago una regla de tres? — Simple, inversa y compuesta",59,true,"Regla de tres simple directa e inversa, compuesta, escala de plano o… Encontrá herramientas, ejemplos y fuentes para resolver cómo hago una regla de tres.",154,true,La fórmula es fácil. Elegir la proporción correcta es lo importante.,1,false,2030,true,false,true,true,false,true,true,false,true,105,0,true,PRIORITY:hubs,
https://hacecuentas.com/mx/impuestos/isr-por-mi-cuenta,200,https://hacecuentas.com/mx/impuestos/isr-por-mi-cuenta,true,https,false,true,"max-image-preview:large, max-snippet:-1, max-video-preview:-1","Calculadora de impuestos RIF 2026: RESICO, ISR y régimen",56,true,"El RIF fue sustituido para nuevas altas: compara RESICO y régimen general y calcula cuánto ISR pagas por tu cuenta en México, las retenciones…",142,true,Del ingreso facturado al dinero que realmente te queda.,1,false,1370,true,false,true,true,true,true,true,true,false,103,31,true,PRIORITY:hubs,
https://hacecuentas.com/mx/trabajo/sueldo-neto,200,https://hacecuentas.com/mx/trabajo/sueldo-neto,true,https,false,true,"max-image-preview:large, max-snippet:-1, max-video-preview:-1","Sueldo neto México 2026: calculá ISR, IMSS y SDI",48,true,"Calculá tu sueldo neto en México 2026: ISR del Art. 96, cuota IMSS, subsidio para el empleo y salario diario integrado (SDI) con factor de integración.",151,true,Del sueldo bruto al dinero que sí recibes.,1,true,2450,true,false,true,true,true,true,true,true,true,101,26,true,PRIORITY:hubs,
https://hacecuentas.com/salud/peso-ideal-imc,200,https://hacecuentas.com/salud/peso-ideal-imc,true,https,false,true,"max-image-preview:large, max-snippet:-1, max-video-preview:-1",Calculadora de IMC y rango de peso saludable según la OMS,57,true,"Calculá tu IMC y un rango de peso saludable según tu altura. Incluye tabla OMS, cintura/altura y fórmulas históricas opcionales. Gratis y privado.",146,true,Calculadora de IMC y rango saludable según tu altura,1,true,1791,true,false,true,false,true,true,true,true,true,56,33,true,PRIORITY:hubs,
https://hacecuentas.com/simulador-jubilacion-anses,200,https://hacecuentas.com/simulador-jubilacion-anses,true,https,false,true,"max-image-preview:large, max-snippet:-1, max-video-preview:-1","Simulador jubilación ANSES 2026: edad, aportes y haber",54,true,"Calculá cuándo podrías jubilarte, cuántos aportes te faltan y un haber orientativo. Valores ANSES vigentes y escenarios de jubilación o PUAM.",141,true,Simulador de jubilación ANSES,1,true,1882,true,false,true,true,true,true,true,true,true,14,11,true,PRIORITY:priority,
https://hacecuentas.com/tecnologia/impresion-3d,200,https://hacecuentas.com/tecnologia/impresion-3d,true,https,false,true,"max-image-preview:large, max-snippet:-1, max-video-preview:-1",Costo de impresión 3D por hora y por pieza,42,true,"Calculá el costo de una impresora 3D por hora y por pieza: filamento o resina, luz consumida, desgaste, amortización, mano de obra y precio final…",146,true,¿Cuánto cuesta y cuánto cobrar por una impresión 3D?,1,true,1399,true,false,true,true,false,true,true,false,true,52,0,true,PRIORITY:hubs,
https://hacecuentas.com/trabajo/indemnizacion-por-despido,200,https://hacecuentas.com/trabajo/indemnizacion-por-despido,true,https,false,true,"max-image-preview:large, max-snippet:-1, max-video-preview:-1",Indemnización por despido 2026: cuánto te corresponde,53,true,"Calculá tu indemnización por despido y liquidación final en Argentina. Antigüedad, preaviso, integración, aguinaldo y vacaciones, con ley vigente.",146,true,Te despidieron. Veamos si la cuenta está bien.,1,false,929,true,false,true,true,true,true,true,true,true,52,28,true,PRIORITY:hubs,
https://hacecuentas.com/valores-bcra,200,https://hacecuentas.com/valores-bcra,true,https,false,true,"max-image-preview:large, max-snippet:-1, max-video-preview:-1","Valor UVA hoy BCRA: tasas, dólar, CER e ICL actualizados",56,true,"Consultá el valor UVA hoy publicado por el BCRA, CER, BADLAR, dólar oficial, MEP, blue, CCL, inflación INDEC, ICL para alquileres y TNA de plazo fijo.",150,true,Valores vigentes BCRA e INDEC,1,true,1592,true,false,true,true,true,true,true,false,true,39,0,true,PRIORITY:priority,
https://hacecuentas.com/,200,https://hacecuentas.com/,true,https,,true,"max-image-preview:large, max-snippet:-1, max-video-preview:-1",Decisiones con números claros para Argentina — Hacé Cuentas,59,true,"Hubs de decisión para resolver trabajo, alquiler, impuestos, finanzas, salud y vida cotidiana con números claros, fuentes y datos vigentes.",139,true,No adivines. Hacé cuentas.,1,true,682,true,false,false,false,false,true,false,false,false,78,0,true,priority,
https://hacecuentas.com/aguinaldo-diciembre-2026,200,https://hacecuentas.com/aguinaldo-diciembre-2026,true,https,,true,"max-image-preview:large, max-snippet:-1, max-video-preview:-1","Aguinaldo Diciembre 2026: cuándo cobro, cómo calcularlo",55,true,"Todo sobre el aguinaldo de diciembre 2026 en Argentina: fecha límite de pago (18/12), fórmula del SAC, tabla con ejemplos por sueldo, descuentos y qué…",151,true,"Aguinaldo Diciembre 2026: cuándo se cobra, cómo calcularlo y tabla de montos",1,true,1628,true,false,true,false,true,true,true,false,true,16,6,true,core,
https://hacecuentas.com/alertas,200,https://hacecuentas.com/alertas,true,https,,true,"max-image-preview:large, max-snippet:-1, max-video-preview:-1",Alertas: te avisamos cuando cambian tus números,47,true,"Sueldo, monotributo, salario mínimo, dólar, impuestos… Encontrá herramientas, ejemplos y fuentes para resolver alertas: te avisamos cuando cambian tus…",151,true,Te avisamos cuando cambian los números que te importan,1,true,680,false,false,true,false,false,true,true,true,true,13,0,true,priority,
https://hacecuentas.com/alquiler,200,https://hacecuentas.com/alquiler,true,https,,true,"max-image-preview:large, max-snippet:-1, max-video-preview:-1","Calculadoras de alquiler: ajuste, depósito y gastos",51,true,"Calculá ajustes por ICL e IPC, depósito, comisión, expensas y costo total del alquiler con índices y ejemplos actualizados.",123,true,"Antes de firmar, hacé todas las cuentas.",1,false,1151,false,false,false,true,false,true,true,true,false,103,0,true,hubs-recovery,
https://hacecuentas.com/alquiler/aumento-de-alquiler,200,https://hacecuentas.com/alquiler/aumento-de-alquiler,true,https,,true,"max-image-preview:large, max-snippet:-1, max-video-preview:-1",Calculadora de aumento de alquiler: ICL e IPC 2026,50,true,"Calculá el aumento del alquiler por ICL del BCRA, IPC del INDEC o porcentaje pactado. Revisá fórmula, coeficiente y cuota nueva.",128,true,¿Cuánto vas a pagar en tu próximo ajuste?,1,false,1285,true,false,true,true,true,true,true,true,true,52,0,true,hubs,
https://hacecuentas.com/alquiler/entrar-a-un-alquiler,200,https://hacecuentas.com/alquiler/entrar-a-un-alquiler,true,https,,true,"max-image-preview:large, max-snippet:-1, max-video-preview:-1",¿Cuánta plata necesito para entrar a un alquiler?,49,true,"Calculá la plata de entrada a un alquiler: primer mes, depósito, comisión inmobiliaria y seguro de caución, más el sueldo mínimo que te van a pedir.",148,true,La llave cuesta más que el primer mes.,1,false,1839,false,false,true,true,false,true,true,false,true,102,0,true,hubs,
https://hacecuentas.com/argentina/cordoba/calculadora-ingresos-brutos-provincial,200,https://hacecuentas.com/argentina/cordoba/calculadora-ingresos-brutos-provincial,true,https,,true,"max-image-preview:large, max-snippet:-1, max-video-preview:-1",Calculadora de Ingresos Brutos Córdoba 2026 | Hacé Cuentas,58,true,"Estimá Ingresos Brutos en Córdoba según actividad, facturación y alícuota provincial, con referencias oficiales y explicación del cálculo.",138,true,Calculá IIBB y entendé qué estás pagando.,1,false,784,false,false,true,false,false,true,true,true,false,86,0,true,priority,
https://hacecuentas.com/asistente,200,https://hacecuentas.com/asistente,true,https,,false,"noindex, follow",Asistente de cálculo | Hacé Cuentas,35,true,"Contanos qué necesitás calcular con tus palabras. Elegimos la calculadora, te pedimos lo que falte y sacamos el número con fórmulas oficiales.",142,true,Contame qué necesitás calcular,1,false,188,true,false,false,false,false,true,true,false,false,3,0,false,asistente,
https://hacecuentas.com/aumento-jubilaciones,200,https://hacecuentas.com/aumento-jubilaciones,true,https,,true,"max-image-preview:large, max-snippet:-1, max-video-preview:-1","Aumento jubilaciones agosto 2026: 1,9%",38,true,"Las jubilaciones aumentan 2,1% en julio 2026 (IPC de mayo… Encontrá herramientas, ejemplos y fuentes para resolver aumento jubilaciones julio 2026: 2,1%.",153,true,Aumento de jubilaciones: cuánto suben los haberes este mes,1,true,1447,true,false,true,false,true,true,true,false,true,14,4,true,core,
https://hacecuentas.com/auto,200,https://hacecuentas.com/auto,true,https,,true,"max-image-preview:large, max-snippet:-1, max-video-preview:-1","Calculadoras para el auto: consumo, costos y mantenimiento",58,true,"Calculá combustible, costo por kilómetro, patente, seguro, financiación y mantenimiento para conocer el costo total real de tener un auto.",138,true,Tu auto cuesta más que la nafta.,1,true,1247,false,false,false,true,true,true,true,true,false,113,0,true,hubs,
https://hacecuentas.com/auto/consumo,200,https://hacecuentas.com/auto/consumo,true,https,,true,"max-image-preview:large, max-snippet:-1, max-video-preview:-1",¿Cuánto consume mi auto? Calculadora de consumo real,52,true,"Medí el consumo real de tu auto en L/100 km y km/L con… Encontrá herramientas, ejemplos y fuentes para resolver cuánto consume mi auto?",135,true,Descubrí cuánto gasta realmente tu auto.,1,true,1893,true,false,true,true,false,true,true,false,true,104,0,true,hubs-recovery,
https://hacecuentas.com/auto/costo-anual,200,https://hacecuentas.com/auto/costo-anual,true,https,,true,"max-image-preview:large, max-snippet:-1, max-video-preview:-1",¿Cuánto cuesta tener un auto por año? Costo real,48,true,"Sumá todo lo que te cuesta el auto en un año: nafta, seguro, patente, service, VTV, cochera y la depreciación que casi nadie cuenta.",132,true,Tu auto cuesta incluso cuando está estacionado.,1,true,2155,true,false,true,true,true,true,true,false,true,104,0,true,hubs,
https://hacecuentas.com/auto/electrico-vs-nafta,200,https://hacecuentas.com/auto/electrico-vs-nafta,true,https,,true,"max-image-preview:large, max-snippet:-1, max-video-preview:-1",¿Conviene un auto eléctrico o GNC en vez de nafta?,50,true,"Cuánto sale cargar un eléctrico contra llenar el tanque, cuánto ahorrás por año, en cuántos años se repaga el sobreprecio del eléctrico, en cuántos meses…",154,true,¿El eléctrico se paga solo? Hacé la cuenta completa.,1,true,1193,false,false,false,true,false,true,true,true,false,105,0,true,hubs,
https://hacecuentas.com/auto/ficha-tecnica,200,https://hacecuentas.com/auto/ficha-tecnica,true,https,,true,"max-image-preview:large, max-snippet:-1, max-video-preview:-1","Ficha técnica del auto: potencia, torque, carga y frenado",57,true,"Traducí los números de la ficha técnica: cilindrada en cc y litros, HP a kW y CV, torque en Nm o lb·ft, relación potencia/peso y velocidad máxima, carga…",153,true,"Los números del auto, traducidos a uso real.",1,true,2008,false,false,true,true,false,true,true,false,true,104,0,true,hubs,
https://hacecuentas.com/auto/importar-y-nacionalizar,200,https://hacecuentas.com/auto/importar-y-nacionalizar,true,https,,true,"max-image-preview:large, max-snippet:-1, max-video-preview:-1",Importar y nacionalizar un auto en Argentina: costo total,57,true,"Compará el costo total de importar y nacionalizar un auto en Argentina frente a comprarlo acá: flete, aranceles, homologación, registro y puesta en calle.",154,true,¿Me conviene importar y nacionalizar un auto en Argentina?,1,true,458,false,false,false,false,true,true,true,false,true,53,0,true,hubs,
https://hacecuentas.com/auto/mantenimiento,200,https://hacecuentas.com/auto/mantenimiento,true,https,,true,"max-image-preview:large, max-snippet:-1, max-video-preview:-1","Neumáticos, aceite y service: ¿cuándo y cuánto?",47,true,"Medida equivalente de neumático con el porcentaje de desviación del velocímetro, conversión exacta de presión PSI/bar/kPa, intervalo de aceite…",143,true,"Sabé qué toca hacer y cuándo, sin adivinar.",1,true,1837,true,false,true,true,true,true,true,false,true,104,0,true,hubs,
https://hacecuentas.com/auto/nafta-y-peajes,200,https://hacecuentas.com/auto/nafta-y-peajes,true,https,,true,"max-image-preview:large, max-snippet:-1, max-video-preview:-1","Costo de viaje en auto: nafta, consumo y peajes",47,true,"Calculá el costo real de tu viaje en auto: litros de nafta o gasoil con el precio oficial de tu provincia, peajes con y sin Telepase, desgaste del auto…",152,true,"Antes de salir, sabé cuánto vas a gastar.",1,false,1864,false,false,true,true,true,true,true,true,true,104,0,true,hubs,
https://hacecuentas.com/auto/patente,200,https://hacecuentas.com/auto/patente,true,https,,true,"max-image-preview:large, max-snippet:-1, max-video-preview:-1",¿Cuánto pago de patente? Calculadora por provincia 2026,55,true,"Calculá la patente de tu auto o moto según tu provincia: alícuota aplicada, patente anual, valor de cada cuota y comparación con el resto del país.",147,true,Calculá tu patente y entendé cada peso que pagás.,1,true,2027,true,false,true,true,true,true,true,false,true,104,0,true,hubs,
https://hacecuentas.com/auto/tramites,200,https://hacecuentas.com/auto/tramites,true,https,,true,"max-image-preview:large, max-snippet:-1, max-video-preview:-1","Trámites del auto 2026: transferencia, patentamiento",52,true,"Cuánto sale cada trámite del auto en Argentina: transferir un usado, patentar un 0km, sacar o renovar la licencia de conducir y pagar una multa.",144,true,"Sabé qué llevar, cuánto pagar y qué sigue.",1,false,2016,true,false,true,true,true,true,true,false,true,107,0,true,hubs,
https://hacecuentas.com/auto/vtv,200,https://hacecuentas.com/auto/vtv,true,https,,true,"max-image-preview:large, max-snippet:-1, max-video-preview:-1",¿Cuándo me toca la VTV y cuánto me sale?,40,true,"Calculá cuándo vence tu VTV según la antigüedad del vehículo y la última revisión, cuántos meses dura el certificado y cuánto cuesta en tu provincia.",149,true,¿Cuándo me toca la VTV y cuánto voy a pagar?,1,true,1944,false,false,true,true,true,true,true,false,true,104,0,true,hubs,
https://hacecuentas.com/autores/martin-rodriguez,200,https://hacecuentas.com/autores/martin-rodriguez,true,https,,true,"max-image-preview:large, max-snippet:-1, max-video-preview:-1",Martín Rodríguez — Autor y editor de Hacé Cuentas,49,true,"Martín Rodríguez es emprendedor, desarrollador y creador de hacecuentas.com. Bio, áreas que cubre, metodología y disclaimer profesional.",136,true,Martín Rodríguez,1,true,620,false,false,false,true,false,true,true,false,false,59,0,true,core,
https://hacecuentas.com/aviso-legal,200,https://hacecuentas.com/aviso-legal,true,https,,true,"max-image-preview:large, max-snippet:-1, max-video-preview:-1",Aviso legal y descargo de responsabilidad | Hacé Cuentas,56,true,"Aviso legal: Hacé Cuentas provee herramientas educativas e informativas. No brindamos asesoramiento financiero, médico, legal ni tributario personalizado.",154,true,Aviso legal y descargo de responsabilidad,1,true,828,true,false,false,true,false,true,true,false,false,10,0,true,core,
https://hacecuentas.com/bebes,200,https://hacecuentas.com/bebes,true,https,,true,"max-image-preview:large, max-snippet:-1, max-video-preview:-1","Calculadoras para bebés: crecimiento, pañales y cuidados",56,true,"Consultá crecimiento, percentiles, alimentación, sueño, pañales y gastos del primer año con referencias pediátricas y orientación no diagnóstica.",145,true,Ubicá su edad. Acompañá su propio ritmo.,1,false,1091,true,false,false,true,false,true,true,true,false,101,0,true,hubs-recovery,
https://hacecuentas.com/bebes/crecimiento,200,https://hacecuentas.com/bebes/crecimiento,true,https,,true,"max-image-preview:large, max-snippet:-1, max-video-preview:-1","¿Mi bebé crece bien? Percentil de peso OMS, prematuros",54,true,"Percentil de peso del bebé con las tablas LMS oficiales de la OMS, edad corregida si nació prematuro, hitos del desarrollo mes a mes y cronología…",146,true,¿Está creciendo bien tu hijo?,1,true,1879,true,false,true,true,false,true,true,false,true,101,0,true,hubs,
https://hacecuentas.com/blog/7-errores-al-calcular-el-costo-de-construccion-por-m2,200,https://hacecuentas.com/blog/7-errores-al-calcular-el-costo-de-construccion-por-m2,true,https,,true,"max-image-preview:large, max-snippet:-1, max-video-preview:-1",7 errores al calcular el costo de construcción por m²,53,true,"Evitá siete errores al calcular el costo por m²: superficie, terminaciones, instalaciones, permisos, honorarios y actualización.",128,true,7 errores al calcular el costo de construcción por m²,1,true,1264,false,false,true,false,true,true,true,false,true,21,9,true,blog,
https://hacecuentas.com/blog/7-errores-al-calcular-las-semanas-de-embarazo,200,https://hacecuentas.com/blog/7-errores-al-calcular-las-semanas-de-embarazo,true,https,,true,"max-image-preview:large, max-snippet:-1, max-video-preview:-1",7 errores al calcular las semanas de embarazo,45,true,"Evitá siete errores al calcular semanas de embarazo: fecha, ciclos irregulares, meses, ecografías y síntomas que no debe interpretar una app.",141,true,7 errores al calcular las semanas de embarazo,1,true,1307,true,false,true,false,true,true,true,false,true,22,9,true,blog,
https://hacecuentas.com/blog/7-errores-al-calcular-tu-peso-ideal-y-tu-imc,200,https://hacecuentas.com/blog/7-errores-al-calcular-tu-peso-ideal-y-tu-imc,true,https,,true,"max-image-preview:large, max-snippet:-1, max-video-preview:-1",7 errores al calcular tu peso ideal y tu IMC,44,true,"Evitá siete errores frecuentes al calcular el IMC y el peso ideal: unidades, metas, cintura, mediciones y contexto personal antes de decidir.",141,true,7 errores al calcular tu peso ideal y tu IMC,1,true,1537,true,false,true,false,true,true,true,false,true,22,9,true,blog,
https://hacecuentas.com/blog/7-errores-al-calcular-un-aumento-de-alquiler,200,https://hacecuentas.com/blog/7-errores-al-calcular-un-aumento-de-alquiler,true,https,,true,"max-image-preview:large, max-snippet:-1, max-video-preview:-1",7 errores al calcular un aumento de alquiler,44,true,"Evitá siete errores al calcular el aumento de alquiler: fechas, índices, acumulación, redondeos, expensas y cláusulas del contrato.",131,true,7 errores al calcular un aumento de alquiler,1,true,1270,true,false,true,false,true,true,true,false,true,21,9,true,blog,
https://hacecuentas.com/blog/7-errores-al-comparar-tu-sueldo-con-el-convenio,200,https://hacecuentas.com/blog/7-errores-al-comparar-tu-sueldo-con-el-convenio,true,https,,true,"max-image-preview:large, max-snippet:-1, max-video-preview:-1",7 errores al comparar tu sueldo con el convenio,47,true,"Evitá siete errores al comparar tu recibo con un convenio: actividad, categoría, jornada, bruto, neto, zona y adicionales.",122,true,7 errores al comparar tu sueldo con el convenio,1,true,1334,false,false,true,false,true,true,true,false,true,22,9,true,blog,
https://hacecuentas.com/blog/7-errores-al-identificar-tu-generacion,200,https://hacecuentas.com/blog/7-errores-al-identificar-tu-generacion,true,https,,true,"max-image-preview:large, max-snippet:-1, max-video-preview:-1",7 errores al identificar tu generación,38,true,"Evitá siete errores al identificar generaciones: edad, año, país, límites, memes y segmentaciones que no son universales.",121,true,7 errores al identificar tu generación,1,true,848,false,false,true,false,true,true,true,false,true,18,8,true,blog,
https://hacecuentas.com/blog/7-errores-al-pasar-de-sueldo-bruto-a-neto,200,https://hacecuentas.com/blog/7-errores-al-pasar-de-sueldo-bruto-a-neto,true,https,,true,"max-image-preview:large, max-snippet:-1, max-video-preview:-1",7 errores al pasar de sueldo bruto a neto,41,true,"Evitá siete errores al calcular sueldo neto: porcentajes, bonos, obra social, sindicato, Ganancias, período y supuestos.",120,true,7 errores al pasar de sueldo bruto a neto,1,true,1036,false,false,true,false,true,true,true,false,true,22,9,true,blog,
https://hacecuentas.com/blog/7-errores-al-revisar-la-declaracion-de-renta-en-colombia,200,https://hacecuentas.com/blog/7-errores-al-revisar-la-declaracion-de-renta-en-colombia,true,https,,true,"max-image-preview:large, max-snippet:-1, max-video-preview:-1",7 errores al revisar la declaración de renta en Colombia,56,true,"Evitá siete errores en renta Colombia: año gravable, ingresos, patrimonio, consumos, deducciones, UVT y fechas DIAN.",116,true,7 errores al revisar la declaración de renta en Colombia,1,true,947,false,false,true,false,true,true,true,false,true,21,9,true,blog,
https://hacecuentas.com/blog/7-errores-al-revisar-una-liquidacion-final,200,https://hacecuentas.com/blog/7-errores-al-revisar-una-liquidacion-final,true,https,,true,"max-image-preview:large, max-snippet:-1, max-video-preview:-1",7 errores al revisar una liquidación final,42,true,"Evitá siete errores al revisar una liquidación final: sueldo, días, vacaciones, SAC, bruto, neto y regímenes especiales.",120,true,7 errores al revisar una liquidación final,1,true,1338,false,false,true,false,true,true,true,false,true,22,9,true,blog,
https://hacecuentas.com/blog/7-errores-que-achican-tu-calculo-de-indemnizacion,200,https://hacecuentas.com/blog/7-errores-que-achican-tu-calculo-de-indemnizacion,true,https,,true,"max-image-preview:large, max-snippet:-1, max-video-preview:-1",7 errores que achican tu cálculo de indemnización,49,true,"Revisá siete errores comunes que pueden alterar tu indemnización: sueldo base, antigüedad, variables, fechas, regímenes y documentación.",136,true,7 errores que achican tu cálculo de indemnización,1,true,1344,false,false,true,false,true,true,true,false,true,22,9,true,blog,
https://hacecuentas.com/blog/acuerdo-de-cuota-alimentaria-que-deberia-quedar-por-escrito,200,https://hacecuentas.com/blog/acuerdo-de-cuota-alimentaria-que-deberia-quedar-por-escrito,true,https,,true,"max-image-preview:large, max-snippet:-1, max-video-preview:-1",Acuerdo de cuota alimentaria: qué debería quedar por escrito,60,true,"Checklist para documentar un acuerdo de alimentos con monto, vencimiento, gastos extraordinarios y mecanismo de revisión.",121,true,Acuerdo de cuota alimentaria: qué debería quedar por escrito,1,true,856,true,false,true,false,true,true,true,false,true,21,9,true,blog,
https://hacecuentas.com/blog/aguinaldo-2026-plazo-fijo-dolar-uva-donde-conviene,200,https://hacecuentas.com/blog/aguinaldo-2026-plazo-fijo-dolar-uva-donde-conviene,true,https,,true,"max-image-preview:large, max-snippet:-1, max-video-preview:-1","Aguinaldo 2026: ¿plazo fijo, dólar o UVA? Dónde conviene",56,true,"¿Qué hacer con el aguinaldo 2026: plazo fijo, dólar o UVA? Cómo se comporta cada opción frente a la inflación, qué protege cada una y cómo decidir sin humo.",156,true,"Aguinaldo 2026: ¿plazo fijo, dólar o UVA? Dónde conviene",1,true,1590,false,false,true,false,true,true,true,false,true,25,8,true,blog,
https://hacecuentas.com/blog/aguinaldo-junio-2026-hasta-cuando-pagan,200,https://hacecuentas.com/blog/aguinaldo-junio-2026-hasta-cuando-pagan,true,https,,true,"max-image-preview:large, max-snippet:-1, max-video-preview:-1",Aguinaldo junio 2026: fecha límite y cálculo,44,true,"¿Te pagaron el aguinaldo de junio 2026? El plazo legal (30/6 + 4 días hábiles) ya venció: calculá cuánto te deben y cómo reclamar, gratis y al instante.",152,true,Aguinaldo junio 2026: fecha límite y cálculo,1,true,1632,true,false,true,false,true,true,true,false,true,24,8,true,blog,
https://hacecuentas.com/blog/algebra-y-aritmetica-tarea-resuelta-2026,200,https://hacecuentas.com/blog/algebra-y-aritmetica-tarea-resuelta-2026,true,https,,true,"max-image-preview:large, max-snippet:-1, max-video-preview:-1","Álgebra sin trabas: fracciones, ecuaciones y sistemas",53,true,"Guía para resolver fracciones, regla de tres, potencias y logaritmos, ecuaciones cuadráticas y sistemas por Cramer o Gauss mostrando cada paso…",143,true,"Álgebra sin trabas: fracciones, ecuaciones y sistemas",1,true,1524,true,false,true,false,true,true,true,false,true,36,8,true,blog,
https://hacecuentas.com/blog/alquilar-comprar-construir-cuentas-vivienda-2026,200,https://hacecuentas.com/blog/alquilar-comprar-construir-cuentas-vivienda-2026,true,https,,true,"max-image-preview:large, max-snippet:-1, max-video-preview:-1","Alquilar, comprar o construir: cuentas antes de decidir",55,true,"Aumento de alquiler por ICL o IPC, costo de construcción por m2, gastos de escritura al comprar y el costo real de vivir lejos: las cuatro cuentas…",147,true,"Alquilar, comprar o construir: cuentas antes de decidir",1,true,1381,true,false,true,false,true,true,true,false,true,29,8,true,blog,
https://hacecuentas.com/blog/alquiler-fijo-escalonado-o-indexado-que-opcion-te-conviene,200,https://hacecuentas.com/blog/alquiler-fijo-escalonado-o-indexado-que-opcion-te-conviene,true,https,,true,"max-image-preview:large, max-snippet:-1, max-video-preview:-1","Alquiler fijo, escalonado o indexado: qué opción te conviene",60,true,"Compará alquiler fijo, escalonado e indexado según presupuesto, frecuencia, riesgo y costo total antes de firmar un contrato.",125,true,"Alquiler fijo, escalonado o indexado: qué opción te conviene",1,true,1320,true,false,true,false,true,true,true,false,true,21,9,true,blog,
https://hacecuentas.com/blog/analisis-matematico-primer-parcial-2026,200,https://hacecuentas.com/blog/analisis-matematico-primer-parcial-2026,true,https,,true,"max-image-preview:large, max-snippet:-1, max-video-preview:-1","Análisis matemático: derivadas, límites, integrales y series",60,true,"Cómo encarar derivadas, límites, integrales y sucesiones y series para el parcial: qué regla aplicar en cada caso, con el procedimiento paso a paso…",148,true,"Análisis matemático: derivadas, límites, integrales y series",1,true,1547,true,false,true,false,true,true,true,false,true,30,8,true,blog,
https://hacecuentas.com/blog/anos-bisiestos-y-edad-por-que-aparecen-diferencias,200,https://hacecuentas.com/blog/anos-bisiestos-y-edad-por-que-aparecen-diferencias,true,https,,true,"max-image-preview:large, max-snippet:-1, max-video-preview:-1",Años bisiestos y edad: por qué aparecen diferencias,51,true,Conocé cómo tratar fechas de nacimiento cercanas al 29 de febrero y por qué los días transcurridos no sustituyen al calendario.,127,true,Años bisiestos y edad: por qué aparecen diferencias,1,true,1002,false,false,true,false,true,true,true,false,true,22,8,true,blog,
https://hacecuentas.com/blog/antes-de-adoptar-mascota-cuentas-2026,200,https://hacecuentas.com/blog/antes-de-adoptar-mascota-cuentas-2026,true,https,,true,"max-image-preview:large, max-snippet:-1, max-video-preview:-1",Antes de adoptar una mascota: las 5 cuentas que nadie hace,58,true,"Qué calcular antes de adoptar un perro, gato, pez o tortuga: costo mensual real, cuántos años vive, cuánto ejercicio necesita, gestación y litros…",146,true,Antes de adoptar una mascota: las 5 cuentas que nadie hace,1,true,1711,true,false,true,false,true,true,true,false,true,35,8,true,blog,
https://hacecuentas.com/blog/antiguedad-laboral-dias-trabajados,200,https://hacecuentas.com/blog/antiguedad-laboral-dias-trabajados,true,https,,true,"max-image-preview:large, max-snippet:-1, max-video-preview:-1",Cómo calcular antigüedad laboral y días trabajados,50,true,"Cómo contar años, meses y días de antigüedad y por qué cambia vacaciones, indemnización y otros derechos laborales.",115,true,Cómo calcular antigüedad laboral y días trabajados,1,true,1088,true,false,true,false,true,true,true,false,true,22,9,true,blog,
https://hacecuentas.com/blog/argentino-promedio-ganancias-2026,200,https://hacecuentas.com/blog/argentino-promedio-ganancias-2026,true,https,,true,"max-image-preview:large, max-snippet:-1, max-video-preview:-1",El Argentino Promedio NO Paga Ganancias en 2026,47,true,¿El argentino promedio paga Ganancias en 2026? No: el RIPTE ($1.734.357/mes) está 73% por debajo del umbral de $3.000.046 bruto. Datos oficiales cruzados.,154,true,El argentino promedio NO paga Ganancias en 2026 — Datos oficiales cruzados,1,true,2183,false,false,true,true,true,true,true,false,true,27,8,true,blog,
https://hacecuentas.com/blog/armar-huerta-jardin-desde-cero-2026,200,https://hacecuentas.com/blog/armar-huerta-jardin-desde-cero-2026,true,https,,true,"max-image-preview:large, max-snippet:-1, max-video-preview:-1",Armar tu huerta o jardín desde cero: las 4 cuentas clave,56,true,"Cuándo sembrar cada cosa, cuántas plantas entran en tu espacio, qué maceta y cuánta tierra necesitás y cuántos litros regar.",124,true,Armar tu huerta o jardín desde cero: las 4 cuentas clave,1,true,1576,false,false,true,false,true,true,true,false,true,33,8,true,blog,
https://hacecuentas.com/blog/asado-para-muchos-sin-que-falte-2026,200,https://hacecuentas.com/blog/asado-para-muchos-sin-que-falte-2026,true,https,,true,"max-image-preview:large, max-snippet:-1, max-video-preview:-1","Asado para muchos: carne, empanadas, bebida y tragos justos",59,true,"Cuánta carne por persona para el asado, cuántas empanadas y cuánto carbón, cuánta bebida comprar y cómo armar los tragos. La juntada resuelta con números.",154,true,"Asado para muchos: carne, empanadas, bebida y tragos justos",1,true,1590,false,false,true,false,true,true,true,false,true,33,8,true,blog,
https://hacecuentas.com/blog/asalariado-independiente-o-rentista-que-cambia-en-renta,200,https://hacecuentas.com/blog/asalariado-independiente-o-rentista-que-cambia-en-renta,true,https,,true,"max-image-preview:large, max-snippet:-1, max-video-preview:-1","Asalariado, independiente o rentista: qué cambia en renta",57,true,"Compará renta de asalariados, independientes y rentistas según fuentes, soportes, deducciones, patrimonio y retenciones.",120,true,"Asalariado, independiente o rentista: qué cambia en renta",1,true,1113,false,false,true,false,true,true,true,false,true,21,9,true,blog,
https://hacecuentas.com/blog/aumento-y-descuento-porcentual-como-no-invertir-la-formula,200,https://hacecuentas.com/blog/aumento-y-descuento-porcentual-como-no-invertir-la-formula,true,https,,true,"max-image-preview:large, max-snippet:-1, max-video-preview:-1",Aumento y descuento porcentual: cómo no invertir la fórmula,59,true,Calculá aumentos y descuentos y entendé por qué aplicar 20% de descuento no se revierte con un aumento de 20%.,110,true,Aumento y descuento porcentual: cómo no invertir la fórmula,1,true,885,true,false,true,false,true,true,true,false,true,21,9,true,blog,
https://hacecuentas.com/blog/aumentos-de-alquiler-en-2026-que-cambio-y-que-mirar,200,https://hacecuentas.com/blog/aumentos-de-alquiler-en-2026-que-cambio-y-que-mirar,true,https,,true,"max-image-preview:large, max-snippet:-1, max-video-preview:-1",Aumentos de alquiler en 2026: qué cambió y qué mirar,52,true,"Entendé cómo se calculan los aumentos de alquiler en 2026 según contrato, fecha, moneda, frecuencia e índice pactado.",117,true,Aumentos de alquiler en 2026: qué cambió y qué mirar,1,true,1295,true,false,true,false,true,true,true,false,true,21,9,true,blog,
https://hacecuentas.com/blog/bajar-facturas-luz-gas-eficiencia-2026,200,https://hacecuentas.com/blog/bajar-facturas-luz-gas-eficiencia-2026,true,https,,true,"max-image-preview:large, max-snippet:-1, max-video-preview:-1",Cómo bajar las facturas de luz y gas con números,48,true,"Entendé tu factura de luz y de gas, calculá cuánto gasta el aire o la estufa, cuánto ahorra aislar la casa y cuándo se pagan los paneles solares.",145,true,Cómo bajar las facturas de luz y gas con números,1,true,1652,false,false,true,false,true,true,true,false,true,36,8,true,blog,
https://hacecuentas.com/blog/bebe-y-nino-como-diferenciar-crecimiento-de-desarrollo,200,https://hacecuentas.com/blog/bebe-y-nino-como-diferenciar-crecimiento-de-desarrollo,true,https,,true,"max-image-preview:large, max-snippet:-1, max-video-preview:-1",Crecimiento y desarrollo infantil: cómo diferenciarlos,54,true,"Diferenciá crecimiento físico, desarrollo y maduración para evitar conclusiones a partir de una sola medición.",110,true,Crecimiento y desarrollo infantil: cómo diferenciarlos,1,true,922,false,false,true,false,true,true,true,false,true,22,8,true,blog,
https://hacecuentas.com/blog/benchmarks-de-tasa-de-conversion,200,https://hacecuentas.com/blog/benchmarks-de-tasa-de-conversion,true,https,,true,"max-image-preview:large, max-snippet:-1, max-video-preview:-1",Benchmarks de tasa de conversión | Hacé Cuentas,47,true,"CR = (conversiones ÷ visitas) × 100. Ejemplo: 250 ventas… Incluye explicación, ejemplo resuelto y pasos para aplicar benchmarks de tasa de conversión.",150,true,Benchmarks de tasa de conversión,1,true,2643,true,false,true,false,true,true,true,false,true,19,9,true,blog,
https://hacecuentas.com/blog/calcular-materiales-obra-gruesa-2026,200,https://hacecuentas.com/blog/calcular-materiales-obra-gruesa-2026,true,https,,true,"max-image-preview:large, max-snippet:-1, max-video-preview:-1",Materiales de obra gruesa: cómo calcularlos,43,true,"Guía para calcular hormigón, ladrillos, techo y tanque de agua antes de comprar: reglas prácticas, errores comunes y las calculadoras para cada etapa…",150,true,Materiales de obra gruesa: cómo calcularlos,1,true,1605,false,false,true,false,true,true,true,false,true,33,8,true,blog,
https://hacecuentas.com/blog/calendario-economico-agosto-2026,200,https://hacecuentas.com/blog/calendario-economico-agosto-2026,true,https,,true,"max-image-preview:large, max-snippet:-1, max-video-preview:-1",Calendario económico agosto 2026: pagos y vencimientos,54,true,"Agenda de agosto 2026 en Argentina: ANSES, ARCA, monotributo, inflación, feriado, Ganancias, salarios y alquileres.",115,true,Calendario económico agosto 2026: pagos y vencimientos,1,true,1090,false,false,true,true,true,true,true,false,true,31,8,true,blog,
https://hacecuentas.com/blog/calorias-de-mantenimiento-por-que-cambia-el-resultado,200,https://hacecuentas.com/blog/calorias-de-mantenimiento-por-que-cambia-el-resultado,true,https,,true,"max-image-preview:large, max-snippet:-1, max-video-preview:-1",Calorías de mantenimiento: por qué cambia el resultado,54,true,Conocé por qué las calorías de mantenimiento cambian y cómo ajustar una estimación con datos reales y seguimiento.,114,true,Calorías de mantenimiento: por qué cambia el resultado,1,true,912,true,false,true,false,true,true,true,false,true,23,8,true,blog,
https://hacecuentas.com/blog/calorias-para-bajar-de-peso-como-evitar-un-deficit-extremo,200,https://hacecuentas.com/blog/calorias-para-bajar-de-peso-como-evitar-un-deficit-extremo,true,https,,true,"max-image-preview:large, max-snippet:-1, max-video-preview:-1",Calorías para bajar de peso: cómo evitar un déficit extremo,59,true,Entendé cómo usar una estimación de calorías sin fijar déficits extremos ni reemplazar orientación profesional.,111,true,Calorías para bajar de peso: cómo evitar un déficit extremo,1,true,958,false,false,true,false,true,true,true,false,true,23,8,true,blog,
https://hacecuentas.com/blog/calorias-proteinas-y-fibra-como-mirar-la-calidad-de-la-dieta,200,https://hacecuentas.com/blog/calorias-proteinas-y-fibra-como-mirar-la-calidad-de-la-dieta,true,https,,true,"max-image-preview:large, max-snippet:-1, max-video-preview:-1","Calorías, proteínas y fibra: cómo mirar la calidad",50,true,"Complementá el cálculo calórico con proteínas, fibra, micronutrientes, hidratación y contexto de salud.",103,true,"Calorías, proteínas y fibra: cómo mirar la calidad de la dieta",1,true,935,false,false,true,false,true,true,true,false,true,23,8,true,blog,
https://hacecuentas.com/blog/caso-real-andres-encontro-un-rubro-pendiente-en-su-liquidacion,200,https://hacecuentas.com/blog/caso-real-andres-encontro-un-rubro-pendiente-en-su-liquidacion,true,https,,true,"max-image-preview:large, max-snippet:-1, max-video-preview:-1",Caso real: Andrés encontró un rubro pendiente,45,true,"Andrés comparó recibos, vacaciones y fechas después de renunciar y encontró un rubro pendiente en su liquidación final.",119,true,Caso real: Andrés encontró un rubro pendiente en su liquidación,1,true,1373,false,false,true,false,true,true,true,false,true,22,9,true,blog,
https://hacecuentas.com/blog/caso-real-camila-descubrio-que-miraba-la-categoria-equivocada,200,https://hacecuentas.com/blog/caso-real-camila-descubrio-que-miraba-la-categoria-equivocada,true,https,,true,"max-image-preview:large, max-snippet:-1, max-video-preview:-1",Caso real: Camila descubrió que miraba la categoría,51,true,"Camila comparó su recibo con una escala, detectó una categoría equivocada y preparó un reclamo con tareas y horarios verificables.",130,true,Caso real: Camila descubrió que miraba la categoría equivocada,1,true,1372,true,false,true,false,true,true,true,false,true,22,9,true,blog,
https://hacecuentas.com/blog/caso-real-como-valeria-detecto-un-aumento-mal-aplicado,200,https://hacecuentas.com/blog/caso-real-como-valeria-detecto-un-aumento-mal-aplicado,true,https,,true,"max-image-preview:large, max-snippet:-1, max-video-preview:-1",Caso real: cómo Valeria detectó un aumento mal aplicado,55,true,"Valeria comparó contrato, fechas e índice y descubrió por qué el aumento de alquiler recibido no coincidía con la cuenta pactada.",129,true,Caso real: cómo Valeria detectó un aumento mal aplicado,1,true,1294,true,false,true,false,true,true,true,false,true,21,9,true,blog,
https://hacecuentas.com/blog/caso-real-lucia-comparo-dos-presupuestos-de-construccion,200,https://hacecuentas.com/blog/caso-real-lucia-comparo-dos-presupuestos-de-construccion,true,https,,true,"max-image-preview:large, max-snippet:-1, max-video-preview:-1",Caso real: Lucía comparó dos presupuestos de construcción,57,true,"Lucía comparó dos presupuestos de construcción, separó faltantes y eligió una alternativa realista para una casa de 90 m².",122,true,Caso real: Lucía comparó dos presupuestos de construcción,1,true,1290,false,false,true,false,true,true,true,false,true,21,9,true,blog,
https://hacecuentas.com/blog/caso-real-marina-ordeno-sus-fechas-de-embarazo,200,https://hacecuentas.com/blog/caso-real-marina-ordeno-sus-fechas-de-embarazo,true,https,,true,"max-image-preview:large, max-snippet:-1, max-video-preview:-1",Caso real: Marina ordenó sus fechas de embarazo,47,true,"Marina comparó fechas, consultó una ecografía y aprendió a usar la edad gestacional como referencia, no como diagnóstico.",121,true,Caso real: Marina ordenó sus fechas de embarazo,1,true,1317,true,false,true,false,true,true,true,false,true,22,9,true,blog,
https://hacecuentas.com/blog/caso-real-mateo-comparo-dos-ofertas-de-trabajo,200,https://hacecuentas.com/blog/caso-real-mateo-comparo-dos-ofertas-de-trabajo,true,https,,true,"max-image-preview:large, max-snippet:-1, max-video-preview:-1",Caso real: Mateo comparó dos ofertas de trabajo,47,true,"Mateo comparó dos ofertas laborales separando bruto, neto, bono y beneficios y eligió el ingreso más previsible.",112,true,Caso real: Mateo comparó dos ofertas de trabajo,1,true,1047,false,false,true,false,true,true,true,false,true,22,9,true,blog,
https://hacecuentas.com/blog/caso-real-nicolas-ordeno-sus-ingresos-antes-de-declarar-renta,200,https://hacecuentas.com/blog/caso-real-nicolas-ordeno-sus-ingresos-antes-de-declarar-renta,true,https,,true,"max-image-preview:large, max-snippet:-1, max-video-preview:-1",Caso real: Nicolás ordenó sus ingresos antes de declarar,56,true,"Nicolás ordenó salario, arrendamiento, venta de vehículo y patrimonio para revisar su obligación de declarar renta en Colombia.",127,true,Caso real: Nicolás ordenó sus ingresos antes de declarar renta,1,true,1140,false,false,true,false,true,true,true,false,true,21,9,true,blog,
https://hacecuentas.com/blog/caso-real-paula-reviso-su-liquidacion-despues-del-despido,200,https://hacecuentas.com/blog/caso-real-paula-reviso-su-liquidacion-despues-del-despido,true,https,,true,"max-image-preview:large, max-snippet:-1, max-video-preview:-1",Caso real: Paula revisó su liquidación después del despido,58,true,"Paula recibió una liquidación por despido, revisó recibos y fechas, y aprendió a separar indemnización, preaviso y conceptos pendientes.",136,true,Caso real: Paula revisó su liquidación después del despido,1,true,1376,false,false,true,false,true,true,true,false,true,22,9,true,blog,
https://hacecuentas.com/blog/caso-real-que-descubrio-lucia-al-calcular-su-imc,200,https://hacecuentas.com/blog/caso-real-que-descubrio-lucia-al-calcular-su-imc,true,https,,true,"max-image-preview:large, max-snippet:-1, max-video-preview:-1",Caso real: qué descubrió Lucía al calcular su IMC,49,true,"Lucía buscó un peso ideal exacto, calculó su IMC y aprendió a transformar una cifra aislada en un objetivo razonable, medible y sostenible.",139,true,Caso real: qué descubrió Lucía al calcular su IMC,1,true,1490,true,false,true,false,true,true,true,false,true,22,9,true,blog,
https://hacecuentas.com/blog/caso-real-tomas-no-encajaba-en-una-sola-generacion,200,https://hacecuentas.com/blog/caso-real-tomas-no-encajaba-en-una-sola-generacion,true,https,,true,"max-image-preview:large, max-snippet:-1, max-video-preview:-1",Caso real: Tomás no encajaba en una sola generación,51,true,"Tomás comparó generaciones en su equipo y descubrió que rol, experiencia y contexto explicaban más que una etiqueta por año.",124,true,Caso real: Tomás no encajaba en una sola generación,1,true,948,false,false,true,false,true,true,true,false,true,21,9,true,blog,
https://hacecuentas.com/blog/casos-practicos-de-roi,200,https://hacecuentas.com/blog/casos-practicos-de-roi,true,https,,true,"max-image-preview:large, max-snippet:-1, max-video-preview:-1",Casos prácticos de ROI | Hacé Cuentas,37,true,El ROI (Return On Investment) es el indicador universal de rentabilidad: mide cuánto ganaste respecto a lo que invertiste.,122,true,Casos prácticos de ROI,1,true,1598,true,false,true,false,true,true,true,false,true,15,6,true,blog,
https://hacecuentas.com/blog/ciencia-en-la-cocina-2026,200,https://hacecuentas.com/blog/ciencia-en-la-cocina-2026,true,https,,true,"max-image-preview:large, max-snippet:-1, max-video-preview:-1","Cocina con ciencia: leudado, café, carne al punto y cerveza",59,true,"Cuánto tarda en leudar la masa, cuántos gramos de café por taza, la temperatura interna segura de la carne y los números de tu cerveza casera…",142,true,"Cocina con ciencia: leudado, café, carne al punto y cerveza",1,true,1671,true,false,true,false,true,true,true,false,true,33,8,true,blog,
https://hacecuentas.com/blog/cinco-errores-que-encarecen-un-proyecto-de-impresion-3d,200,https://hacecuentas.com/blog/cinco-errores-que-encarecen-un-proyecto-de-impresion-3d,true,https,,true,"max-image-preview:large, max-snippet:-1, max-video-preview:-1",Cinco errores que encarecen un proyecto de impresión 3D,55,true,"Conocé los errores de diseño, orientación y presupuesto que generan desperdicio y retrasos en impresión 3D.",107,true,Cinco errores que encarecen un proyecto de impresión 3D,1,true,1105,false,false,true,false,true,true,true,false,true,22,8,true,blog,
https://hacecuentas.com/blog/como-actualizar-una-cuota-alimentaria-por-cambios-de-gastos,200,https://hacecuentas.com/blog/como-actualizar-una-cuota-alimentaria-por-cambios-de-gastos,true,https,,true,"max-image-preview:large, max-snippet:-1, max-video-preview:-1",Cómo actualizar una cuota alimentaria por cambios de gastos,59,true,Revisá cómo documentar cambios de gastos e ingresos antes de pedir una actualización de cuota alimentaria.,106,true,Cómo actualizar una cuota alimentaria por cambios de gastos,1,true,884,true,false,true,false,true,true,true,false,true,22,8,true,blog,
https://hacecuentas.com/blog/como-calcular-aguinaldo-2026,200,https://hacecuentas.com/blog/como-calcular-aguinaldo-2026,true,https,,true,"max-image-preview:large, max-snippet:-1, max-video-preview:-1",Cómo calcular el aguinaldo 2026: fórmula y ejemplos,51,true,"Aprendé a calcular el aguinaldo 2026 con la fórmula del 50% del mejor sueldo, ejemplos, proporcional por meses y fechas de pago.",128,true,"Cómo calcular el aguinaldo, sin esperar al recibo.",1,true,1169,true,false,false,true,false,true,true,true,false,91,0,true,blog,
https://hacecuentas.com/blog/como-calcular-aumento-porcentual-entre-dos-valores,200,https://hacecuentas.com/blog/como-calcular-aumento-porcentual-entre-dos-valores,true,https,,true,"max-image-preview:large, max-snippet:-1, max-video-preview:-1",Cómo calcular el aumento porcentual entre dos valores,53,true,"Fórmula para calcular cuánto aumentó o bajó un valor en porcentaje. Ejemplos con precios, sueldo e inflación y errores comunes.",127,true,Cómo calcular el aumento porcentual entre dos valores,1,true,1281,true,false,true,true,true,true,true,false,true,21,9,true,blog,
https://hacecuentas.com/blog/como-calcular-calorias-para-bajar-de-peso,200,https://hacecuentas.com/blog/como-calcular-calorias-para-bajar-de-peso,true,https,,true,"max-image-preview:large, max-snippet:-1, max-video-preview:-1",Cómo calcular calorías para bajar de peso,41,true,"¿Cuántas calorías necesitás para bajar de peso? Calculá tu TDEE (Mifflin-St Jeor), restá 500 kcal y bajá ~0,5 kg por semana. Calculadora gratis.",144,true,Cómo calcular calorías para bajar de peso,1,true,3061,true,false,true,false,true,true,true,false,true,23,8,true,blog,
https://hacecuentas.com/blog/como-calcular-cuantas-calorias-necesitas-por-dia,200,https://hacecuentas.com/blog/como-calcular-cuantas-calorias-necesitas-por-dia,true,https,,true,"max-image-preview:large, max-snippet:-1, max-video-preview:-1",Cómo calcular cuántas calorías necesitás por día,48,true,"Estimá calorías diarias usando edad, sexo, peso, talla y actividad, con límites claros para no convertir el cálculo en diagnóstico.",131,true,Cómo calcular cuántas calorías necesitás por día,1,true,944,true,false,true,false,true,true,true,false,true,23,8,true,blog,
https://hacecuentas.com/blog/como-calcular-cuantos-ladrillos-necesitas-para-una-pared,200,https://hacecuentas.com/blog/como-calcular-cuantos-ladrillos-necesitas-para-una-pared,true,https,,true,"max-image-preview:large, max-snippet:-1, max-video-preview:-1",Cómo calcular cuántos ladrillos necesitás para una pared,56,true,"Calculá ladrillos por metro cuadrado considerando medidas, junta de mortero, cortes y un margen de desperdicio.",111,true,Cómo calcular cuántos ladrillos necesitás para una pared,1,true,920,false,false,true,false,true,true,true,false,true,22,8,true,blog,
https://hacecuentas.com/blog/como-calcular-descuentos-sucesivos,200,https://hacecuentas.com/blog/como-calcular-descuentos-sucesivos,true,https,,true,"max-image-preview:large, max-snippet:-1, max-video-preview:-1",Cómo calcular descuentos sucesivos sin sumarlos,47,true,"Aprendé a combinar dos o más descuentos y obtener el precio final y el descuento equivalente. Fórmula, tabla y ejemplos paso a paso.",132,true,Cómo calcular descuentos sucesivos sin sumarlos,1,true,1232,true,false,true,true,true,true,true,false,true,21,9,true,blog,
https://hacecuentas.com/blog/como-calcular-el-costo-de-un-viaje-con-nafta-y-peajes,200,https://hacecuentas.com/blog/como-calcular-el-costo-de-un-viaje-con-nafta-y-peajes,true,https,,true,"max-image-preview:large, max-snippet:-1, max-video-preview:-1",Cómo calcular el costo de un viaje con nafta y peajes,53,true,"Calculá un viaje en auto con consumo, distancia, precio de combustible, peajes y un margen para desvíos.",104,true,Cómo calcular el costo de un viaje con nafta y peajes,1,true,1018,true,false,true,false,true,true,true,false,true,22,8,true,blog,
https://hacecuentas.com/blog/como-calcular-el-costo-real-de-una-impresion-3d,200,https://hacecuentas.com/blog/como-calcular-el-costo-real-de-una-impresion-3d,true,https,,true,"max-image-preview:large, max-snippet:-1, max-video-preview:-1",Cómo calcular el costo real de una impresión 3D,47,true,"Aprendé a estimar una impresión 3D considerando filamento, tiempo, energía, fallas y terminación antes de presupuestar.",119,true,Cómo calcular el costo real de una impresión 3D,1,true,967,false,false,true,false,true,true,true,false,true,22,8,true,blog,
https://hacecuentas.com/blog/como-calcular-el-monotributo-paso-a-paso,200,https://hacecuentas.com/blog/como-calcular-el-monotributo-paso-a-paso,true,https,,true,"max-image-preview:large, max-snippet:-1, max-video-preview:-1",Cómo calcular el monotributo paso a paso,40,true,"Entendé cómo revisar el monotributo separando facturación, categoría, actividad, obra social y período vigente.",111,true,Cómo calcular el monotributo paso a paso,1,true,889,false,false,true,false,true,true,true,false,true,22,8,true,blog,
https://hacecuentas.com/blog/como-calcular-el-piso-flotante-necesario,200,https://hacecuentas.com/blog/como-calcular-el-piso-flotante-necesario,true,https,,true,"max-image-preview:large, max-snippet:-1, max-video-preview:-1",Cómo calcular el piso flotante necesario | Hacé Cuentas,55,true,Antes de ir al corralon o a Easy necesitas saber cuantas cajas de piso flotante comprar para cubrir tu ambiente.,112,true,Cómo calcular el piso flotante necesario,1,true,1371,true,false,true,false,true,true,true,false,true,19,9,true,blog,
https://hacecuentas.com/blog/como-calcular-el-promedio-ponderado,200,https://hacecuentas.com/blog/como-calcular-el-promedio-ponderado,true,https,,true,"max-image-preview:large, max-snippet:-1, max-video-preview:-1",Cómo calcular el promedio ponderado | Hacé Cuentas,50,true,"Aprendé a calcular un promedio ponderado paso a paso, asignando el peso correcto a cada valor y comprobando el resultado con un ejemplo resuelto.",145,true,Cómo calcular el promedio ponderado,1,true,1352,true,false,true,false,true,true,true,false,true,20,9,true,blog,
https://hacecuentas.com/blog/como-calcular-el-rendimiento-de-un-plazo-fijo,200,https://hacecuentas.com/blog/como-calcular-el-rendimiento-de-un-plazo-fijo,true,https,,true,"max-image-preview:large, max-snippet:-1, max-video-preview:-1",Cómo calcular el rendimiento de un plazo fijo,45,true,"Calculá el rendimiento orientativo de un plazo fijo separando capital, tasa, plazo, impuestos y renovación.",107,true,Cómo calcular el rendimiento de un plazo fijo,1,true,1028,true,false,true,false,true,true,true,false,true,23,8,true,blog,
https://hacecuentas.com/blog/como-calcular-el-seguro-de-desempleo-en-argentina,200,https://hacecuentas.com/blog/como-calcular-el-seguro-de-desempleo-en-argentina,true,https,,true,"max-image-preview:large, max-snippet:-1, max-video-preview:-1",Cómo calcular el seguro de desempleo en Argentina,49,true,"Ordená una estimación del seguro de desempleo argentino separando causal, aportes, documentación y fecha de solicitud.",118,true,Cómo calcular el seguro de desempleo en Argentina,1,true,963,false,false,true,false,true,true,true,false,true,23,8,true,blog,
https://hacecuentas.com/blog/como-calcular-el-sueldo-de-una-empleada-domestica,200,https://hacecuentas.com/blog/como-calcular-el-sueldo-de-una-empleada-domestica,true,https,,true,"max-image-preview:large, max-snippet:-1, max-video-preview:-1",Cómo calcular el sueldo de una empleada doméstica,49,true,"Ordená la liquidación de una trabajadora de casas particulares considerando modalidad, jornada, antigüedad y conceptos vigentes.",128,true,Cómo calcular el sueldo de una empleada doméstica,1,true,1027,false,false,true,false,true,true,true,false,true,23,8,true,blog,
https://hacecuentas.com/blog/como-calcular-el-sueldo-neto-en-paraguay,200,https://hacecuentas.com/blog/como-calcular-el-sueldo-neto-en-paraguay,true,https,,true,"max-image-preview:large, max-snippet:-1, max-video-preview:-1",Cómo calcular el sueldo neto en Paraguay,40,true,"Ordená una estimación de sueldo neto paraguayo separando salario bruto, aportes, descuentos y fecha de vigencia.",112,true,Cómo calcular el sueldo neto en Paraguay,1,true,1051,false,false,true,false,true,true,true,false,true,23,8,true,blog,
https://hacecuentas.com/blog/como-calcular-el-valor-de-millas-de-un-programa-de-viajes,200,https://hacecuentas.com/blog/como-calcular-el-valor-de-millas-de-un-programa-de-viajes,true,https,,true,"max-image-preview:large, max-snippet:-1, max-video-preview:-1",Cómo calcular el valor de millas de un programa de viajes,57,true,"Calculá el valor aproximado de millas comparando precio del canje, tasas, costo alternativo y disponibilidad.",109,true,Cómo calcular el valor de millas de un programa de viajes,1,true,918,true,false,true,false,true,true,true,false,true,22,8,true,blog,
https://hacecuentas.com/blog/como-calcular-gastos-de-escritura-de-una-propiedad,200,https://hacecuentas.com/blog/como-calcular-gastos-de-escritura-de-una-propiedad,true,https,,true,"max-image-preview:large, max-snippet:-1, max-video-preview:-1",Cómo calcular gastos de escritura de una propiedad,50,true,"Ordená los gastos de escritura separando precio, honorarios, impuestos, certificados, sellos y costos de inscripción.",117,true,Cómo calcular gastos de escritura de una propiedad,1,true,915,false,false,true,false,true,true,true,false,true,22,8,true,blog,
https://hacecuentas.com/blog/como-calcular-horas-extras-y-recargos-en-colombia,200,https://hacecuentas.com/blog/como-calcular-horas-extras-y-recargos-en-colombia,true,https,,true,"max-image-preview:large, max-snippet:-1, max-video-preview:-1",Cómo calcular horas extras y recargos en Colombia,49,true,"Ordená el cálculo de horas extra y recargos en Colombia separando salario, jornada, horario y fecha de vigencia.",112,true,Cómo calcular horas extras y recargos en Colombia,1,true,1045,false,false,true,false,true,true,true,false,true,23,8,true,blog,
https://hacecuentas.com/blog/como-calcular-ingresos-brutos-en-argentina,200,https://hacecuentas.com/blog/como-calcular-ingresos-brutos-en-argentina,true,https,,true,"max-image-preview:large, max-snippet:-1, max-video-preview:-1",Cómo calcular Ingresos Brutos en Argentina,42,true,"Entendé cómo ordenar una estimación de Ingresos Brutos separando facturación, jurisdicción, alícuota, retenciones y fecha.",122,true,Cómo calcular Ingresos Brutos en Argentina,1,true,852,true,false,true,false,true,true,true,false,true,20,9,true,blog,
https://hacecuentas.com/blog/como-calcular-interes-compuesto,200,https://hacecuentas.com/blog/como-calcular-interes-compuesto,true,https,,true,"max-image-preview:large, max-snippet:-1, max-video-preview:-1",Cómo calcular el interés compuesto — Fórmula y ejemplos,55,true,"¿Cómo se calcula el interés compuesto? Fórmula A = P × (1+r/n)^(n×t) paso a paso, regla del 72 y ejemplos: $100.000 al 5% en 10 años se vuelven $164.701.",153,true,Cómo calcular el interés compuesto — Fórmula y ejemplos,1,true,2824,true,true,true,false,true,true,true,false,true,21,9,true,blog,
https://hacecuentas.com/blog/como-calcular-la-diferencia-entre-dos-fechas-para-planificar-un-plazo,200,https://hacecuentas.com/blog/como-calcular-la-diferencia-entre-dos-fechas-para-planificar-un-plazo,true,https,,true,"max-image-preview:large, max-snippet:-1, max-video-preview:-1",Diferencia entre dos fechas: cómo calcular un plazo,51,true,"Calculá plazos y diferencias entre fechas aclarando si el resultado se expresa en días calendario, meses completos o años.",122,true,Diferencia entre dos fechas: cómo calcular un plazo,1,true,970,false,false,true,false,true,true,true,false,true,22,8,true,blog,
https://hacecuentas.com/blog/como-calcular-la-edad-exacta-en-anos-meses-y-dias,200,https://hacecuentas.com/blog/como-calcular-la-edad-exacta-en-anos-meses-y-dias,true,https,,true,"max-image-preview:large, max-snippet:-1, max-video-preview:-1","Cómo calcular la edad exacta en años, meses y días",50,true,Calculá edad exacta entre fecha de nacimiento y fecha de referencia teniendo en cuenta meses de distinta duración y años bisiestos.,131,true,"Cómo calcular la edad exacta en años, meses y días",1,true,993,false,false,true,false,true,true,true,false,true,22,8,true,blog,
https://hacecuentas.com/blog/como-calcular-la-patente-de-un-auto,200,https://hacecuentas.com/blog/como-calcular-la-patente-de-un-auto,true,https,,true,"max-image-preview:large, max-snippet:-1, max-video-preview:-1",Cómo calcular la patente de un auto,35,true,"Entendé cómo se estima la patente automotor separando valuación, jurisdicción, cuotas, bonificaciones y fecha.",110,true,Cómo calcular la patente de un auto,1,true,841,true,false,true,false,true,true,true,false,true,20,9,true,blog,
https://hacecuentas.com/blog/como-calcular-la-rentabilidad-mensual,200,https://hacecuentas.com/blog/como-calcular-la-rentabilidad-mensual,true,https,,true,"max-image-preview:large, max-snippet:-1, max-video-preview:-1",Cómo calcular la rentabilidad mensual | Hacé Cuentas,52,true,La ganancia resta costos variables y fijos a los ingresos; la rentabilidad la compara con el capital invertido.,111,true,Cómo calcular la rentabilidad mensual,1,true,1307,true,false,true,false,true,true,true,false,true,22,9,true,blog,
https://hacecuentas.com/blog/como-calcular-la-tasa-mensual-equivalente-de-un-plazo-fijo,200,https://hacecuentas.com/blog/como-calcular-la-tasa-mensual-equivalente-de-un-plazo-fijo,true,https,,true,"max-image-preview:large, max-snippet:-1, max-video-preview:-1",Cómo calcular la tasa mensual equivalente de un plazo fijo,58,true,Convertí una tasa anual en una estimación para el plazo del depósito y diferenciá proporcionalidad de capitalización.,117,true,Cómo calcular la tasa mensual equivalente de un plazo fijo,1,true,1003,false,false,true,false,true,true,true,false,true,23,8,true,blog,
https://hacecuentas.com/blog/como-calcular-mortero-para-una-pared-de-ladrillos,200,https://hacecuentas.com/blog/como-calcular-mortero-para-una-pared-de-ladrillos,true,https,,true,"max-image-preview:large, max-snippet:-1, max-video-preview:-1",Cómo calcular mortero para una pared de ladrillos,49,true,"Estimá mortero para mampostería separando superficie, tipo de ladrillo, espesor de junta y desperdicio.",103,true,Cómo calcular mortero para una pared de ladrillos,1,true,849,false,false,true,false,true,true,true,false,true,22,8,true,blog,
https://hacecuentas.com/blog/como-calcular-porcentajes,200,https://hacecuentas.com/blog/como-calcular-porcentajes,true,https,,true,"max-image-preview:large, max-snippet:-1, max-video-preview:-1",Cómo calcular porcentajes: guía + calculadora online,52,true,"¿Cómo se calcula un porcentaje? Número × porcentaje ÷ 100: el 15% de $80.000 es $12.000. Guía con calculadora, regla de tres, trucos mentales, IVA…",147,true,Cómo calcular porcentajes: guía + calculadora online,1,true,2741,true,false,true,false,true,true,true,false,true,22,8,true,blog,
https://hacecuentas.com/blog/como-calcular-un-porcentaje-de-una-cantidad,200,https://hacecuentas.com/blog/como-calcular-un-porcentaje-de-una-cantidad,true,https,,true,"max-image-preview:large, max-snippet:-1, max-video-preview:-1",Cómo calcular un porcentaje de una cantidad,43,true,"Aprendé a calcular porcentajes, aumentos y descuentos con fórmulas simples y ejemplos cotidianos.",97,true,Cómo calcular un porcentaje de una cantidad,1,true,916,true,false,true,false,true,true,true,false,true,22,8,true,blog,
https://hacecuentas.com/blog/como-calcular-una-cuota-alimentaria-sin-usar-una-cifra-universal,200,https://hacecuentas.com/blog/como-calcular-una-cuota-alimentaria-sin-usar-una-cifra-universal,true,https,,true,"max-image-preview:large, max-snippet:-1, max-video-preview:-1",Cómo calcular una cuota alimentaria sin usar una cifra,54,true,"Entendé cómo ordenar una estimación de cuota alimentaria considerando necesidades, ingresos, cuidado y gastos extraordinarios.",126,true,Cómo calcular una cuota alimentaria sin usar una cifra universal,1,true,864,true,false,true,false,true,true,true,false,true,22,8,true,blog,
https://hacecuentas.com/blog/como-comparar-dos-presupuestos-de-escribania,200,https://hacecuentas.com/blog/como-comparar-dos-presupuestos-de-escribania,true,https,,true,"max-image-preview:large, max-snippet:-1, max-video-preview:-1",Cómo comparar dos presupuestos de escribanía,44,true,"Compará presupuestos notariales por alcance, bases, impuestos, honorarios, vigencia y servicios incluidos.",106,true,Cómo comparar dos presupuestos de escribanía,1,true,738,false,false,true,false,true,true,true,false,true,17,7,true,blog,
https://hacecuentas.com/blog/como-conciliar-ingresos-brutos-con-ventas-y-cobros,200,https://hacecuentas.com/blog/como-conciliar-ingresos-brutos-con-ventas-y-cobros,true,https,,true,"max-image-preview:large, max-snippet:-1, max-video-preview:-1",Cómo conciliar Ingresos Brutos con ventas y cobros,50,true,"Armá una conciliación mensual para controlar ventas, cobros, retenciones y pagos de Ingresos Brutos.",100,true,Cómo conciliar Ingresos Brutos con ventas y cobros,1,true,887,false,false,true,false,true,true,true,false,true,21,8,true,blog,
https://hacecuentas.com/blog/como-controlar-una-liquidacion-de-horas-extras-en-colombia,200,https://hacecuentas.com/blog/como-controlar-una-liquidacion-de-horas-extras-en-colombia,true,https,,true,"max-image-preview:large, max-snippet:-1, max-video-preview:-1",Cómo controlar una liquidación de horas extras en Colombia,58,true,"Compará registro de horas, valor ordinario, recargos y pago final para detectar diferencias en una nómina colombiana.",117,true,Cómo controlar una liquidación de horas extras en Colombia,1,true,977,true,false,true,false,true,true,true,false,true,23,8,true,blog,
https://hacecuentas.com/blog/como-convertir-talles-de-ropa-sin-equivocarse,200,https://hacecuentas.com/blog/como-convertir-talles-de-ropa-sin-equivocarse,true,https,,true,"max-image-preview:large, max-snippet:-1, max-video-preview:-1",Cómo convertir talles de ropa sin equivocarse,45,true,"Convertí talles de ropa con una tabla de medidas y verificá país, marca, prenda y sistema antes de comprar.",107,true,Cómo convertir talles de ropa sin equivocarse,1,true,996,false,false,true,false,true,true,true,false,true,22,8,true,blog,
https://hacecuentas.com/blog/como-devolver-una-compra-cuando-el-talle-no-coincide,200,https://hacecuentas.com/blog/como-devolver-una-compra-cuando-el-talle-no-coincide,true,https,,true,"max-image-preview:large, max-snippet:-1, max-video-preview:-1",Cómo devolver una compra cuando el talle no coincide,52,true,"Organizá un cambio de talle con medidas, comprobantes, estado del producto y condiciones de devolución.",103,true,Cómo devolver una compra cuando el talle no coincide,1,true,1005,false,false,true,false,true,true,true,false,true,22,8,true,blog,
https://hacecuentas.com/blog/como-documentar-un-canje-de-millas-para-compararlo-despues,200,https://hacecuentas.com/blog/como-documentar-un-canje-de-millas-para-compararlo-despues,true,https,,true,"max-image-preview:large, max-snippet:-1, max-video-preview:-1",Cómo documentar un canje de millas para compararlo después,58,true,"Creá un registro simple de canjes de millas con ruta, fecha, tasas, puntos usados y valor estimado.",99,true,Cómo documentar un canje de millas para compararlo después,1,true,942,false,false,true,false,true,true,true,false,true,22,8,true,blog,
https://hacecuentas.com/blog/como-elegir-talle-de-pantalon-usando-cintura-cadera-y-tiro,200,https://hacecuentas.com/blog/como-elegir-talle-de-pantalon-usando-cintura-cadera-y-tiro,true,https,,true,"max-image-preview:large, max-snippet:-1, max-video-preview:-1","Cómo elegir talle de pantalón usando cintura, cadera y tiro",59,true,"Aprendé a medir cintura, cadera, tiro y largo para elegir pantalones con menos riesgo de error.",95,true,"Cómo elegir talle de pantalón usando cintura, cadera y tiro",1,true,1025,false,false,true,false,true,true,true,false,true,22,8,true,blog,
https://hacecuentas.com/blog/como-estimar-combustible-cuando-todavia-no-conoces-el-consumo-del-auto,200,https://hacecuentas.com/blog/como-estimar-combustible-cuando-todavia-no-conoces-el-consumo-del-auto,true,https,,true,"max-image-preview:large, max-snippet:-1, max-video-preview:-1",Cómo estimar combustible sin conocer el consumo del auto,56,true,Estimá consumo de combustible con datos del fabricante y registros propios antes de planificar un viaje.,104,true,Cómo estimar combustible sin conocer el consumo del auto,1,true,1005,false,false,true,false,true,true,true,false,true,22,8,true,blog,
https://hacecuentas.com/blog/como-estimar-ladrillos-para-una-habitacion-con-puertas-y-ventanas,200,https://hacecuentas.com/blog/como-estimar-ladrillos-para-una-habitacion-con-puertas-y-ventanas,true,https,,true,"max-image-preview:large, max-snippet:-1, max-video-preview:-1",Cómo estimar ladrillos para una habitación con puertas,54,true,Calculá ladrillos de una habitación restando puertas y ventanas y agregando un margen de cortes y roturas.,106,true,Cómo estimar ladrillos para una habitación con puertas y ventanas,1,true,851,false,false,true,false,true,true,true,false,true,21,8,true,blog,
https://hacecuentas.com/blog/como-fijar-precios-con-markup,200,https://hacecuentas.com/blog/como-fijar-precios-con-markup,true,https,,true,"max-image-preview:large, max-snippet:-1, max-video-preview:-1",Cómo fijar precios con markup | Hacé Cuentas,44,true,"Calculá el precio de venta con markup sin confundirlo con margen: fórmula, ejemplo comercial y control para cubrir costos y rentabilidad.",137,true,Cómo fijar precios con markup,1,true,1777,true,true,true,false,true,true,true,false,true,20,9,true,blog,
https://hacecuentas.com/blog/como-interpretar-una-curva-de-crecimiento-infantil,200,https://hacecuentas.com/blog/como-interpretar-una-curva-de-crecimiento-infantil,true,https,,true,"max-image-preview:large, max-snippet:-1, max-video-preview:-1",Cómo interpretar una curva de crecimiento infantil,50,true,"Entendé cómo se relacionan edad, peso, talla y percentiles en el seguimiento del crecimiento infantil.",102,true,Cómo interpretar una curva de crecimiento infantil,1,true,971,false,false,true,false,true,true,true,false,true,23,8,true,blog,
https://hacecuentas.com/blog/como-invertir-en-plazo-fijo-2026,200,https://hacecuentas.com/blog/como-invertir-en-plazo-fijo-2026,true,https,,true,"max-image-preview:large, max-snippet:-1, max-video-preview:-1",Plazo fijo 2026 Argentina: cómo invertir y cuánto rinde,55,true,"¿Cuánto rinde un plazo fijo en 2026? $1.000.000 a 30 días al 32% TNA deja $26.301. Tasas por banco, tradicional vs UVA e impuestos, gratis y al instante.",153,true,Plazo fijo 2026 Argentina: cómo invertir y cuánto rinde,1,true,4517,true,true,true,false,true,true,true,false,true,25,8,true,blog,
https://hacecuentas.com/blog/como-juntar-millas-sin-perder-de-vista-el-costo-real,200,https://hacecuentas.com/blog/como-juntar-millas-sin-perder-de-vista-el-costo-real,true,https,,true,"max-image-preview:large, max-snippet:-1, max-video-preview:-1",Cómo juntar millas sin perder de vista el costo real,52,true,"Analizá el costo de acumular millas considerando comisiones, consumo, bonos, vencimiento y posibilidad real de canje.",117,true,Cómo juntar millas sin perder de vista el costo real,1,true,932,false,false,true,false,true,true,true,false,true,22,8,true,blog,
https://hacecuentas.com/blog/como-leer-un-recibo-de-sueldo-de-paraguay,200,https://hacecuentas.com/blog/como-leer-un-recibo-de-sueldo-de-paraguay,true,https,,true,"max-image-preview:large, max-snippet:-1, max-video-preview:-1",Cómo leer un recibo de sueldo de Paraguay,41,true,"Identificá período, salario, bonificaciones, descuentos y neto en un recibo de sueldo paraguayo.",96,true,Cómo leer un recibo de sueldo de Paraguay,1,true,1012,false,false,true,false,true,true,true,false,true,23,8,true,blog,
https://hacecuentas.com/blog/como-leer-una-retencion-de-ganancias-en-el-recibo-de-sueldo,200,https://hacecuentas.com/blog/como-leer-una-retencion-de-ganancias-en-el-recibo-de-sueldo,true,https,,true,"max-image-preview:large, max-snippet:-1, max-video-preview:-1",Cómo leer una retención de Ganancias en el recibo de sueldo,59,true,"Aprendé a leer la retención de Ganancias en tu recibo, identificar acumulados y separar cambios de salario de cambios fiscales.",127,true,Cómo leer una retención de Ganancias en el recibo de sueldo,1,true,1032,false,false,true,false,true,true,true,false,true,22,8,true,blog,
https://hacecuentas.com/blog/como-organizar-la-registracion-de-una-trabajadora-de-casas-particulares,200,https://hacecuentas.com/blog/como-organizar-la-registracion-de-una-trabajadora-de-casas-particulares,true,https,,true,"max-image-preview:large, max-snippet:-1, max-video-preview:-1",Cómo registrar a una trabajadora de casas particulares,54,true,"Armá un control mensual de registración, pagos, licencias y recibos para trabajo en casas particulares.",103,true,Cómo registrar a una trabajadora de casas particulares,1,true,895,true,false,true,false,true,true,true,false,true,20,8,true,blog,
https://hacecuentas.com/blog/como-organizar-un-calendario-mensual-de-monotributo,200,https://hacecuentas.com/blog/como-organizar-un-calendario-mensual-de-monotributo,true,https,,true,"max-image-preview:large, max-snippet:-1, max-video-preview:-1",Cómo organizar un calendario mensual de monotributo,51,true,"Armá un calendario de monotributo con facturación, cuota, recategorización, ingresos brutos y documentación.",108,true,Cómo organizar un calendario mensual de monotributo,1,true,904,false,false,true,false,true,true,true,false,true,21,8,true,blog,
https://hacecuentas.com/blog/como-pasar-porcentaje-a-decimal-y-fraccion,200,https://hacecuentas.com/blog/como-pasar-porcentaje-a-decimal-y-fraccion,true,https,,true,"max-image-preview:large, max-snippet:-1, max-video-preview:-1",Cómo pasar un porcentaje a decimal y fracción,45,true,"Convertí porcentajes a decimales y fracciones simplificadas, y hacé el camino inverso. Tabla de equivalencias y ejemplos con decimales.",135,true,Cómo pasar un porcentaje a decimal y fracción,1,true,1101,true,false,true,true,true,true,true,false,true,21,9,true,blog,
https://hacecuentas.com/blog/como-planificar-el-pago-anual-de-patente,200,https://hacecuentas.com/blog/como-planificar-el-pago-anual-de-patente,true,https,,true,"max-image-preview:large, max-snippet:-1, max-video-preview:-1",Cómo planificar el pago anual de patente,40,true,"Convertí la patente anual en un presupuesto mensual y separá impuesto, recargos, descuentos y mantenimiento del auto.",117,true,Cómo planificar el pago anual de patente,1,true,911,false,false,true,false,true,true,true,false,true,22,8,true,blog,
https://hacecuentas.com/blog/como-planificar-ingresos-mientras-esperas-el-seguro-de-desempleo,200,https://hacecuentas.com/blog/como-planificar-ingresos-mientras-esperas-el-seguro-de-desempleo,true,https,,true,"max-image-preview:large, max-snippet:-1, max-video-preview:-1",Cómo planificar ingresos mientras esperás el seguro,51,true,Armá un presupuesto de transición sin contar como seguro un beneficio aún no aprobado.,86,true,Cómo planificar ingresos mientras esperás el seguro de desempleo,1,true,1012,false,false,true,false,true,true,true,false,true,22,8,true,blog,
https://hacecuentas.com/blog/como-preparar-dinero-para-una-escritura-sin-sobregirarse,200,https://hacecuentas.com/blog/como-preparar-dinero-para-una-escritura-sin-sobregirarse,true,https,,true,"max-image-preview:large, max-snippet:-1, max-video-preview:-1",Cómo preparar dinero para una escritura sin sobregirarse,56,true,"Prepará un plan de caja para la escritura separando anticipo, saldo, impuestos, honorarios y gastos variables.",110,true,Cómo preparar dinero para una escritura sin sobregirarse,1,true,923,false,false,true,false,true,true,true,false,true,22,8,true,blog,
https://hacecuentas.com/blog/como-presupuestar-horas-extra-antes-de-aceptar-un-turno,200,https://hacecuentas.com/blog/como-presupuestar-horas-extra-antes-de-aceptar-un-turno,true,https,,true,"max-image-preview:large, max-snippet:-1, max-video-preview:-1",Cómo presupuestar horas extra antes de aceptar un turno,55,true,"Estimá un turno adicional en Colombia identificando salario, horario, día, recargo, autorización y fecha normativa.",115,true,Cómo presupuestar horas extra antes de aceptar un turno,1,true,1004,false,false,true,false,true,true,true,false,true,23,8,true,blog,
https://hacecuentas.com/blog/como-presupuestar-un-prototipo-impreso-en-3d,200,https://hacecuentas.com/blog/como-presupuestar-un-prototipo-impreso-en-3d,true,https,,true,"max-image-preview:large, max-snippet:-1, max-video-preview:-1",Cómo presupuestar un prototipo impreso en 3D,44,true,"Armá un presupuesto de prototipo 3D con diseño, prueba, material, tiempo de máquina, ajustes y entrega.",103,true,Cómo presupuestar un prototipo impreso en 3D,1,true,1017,false,false,true,false,true,true,true,false,true,19,8,true,blog,
https://hacecuentas.com/blog/como-registrar-calorias-sin-que-el-seguimiento-se-vuelva-imposible,200,https://hacecuentas.com/blog/como-registrar-calorias-sin-que-el-seguimiento-se-vuelva-imposible,true,https,,true,"max-image-preview:large, max-snippet:-1, max-video-preview:-1",Cómo registrar calorías sin que el seguimiento se vuelva,56,true,"Organizá un registro alimentario flexible con porciones, horarios, hambre y actividad sin perseguir una precisión falsa.",120,true,Cómo registrar calorías sin que el seguimiento se vuelva imposible,1,true,949,false,false,true,false,true,true,true,false,true,23,8,true,blog,
https://hacecuentas.com/blog/como-repartir-el-costo-de-un-viaje-en-auto-entre-pasajeros,200,https://hacecuentas.com/blog/como-repartir-el-costo-de-un-viaje-en-auto-entre-pasajeros,true,https,,true,"max-image-preview:large, max-snippet:-1, max-video-preview:-1",Cómo repartir el costo de un viaje en auto entre pasajeros,58,true,"Aprendé a dividir nafta, peajes y gastos de viaje de manera transparente según pasajeros, tramos y pagos realizados.",116,true,Cómo repartir el costo de un viaje en auto entre pasajeros,1,true,962,false,false,true,false,true,true,true,false,true,21,9,true,blog,
https://hacecuentas.com/blog/como-saber-a-que-generacion-perteneces,200,https://hacecuentas.com/blog/como-saber-a-que-generacion-perteneces,true,https,,true,"max-image-preview:large, max-snippet:-1, max-video-preview:-1",Cómo saber a qué generación pertenecés,38,true,Ubicá tu generación según año de nacimiento y entendé por qué las etiquetas son aproximadas y dependen del contexto.,116,true,Cómo saber a qué generación pertenecés,1,true,1001,false,false,true,false,true,true,true,false,true,21,9,true,blog,
https://hacecuentas.com/blog/como-saber-cuanto-cuesta-construir-por-metro-cuadrado,200,https://hacecuentas.com/blog/como-saber-cuanto-cuesta-construir-por-metro-cuadrado,true,https,,true,"max-image-preview:large, max-snippet:-1, max-video-preview:-1",Cómo saber cuánto cuesta construir por metro cuadrado,53,true,"Estimá el costo de construcción por m² según superficie, terminación, ubicación y rubros incluidos sin confundir obra y terreno.",128,true,Cómo saber cuánto cuesta construir por metro cuadrado,1,true,1359,false,false,true,false,true,true,true,false,true,21,9,true,blog,
https://hacecuentas.com/blog/como-saber-cuanto-puede-aumentar-tu-alquiler,200,https://hacecuentas.com/blog/como-saber-cuanto-puede-aumentar-tu-alquiler,true,https,,true,"max-image-preview:large, max-snippet:-1, max-video-preview:-1",Cómo saber cuánto puede aumentar tu alquiler,44,true,"Revisá contrato, fechas, índice y frecuencia para calcular cuánto puede aumentar tu alquiler y separar el alquiler de las expensas.",131,true,Cómo saber cuánto puede aumentar tu alquiler,1,true,1290,true,false,true,false,true,true,true,false,true,21,9,true,blog,
https://hacecuentas.com/blog/como-saber-cuanto-te-corresponde-por-convenio,200,https://hacecuentas.com/blog/como-saber-cuanto-te-corresponde-por-convenio,true,https,,true,"max-image-preview:large, max-snippet:-1, max-video-preview:-1",Cómo saber cuánto te corresponde por convenio,45,true,"Identificá convenio, categoría, jornada y adicionales para comparar tu sueldo con la referencia salarial vigente en agosto de 2026.",131,true,Cómo saber cuánto te corresponde por convenio,1,true,1404,false,false,true,false,true,true,true,false,true,22,9,true,blog,
https://hacecuentas.com/blog/como-saber-cuanto-te-corresponde-por-despido,200,https://hacecuentas.com/blog/como-saber-cuanto-te-corresponde-por-despido,true,https,,true,"max-image-preview:large, max-snippet:-1, max-video-preview:-1",Cómo saber cuánto te corresponde por despido,44,true,"Ordená antigüedad, sueldo, preaviso y vacaciones para estimar tu indemnización por despido y revisar la liquidación antes de firmar.",132,true,Cómo saber cuánto te corresponde por despido,1,true,1363,false,false,true,false,true,true,true,false,true,22,9,true,blog,
https://hacecuentas.com/blog/como-saber-cuanto-te-queda-de-un-sueldo-bruto,200,https://hacecuentas.com/blog/como-saber-cuanto-te-queda-de-un-sueldo-bruto,true,https,,true,"max-image-preview:large, max-snippet:-1, max-video-preview:-1",Cómo saber cuánto te queda de un sueldo bruto,45,true,"Entendé la diferencia entre sueldo bruto y neto, revisá descuentos y compará ofertas laborales con la misma medida.",115,true,Cómo saber cuánto te queda de un sueldo bruto,1,true,1264,false,false,true,false,true,true,true,false,true,22,9,true,blog,
https://hacecuentas.com/blog/como-saber-de-cuantas-semanas-estas-embarazada,200,https://hacecuentas.com/blog/como-saber-de-cuantas-semanas-estas-embarazada,true,https,,true,"max-image-preview:large, max-snippet:-1, max-video-preview:-1",Cómo saber de cuántas semanas estás embarazada,46,true,"Calculá tus semanas de embarazo desde la última menstruación, entendé la fecha probable de parto y prepará mejor tu próxima consulta.",133,true,Cómo saber de cuántas semanas estás embarazada,1,true,1398,false,false,true,false,true,true,true,false,true,22,9,true,blog,
https://hacecuentas.com/blog/como-saber-si-tenes-que-declarar-renta-en-colombia,200,https://hacecuentas.com/blog/como-saber-si-tenes-que-declarar-renta-en-colombia,true,https,,true,"max-image-preview:large, max-snippet:-1, max-video-preview:-1",Cómo saber si tenés que declarar renta en Colombia,50,true,"Revisá ingresos, patrimonio, consumos, UVT y documentos para saber si debés declarar renta como persona natural en Colombia.",124,true,Cómo saber si tenés que declarar renta en Colombia,1,true,950,false,false,true,false,true,true,true,false,true,21,9,true,blog,
https://hacecuentas.com/blog/como-saber-si-tu-liquidacion-final-esta-bien-calculada,200,https://hacecuentas.com/blog/como-saber-si-tu-liquidacion-final-esta-bien-calculada,true,https,,true,"max-image-preview:large, max-snippet:-1, max-video-preview:-1",Cómo saber si tu liquidación final está bien calculada,54,true,"Revisá sueldo, vacaciones, aguinaldo, preaviso e indemnización para entender si tu liquidación final está completa.",115,true,Cómo saber si tu liquidación final está bien calculada,1,true,1372,false,false,true,false,true,true,true,false,true,22,9,true,blog,
https://hacecuentas.com/blog/como-saber-si-tu-peso-es-saludable-segun-tu-altura,200,https://hacecuentas.com/blog/como-saber-si-tu-peso-es-saludable-segun-tu-altura,true,https,,true,"max-image-preview:large, max-snippet:-1, max-video-preview:-1",Cómo saber si tu peso es saludable según tu altura,50,true,"Calculá tu peso saludable según altura, entendé qué indica el IMC y elegí un objetivo razonable sin perseguir un número perfecto ni ignorar tu contexto.",152,true,Cómo saber si tu peso es saludable según tu altura,1,true,1661,true,false,true,false,true,true,true,false,true,22,9,true,blog,
https://hacecuentas.com/blog/como-sacar-el-valor-original-de-un-porcentaje,200,https://hacecuentas.com/blog/como-sacar-el-valor-original-de-un-porcentaje,true,https,,true,"max-image-preview:large, max-snippet:-1, max-video-preview:-1",Cómo sacar el valor original de un porcentaje,45,true,"Cómo encontrar el total cuando conocés una parte y su porcentaje, o recuperar un precio antes de un aumento o descuento. Fórmulas y ejemplos.",141,true,Cómo sacar el valor original de un porcentaje,1,true,1279,true,false,true,true,true,true,true,false,true,21,9,true,blog,
https://hacecuentas.com/blog/como-simular-un-cambio-de-sueldo-con-ganancias-sin-sobreestimar-el-neto,200,https://hacecuentas.com/blog/como-simular-un-cambio-de-sueldo-con-ganancias-sin-sobreestimar-el-neto,true,https,,true,"max-image-preview:large, max-snippet:-1, max-video-preview:-1",Cambio de sueldo y Ganancias: cómo simular el neto,50,true,Armá escenarios de sueldo con retenciones y deducciones sin confundir una simulación orientativa con una liquidación fiscal.,124,true,Cambio de sueldo y Ganancias: cómo simular el neto,1,true,1000,false,false,true,false,true,true,true,false,true,22,8,true,blog,
https://hacecuentas.com/blog/comprar-auto-usado-guia-decisiones-2026,200,https://hacecuentas.com/blog/comprar-auto-usado-guia-decisiones-2026,true,https,,true,"max-image-preview:large, max-snippet:-1, max-video-preview:-1","Comprar auto: qué mirar, qué trámites pagás y si conviene",57,true,"Antes de comprar un auto: si te conviene contra Uber, eléctrico o nafta, cómo leer la ficha técnica, cuánto sale la transferencia y cuándo toca la VTV.",151,true,"Comprar auto: qué mirar, qué trámites pagás y si conviene",1,true,1817,true,false,true,false,true,true,true,false,true,37,8,true,blog,
https://hacecuentas.com/blog/contar-dias-plazos-feriados-2026,200,https://hacecuentas.com/blog/contar-dias-plazos-feriados-2026,true,https,,true,"max-image-preview:large, max-snippet:-1, max-video-preview:-1","Contar días, plazos y feriados sin equivocarte",46,true,"Cómo contar días entre fechas, días hábiles descontando feriados, cuánto falta para una fecha y qué findes largos vienen: método correcto y errores comunes.",156,true,"Contar días, plazos y feriados sin equivocarte: guía práctica",1,true,1488,false,false,true,false,true,true,true,false,true,35,8,true,blog,
https://hacecuentas.com/blog/controles-de-salud-numeros-familia-2026,200,https://hacecuentas.com/blog/controles-de-salud-numeros-familia-2026,true,https,,true,"max-image-preview:large, max-snippet:-1, max-video-preview:-1",Números de salud para revisar en familia,40,true,"IMC y peso ideal en adultos, percentiles de crecimiento en chicos y semanas de embarazo: qué mide cada indicador, cómo interpretarlo sin alarmarse…",147,true,Números de salud para revisar en familia,1,true,1389,true,false,true,false,true,true,true,false,true,28,8,true,blog,
https://hacecuentas.com/blog/convertir-unidades-sin-errores-2026,200,https://hacecuentas.com/blog/convertir-unidades-sin-errores-2026,true,https,,true,"max-image-preview:large, max-snippet:-1, max-video-preview:-1","Cómo convertir unidades sin errores: peso, longitud y más",57,true,"Guía para convertir kilos a libras, metros a pies, litros a galones, grados y números a letras sin errores: factores exactos, trampas comunes y reglas…",151,true,"Cómo convertir unidades sin errores: peso, longitud y más",1,true,1596,true,false,true,false,true,true,true,false,true,36,8,true,blog,
https://hacecuentas.com/blog/conviene-imprimir-en-3d-o-comprar-una-pieza-terminada,200,https://hacecuentas.com/blog/conviene-imprimir-en-3d-o-comprar-una-pieza-terminada,true,https,,true,"max-image-preview:large, max-snippet:-1, max-video-preview:-1",¿Conviene imprimir en 3D o comprar una pieza terminada?,55,true,"Compará impresión 3D, compra de piezas y métodos tradicionales según volumen, diseño, plazo, calidad y costo total.",115,true,¿Conviene imprimir en 3D o comprar una pieza terminada?,1,true,1025,false,false,true,false,true,true,true,false,true,22,8,true,blog,
https://hacecuentas.com/blog/costo-de-construccion-por-m2-en-2026-que-revisar-este-ano,200,https://hacecuentas.com/blog/costo-de-construccion-por-m2-en-2026-que-revisar-este-ano,true,https,,true,"max-image-preview:large, max-snippet:-1, max-video-preview:-1",Costo de construcción por m² en 2026: qué revisar este año,58,true,"Revisá cómo actualizar el costo de construcción por m² en 2026 usando fecha, alcance, índices, materiales, mano de obra y etapas.",129,true,Costo de construcción por m² en 2026: qué revisar este año,1,true,1329,false,false,true,false,true,true,true,false,true,21,9,true,blog,
https://hacecuentas.com/blog/costo-de-vida-argentina-2026,200,https://hacecuentas.com/blog/costo-de-vida-argentina-2026,true,https,,true,"max-image-preview:large, max-snippet:-1, max-video-preview:-1",Costo de vida en Argentina 2026: gastos y presupuesto,53,true,"Estimá cuánto cuesta vivir en Argentina en 2026 según vivienda, comida, transporte y servicios, con presupuesto y datos actualizados.",133,true,"Cuánto cuesta vivir, según tu vida real.",1,true,1100,true,false,false,true,false,true,true,true,false,91,0,true,blog,
https://hacecuentas.com/blog/crecimiento-infantil-que-datos-llevar-a-la-consulta,200,https://hacecuentas.com/blog/crecimiento-infantil-que-datos-llevar-a-la-consulta,true,https,,true,"max-image-preview:large, max-snippet:-1, max-video-preview:-1",Crecimiento infantil: datos útiles para la consulta,51,true,"Prepará un registro de crecimiento con fechas, medidas, alimentación, antecedentes y preguntas para el equipo de salud.",119,true,Crecimiento infantil: datos útiles para la consulta,1,true,929,true,false,true,false,true,true,true,false,true,22,8,true,blog,
https://hacecuentas.com/blog/cuantas-calorias-comer-y-como-repartirlas-2026,200,https://hacecuentas.com/blog/cuantas-calorias-comer-y-como-repartirlas-2026,true,https,,true,"max-image-preview:large, max-snippet:-1, max-video-preview:-1",Cuántas calorías comer por día y cómo repartirlas bien,54,true,"Guía en 4 pasos para ordenar tu alimentación: calorías diarias con TDEE, calorías de cada alimento, reparto de macros por objetivo y micronutrientes…",149,true,Cuántas calorías comer por día y cómo repartirlas bien,1,true,1621,true,false,true,false,true,true,true,false,true,34,8,true,blog,
https://hacecuentas.com/blog/cuanto-cuesta-calefaccionar-casa-invierno-2026,200,https://hacecuentas.com/blog/cuanto-cuesta-calefaccionar-casa-invierno-2026,true,https,,true,"max-image-preview:large, max-snippet:-1, max-video-preview:-1",Cuánto cuesta calefaccionar la casa este invierno 2026,54,true,"Gas, eléctrico o tiro balanceado: cuánto gasta cada sistema para calefaccionar, cómo dimensionar lo que tu ambiente necesita y dónde se va la plata…",148,true,Cuánto cuesta calefaccionar la casa este invierno 2026,1,true,1548,false,false,true,false,true,true,true,false,true,22,9,true,blog,
https://hacecuentas.com/blog/cuanto-cuesta-mantener-un-auto-2026,200,https://hacecuentas.com/blog/cuanto-cuesta-mantener-un-auto-2026,true,https,,true,"max-image-preview:large, max-snippet:-1, max-video-preview:-1","Cuánto cuesta tener un auto: patente, nafta y service",53,true,"El costo real de tener auto en Argentina: patente por provincia, consumo de nafta, mantenimiento y depreciación.",112,true,"Cuánto cuesta tener un auto: patente, nafta y service",1,true,1736,false,false,true,false,true,true,true,false,true,34,8,true,blog,
https://hacecuentas.com/blog/cuanto-queda-del-sueldo-impuestos-ahorro-2026,200,https://hacecuentas.com/blog/cuanto-queda-del-sueldo-impuestos-ahorro-2026,true,https,,true,"max-image-preview:large, max-snippet:-1, max-video-preview:-1","Cuánto queda del sueldo: bruto, neto y ahorro",45,true,"Del bruto al bolsillo: cómo pasar de sueldo bruto a neto, cuándo pagás Ganancias de cuarta categoría, cuándo conviene monotributo vs relación…",142,true,"Cuánto queda del sueldo: bruto, neto y ahorro",1,true,1400,true,false,true,false,true,true,true,false,true,30,8,true,blog,
https://hacecuentas.com/blog/cuentas-de-todos-los-dias-guia-rapida-2026,200,https://hacecuentas.com/blog/cuentas-de-todos-los-dias-guia-rapida-2026,true,https,,true,"max-image-preview:large, max-snippet:-1, max-video-preview:-1",5 cuentas de todos los días que suelen salir mal,48,true,"Convertir talles de ropa y zapatillas, sacar un porcentaje sin equivocarse, calcular la edad exacta, saber de qué generación sos y presupuestar…",144,true,5 cuentas de todos los días que suelen salir mal,1,true,1399,true,false,true,false,true,true,true,false,true,31,8,true,blog,
https://hacecuentas.com/blog/cuentas-de-tu-setup-tech-2026,200,https://hacecuentas.com/blog/cuentas-de-tu-setup-tech-2026,true,https,,true,"max-image-preview:large, max-snippet:-1, max-video-preview:-1","FPS, gigas y tokens: las cuentas de tu setup que nadie hace",59,true,"Cuántos FPS te da tu PC, cuántos GB son de verdad y cuánto te cuesta la API de IA: las tres cuentas que definen tu setup tech, con calculadoras.",144,true,"FPS, gigas y tokens: las cuentas de tu setup que nadie hace",1,true,1513,false,false,true,false,true,true,true,false,true,28,8,true,blog,
https://hacecuentas.com/blog/cuidar-bien-perro-gato-numeros-2026,200,https://hacecuentas.com/blog/cuidar-bien-perro-gato-numeros-2026,true,https,,true,"max-image-preview:large, max-snippet:-1, max-video-preview:-1","Cuidar bien a tu perro o gato: ración, peso ideal y edad",56,true,"Las 4 cuentas para cuidar bien a tu mascota: gramos de comida por día, peso ideal por raza y edad de tu perro o gato en años humanos.",133,true,"Cuidar bien a tu perro o gato: ración, peso ideal y edad real",1,true,1694,true,false,true,false,true,true,true,false,true,33,8,true,blog,
https://hacecuentas.com/blog/cuota-alimentaria-que-gastos-conviene-documentar,200,https://hacecuentas.com/blog/cuota-alimentaria-que-gastos-conviene-documentar,true,https,,true,"max-image-preview:large, max-snippet:-1, max-video-preview:-1",Cuota alimentaria: qué gastos conviene documentar,49,true,"Organizá comprobantes de salud, educación, vivienda y alimentación para fundamentar una cuota alimentaria.",106,true,Cuota alimentaria: qué gastos conviene documentar,1,true,877,false,false,true,false,true,true,true,false,true,22,8,true,blog,
https://hacecuentas.com/blog/cuota-alimentaria-y-cuidado-compartido-como-ordenar-la-conversacion,200,https://hacecuentas.com/blog/cuota-alimentaria-y-cuidado-compartido-como-ordenar-la-conversacion,true,https,,true,"max-image-preview:large, max-snippet:-1, max-video-preview:-1",Cuota alimentaria y cuidado compartido: cómo organizarse,56,true,"Organizá una conversación sobre cuota alimentaria y cuidado compartido separando tiempo, gastos directos y necesidades de los hijos.",132,true,Cuota alimentaria y cuidado compartido: cómo organizarse,1,true,916,false,false,true,false,true,true,true,false,true,21,8,true,blog,
https://hacecuentas.com/blog/deducciones-de-ganancias-errores-que-pueden-cambiar-el-resultado,200,https://hacecuentas.com/blog/deducciones-de-ganancias-errores-que-pueden-cambiar-el-resultado,true,https,,true,"max-image-preview:large, max-snippet:-1, max-video-preview:-1",Deducciones de Ganancias: errores que pueden cambiar,52,true,"Conocé errores de fechas, comprobantes y cargas de familia que pueden alterar una liquidación de Ganancias.",107,true,Deducciones de Ganancias: errores que pueden cambiar el resultado,1,true,1024,false,false,true,false,true,true,true,false,true,22,8,true,blog,
https://hacecuentas.com/blog/derechos-recibo-de-sueldo-2026,200,https://hacecuentas.com/blog/derechos-recibo-de-sueldo-2026,true,https,,true,"max-image-preview:large, max-snippet:-1, max-video-preview:-1","Recibo de sueldo: aguinaldo, horas extra y vacaciones",53,true,"Cómo se calculan el aguinaldo, las horas extra y las vacaciones según la LCT, y cómo saber si tu sueldo le gana a la inflación.",127,true,"Recibo de sueldo: aguinaldo, horas extra y vacaciones",1,true,1803,true,false,true,false,true,true,true,false,true,34,8,true,blog,
https://hacecuentas.com/blog/despido-o-fin-de-contrato-como-distinguir-el-seguro-de-desempleo,200,https://hacecuentas.com/blog/despido-o-fin-de-contrato-como-distinguir-el-seguro-de-desempleo,true,https,,true,"max-image-preview:large, max-snippet:-1, max-video-preview:-1",Despido o fin de contrato: cómo distinguir el seguro,52,true,"Diferenciá despido, vencimiento de contrato, renuncia y otras causales antes de estimar el seguro de desempleo.",111,true,Despido o fin de contrato: cómo distinguir el seguro de desempleo,1,true,1018,false,false,true,false,true,true,true,false,true,22,8,true,blog,
https://hacecuentas.com/blog/dormir-mejor-y-habitos-saludables-2026,200,https://hacecuentas.com/blog/dormir-mejor-y-habitos-saludables-2026,true,https,,true,"max-image-preview:large, max-snippet:-1, max-video-preview:-1","Sueño, pantallas y hábitos: cuánto es saludable por día",55,true,"Cuántas horas dormir según tu edad, cuánta pantalla es razonable, la dosis de hábitos como alcohol y sol, y el peso a ganar en el embarazo…",139,true,"Sueño, pantallas y hábitos: cuánto es saludable por día",1,true,1684,false,false,true,false,true,true,true,false,true,33,8,true,blog,
https://hacecuentas.com/blog/edad-exacta-de-un-bebe-semanas-meses-y-dias-sin-confundir-unidades,200,https://hacecuentas.com/blog/edad-exacta-de-un-bebe-semanas-meses-y-dias-sin-confundir-unidades,true,https,,true,"max-image-preview:large, max-snippet:-1, max-video-preview:-1","Edad exacta de un bebé: semanas, meses y días",45,true,"Aprendé a diferenciar edad en días, semanas, meses y años al registrar la edad de un bebé o preparar una consulta.",114,true,"Edad exacta de un bebé: semanas, meses y días",1,true,986,false,false,true,false,true,true,true,false,true,22,8,true,blog,
https://hacecuentas.com/blog/edad-exacta-para-tramites-que-fecha-de-corte-corresponde,200,https://hacecuentas.com/blog/edad-exacta-para-tramites-que-fecha-de-corte-corresponde,true,https,,true,"max-image-preview:large, max-snippet:-1, max-video-preview:-1",Edad exacta para trámites: qué fecha de corte corresponde,57,true,"Entendé cómo elegir la fecha de corte al calcular edad para trámites, inscripciones, becas o beneficios.",104,true,Edad exacta para trámites: qué fecha de corte corresponde,1,true,1006,true,false,true,false,true,true,true,false,true,22,8,true,blog,
https://hacecuentas.com/blog/ejercicios-de-combinatoria-resueltos,200,https://hacecuentas.com/blog/ejercicios-de-combinatoria-resueltos,true,https,,true,"max-image-preview:large, max-snippet:-1, max-video-preview:-1",Ejercicios de combinatoria resueltos | Hacé Cuentas,51,true,"Practicá combinaciones y permutaciones con ejercicios resueltos paso a paso, identificando cuándo importa el orden y qué fórmula usar.",134,true,Ejercicios de combinatoria resueltos,1,true,1376,true,false,true,false,true,true,true,false,true,19,9,true,blog,
https://hacecuentas.com/blog/el-aire-acondicionado-necesario-con-ejemplos-paso-a-paso,200,https://hacecuentas.com/blog/el-aire-acondicionado-necesario-con-ejemplos-paso-a-paso,true,https,,true,"max-image-preview:large, max-snippet:-1, max-video-preview:-1",el aire acondicionado necesario con ejemplos paso a paso,56,true,"Regla base: 100 frig/m² en ambiente de orientación… Incluye explicación, ejemplo resuelto y pasos para aplicar el aire acondicionado necesario…",143,true,el aire acondicionado necesario con ejemplos paso a paso,1,true,1492,false,true,true,false,true,true,true,false,true,19,9,true,blog,
https://hacecuentas.com/blog/el-capital-de-trabajo-con-ejemplos-paso-a-paso,200,https://hacecuentas.com/blog/el-capital-de-trabajo-con-ejemplos-paso-a-paso,true,https,,true,"max-image-preview:large, max-snippet:-1, max-video-preview:-1",el capital de trabajo con ejemplos paso a paso,46,true,"El capital de trabajo neto es activos corrientes menos… Incluye explicación, ejemplo resuelto y pasos para aplicar el capital de trabajo con ejemplos…",150,true,el capital de trabajo con ejemplos paso a paso,1,true,1213,true,true,true,false,true,true,true,false,true,21,9,true,blog,
https://hacecuentas.com/blog/el-impuesto-a-las-ganancias-con-ejemplos-paso-a-paso,200,https://hacecuentas.com/blog/el-impuesto-a-las-ganancias-con-ejemplos-paso-a-paso,true,https,,true,"max-image-preview:large, max-snippet:-1, max-video-preview:-1",el Impuesto a las Ganancias con ejemplos paso a paso,52,true,"Calculá Ganancias de cuarta categoría con un ejemplo paso a paso: sueldo bruto, deducciones, aguinaldo y escala aplicable en Argentina.",135,true,el Impuesto a las Ganancias con ejemplos paso a paso,1,true,1412,false,true,true,false,true,true,true,false,true,19,9,true,blog,
https://hacecuentas.com/blog/el-poder-de-compra-con-ejemplos-paso-a-paso,200,https://hacecuentas.com/blog/el-poder-de-compra-con-ejemplos-paso-a-paso,true,https,,true,"max-image-preview:large, max-snippet:-1, max-video-preview:-1",el poder de compra con ejemplos paso a paso | Hacé Cuentas,58,true,"Con 30% de inflación anual, $100.000 de hoy valen… Incluye explicación, ejemplo resuelto y pasos para aplicar el poder de compra con ejemplos paso a paso.",154,true,el poder de compra con ejemplos paso a paso,1,true,1898,true,false,true,false,true,true,true,false,true,20,9,true,blog,
https://hacecuentas.com/blog/el-precio-por-kilo-con-ejemplos-paso-a-paso,200,https://hacecuentas.com/blog/el-precio-por-kilo-con-ejemplos-paso-a-paso,true,https,,true,"max-image-preview:large, max-snippet:-1, max-video-preview:-1",el precio por kilo con ejemplos paso a paso | Hacé Cuentas,58,true,"Comparador precio por kg/L: cuál conviene según… Incluye explicación, ejemplo resuelto y pasos para aplicar el precio por kilo con ejemplos paso a paso.",152,true,el precio por kilo con ejemplos paso a paso,1,true,1603,true,false,true,false,true,true,true,false,true,20,9,true,blog,
https://hacecuentas.com/blog/el-sac-proporcional-con-ejemplos-paso-a-paso,200,https://hacecuentas.com/blog/el-sac-proporcional-con-ejemplos-paso-a-paso,true,https,,true,"max-image-preview:large, max-snippet:-1, max-video-preview:-1",el SAC proporcional con ejemplos paso a paso | Hacé Cuentas,59,true,"Se parte del 50% de la mejor remuneración mensual del… Incluye explicación, ejemplo resuelto y pasos para aplicar el sac proporcional con ejemplos paso…",152,true,el SAC proporcional con ejemplos paso a paso,1,true,1204,true,true,true,false,true,true,true,false,true,21,9,true,blog,
https://hacecuentas.com/blog/electricidad-hogar-conectado-2026,200,https://hacecuentas.com/blog/electricidad-hogar-conectado-2026,true,https,,true,"max-image-preview:large, max-snippet:-1, max-video-preview:-1","Cables, baterías y wifi: las cuentas del hogar conectado",56,true,"Sección de cable, térmica, resistencias, autonomía de baterías y velocidad de internet: los cálculos para instalar y conectar tu casa sin adivinar.",147,true,"Cables, baterías y wifi: las cuentas del hogar conectado",1,true,1616,true,false,true,false,true,true,true,false,true,33,8,true,blog,
https://hacecuentas.com/blog/empezar-a-invertir-cuentas-basicas-2026,200,https://hacecuentas.com/blog/empezar-a-invertir-cuentas-basicas-2026,true,https,,true,"max-image-preview:large, max-snippet:-1, max-video-preview:-1",Empezar a invertir: las 4 cuentas que tenés que saber,53,true,"Interés compuesto, TNA vs TEA, dólar vs plazo fijo, CEDEARs y ganancia real con cripto: las cuentas que hay que entender antes de poner un peso, sin humo.",154,true,Empezar a invertir: las 4 cuentas que tenés que saber,1,true,1761,true,false,true,false,true,true,true,false,true,34,8,true,blog,
https://hacecuentas.com/blog/entrenar-para-una-carrera-con-numeros-2026,200,https://hacecuentas.com/blog/entrenar-para-una-carrera-con-numeros-2026,true,https,,true,"max-image-preview:large, max-snippet:-1, max-video-preview:-1","Entrenar para una carrera con números: plan, ritmo y zonas",58,true,"Te anotaste a una carrera: calculá cuántas semanas de plan necesitás, tu pace objetivo, tus zonas de frecuencia cardíaca y las calorías que quemás…",147,true,"Entrenar para una carrera con números: plan, ritmo y zonas",1,true,1659,true,false,true,false,true,true,true,false,true,34,8,true,blog,
https://hacecuentas.com/blog/errores-al-calcular-el-promedio-ponderado,200,https://hacecuentas.com/blog/errores-al-calcular-el-promedio-ponderado,true,https,,true,"max-image-preview:large, max-snippet:-1, max-video-preview:-1",Errores al calcular el promedio ponderado | Hacé Cuentas,56,true,"Evitá los errores más comunes del promedio ponderado: pesos que no suman, porcentajes mal convertidos y valores mezclados sin una misma unidad.",143,true,Errores al calcular el promedio ponderado,1,true,1647,true,false,true,false,true,true,true,false,true,20,9,true,blog,
https://hacecuentas.com/blog/errores-al-estimar-el-salario-neto-paraguayo,200,https://hacecuentas.com/blog/errores-al-estimar-el-salario-neto-paraguayo,true,https,,true,"max-image-preview:large, max-snippet:-1, max-video-preview:-1",Errores al estimar el salario neto paraguayo,44,true,"Evitá errores al pasar de salario bruto a neto en Paraguay y separá descuentos, beneficios, bonos y tipo de cambio.",115,true,Errores al estimar el salario neto paraguayo,1,true,1029,false,false,true,false,true,true,true,false,true,23,8,true,blog,
https://hacecuentas.com/blog/errores-al-estimar-ganancias-de-un-plazo-fijo,200,https://hacecuentas.com/blog/errores-al-estimar-ganancias-de-un-plazo-fijo,true,https,,true,"max-image-preview:large, max-snippet:-1, max-video-preview:-1",Errores al estimar ganancias de un plazo fijo,45,true,"Evitá errores de días, tasas, renovación, inflación y liquidez al proyectar un plazo fijo.",90,true,Errores al estimar ganancias de un plazo fijo,1,true,1067,false,false,true,false,true,true,true,false,true,23,8,true,blog,
https://hacecuentas.com/blog/errores-comunes-del-punto-de-equilibrio,200,https://hacecuentas.com/blog/errores-comunes-del-punto-de-equilibrio,true,https,,true,"max-image-preview:large, max-snippet:-1, max-video-preview:-1",Errores comunes del punto de equilibrio | Hacé Cuentas,54,true,"Detectá errores al calcular el punto de equilibrio: costos omitidos, margen unitario incorrecto, IVA mezclado y volúmenes poco realistas.",137,true,Errores comunes del punto de equilibrio,1,true,2021,true,false,true,false,true,true,true,false,true,20,9,true,blog,
https://hacecuentas.com/blog/errores-frecuentes-al-liquidar-casas-particulares,200,https://hacecuentas.com/blog/errores-frecuentes-al-liquidar-casas-particulares,true,https,,true,"max-image-preview:large, max-snippet:-1, max-video-preview:-1",Errores frecuentes al liquidar casas particulares,49,true,"Detectá errores habituales al liquidar trabajo en casas particulares y revisá jornada, feriados, vacaciones y documentación.",124,true,Errores frecuentes al liquidar casas particulares,1,true,967,true,false,true,false,true,true,true,false,true,21,8,true,blog,
https://hacecuentas.com/blog/errores-frecuentes-al-pagar-ingresos-brutos,200,https://hacecuentas.com/blog/errores-frecuentes-al-pagar-ingresos-brutos,true,https,,true,"max-image-preview:large, max-snippet:-1, max-video-preview:-1",Errores frecuentes al pagar Ingresos Brutos,43,true,"Detectá errores de base, actividad, jurisdicción, retenciones y fechas al calcular Ingresos Brutos.",99,true,Errores frecuentes al pagar Ingresos Brutos,1,true,860,false,false,true,false,true,true,true,false,true,22,8,true,blog,
https://hacecuentas.com/blog/escala-ganancias-2026-argentina-tabla-completa-explicada,200,https://hacecuentas.com/blog/escala-ganancias-2026-argentina-tabla-completa-explicada,true,https,,true,"max-image-preview:large, max-snippet:-1, max-video-preview:-1",Escala de Ganancias 2026: tabla completa y calculadora,54,true,"Consultá la tabla de Ganancias 2026, entendé cada tramo y calculá la alícuota marginal y efectiva con ejemplos claros para Argentina.",133,true,"Escala de Ganancias 2026: la tabla completa, explicada sin vueltas.",1,true,1187,true,false,true,true,true,true,true,true,true,95,28,true,blog,
https://hacecuentas.com/blog/escritura-de-un-inmueble-costos-que-suelen-olvidarse,200,https://hacecuentas.com/blog/escritura-de-un-inmueble-costos-que-suelen-olvidarse,true,https,,true,"max-image-preview:large, max-snippet:-1, max-video-preview:-1",Escritura de un inmueble: costos que suelen olvidarse,53,true,Identificá costos y trámites que pueden aparecer además de honorarios al preparar la escritura de un inmueble.,110,true,Escritura de un inmueble: costos que suelen olvidarse,1,true,885,false,false,true,false,true,true,true,false,true,22,8,true,blog,
https://hacecuentas.com/blog/esperando-un-bebe-cuentas-clave-2026,200,https://hacecuentas.com/blog/esperando-un-bebe-cuentas-clave-2026,true,https,,true,"max-image-preview:large, max-snippet:-1, max-video-preview:-1","Esperar un bebé con números: fertilidad, parto y crecimiento",60,true,"De los días fértiles a la fecha probable de parto, los percentiles de crecimiento y el presupuesto mensual del bebé: las cuatro cuentas de la etapa.",148,true,"Esperar un bebé con números: fertilidad, parto y crecimiento",1,true,1700,true,false,true,false,true,true,true,false,true,33,8,true,blog,
https://hacecuentas.com/blog/estadistica-desde-cero,200,https://hacecuentas.com/blog/estadistica-desde-cero,true,https,,true,"max-image-preview:large, max-snippet:-1, max-video-preview:-1","Estadística desde cero: dispersión, probabilidad",48,true,"Guía práctica con calculadoras conectadas para estadística desde cero: dispersión, probabilidad y combinatoria.",111,true,"Estadística desde cero: dispersión, probabilidad y combinatoria",1,true,1118,true,false,true,false,true,true,true,false,true,25,8,true,blog,
https://hacecuentas.com/blog/estadistica-y-probabilidad-sin-vueltas-2026,200,https://hacecuentas.com/blog/estadistica-y-probabilidad-sin-vueltas-2026,true,https,,true,"max-image-preview:large, max-snippet:-1, max-video-preview:-1",Estadística y probabilidad: qué calcular en cada caso,53,true,"Cuándo usar estadística descriptiva, cuándo inferencial y cuándo probabilidad: media y desvío, intervalos de confianza, combinatoria y distribución…",148,true,Estadística y probabilidad: qué calcular en cada caso,1,true,1538,true,false,true,false,true,true,true,false,true,30,8,true,blog,
https://hacecuentas.com/blog/feriado-17-agosto-2026,200,https://hacecuentas.com/blog/feriado-17-agosto-2026,true,https,,true,"max-image-preview:large, max-snippet:-1, max-video-preview:-1",Feriado del 17 de agosto de 2026: cómo se paga si trabajás,58,true,"El 17 de agosto de 2026 cae lunes y forma un fin de semana largo. Qué se conmemora, si se trabaja y cómo se paga.",113,true,Feriado del 17 de agosto de 2026: cómo se paga si trabajás,1,true,1059,false,false,true,false,true,true,true,false,true,21,9,true,blog,
https://hacecuentas.com/blog/feriados-que-quedan-2026-argentina-findes-largos,200,https://hacecuentas.com/blog/feriados-que-quedan-2026-argentina-findes-largos,true,https,,true,"max-image-preview:large, max-snippet:-1, max-video-preview:-1",Feriados 2026 Argentina: los 6 que quedan y 4 findes largos,59,true,"Quedan 6 feriados en 2026 en Argentina y 4 findes largos, incluido uno de 4 días en diciembre. El próximo es el 17 de agosto: mirá las fechas.",142,true,Feriados que quedan en 2026 en Argentina: fechas confirmadas y cómo aprovechar los findes largos,1,true,2544,false,false,true,true,true,true,true,false,true,24,8,true,blog,
https://hacecuentas.com/blog/feriados-y-horas-extra-en-casas-particulares-que-controlar,200,https://hacecuentas.com/blog/feriados-y-horas-extra-en-casas-particulares-que-controlar,true,https,,true,"max-image-preview:large, max-snippet:-1, max-video-preview:-1",Feriados y horas extra en casas particulares: qué controlar,59,true,Revisá cómo documentar feriados y horas adicionales en una relación de casas particulares sin mezclar conceptos.,112,true,Feriados y horas extra en casas particulares: qué controlar,1,true,1001,false,false,true,false,true,true,true,false,true,23,8,true,blog,
https://hacecuentas.com/blog/finde-asado-22-julio-2026,200,https://hacecuentas.com/blog/finde-asado-22-julio-2026,true,https,,true,"max-image-preview:large, max-snippet:-1, max-video-preview:-1",Cuánto comprar para el asado del finde,38,true,"La guía para comprar el asado del fin de semana sin pasarte ni quedarte corto: cuánta carne, achuras, cerveza y empanadas por persona, con la regla…",148,true,Cuánto comprar para el asado del finde,1,true,1241,false,false,true,false,true,true,true,false,true,25,8,true,blog,
https://hacecuentas.com/blog/finde-escapada-auto-27-julio-2026,200,https://hacecuentas.com/blog/finde-escapada-auto-27-julio-2026,true,https,,true,"max-image-preview:large, max-snippet:-1, max-video-preview:-1","Escapada del finde en auto: nafta, peajes y a qué hora salir",60,true,"Antes de salir de escapada el finde: cuánta nafta vas a gastar, cuánto suman los peajes y a qué hora conviene salir para llegar con luz.",136,true,"Escapada del finde en auto: nafta, peajes y a qué hora salir",1,true,1311,false,false,true,false,true,true,true,false,true,25,8,true,blog,
https://hacecuentas.com/blog/finde-juntada-5-agosto-2026,200,https://hacecuentas.com/blog/finde-juntada-5-agosto-2026,true,https,,true,"max-image-preview:large, max-snippet:-1, max-video-preview:-1",Juntada del finde: bebida y picada por persona,46,true,"Organizás la juntada del finde: cuánta cerveza, picada y snacks por persona para que no falte ni te sobre medio supermercado.",125,true,Juntada del finde: bebida y picada por persona,1,true,1233,false,false,true,false,true,true,true,false,true,24,8,true,blog,
https://hacecuentas.com/blog/finde-largo-13-junio-2026,200,https://hacecuentas.com/blog/finde-largo-13-junio-2026,true,https,,true,"max-image-preview:large, max-snippet:-1, max-video-preview:-1",Finde largo del 13 al 15 de junio 2026,38,true,Finde largo del 13 al 15 de junio de 2026: 3 días por Paso a la Inmortalidad del Gral. Martín Miguel de Güemes.,111,true,Finde largo del 13 al 15 de junio 2026: cuántos días y por qué,1,true,1262,true,false,true,false,true,true,true,false,true,25,8,true,blog,
https://hacecuentas.com/blog/finde-largo-15-agosto-2026,200,https://hacecuentas.com/blog/finde-largo-15-agosto-2026,true,https,,true,"max-image-preview:large, max-snippet:-1, max-video-preview:-1",Finde largo de agosto 2026: días y motivo,41,true,Finde largo del 15 al 17 de agosto de 2026: 3 días por Paso a la Inmortalidad del Gral. José de San Martín.,107,true,Finde largo de agosto 2026: días y motivo,1,true,1329,false,false,true,false,true,true,true,false,true,26,8,true,blog,
https://hacecuentas.com/blog/finde-largo-9-julio-2026,200,https://hacecuentas.com/blog/finde-largo-9-julio-2026,true,https,,false,"noindex, follow",Finde largo del 9 al 12 de julio 2026,37,true,Finde largo del 9 al 12 de julio de 2026: 4 días por Día de la Independencia y Día no laborable turístico (puente del 9 de julio).,130,true,Finde largo del 9 al 12 de julio 2026: cuántos días y por qué,1,true,1065,false,false,true,false,true,true,true,false,true,15,17,false,blog,
https://hacecuentas.com/blog/finde-reposteria-13-agosto-2026,200,https://hacecuentas.com/blog/finde-reposteria-13-agosto-2026,true,https,,true,"max-image-preview:large, max-snippet:-1, max-video-preview:-1","Tarde de cocina: medidas, conversiones y proporciones",53,true,"La tarde fría de finde es para cocinar: convertí tazas a gramos, ajustá los huevos de la receta, clavá la proporción del arroz y traducí grados Fahrenheit.",155,true,"Tarde de cocina: medidas, conversiones y proporciones",1,true,1316,false,false,true,false,true,true,true,false,true,26,8,true,blog,
https://hacecuentas.com/blog/fisica-aplicada-sin-trauma-2026,200,https://hacecuentas.com/blog/fisica-aplicada-sin-trauma-2026,true,https,,true,"max-image-preview:large, max-snippet:-1, max-video-preview:-1","Física sin trauma: movimiento, ondas y presión",46,true,"Caída libre, tiro parabólico, longitud de onda, Doppler y presión atmosférica: cómo resolver los problemas típicos de física con calculadoras paso a paso.",154,true,"Física sin trauma: movimiento, ondas y presión con calculadora",1,true,1548,true,false,true,false,true,true,true,false,true,30,8,true,blog,
https://hacecuentas.com/blog/futbol-con-numeros-guia-2026,200,https://hacecuentas.com/blog/futbol-con-numeros-guia-2026,true,https,,true,"max-image-preview:large, max-snippet:-1, max-video-preview:-1","El fútbol con números: puntos, premios, récords y Mundial",57,true,"Las cuentas del fútbol: cuántos puntos necesita tu equipo, cuánta plata reparten los torneos, qué números dejó el Mundial 2026 y cómo te comparás…",146,true,"El fútbol con números: puntos, premios, récords y Mundial",1,true,1500,true,false,true,false,true,true,true,false,true,33,8,true,blog,
https://hacecuentas.com/blog/gaming-hobbies-en-numeros-2026,200,https://hacecuentas.com/blog/gaming-hobbies-en-numeros-2026,true,https,,true,"max-image-preview:large, max-snippet:-1, max-video-preview:-1",Gaming y hobbies en números: cuánto te lleva y qué conviene,59,true,"Las cuentas del tiempo libre: cuánto tarda terminar un juego o una serie, coordenadas de portales en Minecraft, IV en Pokémon GO, ELO y trades de Blox…",151,true,Gaming y hobbies en números: cuánto te lleva y qué conviene,1,true,1580,false,false,true,false,true,true,true,false,true,32,8,true,blog,
https://hacecuentas.com/blog/ganancias-de-cuarta-categoria-como-ordenar-una-liquidacion,200,https://hacecuentas.com/blog/ganancias-de-cuarta-categoria-como-ordenar-una-liquidacion,true,https,,true,"max-image-preview:large, max-snippet:-1, max-video-preview:-1",Ganancias de cuarta categoría: cómo ordenar una liquidación,59,true,"Entendé cómo revisar una liquidación de Ganancias sobre rentas del trabajo sin confundir bruto, neto, deducciones y retenciones.",128,true,Ganancias de cuarta categoría: cómo ordenar una liquidación,1,true,1060,false,false,true,false,true,true,true,false,true,22,8,true,blog,
https://hacecuentas.com/blog/ganancias-vencimiento-2026-prorroga-27-julio,200,https://hacecuentas.com/blog/ganancias-vencimiento-2026-prorroga-27-julio,true,https,,true,"max-image-preview:large, max-snippet:-1, max-video-preview:-1",Ganancias 2026: ARCA prorrogó el vencimiento al 27 de julio,59,true,ARCA prorrogó hasta el 27 de agosto de 2026 la presentación de Ganancias 2025. El pago mantuvo la fecha del 27 de julio. Qué cambia y checklist.,144,true,Ganancias 2026: ARCA prorrogó el vencimiento al 27 de julio,1,true,1102,false,false,true,false,true,true,true,false,true,22,8,true,blog,
https://hacecuentas.com/blog/ganancias-y-sueldo-neto-por-que-no-son-la-misma-cuenta,200,https://hacecuentas.com/blog/ganancias-y-sueldo-neto-por-que-no-son-la-misma-cuenta,true,https,,true,"max-image-preview:large, max-snippet:-1, max-video-preview:-1",Ganancias y sueldo neto: por qué no son la misma cuenta,55,true,"Diferenciá sueldo bruto, aportes, retención de Ganancias y resultado anual para interpretar mejor tu recibo.",108,true,Ganancias y sueldo neto: por qué no son la misma cuenta,1,true,1038,false,false,true,false,true,true,true,false,true,22,8,true,blog,
https://hacecuentas.com/blog/ganar-musculo-con-numeros-2026,200,https://hacecuentas.com/blog/ganar-musculo-con-numeros-2026,true,https,,true,"max-image-preview:large, max-snippet:-1, max-video-preview:-1","Ganar músculo con números: 1RM, proteína y grasa corporal",57,true,"Los cuatro números del gimnasio: tu 1RM y descansos, los gramos de proteína por kilo, tu grasa corporal real y las dosis de cafeína, creatina e hidratación.",156,true,"Ganar músculo con números: 1RM, proteína y grasa corporal",1,true,1651,true,false,true,false,true,true,true,false,true,34,8,true,blog,
https://hacecuentas.com/blog/gastos-de-escritura-que-paga-comprador-y-que-paga-vendedor,200,https://hacecuentas.com/blog/gastos-de-escritura-que-paga-comprador-y-que-paga-vendedor,true,https,,true,"max-image-preview:large, max-snippet:-1, max-video-preview:-1",Gastos de escritura: qué paga comprador y qué paga vendedor,59,true,Revisá cómo conversar la distribución de gastos de escritura y qué conceptos deben aparecer en el presupuesto.,110,true,Gastos de escritura: qué paga comprador y qué paga vendedor,1,true,916,false,false,true,false,true,true,true,false,true,22,8,true,blog,
https://hacecuentas.com/blog/generacion-x-millennials-y-gen-z-que-comparar,200,https://hacecuentas.com/blog/generacion-x-millennials-y-gen-z-que-comparar,true,https,,true,"max-image-preview:large, max-snippet:-1, max-video-preview:-1","Generación X, millennials y Gen Z: qué comparar",47,true,"Compará Gen X, millennials y Gen Z desde contexto histórico, tecnología y trabajo sin convertir cohortes en estereotipos.",121,true,"Generación X, millennials y Gen Z: qué comparar",1,true,1017,false,false,true,false,true,true,true,false,true,18,8,true,blog,
https://hacecuentas.com/blog/generaciones-en-2026-que-cambio-y-que-mirar,200,https://hacecuentas.com/blog/generaciones-en-2026-que-cambio-y-que-mirar,true,https,,true,"max-image-preview:large, max-snippet:-1, max-video-preview:-1",Generaciones en 2026: qué cambió y qué mirar,44,true,"Usá generaciones en 2026 con método: verificá rangos, fuente, país, edad, año de nacimiento y objetivo del análisis.",116,true,Generaciones en 2026: qué cambió y qué mirar,1,true,1090,true,false,true,false,true,true,true,false,true,19,9,true,blog,
https://hacecuentas.com/blog/geometria-figuras-y-cuerpos-paso-a-paso-2026,200,https://hacecuentas.com/blog/geometria-figuras-y-cuerpos-paso-a-paso-2026,true,https,,true,"max-image-preview:large, max-snippet:-1, max-video-preview:-1",Geometría: ejercicios resueltos paso a paso para imprimir,57,true,"Ejercicios resueltos de geometría para imprimir: área y perímetro, volumen, triángulos y plano cartesiano con fórmula, sustitución y resultado.",143,true,Geometría: ejercicios resueltos paso a paso para imprimir,1,true,1607,true,false,true,false,true,true,true,false,true,33,8,true,blog,
https://hacecuentas.com/blog/guia-completa-monotributo-2026,200,https://hacecuentas.com/blog/guia-completa-monotributo-2026,true,https,,true,"max-image-preview:large, max-snippet:-1, max-video-preview:-1","Monotributo 2026: categorías, cuotas e inscripción",50,true,"Monotributo 2026 actualizado: 11 categorías de la A a la K, tope máximo $126.610.839, cuotas oficiales, inscripción y recategorización.",135,true,"Monotributo 2026: categorías, cuotas e inscripción",1,true,3859,false,false,true,false,true,true,true,false,true,23,9,true,blog,
https://hacecuentas.com/blog/hora-extra-diurna-o-nocturna-como-distinguirlas,200,https://hacecuentas.com/blog/hora-extra-diurna-o-nocturna-como-distinguirlas,true,https,,true,"max-image-preview:large, max-snippet:-1, max-video-preview:-1",Hora extra diurna o nocturna: cómo distinguirlas,48,true,Aprendé a clasificar horas extra diurnas y nocturnas antes de aplicar recargos en una liquidación colombiana.,109,true,Hora extra diurna o nocturna: cómo distinguirlas,1,true,1050,false,false,true,false,true,true,true,false,true,23,8,true,blog,
https://hacecuentas.com/blog/idiomas-y-lectura-cuentas-reales-2026,200,https://hacecuentas.com/blog/idiomas-y-lectura-cuentas-reales-2026,true,https,,true,"max-image-preview:large, max-snippet:-1, max-video-preview:-1","Aprender un idioma con números: horas, exámenes y lectura",57,true,"Cuántas horas lleva cada nivel de idioma, qué puntaje necesitás en TOEFL o IELTS, cuánto tardás en leer un libro y cómo medir palabras de un trabajo…",149,true,"Aprender un idioma con números: horas, exámenes y lectura",1,true,1733,false,false,true,false,true,true,true,false,true,33,8,true,blog,
https://hacecuentas.com/blog/impresion-3d-por-encargo-que-preguntar-antes-de-aceptar-un-precio,200,https://hacecuentas.com/blog/impresion-3d-por-encargo-que-preguntar-antes-de-aceptar-un-precio,true,https,,true,"max-image-preview:large, max-snippet:-1, max-video-preview:-1",Impresión 3D por encargo: qué preguntar antes de aceptar,56,true,"Revisá escala, material, tolerancias, terminación y entrega antes de comparar presupuestos de impresión 3D.",107,true,Impresión 3D por encargo: qué preguntar antes de aceptar un precio,1,true,1085,false,false,true,false,true,true,true,false,true,22,8,true,blog,
https://hacecuentas.com/blog/imprevistos-laborales-plan-b-2026,200,https://hacecuentas.com/blog/imprevistos-laborales-plan-b-2026,true,https,,true,"max-image-preview:large, max-snippet:-1, max-video-preview:-1","Accidente, despido o mudanza de país: tu plan B laboral",55,true,"Qué cobra la ART tras un accidente laboral, cuánto paga el seguro de desempleo de ANSES, la liquidación al dejar un trabajo en LATAM y el costo…",144,true,"Accidente, despido o mudanza de país: tu plan B laboral",1,true,1745,true,false,true,false,true,true,true,false,true,34,8,true,blog,
https://hacecuentas.com/blog/impuestos-del-que-factura-guia-2026,200,https://hacecuentas.com/blog/impuestos-del-que-factura-guia-2026,true,https,,true,"max-image-preview:large, max-snippet:-1, max-video-preview:-1","Facturás y te llega menos: IVA, Ingresos Brutos",47,true,"Los tres impuestos que muerden cada factura: cómo discriminar el IVA, cuánto se lleva Ingresos Brutos en tu provincia y por qué te retienen Ganancias…",150,true,"Facturás y te llega menos: IVA, Ingresos Brutos y retenciones",1,true,1635,false,false,true,false,true,true,true,false,true,30,8,true,blog,
https://hacecuentas.com/blog/impuestos-personales-patrimonio-compras-2026,200,https://hacecuentas.com/blog/impuestos-personales-patrimonio-compras-2026,true,https,,true,"max-image-preview:large, max-snippet:-1, max-video-preview:-1","Ganancias, Bienes Personales y compras afuera: tu costo real",60,true,"Qué deducciones te bajan Ganancias, cuándo te alcanza Bienes Personales y cuánto pagás de impuestos por comprar en el exterior. Las tres cuentas explicadas.",156,true,"Ganancias, Bienes Personales y compras afuera: tu costo real",1,true,1657,false,false,true,false,true,true,true,false,true,30,8,true,blog,
https://hacecuentas.com/blog/indemnizacion-por-despido-argentina,200,https://hacecuentas.com/blog/indemnizacion-por-despido-argentina,true,https,,true,"max-image-preview:large, max-snippet:-1, max-video-preview:-1",Indemnización por despido en Argentina 2026: guía completa,58,true,¿Cuánto te corresponde por despido sin causa? Un mes de sueldo por año trabajado (art. 245 LCT) más preaviso e integración.,123,true,Indemnización por despido en Argentina 2026: guía completa,1,true,4346,true,true,true,false,true,true,true,false,true,24,9,true,blog,
https://hacecuentas.com/blog/indemnizacion-por-despido-en-2026-que-revisar-este-ano,200,https://hacecuentas.com/blog/indemnizacion-por-despido-en-2026-que-revisar-este-ano,true,https,,true,"max-image-preview:large, max-snippet:-1, max-video-preview:-1",Indemnización por despido en 2026: qué revisar este año,55,true,"Conocé qué revisar en una indemnización por despido a agosto de 2026: base, antigüedad, convenios, topes y sistemas de cese.",124,true,Indemnización por despido en 2026: qué revisar este año,1,true,1445,true,false,true,false,true,true,true,false,true,22,9,true,blog,
https://hacecuentas.com/blog/indemnizacion-renuncia-o-mutuo-acuerdo-que-cambia,200,https://hacecuentas.com/blog/indemnizacion-renuncia-o-mutuo-acuerdo-que-cambia,true,https,,true,"max-image-preview:large, max-snippet:-1, max-video-preview:-1","Indemnización, renuncia o mutuo acuerdo: qué cambia",51,true,"Compará despido sin causa, renuncia y mutuo acuerdo para entender qué conceptos pueden corresponder y qué revisar antes de firmar.",130,true,"Indemnización, renuncia o mutuo acuerdo: qué cambia",1,true,1369,false,false,true,false,true,true,true,false,true,22,9,true,blog,
https://hacecuentas.com/blog/inflacion-julio-2026-cuanto-perdiste,200,https://hacecuentas.com/blog/inflacion-julio-2026-cuanto-perdiste,true,https,,true,"max-image-preview:large, max-snippet:-1, max-video-preview:-1",Inflación de julio 2026: cuánto perdiste y cómo cubrirte,56,true,"La inflación de julio 2026 fue 2.1% (INDEC). Acumulada del año 19.3%, 12 meses 33.8%. Cuánto perdió tu poder de compra y cómo cubrirte en pesos.",144,true,Inflación de julio 2026: cuánto perdiste y cómo cubrirte,1,true,1351,true,false,true,false,true,true,true,false,true,27,8,true,blog,
https://hacecuentas.com/blog/inflacion-mayo-2026-cuanto-perdiste,200,https://hacecuentas.com/blog/inflacion-mayo-2026-cuanto-perdiste,true,https,,true,"max-image-preview:large, max-snippet:-1, max-video-preview:-1","Inflación mayo 2026: 2,1% (INDEC) — cuánto perdiste",51,true,"La inflación de mayo 2026 fue 2,1% (INDEC): acumulada 14,7%, interanual 33,2%. $100.000 de hace un año valen $75.075. Calculá tu pérdida al instante.",149,true,"Inflación mayo 2026: 2,1% (INDEC) — cuánto perdiste",1,true,1299,true,false,true,false,true,true,true,false,true,26,8,true,blog,
https://hacecuentas.com/blog/informe-financiero-argentina-2026-06,200,https://hacecuentas.com/blog/informe-financiero-argentina-2026-06,true,https,,true,"max-image-preview:large, max-snippet:-1, max-video-preview:-1",Informe financiero Argentina junio 2026: dólar y plazo fijo,59,true,"¿Cómo arrancó junio 2026 en Argentina? Dólar blue a $1.425, IPC de abril 2,6% y plazo fijo hasta 24% TNA. Datos oficiales BCRA e INDEC, gratis.",143,true,Informe financiero Argentina junio 2026: dólar y plazo fijo,1,true,1206,false,false,true,true,true,true,true,false,true,30,8,true,blog,
https://hacecuentas.com/blog/informe-financiero-argentina-2026-07,200,https://hacecuentas.com/blog/informe-financiero-argentina-2026-07,true,https,,true,"max-image-preview:large, max-snippet:-1, max-video-preview:-1","Informe financiero de Argentina: dólar, inflación y tasas",57,true,"Resumen mensual de dólar, inflación, tasas, salarios e inversiones en Argentina con datos oficiales, contexto y calculadoras relacionadas.",138,true,"La foto del mes, antes de mover tu plata.",1,false,1069,false,false,false,true,false,true,true,true,false,91,0,true,blog,
https://hacecuentas.com/blog/informe-financiero-argentina-2026-08,200,https://hacecuentas.com/blog/informe-financiero-argentina-2026-08,true,https,,true,"max-image-preview:large, max-snippet:-1, max-video-preview:-1",Informe financiero Argentina — agosto 2026 | Hacé Cuentas,57,true,"Dólar, inflación y tasas en Argentina durante agosto de 2026, con fecha de corte, fuente y escenarios para comparar decisiones.",127,true,Informe financiero Argentina — agosto 2026,1,true,1264,false,false,true,false,true,true,true,false,true,25,8,true,blog,
https://hacecuentas.com/blog/ingresos-brutos-con-ejemplos-paso-a-paso,200,https://hacecuentas.com/blog/ingresos-brutos-con-ejemplos-paso-a-paso,true,https,,true,"max-image-preview:large, max-snippet:-1, max-video-preview:-1",Ingresos Brutos con ejemplos paso a paso | Hacé Cuentas,55,true,"IIBB = facturación del período neta de IVA × alícuota… Incluye explicación, ejemplo resuelto y pasos para aplicar ingresos brutos con ejemplos paso a paso.",155,true,Ingresos Brutos con ejemplos paso a paso,1,true,1446,false,true,true,false,true,true,true,false,true,19,9,true,blog,
https://hacecuentas.com/blog/ingresos-brutos-diferencia-entre-facturacion-base-y-saldo,200,https://hacecuentas.com/blog/ingresos-brutos-diferencia-entre-facturacion-base-y-saldo,true,https,,true,"max-image-preview:large, max-snippet:-1, max-video-preview:-1","Ingresos Brutos: facturación, base imponible y saldo",52,true,"Separá ventas, base imponible, retenciones, percepciones y saldo al revisar una liquidación de Ingresos Brutos.",111,true,"Ingresos Brutos: facturación, base imponible y saldo",1,true,888,false,true,true,false,true,true,true,false,true,21,8,true,blog,
https://hacecuentas.com/blog/ingresos-brutos-para-servicios-como-ordenar-una-primera-estimacion,200,https://hacecuentas.com/blog/ingresos-brutos-para-servicios-como-ordenar-una-primera-estimacion,true,https,,true,"max-image-preview:large, max-snippet:-1, max-video-preview:-1",Ingresos Brutos en servicios: primera estimación,48,true,"Organizá una estimación de Ingresos Brutos para servicios separando ingresos, actividad, jurisdicción y créditos.",113,true,Ingresos Brutos en servicios: primera estimación,1,true,883,true,false,true,false,true,true,true,false,true,21,8,true,blog,
https://hacecuentas.com/blog/la-capacidad-de-endeudamiento-con-ejemplos-paso-a-paso,200,https://hacecuentas.com/blog/la-capacidad-de-endeudamiento-con-ejemplos-paso-a-paso,true,https,,true,"max-image-preview:large, max-snippet:-1, max-video-preview:-1",la capacidad de endeudamiento con ejemplos paso a paso,54,true,"El ratio deuda/ingreso divide todos los pagos… Incluye explicación, ejemplo resuelto y pasos para aplicar la capacidad de endeudamiento con ejemplos paso…",154,true,la capacidad de endeudamiento con ejemplos paso a paso,1,true,1221,true,true,true,false,true,true,true,false,true,21,9,true,blog,
https://hacecuentas.com/blog/la-comision-por-ventas-con-ejemplos-paso-a-paso,200,https://hacecuentas.com/blog/la-comision-por-ventas-con-ejemplos-paso-a-paso,true,https,,true,"max-image-preview:large, max-snippet:-1, max-video-preview:-1",la comisión por ventas con ejemplos paso a paso,47,true,"La comisión por venta es una de las formas más usadas de remuneración variable en Argentina: vendedores en retail, corredores inmobiliarios, brokers de.",152,true,la comisión por ventas con ejemplos paso a paso,1,true,1832,true,true,true,false,true,true,true,false,true,21,9,true,blog,
https://hacecuentas.com/blog/la-comparacion-de-prestamos-con-ejemplos-paso-a-paso,200,https://hacecuentas.com/blog/la-comparacion-de-prestamos-con-ejemplos-paso-a-paso,true,https,,true,"max-image-preview:large, max-snippet:-1, max-video-preview:-1",la comparación de préstamos con ejemplos paso a paso,52,true,"Para comparar préstamos hay que mirar cuota, plazo y gastos juntos; la menor cuota no siempre implica el menor costo.",117,true,la comparación de préstamos con ejemplos paso a paso,1,true,1241,true,true,true,false,true,true,true,false,true,21,9,true,blog,
https://hacecuentas.com/blog/la-media-estadistica-con-ejemplos-paso-a-paso,200,https://hacecuentas.com/blog/la-media-estadistica-con-ejemplos-paso-a-paso,true,https,,true,"max-image-preview:large, max-snippet:-1, max-video-preview:-1",la media estadística con ejemplos paso a paso | Hacé Cuentas,60,true,Para calcular las 4 medidas de un conjunto de datos: Media = suma de todos los valores ÷ cantidad (x̄ = Σxᵢ/n).,111,true,la media estadística con ejemplos paso a paso,1,true,1674,true,false,true,false,true,true,true,false,true,19,9,true,blog,
https://hacecuentas.com/blog/la-nota-necesaria-para-aprobar-con-ejemplos-paso-a-paso,200,https://hacecuentas.com/blog/la-nota-necesaria-para-aprobar-con-ejemplos-paso-a-paso,true,https,,true,"max-image-preview:large, max-snippet:-1, max-video-preview:-1",la nota necesaria para aprobar con ejemplos paso a paso,55,true,"¿Tenés parciales rendidos y necesitás saber qué nota… Incluye explicación, ejemplo resuelto y pasos para aplicar la nota necesaria para aprobar…",144,true,la nota necesaria para aprobar con ejemplos paso a paso,1,true,1312,true,true,true,false,true,true,true,false,true,19,9,true,blog,
https://hacecuentas.com/blog/la-proyeccion-de-ventas-con-ejemplos-paso-a-paso,200,https://hacecuentas.com/blog/la-proyeccion-de-ventas-con-ejemplos-paso-a-paso,true,https,,true,"max-image-preview:large, max-snippet:-1, max-video-preview:-1",la proyección de ventas con ejemplos paso a paso,48,true,La proyección de ventas con crecimiento compuesto sigue la fórmula: Ventas mes N = Ventas actuales × (1 + tasa)^N.,114,true,la proyección de ventas con ejemplos paso a paso,1,true,2031,true,false,true,false,true,true,true,false,true,20,9,true,blog,
https://hacecuentas.com/blog/ladrillo-hueco-o-comun-como-comparar-para-una-pared,200,https://hacecuentas.com/blog/ladrillo-hueco-o-comun-como-comparar-para-una-pared,true,https,,true,"max-image-preview:large, max-snippet:-1, max-video-preview:-1",Ladrillo hueco o común: cómo comparar para una pared,52,true,"Compará ladrillo hueco y común según uso, resistencia, peso, aislación, espesor y rendimiento por metro cuadrado.",113,true,Ladrillo hueco o común: cómo comparar para una pared,1,true,905,false,false,true,false,true,true,true,false,true,24,8,true,blog,
https://hacecuentas.com/blog/las-percepciones-impositivas-con-ejemplos-paso-a-paso,200,https://hacecuentas.com/blog/las-percepciones-impositivas-con-ejemplos-paso-a-paso,true,https,,true,"max-image-preview:large, max-snippet:-1, max-video-preview:-1",las percepciones impositivas con ejemplos paso a paso,53,true,"Calculá una percepción a partir de la base y la… Incluye explicación, ejemplo resuelto y pasos para aplicar las percepciones impositivas con ejemplos…",150,true,las percepciones impositivas con ejemplos paso a paso,1,true,1266,false,false,true,false,true,true,true,false,true,21,9,true,blog,
https://hacecuentas.com/blog/las-retenciones-con-ejemplos-paso-a-paso,200,https://hacecuentas.com/blog/las-retenciones-con-ejemplos-paso-a-paso,true,https,,true,"max-image-preview:large, max-snippet:-1, max-video-preview:-1",las retenciones con ejemplos paso a paso | Hacé Cuentas,55,true,"Calculá retenciones de la RG 830 con ejemplos de honorarios, alquileres y servicios: mínimo, alícuota y comprobación del importe retenido.",138,true,las retenciones con ejemplos paso a paso,1,true,2000,true,false,true,false,true,true,true,false,true,20,9,true,blog,
https://hacecuentas.com/blog/liquidacion-final-en-2026-que-revisar-con-la-normativa-vigente,200,https://hacecuentas.com/blog/liquidacion-final-en-2026-que-revisar-con-la-normativa-vigente,true,https,,true,"max-image-preview:large, max-snippet:-1, max-video-preview:-1",Liquidación final en 2026: qué revisar con la normativa,55,true,"Revisá tu liquidación final en 2026 con la ley vigente, el convenio, la forma de salida, vacaciones, SAC y sistemas de cese.",124,true,Liquidación final en 2026: qué revisar con la normativa vigente,1,true,1497,true,false,true,false,true,true,true,false,true,22,9,true,blog,
https://hacecuentas.com/blog/liquidacion-final-indemnizacion-y-renuncia-que-comparar,200,https://hacecuentas.com/blog/liquidacion-final-indemnizacion-y-renuncia-que-comparar,true,https,,true,"max-image-preview:large, max-snippet:-1, max-video-preview:-1","Liquidación final, indemnización y renuncia: qué comparar",57,true,"Compará liquidación final, indemnización, renuncia, mutuo acuerdo y vencimiento de contrato para entender qué puede corresponder.",129,true,"Liquidación final, indemnización y renuncia: qué comparar",1,true,1365,false,false,true,false,true,true,true,false,true,22,9,true,blog,
https://hacecuentas.com/blog/liquidacion-final-renuncia-despido,200,https://hacecuentas.com/blog/liquidacion-final-renuncia-despido,true,https,,true,"max-image-preview:large, max-snippet:-1, max-video-preview:-1",Liquidación final: renuncia vs despido en Argentina,51,true,Qué conceptos integran la liquidación final al renunciar o ser despedido y cuáles corresponden solo fuera del período de prueba.,128,true,Liquidación final: renuncia vs despido en Argentina,1,true,1147,true,false,true,false,true,true,true,false,true,24,8,true,blog,
https://hacecuentas.com/blog/los-costos-fijos-y-variables-con-ejemplos-paso-a-paso,200,https://hacecuentas.com/blog/los-costos-fijos-y-variables-con-ejemplos-paso-a-paso,true,https,,true,"max-image-preview:large, max-snippet:-1, max-video-preview:-1",los costos fijos y variables con ejemplos paso a paso,53,true,"El costo total suma costos fijos y costo variable por… Incluye explicación, ejemplo resuelto y pasos para aplicar los costos fijos y variables…",143,true,los costos fijos y variables con ejemplos paso a paso,1,true,1239,true,true,true,false,true,true,true,false,true,21,9,true,blog,
https://hacecuentas.com/blog/ltv-vs-cac,200,https://hacecuentas.com/blog/ltv-vs-cac,true,https,,true,"max-image-preview:large, max-snippet:-1, max-video-preview:-1",LTV vs CAC: cómo medir rentabilidad y crecimiento,49,true,"CAC es cuánto cuesta cada cliente nuevo sumando todas las inversiones marketing+ventas. Incluye explicación, ejemplo resuelto y pasos para aplicar ltv…",151,true,LTV vs CAC: cómo medir rentabilidad y crecimiento,1,true,2685,true,false,true,false,true,true,true,false,true,20,9,true,blog,
https://hacecuentas.com/blog/mantenimiento-hogar-cuentas-mensuales-2026,200,https://hacecuentas.com/blog/mantenimiento-hogar-cuentas-mensuales-2026,true,https,,true,"max-image-preview:large, max-snippet:-1, max-video-preview:-1",Cuánto cuesta mantener una casa: las cuentas que nadie hace,59,true,"Gastos fijos de la casa, humedad y condensación, limpieza, pileta y huella de carbono: cinco cuentas de mantenimiento del hogar que conviene hacer…",147,true,Cuánto cuesta mantener una casa: las cuentas que nadie hace,1,true,1704,false,false,true,false,true,true,true,false,true,36,8,true,blog,
https://hacecuentas.com/blog/markup-vs-margen,200,https://hacecuentas.com/blog/markup-vs-margen,true,https,,true,"max-image-preview:large, max-snippet:-1, max-video-preview:-1",Markup vs margen | Hacé Cuentas,31,true,"Compará markup y margen de ganancia con las dos fórmulas, ejemplos sobre costo y precio final, y una guía para elegir la métrica correcta.",138,true,Markup vs margen,1,true,1668,true,false,true,false,true,true,true,false,true,20,9,true,blog,
https://hacecuentas.com/blog/medir-bien-en-la-cocina-2026,200,https://hacecuentas.com/blog/medir-bien-en-la-cocina-2026,true,https,,true,"max-image-preview:large, max-snippet:-1, max-video-preview:-1","Medir bien en la cocina: tazas, horno, porciones y recetas",58,true,"Cuántos gramos es una taza, a qué temperatura poner el horno, cuánto arroz o pasta por persona y cómo adaptar una receta a tu molde.",132,true,"Medir bien en la cocina: tazas, horno, porciones y recetas",1,true,1699,false,false,true,false,true,true,true,false,true,33,8,true,blog,
https://hacecuentas.com/blog/medir-riesgo-antes-de-invertir-2026,200,https://hacecuentas.com/blog/medir-riesgo-antes-de-invertir-2026,true,https,,true,"max-image-preview:large, max-snippet:-1, max-video-preview:-1","Riesgo al invertir: cartera, opciones y apalancamiento",54,true,"Cómo medir el riesgo de tu cartera con Sharpe y correlación, saber qué vale una opción call o put, y calcular a qué precio te liquidan si operás apalancado.",156,true,"Riesgo al invertir: cartera, opciones y apalancamiento",1,true,1685,true,false,true,false,true,true,true,false,true,33,8,true,blog,
https://hacecuentas.com/blog/millas-escalas-y-horarios-de-vuelo-2026,200,https://hacecuentas.com/blog/millas-escalas-y-horarios-de-vuelo-2026,true,https,,true,"max-image-preview:large, max-snippet:-1, max-video-preview:-1","Millas, escalas y horarios: las cuentas del vuelo",49,true,"Cuántas millas necesitás para tu destino, cuándo conviene canjearlas en vez de pagar, con cuánto tiempo llegar al aeropuerto y qué hora es allá…",144,true,"Millas, escalas y horarios: las cuentas del vuelo",1,true,1732,false,false,true,false,true,true,true,false,true,33,8,true,blog,
https://hacecuentas.com/blog/millas-o-dinero-como-decidir-si-conviene-canjear,200,https://hacecuentas.com/blog/millas-o-dinero-como-decidir-si-conviene-canjear,true,https,,true,"max-image-preview:large, max-snippet:-1, max-video-preview:-1",Millas o dinero: cómo decidir si conviene canjear,49,true,"Compará canje de millas y compra en efectivo según valor, tasas, flexibilidad y oportunidad de las millas.",106,true,Millas o dinero: cómo decidir si conviene canjear,1,true,906,false,false,true,false,true,true,true,false,true,22,8,true,blog,
https://hacecuentas.com/blog/millas-y-escalas-como-comparar-dos-itinerarios,200,https://hacecuentas.com/blog/millas-y-escalas-como-comparar-dos-itinerarios,true,https,,true,"max-image-preview:large, max-snippet:-1, max-video-preview:-1",Millas y escalas: cómo comparar dos itinerarios,47,true,"Compará itinerarios con millas considerando tramos, tasas, tiempo de viaje, equipaje y reglas de emisión.",105,true,Millas y escalas: cómo comparar dos itinerarios,1,true,891,false,false,true,false,true,true,true,false,true,22,8,true,blog,
https://hacecuentas.com/blog/monotributo-errores-que-pueden-generar-recategorizacion,200,https://hacecuentas.com/blog/monotributo-errores-que-pueden-generar-recategorizacion,true,https,,true,"max-image-preview:large, max-snippet:-1, max-video-preview:-1",Monotributo: errores que pueden generar recategorización,56,true,"Detectá errores de facturación, parámetros y fechas que pueden llevar a una categoría incorrecta de monotributo.",112,true,Monotributo: errores que pueden generar recategorización,1,true,908,false,false,true,false,true,true,true,false,true,21,8,true,blog,
https://hacecuentas.com/blog/monotributo-o-responsable-inscripto-como-comparar,200,https://hacecuentas.com/blog/monotributo-o-responsable-inscripto-como-comparar,true,https,,true,"max-image-preview:large, max-snippet:-1, max-video-preview:-1",Monotributo o responsable inscripto: cómo comparar,50,true,"Compará monotributo y régimen general según facturación, obligaciones, crédito fiscal, costos administrativos y proyección.",123,true,Monotributo o responsable inscripto: cómo comparar,1,true,884,false,false,true,false,true,true,true,false,true,20,8,true,blog,
https://hacecuentas.com/blog/monotributo-social-y-monotributo-general-que-diferencia-revisar,200,https://hacecuentas.com/blog/monotributo-social-y-monotributo-general-que-diferencia-revisar,true,https,,true,"max-image-preview:large, max-snippet:-1, max-video-preview:-1",Monotributo social y monotributo general,40,true,"Ordená las diferencias entre modalidades de monotributo y verificá requisitos, aportes y cobertura antes de elegir.",115,true,Monotributo social y monotributo general: qué diferencia revisar,1,true,890,false,false,true,false,true,true,true,false,true,21,8,true,blog,
https://hacecuentas.com/blog/nafta-super-o-premium-como-comparar-el-costo-por-kilometro,200,https://hacecuentas.com/blog/nafta-super-o-premium-como-comparar-el-costo-por-kilometro,true,https,,true,"max-image-preview:large, max-snippet:-1, max-video-preview:-1",Nafta súper o premium: cómo comparar el costo por kilómetro,59,true,"Compará combustibles por costo real cada kilómetro, consumo y recomendación del fabricante, sin decidir solo por el precio del surtidor.",136,true,Nafta súper o premium: cómo comparar el costo por kilómetro,1,true,1003,false,false,true,false,true,true,true,false,true,22,8,true,blog,
https://hacecuentas.com/blog/numeros-de-fotografia-y-video-2026,200,https://hacecuentas.com/blog/numeros-de-fotografia-y-video-2026,true,https,,true,"max-image-preview:large, max-snippet:-1, max-video-preview:-1",Los números que todo fotógrafo y creador tiene que dominar,58,true,"Exposición, profundidad de campo, peso de archivos y BPM: los cálculos que separan al creador que adivina del que sabe. Guía práctica con calculadoras.",151,true,Los números que todo fotógrafo y creador tiene que dominar,1,true,1601,true,false,true,false,true,true,true,false,true,33,8,true,blog,
https://hacecuentas.com/blog/numeros-emprendimiento,200,https://hacecuentas.com/blog/numeros-emprendimiento,true,https,,true,"max-image-preview:large, max-snippet:-1, max-video-preview:-1",Los cinco números que ordenan un emprendimiento,47,true,"Guía práctica con calculadoras conectadas para los… Incluye explicación, ejemplo resuelto y pasos para aplicar los cinco números que ordenan…",141,true,Los cinco números que ordenan un emprendimiento,1,true,1275,true,false,true,false,true,true,true,false,true,26,8,true,blog,
https://hacecuentas.com/blog/numeros-legales-de-la-familia-2026,200,https://hacecuentas.com/blog/numeros-legales-de-la-familia-2026,true,https,,true,"max-image-preview:large, max-snippet:-1, max-video-preview:-1","Los números legales de la familia: cuota, herencia y ANSES",58,true,"Cuota alimentaria, herencia y sucesión, y asignaciones familiares de ANSES: cómo se calculan los tres números legales que más discusiones familiares…",149,true,"Los números legales de la familia: cuota, herencia y ANSES",1,true,1664,true,false,true,false,true,true,true,false,true,30,8,true,blog,
https://hacecuentas.com/blog/obra-tradicional-steel-frame-o-prefabricada-que-costo-comparar,200,https://hacecuentas.com/blog/obra-tradicional-steel-frame-o-prefabricada-que-costo-comparar,true,https,,true,"max-image-preview:large, max-snippet:-1, max-video-preview:-1","Obra tradicional, steel frame o prefabricada",44,true,"Compará obra tradicional, steel frame y prefabricada por costo total, plazo, terminaciones, logística y mantenimiento.",118,true,"Obra tradicional, steel frame o prefabricada: qué costo comparar",1,true,1463,false,false,true,false,true,true,true,false,true,21,9,true,blog,
https://hacecuentas.com/blog/ordenar-la-plata-del-mes-2026,200,https://hacecuentas.com/blog/ordenar-la-plata-del-mes-2026,true,https,,true,"max-image-preview:large, max-snippet:-1, max-video-preview:-1","Cómo ordenar la plata del mes: gastos, ahorro y tu tarifa",57,true,"Ordená tus finanzas del mes: en qué se va la plata, cómo dividir gastos en pareja, fijar una meta de ahorro, cobrar bien como freelance y sumar tu beca.",152,true,"Cómo ordenar la plata del mes: gastos, ahorro y tu tarifa",1,true,1726,false,false,true,false,true,true,true,false,true,37,8,true,blog,
https://hacecuentas.com/blog/organizar-una-fiesta-grande-2026,200,https://hacecuentas.com/blog/organizar-una-fiesta-grande-2026,true,https,,true,"max-image-preview:large, max-snippet:-1, max-video-preview:-1","Organizar una fiesta grande: presupuesto, comida y logística",60,true,"Cuánto cuesta un casamiento o cumpleaños grande, cuánta comida por invitado y cuántas mesas, sillas y mozos hacen falta. La fiesta con números, sin sustos.",155,true,"Organizar una fiesta grande: presupuesto, comida y logística",1,true,1613,true,false,true,false,true,true,true,false,true,33,8,true,blog,
https://hacecuentas.com/blog/paquete-economico-2027-mexico-8-septiembre,200,https://hacecuentas.com/blog/paquete-economico-2027-mexico-8-septiembre,true,https,,true,"max-image-preview:large, max-snippet:-1, max-video-preview:-1",Paquete Económico 2027 México: fechas y qué se sabe,51,true,"Paquete Económico 2027: se entrega a más tardar el 8 de septiembre de 2026. Calendario legislativo, Pre-Criterios y por qué no habrá nuevas tablas de ISR.",154,true,"Paquete Económico 2027 en México: qué es, cuándo se entrega y qué podría cambiar",1,true,3684,false,false,true,true,true,true,true,false,true,24,9,true,blog,
https://hacecuentas.com/blog/partidos-mundial-finde-11-julio-2026,200,https://hacecuentas.com/blog/partidos-mundial-finde-11-julio-2026,true,https,,false,"noindex, follow",Partidos Mundial 2026 (11 y 12 de julio): horarios,50,true,"Qué partidos del Mundial 2026 se juegan este fin de semana (11 y 12 de julio), con horario en hora argentina. Seguilos en vivo y armá el prode con amigos.",154,true,Partidos Mundial 2026 (11 y 12 de julio): horarios,1,true,946,false,false,true,false,true,true,true,false,true,18,21,false,blog,
https://hacecuentas.com/blog/partidos-mundial-finde-27-junio-2026,200,https://hacecuentas.com/blog/partidos-mundial-finde-27-junio-2026,true,https,,false,"noindex, follow",Partidos Mundial 2026 (27 y 28 de junio): horarios,50,true,"Qué partidos del Mundial 2026 se juegan este fin de semana (27 y 28 de junio), con horario en hora argentina. Seguilos en vivo y armá el prode con amigos.",154,true,Partidos Mundial 2026 (27 y 28 de junio): horarios,1,true,1044,false,false,true,false,true,true,true,false,true,18,21,false,blog,
https://hacecuentas.com/blog/partidos-mundial-finde-4-julio-2026,200,https://hacecuentas.com/blog/partidos-mundial-finde-4-julio-2026,true,https,,false,"noindex, follow",Mundial 2026 (4 y 5 de julio): Argentina y octavos,50,true,Qué partidos del Mundial 2026 se juegan este fin de semana (4 y 5 de julio): Argentina vs Cabo Verde el viernes a las 19:00 y cuatro partidos de octavos…,153,true,Mundial 2026 (4 y 5 de julio): Argentina y octavos,1,true,978,false,false,true,false,true,true,true,false,true,21,17,false,blog,
https://hacecuentas.com/blog/patente-automotor-por-que-cambia-de-un-ano-a-otro,200,https://hacecuentas.com/blog/patente-automotor-por-que-cambia-de-un-ano-a-otro,true,https,,true,"max-image-preview:large, max-snippet:-1, max-video-preview:-1",Patente automotor: por qué cambia de un año a otro,50,true,"Conocé las causas de variación de la patente entre períodos y cómo revisar valuación, cuotas y beneficios.",106,true,Patente automotor: por qué cambia de un año a otro,1,true,855,true,false,true,false,true,true,true,false,true,20,9,true,blog,
https://hacecuentas.com/blog/patente-de-un-auto-nuevo-como-estimar-el-primer-ano,200,https://hacecuentas.com/blog/patente-de-un-auto-nuevo-como-estimar-el-primer-ano,true,https,,true,"max-image-preview:large, max-snippet:-1, max-video-preview:-1",Patente de un auto nuevo: cómo estimar el primer año,52,true,"Organizá una estimación de patente para un auto nuevo considerando alta, valuación, jurisdicción y cuotas parciales.",116,true,Patente de un auto nuevo: cómo estimar el primer año,1,true,842,true,false,true,false,true,true,true,false,true,20,9,true,blog,
https://hacecuentas.com/blog/percentiles-infantiles-que-significa-cambiar-de-curva,200,https://hacecuentas.com/blog/percentiles-infantiles-que-significa-cambiar-de-curva,true,https,,true,"max-image-preview:large, max-snippet:-1, max-video-preview:-1",Percentiles infantiles: qué significa cambiar de curva,54,true,Aprendé a mirar la tendencia de peso y talla infantil sin interpretar un cambio de percentil como diagnóstico automático.,121,true,Percentiles infantiles: qué significa cambiar de curva,1,true,928,false,false,true,false,true,true,true,false,true,23,8,true,blog,
https://hacecuentas.com/blog/peso-ideal-e-imc-en-2026-que-revisar-antes-de-fin-de-ano,200,https://hacecuentas.com/blog/peso-ideal-e-imc-en-2026-que-revisar-antes-de-fin-de-ano,true,https,,true,"max-image-preview:large, max-snippet:-1, max-video-preview:-1",Peso ideal e IMC en 2026: qué revisar antes de fin de año,57,true,"Revisá qué significa el IMC en 2026, qué datos sumar y cómo seguir tu peso hasta diciembre sin perseguir una cifra aislada ni caer en modas.",140,true,Peso ideal e IMC en 2026: qué revisar antes de fin de año,1,true,1558,true,false,true,false,true,true,true,false,true,22,9,true,blog,
https://hacecuentas.com/blog/peso-ideal-imc-y-cintura-que-dato-conviene-mirar,200,https://hacecuentas.com/blog/peso-ideal-imc-y-cintura-que-dato-conviene-mirar,true,https,,true,"max-image-preview:large, max-snippet:-1, max-video-preview:-1","Peso ideal, IMC y cintura: qué dato conviene mirar",50,true,"IMC, cintura y peso ideal miden cosas distintas. Conocé qué aporta cada indicador y cómo combinarlos para entender tu resultado sin apurarte.",141,true,"Peso ideal, IMC y cintura: qué dato conviene mirar",1,true,1527,true,false,true,false,true,true,true,false,true,22,9,true,blog,
https://hacecuentas.com/blog/peso-y-talla-infantil-errores-que-distorsionan-el-resultado,200,https://hacecuentas.com/blog/peso-y-talla-infantil-errores-que-distorsionan-el-resultado,true,https,,true,"max-image-preview:large, max-snippet:-1, max-video-preview:-1",Peso y talla infantil: errores que distorsionan el resultado,60,true,"Evitá errores de edad, postura, ropa y unidades al registrar peso y talla infantil.",83,true,Peso y talla infantil: errores que distorsionan el resultado,1,true,945,false,false,true,false,true,true,true,false,true,23,8,true,blog,
https://hacecuentas.com/blog/planificar-jubilacion-anses-2026,200,https://hacecuentas.com/blog/planificar-jubilacion-anses-2026,true,https,,true,"max-image-preview:large, max-snippet:-1, max-video-preview:-1","Jubilación ANSES: cuándo, cuánto, pensiones y trámites",54,true,"Cuándo te podés jubilar, cuánto vas a cobrar, qué pensión te corresponde, cómo impacta un crédito ANSES en tu haber y qué cuestan los trámites…",143,true,"Jubilación ANSES: cuándo, cuánto, pensiones y trámites",1,true,1876,true,false,true,false,true,true,true,false,true,37,8,true,blog,
https://hacecuentas.com/blog/planificar-viaje-al-exterior-checklist-2026,200,https://hacecuentas.com/blog/planificar-viaje-al-exterior-checklist-2026,true,https,,true,"max-image-preview:large, max-snippet:-1, max-video-preview:-1","Viaje al exterior: presupuesto, visa, valija y aduana",53,true,"Checklist con números para viajar al exterior: presupuesto por rubro, visas y pasaporte, cuánta ropa llevar sin pagar exceso, jet lag, datos móviles…",149,true,"Viaje al exterior: presupuesto, visa, valija y aduana",1,true,1671,false,false,true,false,true,true,true,false,true,33,8,true,blog,
https://hacecuentas.com/blog/plata-para-mudarse-alquilar-o-comprar-2026,200,https://hacecuentas.com/blog/plata-para-mudarse-alquilar-o-comprar-2026,true,https,,true,"max-image-preview:large, max-snippet:-1, max-video-preview:-1","La plata de mudarse: entrar a un alquiler, hipoteca",51,true,"Cuánta plata hace falta para entrar a un alquiler, si calificás para un crédito hipotecario UVA y cuánto rinde una propiedad: las tres cuentas…",143,true,"La plata de mudarse: entrar a un alquiler, hipoteca o invertir",1,true,1733,true,false,true,false,true,true,true,false,true,31,8,true,blog,
https://hacecuentas.com/blog/plazo-fijo-como-decidir-entre-tasa-y-liquidez,200,https://hacecuentas.com/blog/plazo-fijo-como-decidir-entre-tasa-y-liquidez,true,https,,true,"max-image-preview:large, max-snippet:-1, max-video-preview:-1",Plazo fijo: cómo decidir entre tasa y liquidez,46,true,Evaluá cuánto rendimiento extra justifica inmovilizar dinero en un plazo fijo y armá un fondo de liquidez.,106,true,Plazo fijo: cómo decidir entre tasa y liquidez,1,true,1010,false,false,true,false,true,true,true,false,true,23,8,true,blog,
https://hacecuentas.com/blog/plazo-fijo-tradicional-o-cuenta-remunerada-como-comparar,200,https://hacecuentas.com/blog/plazo-fijo-tradicional-o-cuenta-remunerada-como-comparar,true,https,,true,"max-image-preview:large, max-snippet:-1, max-video-preview:-1",Plazo fijo tradicional o cuenta remunerada: cómo comparar,57,true,"Compará plazo fijo y cuenta remunerada según tasa, disponibilidad, garantía, renovación y objetivo de liquidez.",111,true,Plazo fijo tradicional o cuenta remunerada: cómo comparar,1,true,1021,false,false,true,false,true,true,true,false,true,23,8,true,blog,
https://hacecuentas.com/blog/poner-precio-negocio-servicios-2026,200,https://hacecuentas.com/blog/poner-precio-negocio-servicios-2026,true,https,,true,"max-image-preview:large, max-snippet:-1, max-video-preview:-1",Cómo ponerle precio a lo que vendés,35,true,"A cuánto vender tu producto, cuánto cobrar la hora como freelancer, cuánto te come la comisión de la plataforma y cuánto vale tu negocio si lo vendés.",150,true,"Cómo ponerle precio a lo que vendés (producto, hora y negocio)",1,true,1719,true,false,true,false,true,true,true,false,true,34,8,true,blog,
https://hacecuentas.com/blog/porcentaje-acumulado-como-aplicar-varios-cambios-seguidos,200,https://hacecuentas.com/blog/porcentaje-acumulado-como-aplicar-varios-cambios-seguidos,true,https,,true,"max-image-preview:large, max-snippet:-1, max-video-preview:-1",Porcentaje acumulado: cómo aplicar varios cambios seguidos,58,true,Entendé cómo calcular cambios porcentuales sucesivos y por qué no se deben sumar automáticamente.,97,true,Porcentaje acumulado: cómo aplicar varios cambios seguidos,1,true,910,false,false,true,false,true,true,true,false,true,22,8,true,blog,
https://hacecuentas.com/blog/porcentaje-de-variacion-como-medir-cuanto-cambio-algo,200,https://hacecuentas.com/blog/porcentaje-de-variacion-como-medir-cuanto-cambio-algo,true,https,,true,"max-image-preview:large, max-snippet:-1, max-video-preview:-1",Porcentaje de variación: cómo medir cuánto cambió algo,54,true,Calculá la variación porcentual entre un valor inicial y uno final y elegí correctamente la base de comparación.,112,true,Porcentaje de variación: cómo medir cuánto cambió algo,1,true,923,true,false,true,false,true,true,true,false,true,22,8,true,blog,
https://hacecuentas.com/blog/porcentajes-en-una-planilla-formulas-y-controles-basicos,200,https://hacecuentas.com/blog/porcentajes-en-una-planilla-formulas-y-controles-basicos,true,https,,true,"max-image-preview:large, max-snippet:-1, max-video-preview:-1",Porcentajes en una planilla: fórmulas y controles básicos,57,true,"Organizá porcentajes en una planilla usando bases explícitas, controles de suma y fórmulas reproducibles.",105,true,Porcentajes en una planilla: fórmulas y controles básicos,1,true,947,true,false,true,false,true,true,true,false,true,22,8,true,blog,
https://hacecuentas.com/blog/preguntas-frecuentes-sobre-el-consumo-electrico,200,https://hacecuentas.com/blog/preguntas-frecuentes-sobre-el-consumo-electrico,true,https,,true,"max-image-preview:large, max-snippet:-1, max-video-preview:-1",Preguntas frecuentes sobre el consumo eléctrico,47,true,"Respuestas sobre consumo eléctrico: cómo pasar watts a kWh, estimar horas de uso, leer la factura y detectar qué aparato explica el gasto.",138,true,Preguntas frecuentes sobre el consumo eléctrico,1,true,1753,true,false,true,false,true,true,true,false,true,20,9,true,blog,
https://hacecuentas.com/blog/preguntas-frecuentes-sobre-el-impuesto-a-las-ganancias,200,https://hacecuentas.com/blog/preguntas-frecuentes-sobre-el-impuesto-a-las-ganancias,true,https,,true,"max-image-preview:large, max-snippet:-1, max-video-preview:-1",Preguntas frecuentes sobre el Impuesto a las Ganancias,54,true,"Respuestas claras sobre Ganancias para empleados: quién paga, qué se deduce, cómo entra el aguinaldo y cuándo conviene revisar la liquidación.",142,true,Preguntas frecuentes sobre el Impuesto a las Ganancias,1,true,1541,true,false,true,true,true,true,true,false,true,19,9,true,blog,
https://hacecuentas.com/blog/preguntas-frecuentes-sobre-las-retenciones,200,https://hacecuentas.com/blog/preguntas-frecuentes-sobre-las-retenciones,true,https,,true,"max-image-preview:large, max-snippet:-1, max-video-preview:-1",Preguntas frecuentes sobre las retenciones | Hacé Cuentas,57,true,"Preguntas frecuentes sobre retenciones: quién retiene, qué base usar, mínimos, certificados y tratamiento según la operación.",125,true,Preguntas frecuentes sobre las retenciones,1,true,2657,true,false,true,false,true,true,true,false,true,20,9,true,blog,
https://hacecuentas.com/blog/presupuesto-de-una-pared-de-ladrillos-rubros-que-no-hay-que-olvidar,200,https://hacecuentas.com/blog/presupuesto-de-una-pared-de-ladrillos-rubros-que-no-hay-que-olvidar,true,https,,true,"max-image-preview:large, max-snippet:-1, max-video-preview:-1",Presupuesto de una pared de ladrillos: rubros clave,51,true,"Armá un presupuesto completo de pared de ladrillos con unidades, mortero, mano de obra, transporte y terminación.",113,true,Presupuesto de una pared de ladrillos: rubros clave,1,true,904,false,false,true,false,true,true,true,false,true,23,8,true,blog,
https://hacecuentas.com/blog/principios-basicos-de-combinatoria,200,https://hacecuentas.com/blog/principios-basicos-de-combinatoria,true,https,,true,"max-image-preview:large, max-snippet:-1, max-video-preview:-1",Principios básicos de combinatoria | Hacé Cuentas,49,true,"Entendé los principios básicos de combinatoria: regla del producto, combinaciones y permutaciones, con criterios simples para no confundirlas.",142,true,Principios básicos de combinatoria,1,true,1409,true,false,true,false,true,true,true,false,true,17,8,true,blog,
https://hacecuentas.com/blog/punto-de-equilibrio-para-comercios,200,https://hacecuentas.com/blog/punto-de-equilibrio-para-comercios,true,https,,true,"max-image-preview:large, max-snippet:-1, max-video-preview:-1",Punto de equilibrio para comercios | Hacé Cuentas,49,true,"Calculá el punto de equilibrio de un comercio con alquiler, sueldos, mercadería y comisiones para saber cuántas unidades necesitás vender.",138,true,Punto de equilibrio para comercios,1,true,2155,true,false,true,false,true,true,true,false,true,20,9,true,blog,
https://hacecuentas.com/blog/puntos-porcentuales-vs-porcentaje-diferencia,200,https://hacecuentas.com/blog/puntos-porcentuales-vs-porcentaje-diferencia,true,https,,true,"max-image-preview:large, max-snippet:-1, max-video-preview:-1",Puntos porcentuales vs. porcentaje: cuál es la diferencia,57,true,"Si una tasa pasa de 10% a 15%, sube 5 puntos porcentuales pero aumenta 50%. Entendé la diferencia con fórmulas y ejemplos claros.",129,true,Puntos porcentuales vs. porcentaje: cuál es la diferencia,1,true,1211,true,false,true,true,true,true,true,false,true,21,9,true,blog,
https://hacecuentas.com/blog/que-es-el-consumo-electrico,200,https://hacecuentas.com/blog/que-es-el-consumo-electrico,true,https,,true,"max-image-preview:large, max-snippet:-1, max-video-preview:-1",Qué es el consumo eléctrico | Hacé Cuentas,42,true,Entendé qué es el consumo eléctrico y cómo pasar potencia y horas de uso a kWh mensuales para estimar el impacto de cada electrodoméstico.,138,true,Qué es el consumo eléctrico,1,true,1478,false,false,true,false,true,true,true,false,true,20,9,true,blog,
https://hacecuentas.com/blog/que-es-el-desvio-estandar,200,https://hacecuentas.com/blog/que-es-el-desvio-estandar,true,https,,true,"max-image-preview:large, max-snippet:-1, max-video-preview:-1",Qué es el desvío estándar | Hacé Cuentas,40,true,"La varianza (σ²) mide cuánto se dispersan los datos respecto a su media, y el desvío estándar (σ) es su raíz cuadrada, con las mismas unidades…",143,true,Qué es el desvío estándar,1,true,1340,true,false,true,false,true,true,true,false,true,20,9,true,blog,
https://hacecuentas.com/blog/que-es-el-precio-por-unidad,200,https://hacecuentas.com/blog/que-es-el-precio-por-unidad,true,https,,true,"max-image-preview:large, max-snippet:-1, max-video-preview:-1",Qué es el precio por unidad | Hacé Cuentas,42,true,El precio por unidad es el precio del paquete dividido por la cantidad; para packs distintos conviene además dividir por el contenido total.,140,true,Qué es el precio por unidad,1,true,1287,true,false,true,false,true,true,true,false,true,21,9,true,blog,
https://hacecuentas.com/blog/que-es-el-punto-de-equilibrio,200,https://hacecuentas.com/blog/que-es-el-punto-de-equilibrio,true,https,,true,"max-image-preview:large, max-snippet:-1, max-video-preview:-1",Qué es el punto de equilibrio | Hacé Cuentas,44,true,"Qué es el punto de equilibrio, cómo se calcula y cómo interpretar el resultado para cubrir costos antes de proyectar ganancias.",127,true,Qué es el punto de equilibrio,1,true,1638,true,false,true,false,true,true,true,false,true,20,9,true,blog,
https://hacecuentas.com/blog/que-es-la-comparacion-de-precios,200,https://hacecuentas.com/blog/que-es-la-comparacion-de-precios,true,https,,true,"max-image-preview:large, max-snippet:-1, max-video-preview:-1",Qué es la comparación de precios | Hacé Cuentas,47,true,"Dividí el precio de cada opción por su cantidad en la misma… Incluye explicación, ejemplo resuelto y pasos para aplicar qué es la comparación de precios.",153,true,Qué es la comparación de precios,1,true,1274,true,false,true,false,true,true,true,false,true,21,9,true,blog,
https://hacecuentas.com/blog/quimica-y-cielo-para-estudiantes-2026,200,https://hacecuentas.com/blog/quimica-y-cielo-para-estudiantes-2026,true,https,,true,"max-image-preview:large, max-snippet:-1, max-video-preview:-1",De la probeta al cosmos: química y astronomía,45,true,"pH, molaridad, diluciones, peso en otros planetas y fases lunares: los cálculos de química y astronomía que todo estudiante puede resolver bien.",144,true,De la probeta al cosmos: química y astronomía con calculadora,1,true,1496,true,false,true,false,true,true,true,false,true,30,8,true,blog,
https://hacecuentas.com/blog/recargo-dominical-90-colombia-julio-2026,200,https://hacecuentas.com/blog/recargo-dominical-90-colombia-julio-2026,true,https,,true,"max-image-preview:large, max-snippet:-1, max-video-preview:-1",Recargo dominical 90% Colombia: revisa tu nómina,48,true,"El recargo dominical y festivo subió al 90% el 1 de julio de 2026 (Ley 2466). Cómo se calcula, cuánto vale un domingo con el mínimo y cómo auditar…",147,true,Recargo dominical y festivo del 90% en Colombia: cómo revisar tu recibo de nómina de julio 2026,1,true,4407,true,false,true,true,true,true,true,false,true,24,9,true,blog,
https://hacecuentas.com/blog/recargos-en-domingo-y-festivo-en-colombia-que-separar,200,https://hacecuentas.com/blog/recargos-en-domingo-y-festivo-en-colombia-que-separar,true,https,,true,"max-image-preview:large, max-snippet:-1, max-video-preview:-1",Recargos en domingo y festivo en Colombia: qué separar,54,true,"Revisá cómo ordenar trabajo en domingos y festivos en Colombia sin confundir recargo, descanso compensatorio y hora extra.",122,true,Recargos en domingo y festivo en Colombia: qué separar,1,true,1004,false,false,true,false,true,true,true,false,true,23,8,true,blog,
https://hacecuentas.com/blog/renta-personas-naturales-en-2026-que-revisar-antes-de-declarar,200,https://hacecuentas.com/blog/renta-personas-naturales-en-2026-que-revisar-antes-de-declarar,true,https,,true,"max-image-preview:large, max-snippet:-1, max-video-preview:-1",Renta personas naturales en 2026: qué revisar antes,51,true,"Revisá UVT, topes, calendario y documentos de renta para personas naturales en Colombia antes de declarar en 2026.",114,true,Renta personas naturales en 2026: qué revisar antes de declarar,1,true,1076,true,false,true,false,true,true,true,false,true,20,9,true,blog,
https://hacecuentas.com/blog/rentabilidad-negocio,200,https://hacecuentas.com/blog/rentabilidad-negocio,true,https,,true,"max-image-preview:large, max-snippet:-1, max-video-preview:-1","Rentabilidad: punto de equilibrio, márgenes, markup y ROI",57,true,"Guía práctica con calculadoras conectadas para rentabilidad de un negocio: punto de equilibrio, márgenes, markup y roi.",119,true,"Rentabilidad: punto de equilibrio, márgenes, markup y ROI",1,true,1292,true,false,true,false,true,true,true,false,true,26,8,true,blog,
https://hacecuentas.com/blog/salario-mensual-o-por-hora-en-paraguay-como-convertir-sin-perder-contexto,200,https://hacecuentas.com/blog/salario-mensual-o-por-hora-en-paraguay-como-convertir-sin-perder-contexto,true,https,,true,"max-image-preview:large, max-snippet:-1, max-video-preview:-1",Salario mensual o por hora en Paraguay: cómo convertirlo,56,true,"Compará salarios mensuales y por hora teniendo en cuenta jornada, horas reales, beneficios, descansos y descuentos.",115,true,Salario mensual o por hora en Paraguay: cómo convertirlo,1,true,1023,false,false,true,false,true,true,true,false,true,23,8,true,blog,
https://hacecuentas.com/blog/salario-minimo-agosto-2026,200,https://hacecuentas.com/blog/salario-minimo-agosto-2026,true,https,,true,"max-image-preview:large, max-snippet:-1, max-video-preview:-1",Salario mínimo agosto 2026: nuevo monto de $376.600,51,true,"El salario mínimo sube a $376.600 desde el 1 de agosto de 2026. Mirá el valor mensual, por hora y qué prestaciones puede modificar.",131,true,Salario mínimo agosto 2026: nuevo monto de $376.600,1,true,1040,false,false,true,false,true,true,true,false,true,21,9,true,blog,
https://hacecuentas.com/blog/salario-minimo-mexico-2027-que-se-espera,200,https://hacecuentas.com/blog/salario-minimo-mexico-2027-que-se-espera,true,https,,true,"max-image-preview:large, max-snippet:-1, max-video-preview:-1",Salario mínimo México 2027: cálculo y fecha oficial,51,true,"El salario mínimo México 2027 todavía no está definido. Consulta valores oficiales 2026 y calcula escenarios diarios, mensuales y con MIR.",138,true,Salario mínimo México 2027: qué se sabe y cuándo se define,1,true,965,true,false,true,true,true,true,true,true,true,12,34,true,blog,
https://hacecuentas.com/blog/salir-de-deudas-plan-completo-2026,200,https://hacecuentas.com/blog/salir-de-deudas-plan-completo-2026,true,https,,true,"max-image-preview:large, max-snippet:-1, max-video-preview:-1","Deudas: tarjeta, préstamo y el plan para salir",46,true,"Qué te cuesta pagar el mínimo de la tarjeta, cómo comparar un préstamo por CFT y no por cuota, y cómo armar un plan real para salir de las deudas paso…",151,true,"Deudas: tarjeta, préstamo y el plan para salir",1,true,1744,false,false,true,false,true,true,true,false,true,31,8,true,blog,
https://hacecuentas.com/blog/seguro-de-desempleo-errores-que-pueden-retrasar-el-tramite,200,https://hacecuentas.com/blog/seguro-de-desempleo-errores-que-pueden-retrasar-el-tramite,true,https,,true,"max-image-preview:large, max-snippet:-1, max-video-preview:-1",Seguro de desempleo: errores que pueden retrasar el trámite,59,true,"Detectá errores de plazo, causal, datos personales y documentación al solicitar el seguro de desempleo.",103,true,Seguro de desempleo: errores que pueden retrasar el trámite,1,true,1000,false,false,true,false,true,true,true,false,true,22,8,true,blog,
https://hacecuentas.com/blog/seguro-de-desempleo-que-documentos-preparar,200,https://hacecuentas.com/blog/seguro-de-desempleo-que-documentos-preparar,true,https,,true,"max-image-preview:large, max-snippet:-1, max-video-preview:-1",Seguro de desempleo: qué documentos preparar,44,true,"Prepará DNI, constancias laborales, fecha de cese y documentación de la relación para solicitar el seguro de desempleo.",119,true,Seguro de desempleo: qué documentos preparar,1,true,1016,false,false,true,false,true,true,true,false,true,22,8,true,blog,
https://hacecuentas.com/blog/semanas-de-embarazo-en-2026-que-revisar-en-cada-etapa,200,https://hacecuentas.com/blog/semanas-de-embarazo-en-2026-que-revisar-en-cada-etapa,true,https,,true,"max-image-preview:large, max-snippet:-1, max-video-preview:-1",Semanas de embarazo en 2026: qué revisar en cada etapa,54,true,"Revisá cómo usar las semanas de embarazo en 2026 para ordenar controles, estudios y preguntas sin reemplazar la atención prenatal.",130,true,Semanas de embarazo en 2026: qué revisar en cada etapa,1,true,1325,true,false,true,false,true,true,true,false,true,22,9,true,blog,
https://hacecuentas.com/blog/semanas-de-embarazo-fecha-de-parto-y-ecografia-que-pesa-mas,200,https://hacecuentas.com/blog/semanas-de-embarazo-fecha-de-parto-y-ecografia-que-pesa-mas,true,https,,true,"max-image-preview:large, max-snippet:-1, max-video-preview:-1","Semanas de embarazo, fecha de parto y ecografía",47,true,"Compará última menstruación, fecha probable de parto y ecografía para entender qué dato sirve en cada etapa del embarazo.",121,true,"Semanas de embarazo, fecha de parto y ecografía: qué pesa más",1,true,1351,false,false,true,false,true,true,true,false,true,22,9,true,blog,
https://hacecuentas.com/blog/sobrevivir-la-facultad-con-numeros-2026,200,https://hacecuentas.com/blog/sobrevivir-la-facultad-con-numeros-2026,true,https,,true,"max-image-preview:large, max-snippet:-1, max-video-preview:-1","Sobrevivir la facultad con números: promedio, finales y plan",60,true,"Guía para cursar sin sorpresas: qué nota necesitás para aprobar, cómo se calcula tu promedio real, cuánto te falta para recibirte y cuánto cuesta estudiar.",155,true,"Sobrevivir la facultad con números: promedio, finales y plan",1,true,1788,true,false,true,false,true,true,true,false,true,36,8,true,blog,
https://hacecuentas.com/blog/sueldo-bruto-neto-y-monotributo-que-alternativa-comparar,200,https://hacecuentas.com/blog/sueldo-bruto-neto-y-monotributo-que-alternativa-comparar,true,https,,true,"max-image-preview:large, max-snippet:-1, max-video-preview:-1","Sueldo bruto, neto y monotributo: qué alternativa comparar",58,true,"Compará sueldo bruto, neto y monotributo incorporando aportes, vacaciones, salud, impuestos, beneficios y días sin facturar.",124,true,"Sueldo bruto, neto y monotributo: qué alternativa comparar",1,true,1217,false,false,true,false,true,true,true,false,true,22,9,true,blog,
https://hacecuentas.com/blog/sueldo-bruto-y-neto-en-paraguay-como-comparar-dos-ofertas,200,https://hacecuentas.com/blog/sueldo-bruto-y-neto-en-paraguay-como-comparar-dos-ofertas,true,https,,true,"max-image-preview:large, max-snippet:-1, max-video-preview:-1",Sueldo bruto y neto en Paraguay: cómo comparar dos ofertas,58,true,"Compará propuestas laborales paraguayas por salario bruto, neto estimado, beneficios, frecuencia de pago y estabilidad.",119,true,Sueldo bruto y neto en Paraguay: cómo comparar dos ofertas,1,true,1062,false,false,true,false,true,true,true,false,true,23,8,true,blog,
https://hacecuentas.com/blog/sueldo-de-convenio-salario-real-y-adicionales-que-comparar,200,https://hacecuentas.com/blog/sueldo-de-convenio-salario-real-y-adicionales-que-comparar,true,https,,true,"max-image-preview:large, max-snippet:-1, max-video-preview:-1","Sueldo de convenio, salario real y adicionales: qué comparar",60,true,"Separá básico, adicionales, horas extras y mejoras para comparar tu sueldo real con el convenio correcto sin mezclar bruto y neto.",130,true,"Sueldo de convenio, salario real y adicionales: qué comparar",1,true,1384,false,false,true,false,true,true,true,false,true,22,9,true,blog,
https://hacecuentas.com/blog/sueldo-real-argentino-2026,200,https://hacecuentas.com/blog/sueldo-real-argentino-2026,true,https,,true,"max-image-preview:large, max-snippet:-1, max-video-preview:-1",Sueldo real en Argentina 1994-2026: perdió 23% desde 2017,57,true,"¿Cuánto perdió el sueldo argentino? El salario real cayó 23% desde 2017: en dólar blue el promedio cobra USD 1.207, contra USD 1.451 en 2017. RIPTE + IPC.",154,true,El sueldo real argentino 1994-2026: cuánto perdimos en 30 años,1,true,2337,true,false,true,true,true,true,true,false,true,27,9,true,blog,
https://hacecuentas.com/blog/sueldos-bruto-y-neto-en-2026-que-revisar-este-ano,200,https://hacecuentas.com/blog/sueldos-bruto-y-neto-en-2026-que-revisar-este-ano,true,https,,true,"max-image-preview:large, max-snippet:-1, max-video-preview:-1",Sueldos bruto y neto en 2026: qué revisar este año,50,true,"Revisá sueldo bruto y neto en 2026 con aportes, descuentos, escalas, Ganancias, acuerdos salariales y el recibo del mes.",120,true,Sueldos bruto y neto en 2026: qué revisar este año,1,true,1238,true,false,true,true,true,true,true,false,true,22,9,true,blog,
https://hacecuentas.com/blog/sueldos-por-convenio-en-2026-que-revisar-este-ano,200,https://hacecuentas.com/blog/sueldos-por-convenio-en-2026-que-revisar-este-ano,true,https,,true,"max-image-preview:large, max-snippet:-1, max-video-preview:-1",Sueldos por convenio en 2026: qué revisar este año,50,true,"Revisá escalas, actas, categorías y sumas salariales para entender tu sueldo de convenio y detectar diferencias durante 2026.",125,true,Sueldos por convenio en 2026: qué revisar este año,1,true,1384,false,false,true,false,true,true,true,false,true,22,9,true,blog,
https://hacecuentas.com/blog/tablero-control-pyme-caja-marketing-2026,200,https://hacecuentas.com/blog/tablero-control-pyme-caja-marketing-2026,true,https,,true,"max-image-preview:large, max-snippet:-1, max-video-preview:-1","El tablero de tu pyme: caja, costo por cliente y salud",54,true,"Por qué vendés bien y no tenés plata, cuánto te cuesta conseguir un cliente con publicidad y cómo saber si tu NPS y tus métricas de marca están bien.",149,true,"El tablero de tu pyme: caja, costo por cliente y salud de marca",1,true,1756,false,false,true,false,true,true,true,false,true,31,8,true,blog,
https://hacecuentas.com/blog/talles-de-calzado-como-pasar-de-centimetros-a-una-etiqueta,200,https://hacecuentas.com/blog/talles-de-calzado-como-pasar-de-centimetros-a-una-etiqueta,true,https,,true,"max-image-preview:large, max-snippet:-1, max-video-preview:-1",Talles de calzado: cómo pasar de centímetros a una etiqueta,59,true,"Medí ambos pies, convertí centímetros y revisá horma, ancho y política de cambios para comprar calzado.",103,true,Talles de calzado: cómo pasar de centímetros a una etiqueta,1,true,965,false,false,true,false,true,true,true,false,true,22,8,true,blog,
https://hacecuentas.com/blog/talles-internacionales-diferencias-entre-centimetros-letras-y-numeros,200,https://hacecuentas.com/blog/talles-internacionales-diferencias-entre-centimetros-letras-y-numeros,true,https,,true,"max-image-preview:large, max-snippet:-1, max-video-preview:-1","Talles internacionales: centímetros, letras y números",53,true,Entendé sistemas de talles internacionales y evitá elegir por equivalencias genéricas al comprar ropa en otro país.,115,true,"Talles internacionales: centímetros, letras y números",1,true,999,false,false,true,false,true,true,true,false,true,22,8,true,blog,
https://hacecuentas.com/blog/tarjeta-sube-guia-completa-2026,200,https://hacecuentas.com/blog/tarjeta-sube-guia-completa-2026,true,https,,true,"max-image-preview:large, max-snippet:-1, max-video-preview:-1","Tarjeta SUBE 2026: tarifas, registro, carga y descuentos",56,true,"Guía completa de la tarjeta SUBE en 2026: tarifas de julio, cómo registrarla y cargarla, Tarifa Social, RED SUBE, CUD, saldo máximo y calculadora.",146,true,"Tarjeta SUBE 2026: tarifas, registro, carga y descuentos",1,true,2609,false,false,true,true,true,true,true,false,true,23,9,true,blog,
https://hacecuentas.com/blog/te-echaron-o-renunciaste-guia-numeros-2026,200,https://hacecuentas.com/blog/te-echaron-o-renunciaste-guia-numeros-2026,true,https,,true,"max-image-preview:large, max-snippet:-1, max-video-preview:-1",Te echaron o renunciaste: números antes de firmar,49,true,"Indemnización por despido, liquidación final, sueldo de convenio y servicio doméstico: qué te corresponde cobrar en cada caso, cómo verificarlo paso…",149,true,Te echaron o renunciaste: números antes de firmar,1,true,1394,false,false,true,false,true,true,true,false,true,29,8,true,blog,
https://hacecuentas.com/blog/terminaciones-y-muebles-calculos-2026,200,https://hacecuentas.com/blog/terminaciones-y-muebles-calculos-2026,true,https,,true,"max-image-preview:large, max-snippet:-1, max-video-preview:-1","Pintura, pisos y muebles: las cuentas de la etapa",49,true,"Cuántos litros de pintura, cuántas cajas de cerámicos, cuánta placa de madera y qué medida de mueble entra: las cuatro cuentas de terminaciones bien hechas.",156,true,"Pintura, pisos y muebles: las cuentas de la etapa de terminaciones",1,true,1574,false,false,true,false,true,true,true,false,true,33,8,true,blog,
https://hacecuentas.com/blog/tina-asistente-virtual-estado-como-usar,200,https://hacecuentas.com/blog/tina-asistente-virtual-estado-como-usar,true,https,,true,"max-image-preview:large, max-snippet:-1, max-video-preview:-1",Tina: qué es y cómo usar la asistente virtual del Estado,56,true,"Qué es Tina, para qué sirve y cómo usar la asistente virtual del Estado en WhatsApp, Mi Argentina y Argentina.gob.ar. Número oficial, trámites y seguridad.",155,true,Tina: qué es y cómo usar la asistente virtual del Estado,1,true,2088,false,false,true,true,true,true,true,false,true,19,9,true,blog,
https://hacecuentas.com/blog/transferir-un-auto-que-revisar-de-patente-y-deuda,200,https://hacecuentas.com/blog/transferir-un-auto-que-revisar-de-patente-y-deuda,true,https,,true,"max-image-preview:large, max-snippet:-1, max-video-preview:-1",Transferir un auto: qué revisar de patente y deuda,50,true,"Revisá patente, multas, radicación y deuda antes de transferir un vehículo para evitar costos inesperados.",106,true,Transferir un auto: qué revisar de patente y deuda,1,true,861,true,false,true,false,true,true,true,false,true,20,9,true,blog,
https://hacecuentas.com/blog/traslado-regimen-pensional-colombia-16-julio-2026,200,https://hacecuentas.com/blog/traslado-regimen-pensional-colombia-16-julio-2026,true,https,,true,"max-image-preview:large, max-snippet:-1, max-video-preview:-1",Traslado de régimen pensional: hasta el 16 de julio,51,true,"El traslado de régimen pensional vence el 16 de julio de 2026. Requisitos, doble asesoría y qué mirar antes de elegir entre Colpensiones y un fondo privado.",156,true,Traslado de régimen pensional en Colombia: el plazo cierra el 16 de julio de 2026,1,true,4541,true,false,true,true,true,true,true,false,true,26,9,true,blog,
https://hacecuentas.com/blog/un-aumento-por-inflacion-con-ejemplos-paso-a-paso,200,https://hacecuentas.com/blog/un-aumento-por-inflacion-con-ejemplos-paso-a-paso,true,https,,true,"max-image-preview:large, max-snippet:-1, max-video-preview:-1",un aumento por inflación con ejemplos paso a paso,49,true,"El IPC del INDEC mide la inflación mensual oficial de Argentina: en 2026 acumula +14,7% de enero a mayo (mayo +2,1%, abril +2,6%, marzo +3,4%), un factor…",154,true,un aumento por inflación con ejemplos paso a paso,1,true,1749,true,false,true,false,true,true,true,false,true,21,9,true,blog,
https://hacecuentas.com/blog/vacaciones-de-una-empleada-domestica-como-ordenar-la-cuenta,200,https://hacecuentas.com/blog/vacaciones-de-una-empleada-domestica-como-ordenar-la-cuenta,true,https,,true,"max-image-preview:large, max-snippet:-1, max-video-preview:-1",Vacaciones de una empleada doméstica: cómo ordenar la cuenta,60,true,"Organizá el cálculo de vacaciones de personal de casas particulares con antigüedad, fecha de inicio y documentación.",116,true,Vacaciones de una empleada doméstica: cómo ordenar la cuenta,1,true,993,false,false,true,false,true,true,true,false,true,23,8,true,blog,
https://hacecuentas.com/blog/vacaciones-invierno-2026-cuanto-sale-presupuesto,200,https://hacecuentas.com/blog/vacaciones-invierno-2026-cuanto-sale-presupuesto,true,https,,true,"max-image-preview:large, max-snippet:-1, max-video-preview:-1",Vacaciones de invierno 2026: cómo armar el presupuesto,54,true,"¿Cuánto sale un viaje en vacaciones de invierno 2026? Estimá 4 rubros: transporte, alojamiento, comida y actividades.",117,true,Vacaciones de invierno 2026: cómo armar el presupuesto,1,true,1620,false,false,true,false,true,true,true,false,true,25,8,true,blog,
https://hacecuentas.com/blog/viaje-largo-en-auto-que-gastos-suelen-quedar-afuera-del-calculo,200,https://hacecuentas.com/blog/viaje-largo-en-auto-que-gastos-suelen-quedar-afuera-del-calculo,true,https,,true,"max-image-preview:large, max-snippet:-1, max-video-preview:-1",Viaje largo en auto: qué gastos suelen quedar afuera,52,true,"Prepará un presupuesto de viaje en auto incluyendo combustible, peajes, estacionamiento, desvíos y contingencias previsibles.",125,true,Viaje largo en auto: qué gastos suelen quedar afuera del cálculo,1,true,984,false,false,true,false,true,true,true,false,true,22,8,true,blog,
https://hacecuentas.com/blog/vivir-de-crear-contenido-numeros-2026,200,https://hacecuentas.com/blog/vivir-de-crear-contenido-numeros-2026,true,https,,true,"max-image-preview:large, max-snippet:-1, max-video-preview:-1",Vivir de crear contenido: los números que tenés que mirar,57,true,"Cuánto paga cada plataforma por tus views, cuánto cobrar por un canje o publicidad, cómo publicar en cada red y qué deja vender tu propia obra.",143,true,Vivir de crear contenido: los números que tenés que mirar,1,true,1757,false,false,true,false,true,true,true,false,true,34,8,true,blog,
https://hacecuentas.com/buscar,200,https://hacecuentas.com/buscar,true,https,,true,"max-image-preview:large, max-snippet:-1, max-video-preview:-1",Hubs de decisión — encontrá qué resolver | Hacé Cuentas,55,true,"Explorá todos los hubs de decisión de Hacé Cuentas por problema, tema y país. Respuestas conectadas para decidir con datos y fuentes vigentes.",142,true,Contanos qué necesitás resolver.,1,true,5227,true,false,false,false,false,true,true,false,false,689,0,true,core,
https://hacecuentas.com/calculadora,200,https://hacecuentas.com/calculadora,true,https,,true,"max-image-preview:large, max-snippet:-1, max-video-preview:-1",Calculadora online gratis — Hacé Cuentas,40,true,"Calculadora online gratis: escribí cualquier operación y obtené el resultado al instante, o elegí entre 200 calculadoras de sueldo, porcentajes, IMC…",149,true,Calculadora online gratis,1,false,820,false,false,true,false,false,true,true,true,true,31,0,true,core,
https://hacecuentas.com/calculadora-actualizacion-inflacion-ipc,200,https://hacecuentas.com/calculadora-actualizacion-inflacion-ipc,true,https,,true,"max-image-preview:large, max-snippet:-1, max-video-preview:-1",IPC julio 2026: calculadora de inflación INDEC,46,true,"Actualizá un monto por inflación con el IPC oficial del INDEC. Elegí mes inicial y final, calculá el factor acumulado y compará poder adquisitivo.",146,true,¿Cuánto vale hoy un monto de otro año?,1,false,3747,true,false,true,true,true,true,true,true,true,21,10,true,fresh,
https://hacecuentas.com/calculadora-cientifica,200,https://hacecuentas.com/calculadora-cientifica,true,https,,true,"max-image-preview:large, max-snippet:-1, max-video-preview:-1",Calculadora científica online con funciones avanzadas,53,true,"Resolvé potencias, raíces, logaritmos, trigonometría y expresiones científicas desde el navegador, sin registro y con resultados inmediatos.",140,true,"Todo el poder de una científica, sin complicarte.",1,true,704,false,false,true,false,false,true,true,true,false,89,0,true,priority,
https://hacecuentas.com/calculadora-consumo-electrodomesticos,200,https://hacecuentas.com/calculadora-consumo-electrodomesticos,true,https,,true,"max-image-preview:large, max-snippet:-1, max-video-preview:-1",Calculadora de Consumo de Electrodomésticos,43,true,"Elegí tus electrodomésticos (aire, heladera, TV, lavarropas y +45 más), ajustá horas de uso y descubrí cuántos kWh consume tu casa y cuánto pagás por mes.",154,true,¿Cuánta luz consumen tus electrodomésticos?,1,true,1312,true,false,true,false,false,true,true,true,true,11,9,true,core,
https://hacecuentas.com/calculadora-formula-1,200,https://hacecuentas.com/calculadora-formula-1,true,https,,true,"max-image-preview:large, max-snippet:-1, max-video-preview:-1","Calculadora de Fórmula 1 2026: Puntos, Campeonato",49,true,"Multicalculadora de Fórmula 1 2026: sumá los puntos de un piloto por sus resultados, mirá la tabla de puntos por posición (carrera y sprint), calculá si…",153,true,Calculadora de Fórmula 1 2026,1,true,994,true,false,true,false,false,true,true,true,true,11,9,true,priority,
https://hacecuentas.com/calculadora-interes-judicial-tasa,200,https://hacecuentas.com/calculadora-interes-judicial-tasa,true,https,,true,"max-image-preview:large, max-snippet:-1, max-video-preview:-1",Interés judicial: estimador con tasa manual y fechas,52,true,"Estimá interés simple entre dos fechas con la TNA indicada en tu expediente. Resultado orientativo, fórmula visible y fuentes oficiales.",136,true,Estimador de interés judicial,1,true,1219,true,false,true,true,true,true,true,true,true,10,4,true,fresh,
https://hacecuentas.com/calculadora-validar-cbu-cvu-identificar-banco,200,https://hacecuentas.com/calculadora-validar-cbu-cvu-identificar-banco,true,https,,true,"max-image-preview:large, max-snippet:-1, max-video-preview:-1",Validar CBU o CVU: de qué banco o billetera es,46,true,Pegá un CBU o CVU de 22 dígitos y verificá si es válido con los dígitos verificadores del BCRA.,95,true,Validar CBU o CVU: ¿de qué banco es? 🇦🇷,1,true,2378,true,true,true,true,true,true,true,true,true,25,10,true,priority,
https://hacecuentas.com/calculadoras-evento,200,https://hacecuentas.com/calculadoras-evento,true,https,,true,"max-image-preview:large, max-snippet:-1, max-video-preview:-1",Calculadoras para tu asado o evento,35,true,"Organizá tu asado, cumpleaños, juntada o casamiento sin que falte ni sobre: calculá comida, bebida, hielo, mesas, sillas y presupuesto.",135,true,"Calculadoras para tu asado, fiesta o evento",1,true,710,false,false,false,false,false,true,true,false,false,68,0,true,priority,
https://hacecuentas.com/calculadoras-fin-de-semana,200,https://hacecuentas.com/calculadoras-fin-de-semana,true,https,,true,"max-image-preview:large, max-snippet:-1, max-video-preview:-1","Calculadoras para el fin de semana: asado, fiesta, escapada",59,true,"Las calculadoras que de verdad usás el sábado y domingo: cuánta carne y cerveza para el asado, comida y bebida por invitado, nafta y peajes…",140,true,Calculadoras para el fin de semana,1,true,2601,false,false,true,false,false,true,true,false,true,118,0,true,priority,
https://hacecuentas.com/calendario-nfl-2026-semana-a-semana,200,https://hacecuentas.com/calendario-nfl-2026-semana-a-semana,true,https,,true,"max-image-preview:large, max-snippet:-1, max-video-preview:-1",Calendario NFL 2026: las 18 semanas con horario de tu país,58,true,"Calendario completo de la NFL 2026 semana a semana: los 272 partidos con día, horario de México, Colombia y Argentina, canal de TV y estadio.",141,true,Calendario NFL 2026 semana a semana,1,true,5674,true,false,true,false,true,true,true,false,true,21,0,true,priority,
https://hacecuentas.com/calendario-pagos-anses-agosto-2026,200,https://hacecuentas.com/calendario-pagos-anses-agosto-2026,true,https,,true,"max-image-preview:large, max-snippet:-1, max-video-preview:-1",Calendario de pagos ANSES agosto 2026,37,true,"Consultá todas las fechas de cobro de ANSES de agosto de 2026. Usá herramientas gratuitas, ejemplos claros y fuentes documentadas para entender…",144,true,Sabé qué día cobrás. Sin recorrer tablas.,1,false,723,false,false,false,false,false,true,true,true,false,86,0,true,core,
https://hacecuentas.com/calendario-pagos-anses-septiembre-2026,200,https://hacecuentas.com/calendario-pagos-anses-septiembre-2026,true,https,,false,"noindex, follow",Calendario de pagos ANSES septiembre 2026,41,true,"Fechas estimadas de pago ANSES para septiembre 2026 por terminación de DNI y montos calculados con la movilidad de 2,1%.",120,true,Calendario de pagos ANSES septiembre 2026: cuándo cobro según mi DNI,1,true,1129,false,false,true,false,true,true,true,false,true,9,4,true,core,
https://hacecuentas.com/calendarios,200,https://hacecuentas.com/calendarios,true,https,,true,"max-image-preview:large, max-snippet:-1, max-video-preview:-1","Calendarios 2026, feriados y calculadoras de fechas",51,true,"Consultá calendarios y feriados 2026, calculá días entre fechas, días hábiles, vencimientos y cuánto falta para cada evento importante.",135,true,"Todos tus calendarios, en un solo lugar.",1,true,216,false,false,false,false,false,true,true,false,false,0,0,true,core,
https://hacecuentas.com/cambio-de-monedas,200,https://hacecuentas.com/cambio-de-monedas,true,https,,true,"max-image-preview:large, max-snippet:-1, max-video-preview:-1","Cambio de Monedas Hoy — Dólar Blue, Euro, Real en Vivo",54,true,"Cotizaciones en vivo de dólar blue, oficial, MEP, CCL, tarjeta, cripto, euro… Encontrá herramientas, ejemplos y fuentes para resolver cambio de monedas hoy.",156,true,Cambio de monedas en vivo 💱,1,true,962,false,false,true,false,true,true,true,true,true,13,0,true,priority,
https://hacecuentas.com/campeon-mundial-2026,200,https://hacecuentas.com/campeon-mundial-2026,true,https,,true,"max-image-preview:large, max-snippet:-1, max-video-preview:-1",España campeón del Mundial 2026 — resultado de la final,55,true,"España es el campeón del Mundial 2026: le ganó la final a Argentina (1-0 (pr.)). Resultado, botín de oro y la tabla histórica de campeones del mundo.",149,true,🏆 ¿Quién ganó el Mundial 2026?,1,true,817,false,false,true,false,false,true,true,false,true,20,0,true,core,
https://hacecuentas.com/ciencia,200,https://hacecuentas.com/ciencia,true,https,,true,"max-image-preview:large, max-snippet:-1, max-video-preview:-1","Calculadoras de física, química y ciencias | Hacé Cuentas",57,true,"Resolvé cálculos de física, química, electricidad, ondas, energía y otras ciencias con unidades, fórmulas y ejemplos explicados.",128,true,"De la pregunta al resultado, sin saltarte el método.",1,false,1131,true,false,false,true,false,true,true,true,false,111,0,true,hubs,
https://hacecuentas.com/ciencia/movimiento-y-fuerzas,200,https://hacecuentas.com/ciencia/movimiento-y-fuerzas,true,https,,true,"max-image-preview:large, max-snippet:-1, max-video-preview:-1","Movimiento, fuerzas y energía: caída libre, tiro parabólico",59,true,"Resolvé velocidad, distancia y tiempo; calculá cuánto tarda y a qué velocidad llega un objeto en caída libre; sacá el alcance y la altura máxima…",145,true,Mové las fuerzas. Mirá qué pasa.,1,true,2190,true,false,true,true,false,true,true,false,true,105,0,true,hubs,
https://hacecuentas.com/ciencia/ondas-luz-y-sonido,200,https://hacecuentas.com/ciencia/ondas-luz-y-sonido,true,https,,true,"max-image-preview:large, max-snippet:-1, max-video-preview:-1","Ondas, luz y sonido: longitud de onda, Doppler, lentes",54,true,"Relacioná velocidad, longitud de onda y frecuencia con v = λ·f; calculá la velocidad del sonido según la temperatura del aire; sacá la frecuencia…",146,true,Una misma idea. Distintos fenómenos.,1,false,2202,true,false,true,true,false,true,true,false,true,105,0,true,hubs,
https://hacecuentas.com/ciencia/ph-y-equilibrio-quimico,200,https://hacecuentas.com/ciencia/ph-y-equilibrio-quimico,true,https,,true,"max-image-preview:large, max-snippet:-1, max-video-preview:-1","pH, pOH, ácidos débiles y equilibrio químico: calculadora",57,true,"Calculá el pH a partir de la concentración de H⁺ (o al revés), sacá el pOH desde [OH⁻], resolvé el pH de un ácido débil con su Ka usando la cuadrática…",151,true,No adivines el pH. Mirá el equilibrio.,1,true,2005,true,false,true,true,false,true,true,false,true,105,0,true,hubs-recovery,
https://hacecuentas.com/ciencia/planetas-y-viaje-espacial,200,https://hacecuentas.com/ciencia/planetas-y-viaje-espacial,true,https,,true,"max-image-preview:large, max-snippet:-1, max-video-preview:-1","Peso en otros planetas, velocidad de escape, órbitas y años",59,true,"Calculá cuánto pesarías en la Luna, Marte o Júpiter; la velocidad de escape y la velocidad orbital de cualquier cuerpo; convertí entre parsecs, años luz…",153,true,¿Cuánto tardaríamos en llegar?,1,false,2079,true,false,true,true,false,true,true,false,true,105,0,true,hubs,
https://hacecuentas.com/ciencia/presion-y-gases,200,https://hacecuentas.com/ciencia/presion-y-gases,true,https,,true,"max-image-preview:large, max-snippet:-1, max-video-preview:-1","Presión atmosférica según altitud, psi, bar, atm y gases",56,true,"Convertí presión entre psi, bar, atmósferas, pascales y mmHg con factores exactos, calculá la presión atmosférica según la altitud, la presión…",143,true,"Presión y gases, explicado con números.",1,true,2314,true,false,true,true,false,true,true,false,true,105,0,true,hubs,
https://hacecuentas.com/ciencia/quimica-de-soluciones,200,https://hacecuentas.com/ciencia/quimica-de-soluciones,true,https,,true,"max-image-preview:large, max-snippet:-1, max-video-preview:-1","Química de soluciones: molaridad, moles, diluciones",51,true,"Calculá la masa molar de un compuesto, pasá de gramos a moles, sacá la molaridad o la molalidad de una solución, resolvé una dilución con C1V1 = C2V2…",150,true,Prepará soluciones con la concentración exacta.,1,true,2244,true,false,true,true,false,true,true,false,true,105,0,true,hubs,
https://hacecuentas.com/ciencia/sol-luna-y-mareas,200,https://hacecuentas.com/ciencia/sol-luna-y-mareas,true,https,,true,"max-image-preview:large, max-snippet:-1, max-video-preview:-1","Amanecer, atardecer, fase lunar y mareas de hoy",47,true,"A qué hora amanece y anochece hoy en tu ciudad, cuántas horas de luz hay, qué fase lunar se ve esta noche y cuándo es la próxima luna llena, cuántos…",149,true,La fase lunar también mueve el agua.,1,true,2370,true,false,true,true,false,true,true,false,true,105,0,true,hubs-recovery,
https://hacecuentas.com/cl,200,https://hacecuentas.com/cl,true,https,,true,"max-image-preview:large, max-snippet:-1, max-video-preview:-1","Calculadoras Chile 2026 — SII, AFP, isapre, finiquito",53,true,"32 calculadoras gratis para Chile: impuesto a la renta SII, AFP, isapre, finiquito, gratificación, sueldo líquido. Datos 2026.",126,true,"Tus números de Chile, claros y al día.",1,true,1772,true,false,true,true,true,true,true,false,true,51,0,true,hubs,
https://hacecuentas.com/cl/auto,200,https://hacecuentas.com/cl/auto,true,https,,true,"max-image-preview:large, max-snippet:-1, max-video-preview:-1","Auto en Chile — permiso de circulación, revisión técnica",56,true,"Permiso de circulación, revisión técnica, seguro obligatorio, bencina y el costo real de mantener un auto en Chile, con la UTM y el precio de combustible…",154,true,Auto,1,true,459,false,false,false,false,false,true,true,false,false,48,0,true,hubs-recovery,
https://hacecuentas.com/cl/auto/cuanto-cuesta-tener-auto,200,https://hacecuentas.com/cl/auto/cuanto-cuesta-tener-auto,true,https,,true,"max-image-preview:large, max-snippet:-1, max-video-preview:-1",Cuánto cuesta tener auto en Chile al año,40,true,Suma lo que te cuesta el auto en un año en Chile: permiso de circulación según la tasación fiscal del SII y la tabla en UTM del Art.,132,true,Tu auto cobra incluso cuando está estacionado.,1,true,149,false,false,false,false,true,true,true,false,true,45,0,true,hubs-recovery,
https://hacecuentas.com/cl/auto/cuanto-gasto-en-el-viaje,200,https://hacecuentas.com/cl/auto/cuanto-gasto-en-el-viaje,true,https,,true,"max-image-preview:large, max-snippet:-1, max-video-preview:-1",Cuánto sale un viaje en auto en Chile,37,true,"Calcula cuánto te sale un viaje en auto en Chile: litros según el rendimiento y el precio del combustible, peajes y TAG de las autopistas urbanas…",146,true,"Antes de salir, cerrá la cuenta del camino.",1,false,156,false,false,false,false,true,true,true,false,true,45,0,true,hubs-recovery,
https://hacecuentas.com/cl/calculadoras,200,https://hacecuentas.com/cl/calculadoras,true,https,,true,"max-image-preview:large, max-snippet:-1, max-video-preview:-1",Todas las calculadoras de Chile — 31 gratis | Hacé Cuentas,58,true,"Catálogo completo de 31 calculadoras online gratis para Chile: sueldo líquido, impuesto único, finiquito, AFP, IVA, crédito hipotecario UF, licencia…",149,true,Calculadoras de Chile,1,true,337,false,false,false,false,false,true,true,false,false,18,0,true,core,
https://hacecuentas.com/cl/datos-sueldo-chile-2026,200,https://hacecuentas.com/cl/datos-sueldo-chile-2026,true,https,,true,"max-image-preview:large, max-snippet:-1, max-video-preview:-1",Descuentos del sueldo en Chile 2026,35,true,"Tabla de descuentos legales del sueldo en Chile 2026: AFP 10%, salud 7%, seguro de cesantía 0,6%, topes imponibles (90 y 135,2 UF), impuesto único e IVA.",153,true,"Descuentos del sueldo en Chile 2026: cotizaciones, topes e impuesto",1,true,792,false,false,true,false,true,true,true,false,true,10,0,true,core,
https://hacecuentas.com/cl/dinero,200,https://hacecuentas.com/cl/dinero,true,https,,true,"max-image-preview:large, max-snippet:-1, max-video-preview:-1","Dinero, créditos y ahorro en Chile — calculadoras",49,true,"Créditos, CAE, ahorro, AFP e inversiones en Chile, resueltos con la UF y la UTM del día y las reglas de la CMF y la Superintendencia de Pensiones…",146,true,Dinero,1,true,634,false,false,false,false,false,true,true,false,false,50,0,true,hubs-recovery,
https://hacecuentas.com/cl/dinero/cuanta-pension-voy-a-tener,200,https://hacecuentas.com/cl/dinero/cuanta-pension-voy-a-tener,true,https,,true,"max-image-preview:large, max-snippet:-1, max-video-preview:-1",Cuánta pensión voy a tener en Chile,35,true,"Proyecta tu pensión en Chile con el saldo real de tu cuenta AFP, la rentabilidad histórica de tu multifondo, la Pensión Garantizada Universal…",142,true,No mires solo el saldo: mirá la vida mensual que compra.,1,false,148,false,false,false,false,true,true,true,false,true,45,0,true,hubs-recovery,
https://hacecuentas.com/cl/dinero/donde-invierto-mis-ahorros,200,https://hacecuentas.com/cl/dinero/donde-invierto-mis-ahorros,true,https,,true,"max-image-preview:large, max-snippet:-1, max-video-preview:-1",Dónde invertir tus ahorros en Chile,35,true,"Compara depósito a plazo, fondo mutuo, renta fija del Banco Central y acciones de la Bolsa de Santiago con el número que importa: cuánto te queda neto…",151,true,Primero separá la plata que no puede esperar.,1,false,143,false,false,false,false,true,true,true,false,true,45,0,true,hubs,
https://hacecuentas.com/cl/dinero/pedir-un-credito,200,https://hacecuentas.com/cl/dinero/pedir-un-credito,true,https,,true,"max-image-preview:large, max-snippet:-1, max-video-preview:-1",Cuánto cuesta de verdad un crédito en Chile,43,true,"Calcula la cuota y el costo total de un crédito de consumo en Chile con la CAE real, compara dos ofertas peso por peso, mira cuánto tardas en pagar…",148,true,La cuota seduce. La CAE cuenta la verdad.,1,true,151,false,false,false,false,true,true,true,false,true,45,0,true,hubs-recovery,
https://hacecuentas.com/cl/dinero/uf-utm-y-dolar-hoy,200,https://hacecuentas.com/cl/dinero/uf-utm-y-dolar-hoy,true,https,,true,"max-image-preview:large, max-snippet:-1, max-video-preview:-1","UF, UTM, UTA y dólar hoy en Chile: valores y conversor",54,true,"Valor de la UF, la UTM, la UTA, el dólar observado y el euro de hoy, con la fecha de cada dato, y un conversor en las dos direcciones: de la unidad…",148,true,"El valor de hoy, puesto en una cuenta concreta.",1,true,141,false,false,false,false,true,true,true,false,true,45,0,true,hubs-recovery,
https://hacecuentas.com/cl/futbol-chileno-hoy,200,https://hacecuentas.com/cl/futbol-chileno-hoy,true,https,,true,"max-image-preview:large, max-snippet:-1, max-video-preview:-1","Fútbol chileno hoy: partidos, resultados y tablas",49,true,"Partidos de hoy, resultados, próximos encuentros, horarios locales y tablas actualizadas del fútbol chileno, con resultados recientes y agenda…",143,true,"Fútbol chileno, hoy",1,true,610,false,false,false,false,true,true,true,false,true,15,0,true,priority,
https://hacecuentas.com/cl/hogar,200,https://hacecuentas.com/cl/hogar,true,https,,true,"max-image-preview:large, max-snippet:-1, max-video-preview:-1","Hogar en Chile — arriendo, crédito hipotecario y cuentas",56,true,"Arriendo, crédito hipotecario y cuentas de la casa, resueltos con la UF del día, el arancel que de verdad cobra el Conservador y las tarifas que aparecen…",154,true,Hogar,1,true,534,false,false,false,false,false,true,true,false,false,49,0,true,hubs-recovery,
https://hacecuentas.com/cl/hogar/arrendar-o-comprar,200,https://hacecuentas.com/cl/hogar/arrendar-o-comprar,true,https,,true,"max-image-preview:large, max-snippet:-1, max-video-preview:-1",Arrendar o comprar en Chile: qué conviene según los números,59,true,Compara el costo total de seguir arrendando —con el reajuste por IPC que dice tu contrato— contra comprar con pie y crédito hipotecario en UF.,142,true,¿En qué año deja de ganar el arriendo?,1,false,167,false,false,false,false,true,true,true,false,true,45,0,true,hubs,
https://hacecuentas.com/cl/hogar/comprar-casa-con-credito,200,https://hacecuentas.com/cl/hogar/comprar-casa-con-credito,true,https,,true,"max-image-preview:large, max-snippet:-1, max-video-preview:-1","Comprar casa en Chile: dividendo, pie y todos los costos",56,true,"Calcula el dividendo en UF y el CAE real de tu crédito hipotecario, y suma los costos que descuadran el presupuesto: impuesto de timbres, notaría…",146,true,"Armá la casa con pie, subsidio y banco.",1,true,166,false,false,false,false,true,true,true,false,true,45,0,true,hubs-recovery,
https://hacecuentas.com/cl/hogar/cuentas-de-la-casa,200,https://hacecuentas.com/cl/hogar/cuentas-de-la-casa,true,https,,true,"max-image-preview:large, max-snippet:-1, max-video-preview:-1",Cuentas de la casa en Chile: por qué te llegó cara la luz,57,true,"Desarma tu boleta de luz peso por peso —cargo fijo, energía e IVA—, compara gas de red contra cilindro por energía real y revisa tu plan de internet.",149,true,Descubrí por qué subieron tus cuentas y cómo bajarlas.,1,true,2352,true,false,true,true,false,true,true,false,true,97,0,true,hubs,
https://hacecuentas.com/cl/impuestos,200,https://hacecuentas.com/cl/impuestos,true,https,,true,"max-image-preview:large, max-snippet:-1, max-video-preview:-1",Impuestos en Chile — calculadoras y guías del SII,49,true,"Operación Renta, Global Complementario, Primera Categoría, IVA, contribuciones y herencias en Chile, resueltos con la UTM y la UTA vigentes y el artículo…",154,true,Impuestos,1,true,617,true,false,false,false,false,true,true,false,false,50,0,true,hubs-recovery,
https://hacecuentas.com/cl/impuestos/cobre-y-finanzas-publicas,200,https://hacecuentas.com/cl/impuestos/cobre-y-finanzas-publicas,true,https,,true,"max-image-preview:large, max-snippet:-1, max-video-preview:-1",Precio del cobre en Chile: impacto en los ingresos fiscales,59,true,"Hub de decisión con 1 cálculos: Calculadora de impacto… Consultá cómo impacta el precio del cobre en los ingresos fiscales con datos, herramientas…",147,true,Mové el cobre y mirá qué pasa con la caja fiscal.,1,true,150,false,false,false,false,true,true,true,false,true,45,0,true,hubs-recovery,
https://hacecuentas.com/cl/impuestos/impuestos-de-mi-empresa,200,https://hacecuentas.com/cl/impuestos/impuestos-de-mi-empresa,true,https,,true,"max-image-preview:large, max-snippet:-1, max-video-preview:-1","Impuestos de una empresa en Chile: Primera Categoría, Pyme",58,true,"Calcula el Impuesto de Primera Categoría del régimen general y del régimen Pyme 14D, la modalidad transparente, la renta presunta del Art.",138,true,Separá lo que gana tu empresa de lo que tiene que pagar.,1,true,2134,true,false,true,true,false,true,true,false,true,97,0,true,hubs,
https://hacecuentas.com/cl/impuestos/impuestos-de-mi-propiedad,200,https://hacecuentas.com/cl/impuestos/impuestos-de-mi-propiedad,true,https,,true,"max-image-preview:large, max-snippet:-1, max-video-preview:-1",Impuestos de una propiedad en Chile,35,true,"Calcula tus contribuciones anuales y su morosidad en la TGR, el impuesto al mayor valor por vender con la exención de 8.000 UF, el impuesto de timbres…",151,true,Cada movimiento de la propiedad tiene su propia cuenta.,1,true,149,false,false,false,false,true,true,true,false,true,45,0,true,hubs-recovery,
https://hacecuentas.com/cl/impuestos/operacion-renta,200,https://hacecuentas.com/cl/impuestos/operacion-renta,true,https,,true,"max-image-preview:large, max-snippet:-1, max-video-preview:-1",Operación Renta 2026 Chile: te devuelven o tienes que pagar,59,true,"Calculá tu Impuesto Global Complementario en la Operación Renta 2026: tabla en UTA del Art. 52, devolución o cargo, honorarios, cripto y APV en Chile.",150,true,Seguí la plata desde tus ingresos hasta la devolución.,1,false,141,false,false,false,false,true,true,true,false,true,45,0,true,hubs-recovery,
https://hacecuentas.com/cl/trabajo,200,https://hacecuentas.com/cl/trabajo,true,https,,true,"max-image-preview:large, max-snippet:-1, max-video-preview:-1",Trabajo y sueldos en Chile — calculadoras laborales,51,true,"Sueldo líquido, horas extra, finiquito, gratificación y seguro de cesantía en Chile, resueltos con el Código del Trabajo, la UTM del mes y los topes…",149,true,Trabajo,1,true,711,false,false,false,false,false,true,true,false,false,53,0,true,hubs-recovery,
https://hacecuentas.com/cl/trabajo/costo-de-contratar,200,https://hacecuentas.com/cl/trabajo/costo-de-contratar,true,https,,true,"max-image-preview:large, max-snippet:-1, max-video-preview:-1",Costo laboral en Chile: cuánto le cuesta a la empresa,53,true,"Calcula el costo real de contratar en Chile: seguro de cesantía del empleador, SIS, cotización de la Ley de Accidentes del Trabajo, cotización adicional…",153,true,¿Cuánta empresa necesita ese sueldo?,1,true,139,false,false,false,false,true,true,true,false,true,45,0,true,hubs-recovery,
https://hacecuentas.com/cl/trabajo/gratificacion-y-aguinaldo,200,https://hacecuentas.com/cl/trabajo/gratificacion-y-aguinaldo,true,https,,true,"max-image-preview:large, max-snippet:-1, max-video-preview:-1",Gratificación legal y aguinaldo en Chile,40,true,"Calcula tu gratificación legal por el 25% con tope de 4,75 ingresos mínimos al año o por el 30% de las utilidades a prorrata, el aguinaldo de Fiestas…",150,true,"Dos artículos, dos formas de repartir.",1,false,170,true,false,false,false,true,true,true,false,true,45,0,true,hubs-recovery,
https://hacecuentas.com/cl/trabajo/horas-extra-y-recargos,200,https://hacecuentas.com/cl/trabajo/horas-extra-y-recargos,true,https,,true,"max-image-preview:large, max-snippet:-1, max-video-preview:-1","Horas extra Chile 2026: recargo, festivos y semana corrida",58,true,"Calculadora de horas extra en Chile 2026: valor hora con jornada de 42 horas, recargo del 50%, feriado irrenunciable trabajado y semana corrida.",144,true,Marcá la semana y revisá el pago adicional.,1,true,151,false,false,false,false,true,true,true,false,true,45,0,true,hubs-recovery,
https://hacecuentas.com/cl/trabajo/licencias-y-permisos,200,https://hacecuentas.com/cl/trabajo/licencias-y-permisos,true,https,,true,"max-image-preview:large, max-snippet:-1, max-video-preview:-1","Licencia médica, prenatal, postnatal y permiso de paternidad",60,true,"Calcula cuánto cobras por una licencia médica común o de accidente del trabajo, por el prenatal y el postnatal, por el postnatal parental completo…",147,true,¿Cuántos días cubre y quién paga?,1,false,144,false,false,false,false,true,true,true,false,true,45,0,true,hubs-recovery,
https://hacecuentas.com/cl/trabajo/me-quedo-sin-trabajo,200,https://hacecuentas.com/cl/trabajo/me-quedo-sin-trabajo,true,https,,true,"max-image-preview:large, max-snippet:-1, max-video-preview:-1",Finiquito Chile 2026: cuánto te corresponde según la causal,59,true,"Calcula tu finiquito completo en Chile: indemnización… Consultá finiquito en chile: cuánta plata te corresponde con datos, herramientas y fuentes…",146,true,"Primero la causal. Después, peso por peso.",1,true,153,false,false,false,false,true,true,true,false,true,45,0,true,hubs-recovery,
https://hacecuentas.com/cl/trabajo/sueldo-liquido,200,https://hacecuentas.com/cl/trabajo/sueldo-liquido,true,https,,true,"max-image-preview:large, max-snippet:-1, max-video-preview:-1","Calcular sueldo líquido Chile 2026: AFP, salud y descuentos",59,true,"Calculá tu sueldo líquido en Chile 2026: AFP 10% más comisión, salud 7% Fonasa o Isapre, seguro de cesantía 0,6% e Impuesto Único de Segunda Categoría.",151,true,Del sueldo prometido al que realmente llega.,1,true,215,false,false,false,false,true,true,true,false,true,45,0,true,hubs-recovery,
https://hacecuentas.com/cl/trabajo/trabajo-a-honorarios,200,https://hacecuentas.com/cl/trabajo/trabajo-a-honorarios,true,https,,true,"max-image-preview:large, max-snippet:-1, max-video-preview:-1",Boleta de honorarios Chile 2026: retención y cotizaciones,57,true,Calculá la retención de tu boleta de honorarios en Chile 2026 con la tasa vigente de la Ley 21.133 y la cotización obligatoria sobre el 80% de tus rentas.,154,true,Emití la boleta sabiendo cuánto llega.,1,true,141,false,false,false,false,true,true,true,false,true,45,0,true,hubs-recovery,
https://hacecuentas.com/cl/validar-rut,200,https://hacecuentas.com/cl/validar-rut,true,https,,true,"max-image-preview:large, max-snippet:-1, max-video-preview:-1",Validar RUT Chile: comprueba el dígito verificador gratis,57,true,Valida un RUT chileno en un segundo: dígito verificador (incluida la K) con el algoritmo módulo 11 y formato con puntos y guión. Todo corre en tu navegador.,156,true,Validar RUT de Chile,1,true,760,true,false,true,false,false,true,true,true,true,13,12,true,core,
https://hacecuentas.com/cl/vida,200,https://hacecuentas.com/cl/vida,true,https,,true,"max-image-preview:large, max-snippet:-1, max-video-preview:-1",Vida cotidiana y salud en Chile — calculadoras,46,true,"Salud, Fonasa e Isapre, licencias médicas, estudios, trámites y las cuentas del día a día en Chile, con la UF y la UTM vigentes.",128,true,Vida,1,true,739,false,false,false,false,false,true,true,false,false,51,0,true,hubs,
https://hacecuentas.com/cl/vida/bonos-y-beneficios-del-estado,200,https://hacecuentas.com/cl/vida/bonos-y-beneficios-del-estado,true,https,,true,"max-image-preview:large, max-snippet:-1, max-video-preview:-1",Bonos y beneficios del Estado en Chile,38,true,"Calcula tu tramo del Registro Social de Hogares, cuánto te toca de asignación familiar por carga según tu renta, si te corresponde el Aporte Familiar…",150,true,Una bandeja con los apoyos que vale la pena revisar.,1,false,143,false,false,false,false,true,true,true,false,true,45,0,true,hubs-recovery,
https://hacecuentas.com/cl/vida/cuanto-cuesta-estudiar,200,https://hacecuentas.com/cl/vida/cuanto-cuesta-estudiar,true,https,,true,"max-image-preview:large, max-snippet:-1, max-video-preview:-1","Cuánto cuesta estudiar en Chile: gratuidad, arancel, CAE",56,true,"Calcula si te toca gratuidad por tu decil, cuánto pagarías de arancel en una universidad privada, con qué deuda de CAE sales y cuánto te condonaría el FES.",155,true,Que el título muestre también la deuda de salida.,1,false,164,false,false,false,false,true,true,true,false,true,45,0,true,hubs,
https://hacecuentas.com/cl/vida/cuanto-cuesta-vivir,200,https://hacecuentas.com/cl/vida/cuanto-cuesta-vivir,true,https,,true,"max-image-preview:large, max-snippet:-1, max-video-preview:-1",Cuánto cuesta vivir en Chile: presupuesto mensual real,54,true,"Cuánta plata necesitas al mes para vivir en Chile según tu ciudad y tu hogar: arriendo, comida, transporte, salud y servicios, contrastado con la canasta…",154,true,Construí el mes habitación por habitación.,1,false,157,false,false,false,false,true,true,true,false,true,45,0,true,hubs,
https://hacecuentas.com/cl/vida/fonasa-o-isapre,200,https://hacecuentas.com/cl/vida/fonasa-o-isapre,true,https,,true,"max-image-preview:large, max-snippet:-1, max-video-preview:-1",Fonasa o Isapre: en qué tramo caes y cuánto pagas,49,true,"Compara el 7% legal de Fonasa contra el precio de un plan de Isapre en UF, mira en qué tramo de Fonasa caes según el ingreso mínimo mensual, cuánto es…",151,true,Fonasa o Isapre: compará el costo completo.,1,true,1283,false,false,true,true,false,true,true,true,false,96,0,true,hubs-recovery,
https://hacecuentas.com/cl/vida/viajar-y-comprar-afuera,200,https://hacecuentas.com/cl/vida/viajar-y-comprar-afuera,true,https,,true,"max-image-preview:large, max-snippet:-1, max-video-preview:-1","Viajar desde Chile: tasas del pasaje, valor de tus millas",57,true,"Cuánto sale de verdad un vuelo desde Chile con las tasas de embarque y el cargo de terminal, si el pasaje lleva IVA o no, cuánto valen realmente tus…",149,true,¿Conviene comprar afuera? Sumemos todo antes de decidir.,1,false,1567,false,false,true,true,false,true,true,true,false,96,0,true,hubs-recovery,
https://hacecuentas.com/co,200,https://hacecuentas.com/co,true,https,,true,"max-image-preview:large, max-snippet:-1, max-video-preview:-1","Calculadoras de Colombia: salario, impuestos y finanzas",55,true,"Calculá salario, prestaciones, impuestos, créditos, vivienda y gastos cotidianos en Colombia con valores y fuentes locales.",123,true,Entendé tu plata. Decidí con números.,1,false,1233,false,false,false,true,false,true,true,true,false,109,0,true,hubs,
https://hacecuentas.com/co/automotor,200,https://hacecuentas.com/co/automotor,true,https,,true,"max-image-preview:large, max-snippet:-1, max-video-preview:-1","Carro y moto en Colombia — impuestos, SOAT y multas",51,true,"Calculá impuesto vehicular, SOAT, tecnomecánica, comparendos y pico y placa en Colombia con tarifas, UVB y fuentes vigentes.",124,true,Automotor,1,false,372,false,false,false,false,false,true,true,false,false,44,0,true,hubs-recovery,
https://hacecuentas.com/co/automotor/costo-de-tener-carro,200,https://hacecuentas.com/co/automotor/costo-de-tener-carro,true,https,,true,"max-image-preview:large, max-snippet:-1, max-video-preview:-1",Cuánto cuesta tener carro o moto en Colombia,44,true,"Sumá el costo real anual de tu vehículo en Colombia… Consultá cuánto cuesta tener carro o moto en colombia con datos, herramientas y fuentes para Colombia.",155,true,¿Cuánto cuesta de verdad tener el carro?,1,true,129,false,false,false,false,true,true,true,false,true,41,0,true,hubs,
https://hacecuentas.com/co/automotor/multas-y-pico-y-placa,200,https://hacecuentas.com/co/automotor/multas-y-pico-y-placa,true,https,,true,"max-image-preview:large, max-snippet:-1, max-video-preview:-1",Pico y placa y comparendos en Colombia,38,true,"Verificá si tu placa tiene pico y placa hoy en Bogotá, Medellín o Cali, cuánto vale el Pico y Placa Solidario y cuánto cuesta un comparendo tipo…",145,true,¿Podés sacar el carro hoy?,1,false,189,false,false,false,false,true,true,true,false,true,41,0,true,hubs-recovery,
https://hacecuentas.com/co/calculadora-trm-dolar-hoy-pesos-colombianos,200,https://hacecuentas.com/co/calculadora-trm-dolar-hoy-pesos-colombianos,true,https,,true,"max-image-preview:large, max-snippet:-1, max-video-preview:-1",TRM dólar hoy Colombia: convertir dólares a pesos,49,true,Convierte el valor del dólar hoy en Colombia a pesos (y al revés) con la TRM oficial del día que certifica la Superintendencia Financiera.,138,true,TRM dólar hoy Colombia: convertir dólares a pesos 🇨🇴,1,true,1685,true,true,true,true,true,true,true,true,true,14,0,true,co,
https://hacecuentas.com/co/calculadoras,200,https://hacecuentas.com/co/calculadoras,true,https,,true,"max-image-preview:large, max-snippet:-1, max-video-preview:-1",Todas las calculadoras de Colombia — 34 gratis,46,true,"Catálogo completo de 34 calculadoras online gratis para Colombia: salario mínimo, prestaciones, retención en la fuente, UVT, hora extra, liquidación.",149,true,Calculadoras de Colombia,1,true,693,false,false,false,false,false,true,true,false,false,42,0,true,core,
https://hacecuentas.com/co/datos-salario-minimo-colombia-2026,200,https://hacecuentas.com/co/datos-salario-minimo-colombia-2026,true,https,,true,"max-image-preview:large, max-snippet:-1, max-video-preview:-1",Salario mínimo Colombia 2026: $1.750.905 y total $2M,52,true,"El salario mínimo en Colombia 2026 es $1.750.905 y llega a $2.000.000 con auxilio. Valores mensual, diario, por hora y prestaciones.",132,true,Salario mínimo Colombia 2026: $1.750.905,1,true,1878,true,false,true,true,true,true,true,true,true,18,11,true,priority,
https://hacecuentas.com/co/finanzas,200,https://hacecuentas.com/co/finanzas,true,https,,true,"max-image-preview:large, max-snippet:-1, max-video-preview:-1","Finanzas personales en Colombia — ahorro, crédito y pensión",59,true,"Ahorro, CDT, créditos, hipoteca, pensión y comisiones bancarias en Colombia, con las tasas y topes vigentes de la Superfinanciera y el Banco…",141,true,Finanzas,1,true,733,true,false,false,false,false,true,true,false,false,48,0,true,hubs-recovery,
https://hacecuentas.com/co/finanzas/comisiones-bancarias,200,https://hacecuentas.com/co/finanzas/comisiones-bancarias,true,https,,true,"max-image-preview:large, max-snippet:-1, max-video-preview:-1",Comisiones bancarias en Colombia: cuánto te cobra el banco,58,true,"Calculá lo que te cuestan de verdad las comisiones bancarias en Colombia: el 4×1000 y su exención de 350 UVT, cuota de manejo, retiros en cajero…",145,true,¿Cuánto pierde tu plata al moverse?,1,true,134,false,false,false,false,true,true,true,false,true,41,0,true,hubs-recovery,
https://hacecuentas.com/co/finanzas/comprar-vivienda,200,https://hacecuentas.com/co/finanzas/comprar-vivienda,true,https,,true,"max-image-preview:large, max-snippet:-1, max-video-preview:-1","Comprar vivienda en Colombia 2026: cuota, gastos y registro",59,true,"Calculá la compra de vivienda en Colombia 2026: cuota inicial, crédito en UVR o pesos, subsidio Mi Casa Ya y gastos notariales y de registro.",141,true,La casa puede alcanzarte. La cuota también tiene que hacerlo.,1,true,2926,false,false,true,true,false,true,true,false,true,96,0,true,hubs-recovery,
https://hacecuentas.com/co/finanzas/creditos-y-tarjetas,200,https://hacecuentas.com/co/finanzas/creditos-y-tarjetas,true,https,,true,"max-image-preview:large, max-snippet:-1, max-video-preview:-1",Cuota de crédito y tarjeta en Colombia,38,true,"Calculá la cuota real de tu tarjeta, libranza, préstamo de cooperativa, préstamo de app o crédito de vehículo con la conversión correcta de efectiva…",149,true,¿Cuánto de la cuota es interés?,1,true,127,false,false,false,false,true,true,true,false,true,41,0,true,hubs,
https://hacecuentas.com/co/finanzas/donde-pongo-mis-ahorros,200,https://hacecuentas.com/co/finanzas/donde-pongo-mis-ahorros,true,https,,true,"max-image-preview:large, max-snippet:-1, max-video-preview:-1","¿Dónde pongo mis ahorros en Colombia? CDT, FIC, TES, dólares",60,true,"Compará CDT, FIC, TES, cajitas digitales, dólares y finca raíz después de la retención del 7%, el 4×1000 y la inflación.",120,true,¿Dónde pongo mis ahorros?,1,true,219,false,false,false,false,true,true,true,false,true,41,0,true,hubs,
https://hacecuentas.com/co/finanzas/pension,200,https://hacecuentas.com/co/finanzas/pension,true,https,,true,"max-image-preview:large, max-snippet:-1, max-video-preview:-1","Pensión en Colombia: cuándo me pensiono, con cuánto y en qué",60,true,"Calculá tu pensión en Colombia con la ley vigente: edad y semanas del Régimen de Prima Media, tasa de reemplazo del art.",120,true,¿Cuánto falta para pensionarte?,1,true,127,false,false,false,false,true,true,true,false,true,41,0,true,hubs-recovery,
https://hacecuentas.com/co/finanzas/vuelos-millas-y-tiempo,200,https://hacecuentas.com/co/finanzas/vuelos-millas-y-tiempo,true,https,,true,"max-image-preview:large, max-snippet:-1, max-video-preview:-1",Millas LifeMiles y tasas de aeropuerto en Colombia,50,true,Calculá si conviene pagar el vuelo con millas LifeMiles o en efectivo y cuánto suman las tasas de aeropuerto e impuestos en vuelos desde Colombia.,146,true,El precio del vuelo no termina donde dice la tarifa.,1,false,1418,false,false,true,true,false,true,true,false,true,93,0,true,hubs,
https://hacecuentas.com/co/futbol-colombiano-hoy,200,https://hacecuentas.com/co/futbol-colombiano-hoy,true,https,,true,"max-image-preview:large, max-snippet:-1, max-video-preview:-1","Fútbol colombiano hoy: partidos, resultados y tablas",52,true,"Partidos de hoy, resultados, próximos encuentros, horarios locales y tablas actualizadas del fútbol colombiano, con resultados recientes y agenda…",146,true,"Fútbol colombiano, hoy",1,true,608,false,false,false,false,true,true,true,false,true,15,0,true,priority,
https://hacecuentas.com/co/impuestos,200,https://hacecuentas.com/co/impuestos,true,https,,true,"max-image-preview:large, max-snippet:-1, max-video-preview:-1",Impuestos en Colombia — calculadoras y guías DIAN,49,true,"Renta, IVA, retención en la fuente y sanciones de la DIAN, resueltos con la UVT vigente y el artículo del Estatuto Tributario que aplica en cada caso.",150,true,Impuestos,1,true,789,false,false,false,false,false,true,true,false,false,49,0,true,hubs-recovery,
https://hacecuentas.com/co/impuestos/impuestos-al-consumo,200,https://hacecuentas.com/co/impuestos/impuestos-al-consumo,true,https,,true,"max-image-preview:large, max-snippet:-1, max-video-preview:-1","Impuestos al consumo en Colombia: impoconsumo, licores, IBUA",60,true,"Cuánto impuesto viene metido en lo que comprás en Colombia: impoconsumo del 8% en restaurantes y bares, impuesto al consumo de licores y cigarrillos…",149,true,¿Qué impuesto viene adentro?,1,false,124,false,false,false,false,true,true,true,false,true,41,0,true,hubs-recovery,
https://hacecuentas.com/co/impuestos/impuestos-de-mi-negocio,200,https://hacecuentas.com/co/impuestos/impuestos-de-mi-negocio,true,https,,true,"max-image-preview:large, max-snippet:-1, max-video-preview:-1","Impuestos de un negocio en Colombia 2026: IVA, ICA y renta",58,true,"Qué impuestos paga tu negocio en Colombia 2026: IVA del 19%, ICA por municipio, Régimen Simple de Tributación y renta. Elegí tu caso y calculá cada uno.",152,true,Entendé cuánto debe reservar tu negocio.,1,true,2833,true,false,true,true,false,true,true,false,true,99,0,true,hubs-recovery,
https://hacecuentas.com/co/impuestos/patrimonio-y-herencia,200,https://hacecuentas.com/co/impuestos/patrimonio-y-herencia,true,https,,true,"max-image-preview:large, max-snippet:-1, max-video-preview:-1","Ganancia ocasional en Colombia: vender casa, heredar y pagar",60,true,"Calculá el impuesto de ganancia ocasional del 15% al vender un inmueble, la exención de 5.000 UVT de vivienda, lo que paga un heredero según el art.",148,true,Entendé cuánto pagás por tu patrimonio o una herencia.,1,false,1270,false,false,true,true,false,true,true,true,false,93,0,true,hubs,
https://hacecuentas.com/co/impuestos/predial-y-avaluo,200,https://hacecuentas.com/co/impuestos/predial-y-avaluo,true,https,,true,"max-image-preview:large, max-snippet:-1, max-video-preview:-1",Impuesto predial en Colombia: cuánto pago por mi casa,53,true,"Calculá el impuesto predial con la tabla oficial de Bogotá (Resolución SDH-000194), la tarifa preferencial por estrato, el estimado de Medellín…",144,true,¿Cuánto cuesta al año tener este inmueble?,1,true,2335,true,false,true,true,false,true,true,false,true,93,0,true,hubs-recovery,
https://hacecuentas.com/co/impuestos/renta-personas,200,https://hacecuentas.com/co/impuestos/renta-personas,true,https,,true,"max-image-preview:large, max-snippet:-1, max-video-preview:-1",Declaración de renta 2025 Colombia: topes y fechas 2026,55,true,"Revisa si debes declarar renta 2025 en Colombia, consulta la fecha exacta de 2026 por NIT y estima el impuesto con UVT, topes DIAN y tabla del artículo 241.",156,true,"Declaración de renta 2025 en Colombia: topes, fecha y cálculo",1,true,1310,true,false,true,true,true,true,true,true,true,5,11,true,hubs,
https://hacecuentas.com/co/impuestos/retencion-en-la-fuente,200,https://hacecuentas.com/co/impuestos/retencion-en-la-fuente,true,https,,true,"max-image-preview:large, max-snippet:-1, max-video-preview:-1",Retención en la fuente Colombia: cuánto te retienen o cuánto,60,true,"Calculá la retención en la fuente en Colombia: salario… Consultá retención en la fuente colombia: cuánto te retienen o cuánto con datos, herramientas…",150,true,Sabé cuánto te retienen antes de recibir el pago.,1,true,2301,true,false,true,true,false,true,true,false,true,93,0,true,hubs-recovery,
https://hacecuentas.com/co/impuestos/sanciones-dian,200,https://hacecuentas.com/co/impuestos/sanciones-dian,true,https,,true,"max-image-preview:large, max-snippet:-1, max-video-preview:-1",Sanción por extemporaneidad DIAN 2026: cálculo y mínima UVT,59,true,"Calculá la sanción por extemporaneidad DIAN 2026 (arts. 641 y 642 ET), la de corrección (art. 644), la sanción mínima de 10 UVT (art.",133,true,¿Cuánto cuesta esperar un mes más?,1,false,131,false,false,false,false,true,true,true,false,true,41,0,true,hubs-recovery,
https://hacecuentas.com/co/trabajo,200,https://hacecuentas.com/co/trabajo,true,https,,true,"max-image-preview:large, max-snippet:-1, max-video-preview:-1",Trabajo y empleo en Colombia — calculadoras de sueldo,53,true,"Sueldo, horas extras, liquidación, prestaciones y seguridad social en Colombia, con el SMLMV vigente y el artículo del Código Sustantivo del Trabajo…",149,true,Trabajo,1,true,777,false,false,false,false,false,true,true,false,false,49,0,true,hubs-recovery,
https://hacecuentas.com/co/trabajo/costo-de-contratar,200,https://hacecuentas.com/co/trabajo/costo-de-contratar,true,https,,true,"max-image-preview:large, max-snippet:-1, max-video-preview:-1","Costo de contratar en Colombia 2026: nómina, ARL y aportes",58,true,"Cuánto cuesta contratar un empleado en Colombia 2026: prestaciones, seguridad social, ARL por nivel de riesgo, caja de compensación y costo de nómina.",150,true,El salario acordado no es lo que cuesta el empleado.,1,false,2615,true,false,true,true,false,true,true,false,true,96,0,true,hubs,
https://hacecuentas.com/co/trabajo/horas-extras-y-recargos,200,https://hacecuentas.com/co/trabajo/horas-extras-y-recargos,true,https,,true,"max-image-preview:large, max-snippet:-1, max-video-preview:-1",Horas extras Colombia 2026: recargo nocturno y dominical,56,true,"Calculadora de horas extras Colombia 2026: hora extra diurna y nocturna, recargo nocturno desde las 19:00 y recargo dominical y festivo del 90% desde julio.",156,true,Calculá cuánto vale cada hora que trabajaste de más.,1,false,2554,true,false,true,true,false,true,true,false,true,97,0,true,hubs-recovery,
https://hacecuentas.com/co/trabajo/incapacidad-y-licencias,200,https://hacecuentas.com/co/trabajo/incapacidad-y-licencias,true,https,,true,"max-image-preview:large, max-snippet:-1, max-video-preview:-1",Incapacidad y licencias en Colombia: quién te paga y cuánto,59,true,"Cuánto cobrás por incapacidad médica, licencia de maternidad, licencia de paternidad o desempleo en Colombia, y quién pone la plata: empleador, EPS…",148,true,Incapacidad o licencia: seguí el dinero,1,true,134,false,false,false,false,true,true,true,false,true,41,0,true,hubs-recovery,
https://hacecuentas.com/co/trabajo/independiente-y-honorarios,200,https://hacecuentas.com/co/trabajo/independiente-y-honorarios,true,https,,true,"max-image-preview:large, max-snippet:-1, max-video-preview:-1",Prestación de servicios en Colombia,35,true,"Cuánto pagás de PILA como independiente y cuánto te queda limpio: IBC del 40%, salud 12,5% + pensión 16%, ARL por clase de riesgo, tope de 25 SMLMV…",148,true,Lo que facturás no es lo que te queda.,1,false,2300,true,false,true,true,false,true,true,false,true,93,0,true,hubs-recovery,
https://hacecuentas.com/co/trabajo/liquidacion-laboral,200,https://hacecuentas.com/co/trabajo/liquidacion-laboral,true,https,,true,"max-image-preview:large, max-snippet:-1, max-video-preview:-1",Liquidación laboral Colombia 2026: calculá cuánto te deben,58,true,"Calculadora de liquidación laboral Colombia 2026: cesantías, intereses del 12%, prima, vacaciones e indemnización. Incluye empleada doméstica por días.",151,true,Que el total no esconda lo que te corresponde.,1,false,2522,true,false,true,true,false,true,true,false,true,93,0,true,hubs,
https://hacecuentas.com/co/trabajo/que-hago-con-mis-cesantias,200,https://hacecuentas.com/co/trabajo/que-hago-con-mis-cesantias,true,https,,true,"max-image-preview:large, max-snippet:-1, max-video-preview:-1","Cesantías en Colombia: ¿retiro, traslado de fondo o las dejo",60,true,"Compará las cuatro salidas de tus cesantías: retiro para vivienda, retiro para educación, traslado a otro fondo o dejarlas quietas ganando el 12%…",146,true,"¿Retirar, trasladar o dejar quietas las cesantías?",1,true,128,false,false,false,false,true,true,true,false,true,41,0,true,hubs-recovery,
https://hacecuentas.com/co/trabajo/sueldo-neto,200,https://hacecuentas.com/co/trabajo/sueldo-neto,true,https,,true,"max-image-preview:large, max-snippet:-1, max-video-preview:-1",Salario neto Colombia 2026: aportes y sueldo integral,53,true,"Calculá tu salario neto en Colombia 2026: salud 4%, pensión 4%, Fondo de Solidaridad y retención en la fuente. Con auxilio de transporte y embargos.",148,true,Pasá de salario bruto a lo que realmente recibís.,1,true,2551,true,false,true,true,false,true,true,false,true,94,0,true,hubs,
https://hacecuentas.com/co/validar-nit,200,https://hacecuentas.com/co/validar-nit,true,https,,true,"max-image-preview:large, max-snippet:-1, max-video-preview:-1",Validar NIT DIAN: dígito de verificación en Colombia,52,true,Validá un NIT ante la DIAN: calculá el dígito de verificación (DV) con el algoritmo módulo 11 y detectá errores de formato. Gratis y sin enviar datos.,150,true,Validá un NIT antes de facturar.,1,true,1012,false,false,true,false,true,true,true,true,true,77,0,true,core,
https://hacecuentas.com/co/vida,200,https://hacecuentas.com/co/vida,true,https,,true,"max-image-preview:large, max-snippet:-1, max-video-preview:-1","Vida cotidiana en Colombia — arriendo, recibos y costo",54,true,"Arriendo, servicios públicos, costo de vida, familia y estudio en Colombia, con los datos del DANE y las tarifas vigentes de cada operador.",139,true,Vida,1,true,746,true,false,false,false,false,true,true,false,false,48,0,true,hubs-recovery,
https://hacecuentas.com/co/vida/arriendo,200,https://hacecuentas.com/co/vida/arriendo,true,https,,true,"max-image-preview:large, max-snippet:-1, max-video-preview:-1",Arriendo en Colombia: cuánto te pueden subir y cuánto,53,true,"Calculá el aumento legal de tu arriendo (tope IPC, Ley 820/2003 art. 20), el tope del 1% sobre el valor comercial, la cuota de administración y lo que le…",154,true,¿Cuánto pueden subirte el arriendo?,1,true,147,false,false,false,false,true,true,true,false,true,41,0,true,hubs,
https://hacecuentas.com/co/vida/divorcio-y-cuota-alimentaria,200,https://hacecuentas.com/co/vida/divorcio-y-cuota-alimentaria,true,https,,true,"max-image-preview:large, max-snippet:-1, max-video-preview:-1",Divorcio y cuota de alimentos en Colombia,41,true,"Cuánto puede quedar la cuota de alimentos, cómo se liquida la sociedad conyugal, qué cuesta el proceso y qué pasa si te reportan al REDAM.",138,true,Bienes y cuota alimentaria no son la misma cuenta,1,true,157,true,false,false,false,true,true,true,false,true,41,0,true,hubs-recovery,
https://hacecuentas.com/co/vida/documentos-y-pasaporte,200,https://hacecuentas.com/co/vida/documentos-y-pasaporte,true,https,,true,"max-image-preview:large, max-snippet:-1, max-video-preview:-1","Pasaporte y cédula Colombia 2026: costo, plazos y vigencia",58,true,"Cuánto cuesta el pasaporte colombiano 2026 y la cédula de ciudadanía: precio, plazos de entrega y vigencia de cada documento, en una sola página.",145,true,Sabé cuánto cuesta antes de pedir la cita.,1,false,1663,true,false,true,true,false,true,true,false,true,93,0,true,hubs,
https://hacecuentas.com/co/vida/estudiar-en-colombia,200,https://hacecuentas.com/co/vida/estudiar-en-colombia,true,https,,true,"max-image-preview:large, max-snippet:-1, max-video-preview:-1","Estudiar en Colombia: puntaje ICFES, cuánto cuesta",50,true,"Calculá tu puntaje global del Saber 11 sobre 500, el costo total de la carrera entre matrícula y sostenimiento, la cuota real de un crédito ICETEX…",147,true,"Entrar es una cuenta. Poder terminar, otra.",1,false,2412,true,false,true,true,false,true,true,false,true,93,0,true,hubs-recovery,
https://hacecuentas.com/co/vida/presupuesto-del-hogar,200,https://hacecuentas.com/co/vida/presupuesto-del-hogar,true,https,,true,"max-image-preview:large, max-snippet:-1, max-video-preview:-1",Presupuesto del hogar en Colombia: cuánto necesitás al mes,58,true,"Calculá cuánto cuesta vivir en Colombia según tu ciudad y tu hogar: canasta, arriendo, servicios y transporte, cuántos meses de fondo de emergencia…",148,true,¿Tu ingreso alcanza para el hogar que tenés?,1,true,2429,true,false,true,true,false,true,true,false,true,93,0,true,hubs,
https://hacecuentas.com/co/vida/recibos-de-servicios,200,https://hacecuentas.com/co/vida/recibos-de-servicios,true,https,,true,"max-image-preview:large, max-snippet:-1, max-video-preview:-1","Recibo de luz por estrato Colombia: Codensa, EPM y subsidios",60,true,"Descomponé tu recibo de luz (Enel-Codensa, EPM), gas, agua o internet en Colombia: cargo fijo, consumo, subsidios por estrato o contribución…",141,true,Entendé por qué subió el recibo antes de recortar todo.,1,true,2421,true,false,true,true,false,true,true,false,true,93,0,true,hubs,
https://hacecuentas.com/cocina,200,https://hacecuentas.com/cocina,true,https,,true,"max-image-preview:large, max-snippet:-1, max-video-preview:-1","Calculadoras de cocina: medidas, porciones y tiempos",52,true,"Convertí tazas y gramos, ajustá recetas y calculá porciones, ingredientes, tiempos y cantidades para cocinar sin desperdiciar.",126,true,La cantidad justa. Para la mesa que tenés.,1,false,1211,false,false,false,true,false,true,true,true,false,112,0,true,hubs,
https://hacecuentas.com/cocina/adaptar-una-receta,200,https://hacecuentas.com/cocina/adaptar-una-receta,true,https,,true,"max-image-preview:large, max-snippet:-1, max-video-preview:-1","Adaptar una receta: porciones, molde y reemplazos",49,true,"Cómo escalar una receta a más o menos porciones, cómo convertir las cantidades cuando el molde no es el de la receta y con qué reemplazar el ingrediente…",153,true,Que alcance justo. Sin cocinar de más ni quedarse corto.,1,false,1175,false,false,true,true,false,true,true,true,false,105,0,true,hubs-recovery,
https://hacecuentas.com/cocina/cafe,200,https://hacecuentas.com/cocina/cafe,true,https,,true,"max-image-preview:large, max-snippet:-1, max-video-preview:-1",Cuánto café por taza: gramos y agua según el método,51,true,"Calculá gramos de café y mililitros de agua para V60, prensa francesa, moka, espresso, cold brew y filtro, según la intensidad que buscás.",138,true,Una receta de café que podés repetir.,1,true,1737,false,false,true,true,false,true,true,false,true,105,0,true,hubs-recovery,
https://hacecuentas.com/cocina/cerveza-casera,200,https://hacecuentas.com/cocina/cerveza-casera,true,https,,true,"max-image-preview:large, max-snippet:-1, max-video-preview:-1","Cerveza casera: ABV, atenuación, IBU y azúcar de cebado",55,true,"Calculá el alcohol de tu cerveza a partir de OG y FG, la atenuación de la levadura, el amargor IBU por el modelo Tinseth, el azúcar de cebado…",142,true,"Del grano al fermentador, sin perder cantidades.",1,false,1743,true,false,true,true,false,true,true,false,true,105,0,true,hubs,
https://hacecuentas.com/cocina/coccion-de-carne,200,https://hacecuentas.com/cocina/coccion-de-carne,true,https,,true,"max-image-preview:large, max-snippet:-1, max-video-preview:-1","Cocción de carne: tiempo, temperatura interna y punto",53,true,"Cuánto tiempo de horno por kilo, a qué temperatura interna está lista, cuánto tarda en descongelarse, cuánto marinarla y qué aceite aguanta la fritura.",151,true,El reloj orienta. El termómetro decide.,1,false,2194,false,false,true,true,false,true,true,false,true,105,0,true,hubs,
https://hacecuentas.com/cocina/masa-y-levadura,200,https://hacecuentas.com/cocina/masa-y-levadura,true,https,,true,"max-image-preview:large, max-snippet:-1, max-video-preview:-1",¿Cuánto tiene que leudar la masa? Calculadora de levadura,57,true,"Calculá cuánto tarda en levar tu masa según la temperatura ambiente y la levadura que pusiste, cuánta levadura necesitás para que esté lista a una hora…",152,true,La cantidad justa de levadura para el tiempo que tenés,1,true,1999,false,false,true,true,false,true,true,false,true,105,0,true,hubs-recovery,
https://hacecuentas.com/cocina/porciones,200,https://hacecuentas.com/cocina/porciones,true,https,,true,"max-image-preview:large, max-snippet:-1, max-video-preview:-1","Cuánto arroz o pasta por persona: gramos, agua y sal",52,true,"Cuántos gramos de arroz o pasta seca por persona, cuánta agua y cuánta sal. Guarnición o plato principal, con chicos en la mesa y según el tipo de grano…",153,true,La cantidad justa para que alcance sin cocinar de más,1,false,1897,false,false,true,true,false,true,true,false,true,105,0,true,hubs,
https://hacecuentas.com/cocina/tazas-y-gramos,200,https://hacecuentas.com/cocina/tazas-y-gramos,true,https,,true,"max-image-preview:large, max-snippet:-1, max-video-preview:-1",¿Cuántos gramos es una taza? Conversor de cocina,48,true,"Una taza de harina son ~120 g y una de azúcar ~200 g: la taza mide volumen, no peso. Convertí tazas, cucharadas y cucharaditas a gramos con la densidad…",152,true,Una taza no pesa siempre lo mismo.,1,true,2137,false,false,true,true,false,true,true,false,true,105,0,true,hubs,
https://hacecuentas.com/cocina/temperatura-del-horno,200,https://hacecuentas.com/cocina/temperatura-del-horno,true,https,,true,"max-image-preview:large, max-snippet:-1, max-video-preview:-1","¿A qué temperatura pongo el horno? °C, °F y número de gas",57,true,"Convertí la temperatura del horno entre grados Celsius, Fahrenheit y el número de gas 1 a 9, con la equivalencia para horno con ventilador y el nombre…",151,true,"La temperatura correcta, sin adivinar la perilla.",1,true,1699,true,false,true,true,false,true,true,false,true,105,0,true,hubs,
https://hacecuentas.com/comparar/auto-vs-transporte-publico-vacaciones,200,https://hacecuentas.com/comparar/auto-vs-transporte-publico-vacaciones,true,https,,true,"max-image-preview:large, max-snippet:-1, max-video-preview:-1",Auto vs Transporte Público vs Alquiler en Vacaciones,52,true,"Viajar en auto propio, en transporte público (micro, tren, avión) o con auto alquilado. Compará costo, comodidad, flexibilidad y tiempo según tu grupo…",151,true,Auto vs Transporte Público vs Alquiler en Vacaciones | Hacé Cuentas,1,true,2040,false,false,true,false,false,true,true,false,true,13,0,false,comparar,
https://hacecuentas.com/comparar/bcaa-vs-eaa-vs-aminoacidos-esenciales,200,https://hacecuentas.com/comparar/bcaa-vs-eaa-vs-aminoacidos-esenciales,true,https,,true,"max-image-preview:large, max-snippet:-1, max-video-preview:-1",BCAA vs EAA vs Aminoácidos Completos 2026 | Hacé Cuentas,56,true,"Comparativa técnica: BCAA (3 AA), EAA (9 AA) y proteína completa. Efectividad real para síntesis proteica, costos por dosis y qué dice la evidencia actual.",155,true,BCAA vs EAA vs Aminoácidos Completos 2026 | Hacé Cuentas,1,true,1835,false,false,true,false,false,true,true,false,true,13,0,false,comparar,
https://hacecuentas.com/comparar/credito-uva-vs-tasa-fija,200,https://hacecuentas.com/comparar/credito-uva-vs-tasa-fija,true,https,,true,"max-image-preview:large, max-snippet:-1, max-video-preview:-1",Crédito UVA vs tasa fija 2026: ¿cuál conviene?,46,true,"Compara credito hipotecario UVA y tasa fija en Argentina 2026. Cuota inicial, evolucion con inflacion, total pagado y riesgos de cada opcion.",141,true,Crédito UVA vs tasa fija 2026: ¿cuál conviene?,1,true,1990,true,false,true,false,false,true,true,false,true,13,0,false,comparar,
https://hacecuentas.com/comparar/duolingo-vs-busuu-vs-babbel-vs-rosetta-idiomas-app,200,https://hacecuentas.com/comparar/duolingo-vs-busuu-vs-babbel-vs-rosetta-idiomas-app,true,https,,true,"max-image-preview:large, max-snippet:-1, max-video-preview:-1",Duolingo vs Busuu vs Babbel vs Rosetta Stone 2026,49,true,"Comparativa de las 4 apps de idiomas líderes: método, precio, idiomas disponibles, tiempo estimado a nivel B2 y gamificación. ¿Cuál vale la pena en 2026?",153,true,Duolingo vs Busuu vs Babbel vs Rosetta Stone 2026 | Hacé Cuentas,1,true,1863,false,false,true,false,false,true,true,false,true,13,0,false,comparar,
https://hacecuentas.com/comparar/finiquito-mexico-justa-vs-injustificada-comparador,200,https://hacecuentas.com/comparar/finiquito-mexico-justa-vs-injustificada-comparador,true,https,,false,"noindex, follow",Finiquito México: Justa Causa vs Injustificada 2026,51,true,"Compará finiquito por justa causa vs injustificada en México 2026. Rubros LFT, ejemplos $15k, $30k, $60k MXN. Prima antigüedad, 3 meses, 20 días/año.",149,true,Finiquito México: Justa Causa vs Injustificada 2026 — Comparador Completo | Hacé Cuentas,1,true,2126,false,false,true,true,false,true,true,false,true,8,0,false,comparar,
https://hacecuentas.com/comparar/monotributo-vs-autonomo-vs-empleado,200,https://hacecuentas.com/comparar/monotributo-vs-autonomo-vs-empleado,true,https,,true,"max-image-preview:large, max-snippet:-1, max-video-preview:-1",Monotributo vs Autónomo vs Empleado: cuál conviene en 2026,58,true,"Comparamos carga impositiva total, neto en mano y aportes en Monotributo, Autónomo (RI) y relación de dependencia para un mismo ingreso bruto…",142,true,Monotributo vs Autónomo vs Empleado: cuál conviene en 2026 | Hacé Cuentas,1,true,2414,false,false,true,false,false,true,true,false,true,13,0,false,comparar,
https://hacecuentas.com/comparar/nafta-vs-gnc-vs-diesel,200,https://hacecuentas.com/comparar/nafta-vs-gnc-vs-diesel,true,https,,true,"max-image-preview:large, max-snippet:-1, max-video-preview:-1",Nafta vs GNC vs Diesel 2026: Que combustible conviene,53,true,"Compara nafta, GNC y diesel en Argentina 2026. Precio por km, ahorro anual, inversion en conversion GNC y cuando conviene cada combustible…",139,true,Nafta vs GNC vs Diesel 2026: Que combustible conviene en Argentina | Hace Cuentas,1,true,1943,true,false,true,false,false,true,true,false,true,13,0,false,comparar,
https://hacecuentas.com/comparar/plazo-fijo-uva-vs-tasa-fija-vs-dolar-mep-comparador,200,https://hacecuentas.com/comparar/plazo-fijo-uva-vs-tasa-fija-vs-dolar-mep-comparador,true,https,,true,"max-image-preview:large, max-snippet:-1, max-video-preview:-1",Plazo Fijo UVA vs Tasa Fija vs Dólar MEP 2026,45,true,"Compará plazo fijo UVA, tasa fija tradicional y dólar MEP en Argentina 2026. Simulación 6, 12 y 18 meses con datos BCRA e inflación proyectada.",143,true,Plazo Fijo UVA vs Tasa Fija vs Dólar MEP 2026 — Comparador por Escenario | Hacé Cuentas,1,true,2166,false,false,true,false,false,true,true,false,true,13,0,false,comparar,
https://hacecuentas.com/comparar/prestamo-sistema-frances-vs-aleman,200,https://hacecuentas.com/comparar/prestamo-sistema-frances-vs-aleman,true,https,,true,"max-image-preview:large, max-snippet:-1, max-video-preview:-1",Sistema Frances vs Aleman 2026: Cual conviene,45,true,"Compara sistema de amortizacion frances y aleman. Cuota fija vs decreciente, interes total pagado, ventajas y cuando conviene cada sistema de prestamo.",151,true,Sistema Frances vs Aleman 2026: Cual conviene para tu prestamo | Hace Cuentas,1,true,1607,true,false,true,false,false,true,true,false,true,13,0,false,comparar,
https://hacecuentas.com/construccion,200,https://hacecuentas.com/construccion,true,https,,true,"max-image-preview:large, max-snippet:-1, max-video-preview:-1","Calculadoras de construcción: materiales, costos y medidas",58,true,"Calculá materiales, metros cuadrados, hormigón, ladrillos, pintura, pisos, techos y costos de obra antes de comprar o construir.",128,true,"Materiales, mano de obra y margen. Todo entra en la cuenta.",1,true,1239,false,false,false,true,false,true,true,true,false,114,25,true,hubs,
https://hacecuentas.com/construccion/agua,200,https://hacecuentas.com/construccion/agua,true,https,,true,"max-image-preview:large, max-snippet:-1, max-video-preview:-1","Tanque, cañerías y termotanque: ¿qué capacidad necesito?",56,true,"Cuántos litros de tanque y de cisterna te hacen falta, qué termotanque o calefón comprar, qué diámetro de cañería, qué potencia de bomba y cuánto acero…",152,true,Dimensioná el tanque antes de quedarte sin agua,1,true,2224,false,false,true,true,false,true,true,false,true,105,0,true,hubs,
https://hacecuentas.com/construccion/aislacion,200,https://hacecuentas.com/construccion/aislacion,true,https,,true,"max-image-preview:large, max-snippet:-1, max-video-preview:-1","¿Cómo aíslo la casa del frío y el calor? Espesor, materiales",60,true,"Qué aislante poner y con cuánto espesor para cumplir la IRAM 11605 en tu zona bioambiental, cuántas placas, perfiles y tornillos lleva el cielorraso…",149,true,¿Qué aislación necesita realmente tu casa?,1,true,2183,false,false,true,true,false,true,true,false,true,105,0,true,hubs,
https://hacecuentas.com/construccion/costo-por-m2,200,https://hacecuentas.com/construccion/costo-por-m2,true,https,,true,"max-image-preview:large, max-snippet:-1, max-video-preview:-1",Costo del m² de construcción en Argentina 2026: calculadora,59,true,"Estimá un rango de costo por m² para construir en Argentina según categoría y zona. Ajustá precio local, superficie computable, adicionales y contingencia.",155,true,Calculadora de costo por m² de construcción 2026.,1,true,2128,true,false,true,true,true,true,true,true,true,108,0,true,hubs,
https://hacecuentas.com/construccion/hormigon,200,https://hacecuentas.com/construccion/hormigon,true,https,,true,"max-image-preview:large, max-snippet:-1, max-video-preview:-1","¿Cuánto cemento, arena y hierro necesito?",41,true,"Calculá los materiales de tu obra gruesa: cemento, arena, piedra y agua por m³ de hormigón según la resistencia (H-13 a H-30), zapatas y vigas…",143,true,Calculá el hormigón y comprá sólo lo que necesitás.,1,false,2398,true,false,true,true,false,true,true,false,true,105,0,true,hubs,
https://hacecuentas.com/construccion/ladrillos,200,https://hacecuentas.com/construccion/ladrillos,true,https,,true,"max-image-preview:large, max-snippet:-1, max-video-preview:-1","¿Cuántos ladrillos por m² de pared? Común, hueco y bloque",57,true,"Calculá cuántos ladrillos, bloques o adoquines… Encontrá herramientas, ejemplos y fuentes para resolver cuántos ladrillos necesito?",131,true,"Contá paredes, no viajes al corralón.",1,false,2129,true,false,true,true,false,true,true,false,true,108,0,true,hubs,
https://hacecuentas.com/construccion/madera,200,https://hacecuentas.com/construccion/madera,true,https,,true,"max-image-preview:large, max-snippet:-1, max-video-preview:-1","¿Cuánta madera necesito para el mueble? Placas, plan",52,true,"Calculá el despiece completo de tu mueble: metros cuadrados de placa, cuántas piezas salen de cada tablero de melamina o MDF, el desperdicio real…",146,true,Diseñá el mueble y sabé cuántas placas comprar.,1,true,2124,true,false,true,true,false,true,true,false,true,105,0,true,hubs,
https://hacecuentas.com/construccion/paneles-solares,200,https://hacecuentas.com/construccion/paneles-solares,true,https,,true,"max-image-preview:large, max-snippet:-1, max-video-preview:-1","¿Me conviene poner paneles solares? Cuántos kW, cuánto",54,true,"Poné los kWh de tu factura y te decimos cuántos paneles y cuántos kW necesitás, cuánta plata ahorrás por mes y en cuántos años se paga la instalación.",150,true,¿Cuántos paneles necesitás y cuántos entran en tu techo?,1,true,2768,false,false,true,true,false,true,true,false,true,105,0,true,hubs-recovery,
https://hacecuentas.com/construccion/pintura,200,https://hacecuentas.com/construccion/pintura,true,https,,true,"max-image-preview:large, max-snippet:-1, max-video-preview:-1",¿Cuántos litros de pintura necesito? Calculadora de latas,57,true,"Calculá cuántos litros de pintura necesitás y, sobre… Encontrá herramientas, ejemplos y fuentes para resolver cuántos litros de pintura necesito?",145,true,De las medidas a las latas que necesitás.,1,true,2398,true,false,true,true,false,true,true,false,true,108,0,true,hubs,
https://hacecuentas.com/construccion/pisos,200,https://hacecuentas.com/construccion/pisos,true,https,,true,"max-image-preview:large, max-snippet:-1, max-video-preview:-1",¿Cuántas cajas de cerámicos necesito? Calculadora de cajas,58,true,"Calculá cuántas cajas enteras de cerámico o porcelanato tenés que pedir en el corralón, con el desperdicio por cortes ya incluido, más el pegamento…",148,true,"Calculá cajas, no sólo metros cuadrados.",1,true,2369,true,false,true,true,false,true,true,false,true,105,0,true,hubs,
https://hacecuentas.com/construccion/techos,200,https://hacecuentas.com/construccion/techos,true,https,,true,"max-image-preview:large, max-snippet:-1, max-video-preview:-1","¿Cuánto material necesito para el techo? Membrana, tejas",56,true,"Calculá la pendiente del techo en grados y en porcentaje, cuánta superficie real de faldón te agrega esa pendiente, cuántos rollos de membrana asfáltica…",153,true,Calculá la pendiente y salí con la lista de materiales,1,false,2437,true,false,true,true,false,true,true,false,true,105,0,true,hubs,
https://hacecuentas.com/contacto,200,https://hacecuentas.com/contacto,true,https,,true,"max-image-preview:large, max-snippet:-1, max-video-preview:-1",Contacto — Hacé Cuentas — calculadoras y guías,46,true,"Escribinos para reportar errores, sugerir calculadoras, corregir datos o proponer una colaboración con Hacé Cuentas.",116,true,Contanos qué necesitás.,1,false,241,false,false,false,false,false,true,true,false,false,0,0,true,core,
https://hacecuentas.com/conversores,200,https://hacecuentas.com/conversores,true,https,,true,"max-image-preview:large, max-snippet:-1, max-video-preview:-1","Conversores de unidades, medidas, monedas y formatos",52,true,"Convertí longitud, peso, volumen, temperatura, tiempo, monedas, medidas de cocina, talles y formatos con equivalencias explicadas.",130,true,"Convertí lo que necesitás, sin buscar la fórmula.",1,false,1173,true,false,false,true,false,true,true,true,false,110,25,true,hubs-recovery,
https://hacecuentas.com/conversores/longitud,200,https://hacecuentas.com/conversores/longitud,true,https,,true,"max-image-preview:large, max-snippet:-1, max-video-preview:-1","Convertir metros, pies y pulgadas — conversor de longitud",57,true,"Convertí metros, centímetros, milímetros, pulgadas, pies, yardas, millas, brazas y varas, y también superficies: m², hectáreas, acres y pulgadas cuadradas.",155,true,Convertí una vez. Entendé todas las escalas.,1,false,1681,true,false,true,true,false,true,true,false,true,104,0,true,hubs,
https://hacecuentas.com/conversores/numeros-a-letras,200,https://hacecuentas.com/conversores/numeros-a-letras,true,https,,true,"max-image-preview:large, max-snippet:-1, max-video-preview:-1",Número a letras: cantidad en letras para cheques y montos,57,true,"Convertí números a letras para cheques y pagarés, con centavos y formato listo para copiar. También admite letras a número, romanos y binario.",142,true,Conversor de números a letras,1,true,2019,true,false,true,true,false,true,true,true,true,107,0,true,hubs,
https://hacecuentas.com/conversores/peso,200,https://hacecuentas.com/conversores/peso,true,https,,true,"max-image-preview:large, max-snippet:-1, max-video-preview:-1","Conversor kg a libras: kilos, lb y onzas exactas",48,true,"Convertí kilogramos, gramos, libras, onzas, stone, quintales y toneladas (métrica, corta y larga) con los factores exactos: 1 libra = 0,45359237 kg.",148,true,Convertí peso sin perder la escala.,1,false,1838,true,false,true,true,false,true,true,false,true,104,0,true,hubs,
https://hacecuentas.com/conversores/talles,200,https://hacecuentas.com/conversores/talles,true,https,,true,"max-image-preview:large, max-snippet:-1, max-video-preview:-1","Conversor de talles 2026: ropa y calzado AR, US, EU y UK",56,true,"Averiguá tu talle con tus medidas en centímetros y velo convertido a AR, US, EU y UK. Ropa y jeans por busto, cintura y cadera; zapatillas por largo…",149,true,Tu talle no es una letra. Es una medida.,1,false,2105,true,false,true,true,true,true,true,true,true,104,0,true,hubs,
https://hacecuentas.com/conversores/temperatura,200,https://hacecuentas.com/conversores/temperatura,true,https,,true,"max-image-preview:large, max-snippet:-1, max-video-preview:-1","Convertir Celsius, Fahrenheit y Kelvin",38,true,"Convertí °C, °F, K y grados Rankine al instante y en los dos sentidos. Con la escala de referencias reales (congelación, ambiente, fiebre, horno)…",146,true,"Una temperatura, en todas las escalas.",1,false,1092,true,false,true,true,false,true,true,true,false,105,0,true,hubs,
https://hacecuentas.com/conversores/tiempo,200,https://hacecuentas.com/conversores/tiempo,true,https,,true,"max-image-preview:large, max-snippet:-1, max-video-preview:-1",¿Cuánto es esto en otra unidad de tiempo?,41,true,"Convertí años a días, meses a semanas, semanas a días, días a horas y horas a minutos. Con las dos convenciones —calendario gregoriano y año comercial…",151,true,Convertí tiempo y ubicá cuánto representa.,1,true,1794,true,false,true,true,false,true,true,false,true,105,0,true,hubs-recovery,
https://hacecuentas.com/conversores/volumen,200,https://hacecuentas.com/conversores/volumen,true,https,,true,"max-image-preview:large, max-snippet:-1, max-video-preview:-1","Convertir litros, galones y onzas — conversor de volumen",56,true,"Convertí litros, mililitros, metros cúbicos, galones US e imperiales, onzas líquidas, pintas, cuartos, barriles, pies cúbicos, tazas y cucharadas…",146,true,"Litros, tazas y metros cúbicos en contexto.",1,true,1623,true,false,true,true,false,true,true,false,true,104,0,true,hubs,
https://hacecuentas.com/convertir-imagen-a-pdf,200,https://hacecuentas.com/convertir-imagen-a-pdf,true,https,,true,"max-image-preview:large, max-snippet:-1, max-video-preview:-1",Convertir Imagen a PDF Online Gratis (JPG y PNG),48,true,"Convertí imágenes JPG, PNG y WebP a PDF online y gratis. Uní varias fotos en un solo PDF, elegí tamaño de hoja (A4, Carta) y orientación.",137,true,Convertir imagen a PDF online,1,true,938,false,false,true,false,false,true,true,true,true,12,11,true,priority,
https://hacecuentas.com/cookies,200,https://hacecuentas.com/cookies,true,https,,true,"max-image-preview:large, max-snippet:-1, max-video-preview:-1",Política de cookies — Hacé Cuentas,34,true,"Lista detallada de cookies que usa Hacé Cuentas: necesarias, analíticas y publicitarias. Cómo configurar tus preferencias y revocar el consentimiento.",150,true,Política de cookies,1,true,664,false,false,false,false,false,true,true,false,false,10,0,true,core,
https://hacecuentas.com/cooperativa-de-datos,200,https://hacecuentas.com/cooperativa-de-datos,true,https,,true,"max-image-preview:large, max-snippet:-1, max-video-preview:-1",Cooperativa de datos anónimos — Índices propios de Hacé,55,true,"Aportá tus datos de forma anónima y voluntaria para construir índices argentinos abiertos: sueldo neto, relación alquiler/ingreso y tasas reales.",145,true,Cooperativa de datos anónimos,1,true,1035,false,false,false,false,true,true,true,false,false,35,0,true,core,
https://hacecuentas.com/correcciones,200,https://hacecuentas.com/correcciones,true,https,,true,"max-image-preview:large, max-snippet:-1, max-video-preview:-1",Correcciones y reportes editoriales | Hacé Cuentas,50,true,"Cómo reportar un error en una fórmula, dato, fuente o explicación de Hacé Cuentas y qué información necesitamos para investigarlo.",130,true,Correcciones y reportes,1,true,186,false,false,false,false,false,true,true,false,false,3,0,true,core,
https://hacecuentas.com/cuanto-falta-para-Navidad-2026,200,https://hacecuentas.com/cuanto-falta-para-Navidad-2026,true,https,,true,"max-image-preview:large, max-snippet:-1, max-video-preview:-1",Cuánto falta para Navidad 2026 — Contador en vivo 🎄,52,true,"Contador en tiempo real para Navidad 2026: días, semanas, domingos, horas, minutos y segundos. ¿Cuánto falta para el 25 de diciembre?",133,true,Cuánto falta para Navidad 2026,1,true,373,false,false,true,false,false,true,true,true,true,15,16,true,core,
https://hacecuentas.com/cuanto-perdio-tu-sueldo,200,https://hacecuentas.com/cuanto-perdio-tu-sueldo,true,https,,true,"max-image-preview:large, max-snippet:-1, max-video-preview:-1",¿Cuánto perdió tu sueldo? Poder de compra vs inflación,54,true,"La inflación fue 33,8% en los últimos 12 meses (INDEC). Meté tu sueldo y mirá en vivo cuántos cafés, dólares, litros de nafta o meses de alquiler compra…",153,true,¿Cuánto perdió tu sueldo contra la inflación?,1,true,827,true,false,true,false,false,true,true,true,true,5,30,true,priority,
https://hacecuentas.com/datasets,200,https://hacecuentas.com/datasets,true,https,,true,"max-image-preview:large, max-snippet:-1, max-video-preview:-1",Datasets públicos económicos: Argentina y Latinoamérica,55,true,"Datasets económicos en CSV y JSON: inflación, dólar, UVA y tasas de Argentina, más salarios mínimos de Latinoamérica. Licencia CC-BY 4.0.",137,true,Datasets públicos económicos de Argentina y Latinoamérica,1,true,449,true,false,false,true,false,true,true,false,false,70,0,true,core,
https://hacecuentas.com/datos-aguinaldo-2026,200,https://hacecuentas.com/datos-aguinaldo-2026,true,https,,true,"max-image-preview:large, max-snippet:-1, max-video-preview:-1","Aguinaldo (SAC) 2026: fecha de pago, fórmula y tope",51,true,"Reglas del aguinaldo 2026 en Argentina: fechas legales de pago (30 de junio y 18 de diciembre, Ley 27.073), fórmula del SAC…",124,true,"Aguinaldo (SAC) 2026: fechas, fórmula, tope y ejemplos",1,true,1265,true,false,true,false,true,true,true,false,true,14,0,true,core,
https://hacecuentas.com/datos-bienes-personales-2026,200,https://hacecuentas.com/datos-bienes-personales-2026,true,https,,true,"max-image-preview:large, max-snippet:-1, max-video-preview:-1",Bienes Personales 2026: mínimo no imponible y escala,52,true,"Datos de Bienes Personales 2026 (período fiscal 2025): mínimo no imponible $384.728.044, vivienda única exenta hasta $1.346.548.155 y escala de alícuotas…",154,true,Bienes Personales 2026: mínimo no imponible y escala,1,true,436,false,false,true,false,true,true,true,false,true,5,0,true,core,
https://hacecuentas.com/datos-ganancias-2026,200,https://hacecuentas.com/datos-ganancias-2026,true,https,,true,"max-image-preview:large, max-snippet:-1, max-video-preview:-1",Datos de Ganancias 2026 — calculadoras y guías,46,true,"Consultá escalas, deducciones, mínimos y parámetros vigentes de Ganancias 2026 para revisar tu cálculo anual.",109,true,"Ganancias, tramo por tramo. Sin confundir el 35%.",1,true,886,true,false,true,false,false,true,true,true,false,86,0,true,core,
https://hacecuentas.com/datos-monotributo-2026,200,https://hacecuentas.com/datos-monotributo-2026,true,https,,true,"max-image-preview:large, max-snippet:-1, max-video-preview:-1","Monotributo 2026: tabla de categorías, topes y cuotas",53,true,"Tabla de categorías del Monotributo 2026: topes anuales y mensuales, cuotas A–K para servicios y bienes, y valores vigentes desde agosto.",137,true,Tabla de categorías del Monotributo 2026,1,true,1710,false,false,true,false,true,true,true,true,true,13,9,true,core,
https://hacecuentas.com/datos-salario-basico-ecuador-2026,200,https://hacecuentas.com/datos-salario-basico-ecuador-2026,true,https,,true,"max-image-preview:large, max-snippet:-1, max-video-preview:-1",Sueldo básico Ecuador 2026: $470 y cuánto te queda neto,55,true,"Salario Básico Unificado (SBU) de Ecuador 2026: $482,00 al mes. Sueldo neto tras IESS, décimo tercero y cuarto, fondos de reserva.",130,true,Sueldo básico Ecuador 2026: $470 y neto con IESS,1,true,517,false,false,true,false,true,true,true,false,true,9,0,true,core,
https://hacecuentas.com/datos-salario-minimo-argentina-2026,200,https://hacecuentas.com/datos-salario-minimo-argentina-2026,true,https,,true,"max-image-preview:large, max-snippet:-1, max-video-preview:-1",Salario mínimo Argentina 2026: SMVM $376.600 mes a mes,54,true,"El salario mínimo en Argentina 2026 es de $376.600 por mes y $1.883 por hora (SMVM, vigente agosto 2026). Cronograma mes a mes de la Res. 9/2025.",145,true,Salario mínimo Argentina 2026: $376.600 (SMVM),1,true,1330,true,false,true,true,true,true,true,false,true,18,11,true,priority,
https://hacecuentas.com/datos-salario-minimo-latam-2026,200,https://hacecuentas.com/datos-salario-minimo-latam-2026,true,https,,true,"max-image-preview:large, max-snippet:-1, max-video-preview:-1",Salario mínimo 2026 por país: tabla y valores,45,true,"Salario mínimo 2026 en 11 países de Latinoamérica: Colombia $1.750.905, México $315,04 diarios, Perú S/1.130 y más valores oficiales.",133,true,Salario mínimo 2026 por país en Latinoamérica,1,true,798,false,false,false,true,true,true,true,false,false,93,0,true,core,
https://hacecuentas.com/datos-topes-sipa-2026,200,https://hacecuentas.com/datos-topes-sipa-2026,true,https,,true,"max-image-preview:large, max-snippet:-1, max-video-preview:-1",Topes SIPA 2026: base imponible máxima y aportes al tope,56,true,"Base imponible máxima de aportes personales en… Encontrá herramientas, ejemplos y fuentes para resolver topes sipa 2026: base imponible máxima de aportes.",154,true,El tope que cambia cuánto te descuentan.,1,true,870,true,false,true,false,false,true,true,true,false,89,0,true,core,
https://hacecuentas.com/deportes,200,https://hacecuentas.com/deportes,true,https,,true,"max-image-preview:large, max-snippet:-1, max-video-preview:-1","Deportes hoy: fútbol argentino, NBA y F1 | Hacé Cuentas",55,true,"Fútbol argentino, NBA y Fórmula 1 en un solo lugar: partidos, resultados, posiciones, calendarios y calculadoras deportivas gratis.",131,true,"Deportes: fútbol argentino, NBA y Fórmula 1. El deporte, explicado con datos.",1,true,378,true,false,false,false,false,true,true,false,false,15,0,true,priority,
https://hacecuentas.com/desarrolladores,200,https://hacecuentas.com/desarrolladores,true,https,,true,"max-image-preview:large, max-snippet:-1, max-video-preview:-1",API y MCP — usá las calculadoras desde tu LLM o app,51,true,"API JSON gratuita y servidor MCP para que ChatGPT, Claude, Grok y Gemini consuman las 600 herramientas públicas de Hacé Cuentas en tiempo real.",143,true,API y MCP para desarrolladores y LLMs,1,true,510,false,false,false,true,false,true,true,false,false,9,0,true,core,
https://hacecuentas.com/dia-del-nino-2026-cuando-es,200,https://hacecuentas.com/dia-del-nino-2026-cuando-es,true,https,,true,"max-image-preview:large, max-snippet:-1, max-video-preview:-1",Día del Niño 2026: es el domingo 16 de agosto (finde largo),59,true,El Día del Niño 2026 en Argentina es el domingo 16 de agosto: el tercer domingo de agosto según el decreto 562/2025.,116,true,¿Cuándo es el Día del Niño 2026? Domingo 16 de agosto,1,true,1025,false,false,true,false,true,true,true,false,true,14,0,true,core,
https://hacecuentas.com/do,200,https://hacecuentas.com/do,true,https,,true,"max-image-preview:large, max-snippet:-1, max-video-preview:-1",Calculadoras República Dominicana 2026 | Hacé Cuentas,53,true,"Calculadoras de República Dominicana para salario, TSS, ISR, prestaciones, regalía pascual, vivienda y negocio, con reglas y fuentes locales 2026.",146,true,De tu nómina a tu próxima decisión.,1,false,1097,false,false,false,true,false,true,true,true,false,106,0,true,hubs,
https://hacecuentas.com/do/calculadoras,200,https://hacecuentas.com/do/calculadoras,true,https,,true,"max-image-preview:large, max-snippet:-1, max-video-preview:-1",Todas las calculadoras de República Dominicana — 12 gratis,58,true,"Catálogo completo de 12 calculadoras online gratis para República Dominicana: ISR, TSS, cesantía, regalía pascual, salario neto, ITBIS.",135,true,Calculadoras de República Dominicana,1,true,367,false,false,false,false,false,true,true,false,false,20,0,true,core,
https://hacecuentas.com/do/finanzas,200,https://hacecuentas.com/do/finanzas,true,https,,true,"max-image-preview:large, max-snippet:-1, max-video-preview:-1",Finanzas personales en República Dominicana | Hacé Cuentas,58,true,"Presupuesto del hogar, factura de luz, tarjetas, certificados financieros, san y dólar: las cuentas de la plata en pesos dominicanos, con el IPC…",145,true,Finanzas,1,true,501,true,false,false,false,false,true,true,false,false,47,0,true,hubs-recovery,
https://hacecuentas.com/do/finanzas/ahorro-y-dolar,200,https://hacecuentas.com/do/finanzas/ahorro-y-dolar,true,https,,true,"max-image-preview:large, max-snippet:-1, max-video-preview:-1","Certificado financiero, san o dólares",37,true,"Compará el rendimiento neto de un certificado financiero (con la retención del 10%), el san de ahorro rotativo y el dólar, contra la inflación del IPC…",151,true,¿Tu plata rinde o sólo aguanta la inflación?,1,false,906,false,false,false,false,true,true,true,false,true,43,0,true,hubs-recovery,
https://hacecuentas.com/do/finanzas/comprar-y-financiar-un-vehiculo,200,https://hacecuentas.com/do/finanzas/comprar-y-financiar-un-vehiculo,true,https,,true,"max-image-preview:large, max-snippet:-1, max-video-preview:-1",Importar y financiar un vehículo en República Dominicana,56,true,"Calculá los impuestos de importación de un vehículo en República Dominicana y la cuota del préstamo: inicial, total a pagar y costo completo del carro.",151,true,¿Cuánto cuesta importar y financiar el vehículo en República Dominicana?,1,true,908,false,false,false,false,true,true,true,false,true,43,0,true,hubs-recovery,
https://hacecuentas.com/do/finanzas/presupuesto-del-hogar,200,https://hacecuentas.com/do/finanzas/presupuesto-del-hogar,true,https,,true,"max-image-preview:large, max-snippet:-1, max-video-preview:-1",Presupuesto del hogar en República Dominicana,45,true,"Calculá a dónde se va tu sueldo en RD$: factura de luz por bloques, gasolina por galón, pago mínimo de tarjeta, útiles escolares y bonos de Supérate…",149,true,¿A dónde se te va el sueldo cada mes?,1,false,907,false,false,false,false,true,true,true,false,true,43,0,true,hubs-recovery,
https://hacecuentas.com/do/futbol-dominicano-hoy,200,https://hacecuentas.com/do/futbol-dominicano-hoy,true,https,,false,"noindex, follow","Fútbol dominicano hoy: partidos, resultados y tablas",52,true,"Partidos de hoy, resultados, próximos encuentros, horarios locales y tablas actualizadas del fútbol dominicano, con resultados recientes y agenda…",146,true,"Fútbol dominicano, hoy",1,true,152,false,false,false,false,true,true,true,false,true,15,0,false,do,
https://hacecuentas.com/do/impuestos,200,https://hacecuentas.com/do/impuestos,true,https,,true,"max-image-preview:large, max-snippet:-1, max-video-preview:-1",Impuestos en República Dominicana — calculadoras DGII,53,true,"ITBIS, ISR, anticipos, IPI, transferencia inmobiliaria y recargos por mora: los impuestos de la DGII calculados con las tasas y los artículos del Código…",153,true,Impuestos,1,true,413,false,false,false,false,false,true,true,false,false,46,0,true,hubs-recovery,
https://hacecuentas.com/do/impuestos/comprar-vivienda,200,https://hacecuentas.com/do/impuestos/comprar-vivienda,true,https,,true,"max-image-preview:large, max-snippet:-1, max-video-preview:-1",Comprar vivienda en República Dominicana,40,true,"Cuánto necesitás para cerrar la compra de un inmueble en RD$: inicial, cuota hipotecaria, impuesto de transferencia del 3%, honorarios legales, IPI anual…",154,true,"La casa cuesta una cifra. Tener las llaves, un poco más.",1,false,2008,true,false,true,true,false,true,true,false,true,93,0,true,hubs-recovery,
https://hacecuentas.com/do/impuestos/negocio-dgii,200,https://hacecuentas.com/do/impuestos/negocio-dgii,true,https,,true,"max-image-preview:large, max-snippet:-1, max-video-preview:-1","Impuestos DGII de tu negocio: ITBIS, ISR, anticipos",51,true,"Calculá lo que le debés a la DGII: ITBIS del 18% a pagar, ISR de sociedades del 27%, anticipo mensual según la TET, retención del 10% sobre honorarios…",151,true,Que la DGII no te agarre sin reserva.,1,true,2044,true,false,true,true,false,true,true,false,true,96,0,true,hubs-recovery,
https://hacecuentas.com/do/trabajo,200,https://hacecuentas.com/do/trabajo,true,https,,true,"max-image-preview:large, max-snippet:-1, max-video-preview:-1","Trabajo en República Dominicana — sueldo, prestaciones y TSS",60,true,"Sueldo neto, prestaciones laborales, regalía pascual y seguridad social en República Dominicana, resueltos con el Código de Trabajo (Ley 16-92)…",144,true,Trabajo,1,true,608,false,false,false,false,false,true,true,false,false,48,0,true,hubs-recovery,
https://hacecuentas.com/do/trabajo/liquidacion,200,https://hacecuentas.com/do/trabajo/liquidacion,true,https,,true,"max-image-preview:large, max-snippet:-1, max-video-preview:-1",Liquidación laboral República Dominicana,40,true,"Calculá tus prestaciones laborales en RD$: auxilio de cesantía del Art. 80, preaviso del Art. 76, vacaciones, regalía proporcional y la penalidad del Art.",154,true,Terminó tu contrato. Veamos qué deben pagarte.,1,false,2099,true,false,true,true,false,true,true,false,true,95,0,true,hubs-recovery,
https://hacecuentas.com/do/trabajo/regalia-y-bonificacion,200,https://hacecuentas.com/do/trabajo/regalia-y-bonificacion,true,https,,true,"max-image-preview:large, max-snippet:-1, max-video-preview:-1",Regalía pascual 2026 República Dominicana: cuánto te toca,57,true,"Calculá tu regalía pascual 2026 (doble sueldo) completa o proporcional y el tope de tu bonificación en República Dominicana, según el Código de Trabajo.",152,true,Lo que cobrás además del sueldo en República Dominicana: regalía y bonificación.,1,true,910,false,false,false,false,true,true,true,false,true,43,0,true,hubs-recovery,
https://hacecuentas.com/do/trabajo/sueldo-neto,200,https://hacecuentas.com/do/trabajo/sueldo-neto,true,https,,true,"max-image-preview:large, max-snippet:-1, max-video-preview:-1",Sueldo neto República Dominicana 2026: TSS e ISR,48,true,"Calculá tu salario neto en RD$ 2026: AFP 2,87%, SFS 3,04%, retención de ISR por la escala de la DGII, horas extra al 35% y recargo nocturno del 15%.",148,true,Del salario acordado a lo que llega a tu cuenta.,1,false,2185,true,false,true,true,false,true,true,false,true,95,0,true,hubs-recovery,
https://hacecuentas.com/do/trabajo/tss-aportes-y-coberturas,200,https://hacecuentas.com/do/trabajo/tss-aportes-y-coberturas,true,https,,true,"max-image-preview:large, max-snippet:-1, max-video-preview:-1","TSS República Dominicana: aportes, costo del empleado",53,true,"Cuánto aporta el trabajador y cuánto el empleador a la TSS (AFP, SFS, riesgos laborales e INFOTEP), cuánto cuesta realmente un empleado y qué devuelve…",151,true,La TSS: cuánto se aporta por vos y qué te devuelve.,1,true,909,false,false,false,false,true,true,true,false,true,43,0,true,hubs-recovery,
https://hacecuentas.com/dolar-hoy,200,https://hacecuentas.com/dolar-hoy,true,https,,true,"max-image-preview:large, max-snippet:-1, max-video-preview:-1","Dólar hoy en Argentina EN VIVO: blue, oficial, MEP, CCL",55,true,"Cotización del dólar hoy en Argentina, en vivo: blue $1.545, oficial $1.510, MEP $1.522, CCL, tarjeta y cripto. Brecha cambiaria y conversor.",141,true,Dólar hoy en Argentina — en vivo 💵,1,true,338,false,false,true,false,false,true,true,false,true,11,0,true,priority,
https://hacecuentas.com/dolar-hoy-chile,200,https://hacecuentas.com/dolar-hoy-chile,true,https,,true,"max-image-preview:large, max-snippet:-1, max-video-preview:-1","Dólar, UF y UTM hoy en Chile EN VIVO | Hacé Cuentas",51,true,"Valores de hoy en Chile, en vivo: dólar observado $913, UF $40.854,01 y UTM. Se actualiza solo desde el Banco Central. Tabla de conversión dólar a pesos.",153,true,"Dólar, UF y UTM hoy en Chile 🇨🇱",1,true,378,false,false,true,false,false,true,true,false,true,5,0,true,priority,
https://hacecuentas.com/dolar-hoy-colombia,200,https://hacecuentas.com/dolar-hoy-colombia,true,https,,true,"max-image-preview:large, max-snippet:-1, max-video-preview:-1",Dólar hoy Colombia: precio TRM actualizado al minuto,52,true,"Dólar TRM hoy en Colombia: $3.128,65 por dólar (tasa oficial de la Superintendencia Financiera). Tabla de conversión de dólares a pesos. Se actualiza solo.",155,true,Dólar hoy en Colombia (TRM) 🇨🇴,1,true,342,false,false,true,false,false,true,true,false,true,5,0,true,priority,
https://hacecuentas.com/dolar-hoy-mexico,200,https://hacecuentas.com/dolar-hoy-mexico,true,https,,true,"max-image-preview:large, max-snippet:-1, max-video-preview:-1",Dólar hoy en México: tipo de cambio EN VIVO | Hacé Cuentas,58,true,Dólar hoy en México: $17.02 pesos por dólar (tipo de cambio interbancario). Tabla de conversión de dólares a pesos. Se actualiza solo.,134,true,Dólar hoy en México 🇲🇽,1,true,374,false,false,true,false,false,true,true,false,true,5,0,true,priority,
https://hacecuentas.com/dolar-hoy-paraguay,200,https://hacecuentas.com/dolar-hoy-paraguay,true,https,,true,"max-image-preview:large, max-snippet:-1, max-video-preview:-1",Dólar hoy en Paraguay: cotización a guaraníes EN VIVO,53,true,"Dólar hoy en Paraguay: Gs. 5.991 guaraníes por dólar (tipo de cambio de mercado), más real brasileño y peso argentino.",118,true,Dólar hoy en Paraguay 🇵🇾,1,true,490,false,false,true,false,false,true,true,false,true,7,0,true,priority,
https://hacecuentas.com/dolar-hoy-peru,200,https://hacecuentas.com/dolar-hoy-peru,true,https,,true,"max-image-preview:large, max-snippet:-1, max-video-preview:-1",Dólar hoy en Perú: tipo de cambio a soles EN VIVO,49,true,Dólar hoy en Perú: S/ 3.37 soles por dólar (tipo de cambio de mercado). Tabla de conversión de dólares a soles. Se actualiza solo.,130,true,Dólar hoy en Perú 🇵🇪,1,true,383,false,false,true,false,false,true,true,false,true,5,0,true,priority,
https://hacecuentas.com/dolar-hoy-uruguay,200,https://hacecuentas.com/dolar-hoy-uruguay,true,https,,true,"max-image-preview:large, max-snippet:-1, max-video-preview:-1",Dólar hoy en Uruguay: cotización a pesos EN VIVO,48,true,"Dólar hoy en Uruguay: $U 40,14 pesos por dólar (tipo de cambio de mercado), más euro y real brasileño. Tabla de conversión de dólares a pesos uruguayos.",152,true,Dólar hoy en Uruguay 🇺🇾,1,true,544,false,false,true,false,false,true,true,false,true,7,0,true,priority,
https://hacecuentas.com/dolar-hoy-venezuela,200,https://hacecuentas.com/dolar-hoy-venezuela,true,https,,true,"max-image-preview:large, max-snippet:-1, max-video-preview:-1",Dólar BCV y Paralelo Hoy en Venezuela EN VIVO | Hacé Cuentas,60,true,"Dólar de hoy en Venezuela, en vivo: dólar BCV (oficial) Bs. 771,07, dólar paralelo Bs. 861,6 y la brecha cambiaria (11,7%). Se actualiza solo.",142,true,Dólar BCV y paralelo hoy en Venezuela 🇻🇪,1,true,583,false,false,true,false,false,true,true,false,true,5,0,true,priority,
https://hacecuentas.com/ec,200,https://hacecuentas.com/ec,true,https,,true,"max-image-preview:large, max-snippet:-1, max-video-preview:-1","Calculadoras de Ecuador: sueldo, impuestos y trámites",53,true,"Calculá sueldo, décimos, fondos de reserva, impuestos, créditos, auto y trámites en Ecuador con datos y fuentes locales.",120,true,"Tu sueldo, tus impuestos y tu casa.",1,true,1194,false,false,false,true,false,true,true,true,false,111,0,true,hubs,
https://hacecuentas.com/ec/auto,200,https://hacecuentas.com/ec/auto,true,https,,true,"max-image-preview:large, max-snippet:-1, max-video-preview:-1","Auto en Ecuador — matriculación, SPPAT y revisión técnica",57,true,"Calculá matriculación, rodaje, SPPAT, revisión técnica y combustible para conocer el costo de mantener un auto al día en Ecuador.",129,true,Auto,1,true,305,false,false,false,false,false,true,true,false,false,45,0,true,hubs-recovery,
https://hacecuentas.com/ec/auto/costos-del-auto,200,https://hacecuentas.com/ec/auto/costos-del-auto,true,https,,true,"max-image-preview:large, max-snippet:-1, max-video-preview:-1",Cuánto cuesta tener el auto al día en Ecuador,45,true,"Calcula el costo anual real de tu vehículo en el Ecuador: impuesto a la propiedad del SRI, impuesto al rodaje del COOTAD, tasa SPPAT, revisión técnica…",151,true,¿Cuánto te cuesta al año tener el auto al día en el Ecuador?,1,true,911,false,false,false,false,true,true,true,false,true,43,0,true,hubs-recovery,
https://hacecuentas.com/ec/calculadora-prestamo-quirografario-iess-ecuador,200,https://hacecuentas.com/ec/calculadora-prestamo-quirografario-iess-ecuador,true,https,,true,"max-image-preview:large, max-snippet:-1, max-video-preview:-1",Calculadora Préstamo Quirografario IESS BIESS 2026,50,true,Calculá cuánto te presta el IESS por quirografario en 2026: hasta 80 SBU ($38.560). Obtené tu cuota mensual según plazo y tasa BIESS oficial al instante…,153,true,Calculadora de Préstamo Quirografario del IESS (Biess) — Ecuador 2026 🌎,1,true,1791,true,true,true,true,true,true,true,true,true,17,0,true,ec,
https://hacecuentas.com/ec/calculadoras,200,https://hacecuentas.com/ec/calculadoras,true,https,,true,"max-image-preview:large, max-snippet:-1, max-video-preview:-1",Todas las calculadoras de Ecuador — 23 gratis | Hacé Cuentas,60,true,"Catálogo completo de 23 calculadoras online gratis para Ecuador: salario básico (SBU), IESS, décimos, IVA, impuesto a la renta, utilidades.",139,true,Calculadoras de Ecuador,1,true,624,false,false,false,false,false,true,true,false,false,31,0,true,core,
https://hacecuentas.com/ec/datos-pension-alimenticia-ecuador-2026,200,https://hacecuentas.com/ec/datos-pension-alimenticia-ecuador-2026,true,https,,true,"max-image-preview:large, max-snippet:-1, max-video-preview:-1","Tabla pensión alimenticia Ecuador 2026: mínimo $135,54",54,true,"Tabla oficial de pensiones alimenticias mínimas Ecuador 2026 (Acuerdo MDH-DM-2026-0005-A): 6 niveles sobre el SBU de $482, porcentajes por número…",146,true,Tabla de pensión alimenticia en Ecuador 2026,1,true,1483,true,false,true,true,true,true,true,false,true,5,8,true,core,
https://hacecuentas.com/ec/estudio,200,https://hacecuentas.com/ec/estudio,true,https,,true,"max-image-preview:large, max-snippet:-1, max-video-preview:-1","Estudio en Ecuador — nota Transformar, promedio y costo",55,true,"Calculá nota de postulación Transformar, promedio académico y costo universitario en Ecuador con requisitos y fuentes para cada decisión.",137,true,Estudio,1,true,331,false,false,false,false,false,true,true,false,false,45,0,true,hubs-recovery,
https://hacecuentas.com/ec/estudio/entrar-y-pagar-la-universidad,200,https://hacecuentas.com/ec/estudio/entrar-y-pagar-la-universidad,true,https,,true,"max-image-preview:large, max-snippet:-1, max-video-preview:-1",Nota de postulación Transformar y costo de la universidad,57,true,Calcula tu nota de postulación del examen Transformar de la Senescyt con la ponderación de bachillerato general o técnico y la acción afirmativa…,145,true,"¿Con qué nota entras a la universidad en el Ecuador, y cuánto te va a costar la carrera?",1,true,916,false,false,false,false,true,true,true,false,true,43,0,true,hubs-recovery,
https://hacecuentas.com/ec/finanzas-personales,200,https://hacecuentas.com/ec/finanzas-personales,true,https,,true,"max-image-preview:large, max-snippet:-1, max-video-preview:-1","Finanzas personales en Ecuador — créditos BIESS, tarjetas",57,true,"Calculá cuotas, costo total y rendimientos de créditos BIESS, tarjetas y depósitos en Ecuador para comparar alternativas antes de decidir.",138,true,Finanzas personales,1,true,308,true,false,false,false,false,true,true,false,false,45,0,true,hubs-recovery,
https://hacecuentas.com/ec/finanzas-personales/creditos-y-ahorro,200,https://hacecuentas.com/ec/finanzas-personales/creditos-y-ahorro,true,https,,true,"max-image-preview:large, max-snippet:-1, max-video-preview:-1",Préstamo quirografario IESS y créditos Ecuador: cuota real,58,true,"Calcula la cuota de un préstamo quirografario del IESS o crédito BIESS en Ecuador. Compara tasa, plazo, intereses y costo total antes de pedirlo.",145,true,Préstamo quirografario IESS y créditos: ¿cuánto pagás de verdad?,1,true,2249,false,false,true,true,false,true,true,false,true,94,0,true,hubs,
https://hacecuentas.com/ec/futbol-ecuatoriano-hoy,200,https://hacecuentas.com/ec/futbol-ecuatoriano-hoy,true,https,,true,"max-image-preview:large, max-snippet:-1, max-video-preview:-1","Fútbol ecuatoriano hoy: partidos, resultados y tablas",53,true,"Partidos de hoy, resultados, próximos encuentros, horarios locales y tablas actualizadas del fútbol ecuatoriano, con resultados recientes y agenda…",147,true,"Fútbol ecuatoriano, hoy",1,true,600,false,false,false,false,true,true,true,false,true,15,0,true,priority,
https://hacecuentas.com/ec/hogar,200,https://hacecuentas.com/ec/hogar,true,https,,true,"max-image-preview:large, max-snippet:-1, max-video-preview:-1","Hogar en Ecuador — costo de vida, arriendo y planillas",54,true,"Cuánto cuesta vivir en el Ecuador mes a mes: canasta básica del INEC, arriendo, luz y agua, con el pliego tarifario vigente.",124,true,Hogar,1,true,419,true,false,false,false,false,true,true,false,false,46,0,true,hubs-recovery,
https://hacecuentas.com/ec/hogar/comida-salud-y-construccion,200,https://hacecuentas.com/ec/hogar/comida-salud-y-construccion,true,https,,true,"max-image-preview:large, max-snippet:-1, max-video-preview:-1","Calorías, costo de construcción y medidas de cocina, Ecuador",60,true,"Calculadora de calorías diarias, costo de construcción por m² 2026 y conversor de tazas a gramos para Ecuador, reunidos en una sola página de decisión.",151,true,"Tu cuerpo, tu receta o tu casa: empezá por el número correcto.",1,false,1599,true,false,true,true,false,true,true,false,true,93,0,true,hubs-recovery,
https://hacecuentas.com/ec/hogar/presupuesto-mensual,200,https://hacecuentas.com/ec/hogar/presupuesto-mensual,true,https,,true,"max-image-preview:large, max-snippet:-1, max-video-preview:-1",Cuánto se necesita al mes para vivir en Ecuador,47,true,Calculá el presupuesto mensual de tu hogar en Ecuador y comparalo con la canasta básica del INEC según ciudad y cantidad de integrantes.,136,true,"¿Cuánto necesitas al mes para vivir en el Ecuador, y te alcanza con lo que ganas?",1,true,914,false,false,false,false,true,true,true,false,true,43,0,true,hubs-recovery,
https://hacecuentas.com/ec/impuestos,200,https://hacecuentas.com/ec/impuestos,true,https,,true,"max-image-preview:large, max-snippet:-1, max-video-preview:-1","Impuestos en Ecuador — renta, IVA, ISD y RIMPE",46,true,"Impuesto a la renta, IVA, ISD, prediales y régimen RIMPE del SRI, resueltos con la tabla vigente y la resolución citada.",120,true,Impuestos,1,true,653,false,false,false,false,false,true,true,false,false,48,0,true,hubs-recovery,
https://hacecuentas.com/ec/impuestos/impuesto-a-la-renta,200,https://hacecuentas.com/ec/impuestos/impuesto-a-la-renta,true,https,,true,"max-image-preview:large, max-snippet:-1, max-video-preview:-1",Impuesto a la renta Ecuador 2026: tabla SRI y retenciones,57,true,"Calculá tu impuesto a la renta en Ecuador 2026 con la tabla vigente del SRI: retención en relación de dependencia, honorarios y rebaja por gastos.",146,true,Tu impuesto no es un porcentaje suelto.,1,true,1195,false,false,true,true,false,true,true,true,false,95,0,true,hubs-recovery,
https://hacecuentas.com/ec/impuestos/impuestos-del-inmueble,200,https://hacecuentas.com/ec/impuestos/impuestos-del-inmueble,true,https,,true,"max-image-preview:large, max-snippet:-1, max-video-preview:-1",Impuestos de un inmueble en Ecuador,35,true,"Calcula el impuesto predial urbano con el descuento por pronto pago, la alcabala del 1% que paga el comprador, el impuesto a las utilidades y plusvalía…",152,true,Una propiedad. Cuatro momentos. Cuatro cuentas distintas.,1,false,2244,true,false,true,true,false,true,true,false,true,95,0,true,hubs-recovery,
https://hacecuentas.com/ec/impuestos/iva-y-consumo,200,https://hacecuentas.com/ec/impuestos/iva-y-consumo,true,https,,true,"max-image-preview:large, max-snippet:-1, max-video-preview:-1","IVA, ICE, ISD e impuestos de importación en Ecuador",51,true,"Calcula el IVA del 15% en Ecuador, la retención de IVA que te hace un agente de retención, el ICE de un producto, los tributos de una importación…",146,true,"¿Cuánto impuesto se le suma a lo que compras, importas o envías al exterior?",1,false,912,false,false,false,false,true,true,true,false,true,43,0,true,hubs-recovery,
https://hacecuentas.com/ec/impuestos/regimen-rimpe-y-negocio,200,https://hacecuentas.com/ec/impuestos/regimen-rimpe-y-negocio,true,https,,true,"max-image-preview:large, max-snippet:-1, max-video-preview:-1","RIMPE, régimen general o SAS en Ecuador",39,true,"Compara con tus propias cifras cuánto pagas al año como RIMPE negocio popular, RIMPE emprendedor, régimen general o compañía SAS en Ecuador: cuota…",147,true,Formalizar tu negocio no debería ser una adivinanza.,1,false,2218,true,false,true,true,false,true,true,false,true,98,0,true,hubs,
https://hacecuentas.com/ec/trabajo,200,https://hacecuentas.com/ec/trabajo,true,https,,true,"max-image-preview:large, max-snippet:-1, max-video-preview:-1","Trabajo en Ecuador — sueldo, décimos, IESS y liquidación",56,true,"Sueldo, décimos, fondos de reserva, liquidación y aportes al IESS en el Ecuador, con el SBU vigente y el artículo del Código del Trabajo que aplica.",148,true,Trabajo,1,true,670,false,false,false,false,false,true,true,false,false,49,0,true,hubs-recovery,
https://hacecuentas.com/ec/trabajo/decimos-y-fondos-de-reserva,200,https://hacecuentas.com/ec/trabajo/decimos-y-fondos-de-reserva,true,https,,true,"max-image-preview:large, max-snippet:-1, max-video-preview:-1",Décimos y fondos de reserva Ecuador 2026: cuánto te toca,56,true,"Calculá el décimo tercero y décimo cuarto sueldo en Ecuador 2026 por región, los fondos de reserva del 8,33% y tus vacaciones, con el SBU vigente.",146,true,"Décimos, fondos de reserva y vacaciones: cuánto te toca y cuándo lo cobras.",1,true,911,false,false,false,false,true,true,true,false,true,43,0,true,hubs-recovery,
https://hacecuentas.com/ec/trabajo/iess-aportes-y-jubilacion,200,https://hacecuentas.com/ec/trabajo/iess-aportes-y-jubilacion,true,https,,true,"max-image-preview:large, max-snippet:-1, max-video-preview:-1","IESS en Ecuador: cuánto aportas, cuándo te jubilas y cuánto",59,true,"Aportes al IESS en relación de dependencia, como afiliado voluntario y en el trabajo del hogar, más la estimación de la pensión de vejez, la jubilación…",152,true,Lo que aportás hoy define lo que podés cobrar mañana.,1,true,2152,true,false,true,true,false,true,true,false,true,95,0,true,hubs-recovery,
https://hacecuentas.com/ec/trabajo/licencias-y-pension-alimenticia,200,https://hacecuentas.com/ec/trabajo/licencias-y-pension-alimenticia,true,https,,true,"max-image-preview:large, max-snippet:-1, max-video-preview:-1",Licencias por hijos y enfermedad en Ecuador,43,true,"Licencia de maternidad de 12 semanas con el 75% del IESS y el 25% del empleador, licencia de paternidad de 15 a 25 días, subsidio de enfermedad del IESS…",153,true,Un cambio familiar. Cuatro cuentas que necesitás entender.,1,false,2312,false,false,true,true,false,true,true,false,true,96,0,true,hubs,
https://hacecuentas.com/ec/trabajo/liquidacion-y-despido,200,https://hacecuentas.com/ec/trabajo/liquidacion-y-despido,true,https,,true,"max-image-preview:large, max-snippet:-1, max-video-preview:-1",Liquidación por despido en Ecuador 2026: cuánto te deben,56,true,"Calculá tu liquidación en Ecuador 2026: despido intempestivo, visto bueno o desahucio, décimos proporcionales, vacaciones e indemnización del art. 188.",151,true,Salgo de la empresa en Ecuador: ¿cuánto me tienen que liquidar?,1,true,909,false,false,false,false,true,true,true,false,true,43,0,true,hubs,
https://hacecuentas.com/ec/trabajo/sueldo-neto,200,https://hacecuentas.com/ec/trabajo/sueldo-neto,true,https,,true,"max-image-preview:large, max-snippet:-1, max-video-preview:-1","Sueldo neto Ecuador 2026: aporte IESS 9,45% y costo patronal",60,true,"Calculá tu sueldo neto en Ecuador 2026: aporte personal al IESS del 9,45%, horas suplementarias y extraordinarias, y el costo laboral total del empleador.",154,true,Del sueldo acordado a lo que llega a tu cuenta.,1,true,2174,true,false,true,true,false,true,true,false,true,95,0,true,hubs,
https://hacecuentas.com/ec/tramites,200,https://hacecuentas.com/ec/tramites,true,https,,true,"max-image-preview:large, max-snippet:-1, max-video-preview:-1","Trámites en Ecuador — pasaporte, multas y notaría",49,true,"Costos de trámites y actos legales en el Ecuador: pasaporte, multa por no sufragar, honorarios notariales y traspaso de dominio.",128,true,Trámites,1,true,335,false,false,false,false,false,true,true,false,false,45,0,true,hubs-recovery,
https://hacecuentas.com/ec/tramites/tramites-y-costos-legales,200,https://hacecuentas.com/ec/tramites/tramites-y-costos-legales,true,https,,true,"max-image-preview:large, max-snippet:-1, max-video-preview:-1",Cuánto cuesta un trámite en Ecuador,35,true,"Calcula el costo real de los trámites más comunes en el Ecuador: el pasaporte del Registro Civil según tu caso, la multa del CNE por no sufragar…",145,true,"¿Cuánto te va a costar ese trámite, esa firma en la notaría o esa multa?",1,true,913,false,false,false,false,true,true,true,false,true,43,0,true,hubs-recovery,
https://hacecuentas.com/ec/validar-cedula,200,https://hacecuentas.com/ec/validar-cedula,true,https,,true,"max-image-preview:large, max-snippet:-1, max-video-preview:-1",Validar Cédula Ecuatoriana Online Gratis,40,true,Validá una cédula ecuatoriana al instante: verifica el dígito verificador (módulo 10) y te dice la provincia de emisión.,120,true,Validar cédula ecuatoriana,1,true,736,true,false,true,false,false,true,true,true,true,12,11,true,core,
https://hacecuentas.com/embarazo,200,https://hacecuentas.com/embarazo,true,https,,true,"max-image-preview:large, max-snippet:-1, max-video-preview:-1","Calculadoras de embarazo: semanas, fechas y seguimiento",55,true,"Calculá semanas de embarazo, fecha probable de parto y controles orientativos con fuentes médicas; no reemplaza la consulta profesional.",136,true,Ubicate en el embarazo. Entendé lo que viene.,1,true,1146,true,false,false,true,false,true,true,true,false,107,0,true,hubs-recovery,
https://hacecuentas.com/embarazo/fecha-de-parto,200,https://hacecuentas.com/embarazo/fecha-de-parto,true,https,,true,"max-image-preview:large, max-snippet:-1, max-video-preview:-1",¿Cuándo nace mi bebé? — Calculadora de fecha probable,53,true,"Calculá tu fecha probable de parto por última menstruación (regla de Naegele), con ajuste por ciclo largo o corto, por ecografía o por FIV con la fecha…",152,true,Una fecha para organizarte. Una ventana para entender la realidad.,1,true,2457,true,false,true,true,true,true,true,false,true,108,0,true,hubs-recovery,
https://hacecuentas.com/embarazo/semanas,200,https://hacecuentas.com/embarazo/semanas,true,https,,true,"max-image-preview:large, max-snippet:-1, max-video-preview:-1",Calculadora de semanas de embarazo y fecha de parto,51,true,"Calculá tus semanas y días de embarazo, el mes y trimestre, la fecha probable de parto y el crecimiento estimado del bebé.",122,true,"Tu embarazo, semana a semana.",1,true,1876,true,false,true,true,true,true,true,true,true,108,0,true,hubs,
https://hacecuentas.com/embeber,200,https://hacecuentas.com/embeber,true,https,,true,"max-image-preview:large, max-snippet:-1, max-video-preview:-1",Embeber Calculadoras Gratis en tu Web — Widget Hacé Cuentas,59,true,"Calculadoras listas para embeber en tu sitio web: widgets gratis, sin registro y con ejemplos para WordPress, Blogger, Wix, Squarespace o cualquier HTML.",153,true,Embebé calculadoras gratis en tu sitio web,1,true,1203,true,false,true,false,false,true,true,false,false,21,0,true,core,
https://hacecuentas.com/en,200,https://hacecuentas.com/en,true,https,,true,"max-image-preview:large, max-snippet:-1, max-video-preview:-1","Free calculators for money, health, home and everyday",53,true,"Calculate, compare and understand money, work, health, home, travel and everyday decisions with formulas, examples and cited sources.",133,true,Don't just calculate. Know what to do next.,1,false,1682,true,false,false,true,false,true,true,true,false,137,0,true,hubs,
https://hacecuentas.com/en/cars,200,https://hacecuentas.com/en/cars,true,https,,true,"max-image-preview:large, max-snippet:-1, max-video-preview:-1","Car Calculators — fuel, tires, depreciation and maintenance",59,true,"Fuel, tires, resale value and maintenance intervals — the numbers behind owning and driving a car, in US units and with the source behind every constant.",153,true,Cars,1,false,598,false,false,false,false,false,true,true,false,false,42,0,true,hubs-recovery,
https://hacecuentas.com/en/cars/buy-lease-finance,200,https://hacecuentas.com/en/cars/buy-lease-finance,true,https,,true,"max-image-preview:large, max-snippet:-1, max-video-preview:-1","Should I buy, lease or finance a car? Total ownership",53,true,"Compare cash ownership, financing and leasing after taxes, dealer fees, interest, maintenance, lease payments and estimated resale value.",137,true,"Should I buy, lease or finance this car?",1,true,440,false,false,false,false,false,true,true,false,true,37,0,true,hubs,
https://hacecuentas.com/en/cars/car-value-and-ownership,200,https://hacecuentas.com/en/cars/car-value-and-ownership,true,https,,true,"max-image-preview:large, max-snippet:-1, max-video-preview:-1","Car Depreciation, Insurance and Maintenance Cost Calculator",59,true,"Estimate what your car is worth after N years and miles, what the insurance premium works out to per month, and when the timing belt is actually due — in…",154,true,Your car loses money while it sits.,1,true,217,false,false,false,false,false,true,true,false,true,35,0,true,hubs-recovery,
https://hacecuentas.com/en/cars/fuel-and-trip-cost,200,https://hacecuentas.com/en/cars/fuel-and-trip-cost,true,https,,true,"max-image-preview:large, max-snippet:-1, max-video-preview:-1",Road Trip Fuel Cost &amp; Range Calculator,42,true,"Work out your tank range in miles, the real fuel cost of a road trip with rest stops, what running the A/C adds every month, and whether CNG beats…",147,true,Know the cost before the first mile.,1,true,203,false,false,false,false,false,true,true,false,true,35,0,true,hubs,
https://hacecuentas.com/en/cars/import-a-vehicle,200,https://hacecuentas.com/en/cars/import-a-vehicle,true,https,,true,"max-image-preview:large, max-snippet:-1, max-video-preview:-1",Should I import this car? Total vehicle import cost,51,true,"Estimate the full cost of importing a vehicle after shipping, duty, excise tax, import tax, port charges, compliance and registration.",134,true,Will importing this vehicle actually save me money?,1,true,435,false,false,false,false,false,true,true,false,true,37,0,true,hubs,
https://hacecuentas.com/en/cars/tires-brakes-and-specs,200,https://hacecuentas.com/en/cars/tires-brakes-and-specs,true,https,,true,"max-image-preview:large, max-snippet:-1, max-video-preview:-1","Tire Size, PSI, Payload, Battery CCA and Stopping Distance",58,true,"Decode the numbers on your tires, door-jamb placard and owner’s manual: overall tire diameter, correct PSI, GVWR payload in pounds, battery cold-cranking…",154,true,Will that wheel actually fit?,1,false,203,false,false,false,false,false,true,true,false,true,35,0,true,hubs-recovery,
https://hacecuentas.com/en/cars/titles-registration-and-transfer,200,https://hacecuentas.com/en/cars/titles-registration-and-transfer,true,https,,true,"max-image-preview:large, max-snippet:-1, max-video-preview:-1",Car Registration and Transfer Costs in Argentina 2026,53,true,"Estimate new car registration fees (DNRPA) in Argentina 2026, the cost of transferring a used car and moving your registration to another province.",147,true,Know every document before you get in line.,1,false,240,false,false,false,false,false,true,true,false,true,35,0,true,hubs-recovery,
https://hacecuentas.com/en/cooking,200,https://hacecuentas.com/en/cooking,true,https,,true,"max-image-preview:large, max-snippet:-1, max-video-preview:-1","Cooking Calculators — Portions, Baking Ratios, Brewing",54,true,"Party portions, baking ratios, brewing strength and drink counts — worked out with real numbers: cooked-to-raw shrink, baker’s percentages, SCA brew…",149,true,Cooking,1,true,617,true,false,false,false,false,true,true,false,false,40,0,true,hubs-recovery,
https://hacecuentas.com/en/cooking/baking-ratios-and-conversions,200,https://hacecuentas.com/en/cooking/baking-ratios-and-conversions,true,https,,true,"max-image-preview:large, max-snippet:-1, max-video-preview:-1","Baker’s Percentage, Recipe Scaling &amp; Kitchen Conversions",60,true,"Scale any recipe, work out hydration and baker’s percentage, convert oven temperatures to °C and Gas Mark, turn teaspoons into grams and estimate rise…",151,true,"Scale the dough, not the mistakes.",1,false,208,true,false,false,false,false,true,true,false,true,35,0,true,hubs,
https://hacecuentas.com/en/cooking/brewing-and-infusions,200,https://hacecuentas.com/en/cooking/brewing-and-infusions,true,https,,true,"max-image-preview:large, max-snippet:-1, max-video-preview:-1","Coffee Ratio, Priming Sugar &amp; Infusion Time",47,true,"How strong it comes out and how long it takes: SCA coffee-to-water ratios, priming sugar for a target carbonation, beer color by the Morey SRM equation…",152,true,Extract flavor. Not bitterness.,1,false,178,false,false,false,false,false,true,true,false,true,35,0,true,hubs-recovery,
https://hacecuentas.com/en/cooking/drinks-for-a-party,200,https://hacecuentas.com/en/cooking/drinks-for-a-party,true,https,,true,"max-image-preview:large, max-snippet:-1, max-video-preview:-1",How Much Alcohol Per Guest? Party Drinks Calculator,51,true,"How many drinks to buy for a wedding, cocktail party or casual BBQ: bottles of wine, cases of beer, liters of spirits and soda, with a cost range in…",149,true,Enough to celebrate. Not enough to store for a year.,1,false,195,false,false,false,false,false,true,true,false,true,35,0,true,hubs,
https://hacecuentas.com/en/cooking/how-much-food-per-guest,200,https://hacecuentas.com/en/cooking/how-much-food-per-guest,true,https,,true,"max-image-preview:large, max-snippet:-1, max-video-preview:-1",How Much Food Per Person? Party Portion Calculator,50,true,"Work out exactly how much meat, pizza, empanadas… Encontrá herramientas, ejemplos y fuentes para resolver how much food per person?",131,true,"Feed the room, not the fear of running out.",1,false,195,false,false,false,false,false,true,true,false,true,35,0,true,hubs,
https://hacecuentas.com/en/family,200,https://hacecuentas.com/en/family,true,https,,true,"max-image-preview:large, max-snippet:-1, max-video-preview:-1","Family calculators — babies, feeding and milestones",51,true,"Feeding, sleep, growth and the milestones parents actually search for — answered with AAP, CDC and WHO guidance instead of forum folklore.",138,true,Family,1,true,355,true,false,false,false,false,true,true,false,false,38,0,true,hubs-recovery,
https://hacecuentas.com/en/family/baby-and-child-milestones,200,https://hacecuentas.com/en/family/baby-and-child-milestones,true,https,,true,"max-image-preview:large, max-snippet:-1, max-video-preview:-1","Is my child on track? Sleep, teeth, screen time and shoe",56,true,"Age-by-age reference for children: how many hours of sleep they need per AASM, which baby teeth should be in per the ADA chart, the AAP screen-time…",148,true,See what may come next—without turning childhood into a race.,1,false,166,false,false,false,false,false,true,true,false,true,35,0,true,hubs,
https://hacecuentas.com/en/family/events-and-family-transitions,200,https://hacecuentas.com/en/family/events-and-family-transitions,true,https,,true,"max-image-preview:large, max-snippet:-1, max-video-preview:-1","Divorce Costs, Ring Size and Family Event Budgets",49,true,"Estimate divorce settlement costs, convert ring sizes between mm, US, UK and EU, and plan the budget for big family events and changes, all on one page.",152,true,"When life changes, see the whole path.",1,false,171,false,false,false,false,false,true,true,false,true,35,0,true,hubs-recovery,
https://hacecuentas.com/en/fitness,200,https://hacecuentas.com/en/fitness,true,https,,true,"max-image-preview:large, max-snippet:-1, max-video-preview:-1","Fitness &amp; Sports Calculators — pace, strength, zones",56,true,"Race pace, training volume, power and pace zones, race-day fuelling and where you stand in the standings — the numbers behind training and competing, in…",153,true,Fitness Sports,1,true,602,false,false,false,false,false,true,true,false,false,40,0,true,hubs-recovery,
https://hacecuentas.com/en/fitness/competition-and-rankings,200,https://hacecuentas.com/en/fitness/competition-and-rankings,true,https,,true,"max-image-preview:large, max-snippet:-1, max-video-preview:-1","Elo Rating, Points Per Game, Auction Budget and Fran Time",57,true,"Work out where you stand: how many Elo points a result moves you and what the odds were, whether your points-per-game average is safe from relegation…",150,true,A score is not a standing until the field is counted.,1,false,178,false,false,false,false,false,true,true,false,true,35,0,true,hubs,
https://hacecuentas.com/en/fitness/endurance-thresholds,200,https://hacecuentas.com/en/fitness/endurance-thresholds,true,https,,true,"max-image-preview:large, max-snippet:-1, max-video-preview:-1","FTP, Critical Power, Threshold Pace, SWOLF and Race Fueling",59,true,"Set your endurance training zones and your race-day plan: FTP from a 20-minute test, Critical Power and W′ from two efforts, threshold pace from…",145,true,Stop guessing where “hard” begins.,1,false,181,false,false,false,false,false,true,true,false,true,35,0,true,hubs-recovery,
https://hacecuentas.com/en/fitness/running-race-plan,200,https://hacecuentas.com/en/fitness/running-race-plan,true,https,,true,"max-image-preview:large, max-snippet:-1, max-video-preview:-1","Race Pace, Training Plan and Recovery Calculator for Runners",60,true,"Work out the pace you need per mile, how many weeks of training the race takes, how fast you can safely add mileage, what a 10K predicts for your half…",151,true,Build the finish before chasing the pace.,1,true,1836,true,false,false,false,false,true,true,false,true,91,0,true,hubs,
https://hacecuentas.com/en/fitness/strength-and-training-volume,200,https://hacecuentas.com/en/fitness/strength-and-training-volume,true,https,,true,"max-image-preview:large, max-snippet:-1, max-video-preview:-1","One-Rep Max, Weekly Sets, Frequency and Recovery Calculator",59,true,"Estimate your 1RM in pounds from any set with Epley, Brzycki and Lombardi, get the training percentages, then find the weekly set range that actually…",150,true,Know what you trained—not just what you lifted.,1,false,1818,true,false,false,false,false,true,true,false,true,91,0,true,hubs,
https://hacecuentas.com/en/football-today,200,https://hacecuentas.com/en/football-today,true,https,,true,"max-image-preview:large, max-snippet:-1, max-video-preview:-1","English football today: matches, results and tables",51,true,"Today’s English football fixtures, results, upcoming matches and current Premier League and Championship tables, with local times, recent scores…",145,true,"English football, today",1,true,834,false,false,false,false,true,true,true,false,true,15,0,true,priority,
https://hacecuentas.com/en/garden,200,https://hacecuentas.com/en/garden,true,https,,true,"max-image-preview:large, max-snippet:-1, max-video-preview:-1","Garden Calculators — watering, fertilizer, spacing",50,true,"Watering, feeding, spacing and timing — the numbers behind a vegetable garden, in gallons, square feet and USDA hardiness zones.",128,true,Garden,1,true,401,false,false,false,false,false,true,true,false,false,39,0,true,hubs-recovery,
https://hacecuentas.com/en/garden/planting-and-spacing,200,https://hacecuentas.com/en/garden/planting-and-spacing,true,https,,true,"max-image-preview:large, max-snippet:-1, max-video-preview:-1","Plant Spacing, Seeds Per Square Foot, Germination and Pot",57,true,"How far apart to space vegetables, how many seeds a bed takes, how many days to germination at your soil temperature, and what size pot and drainage…",149,true,Give every plant the room it becomes.,1,true,1636,true,false,false,false,false,true,true,false,true,91,0,true,hubs,
https://hacecuentas.com/en/garden/watering-and-feeding,200,https://hacecuentas.com/en/garden/watering-and-feeding,true,https,,true,"max-image-preview:large, max-snippet:-1, max-video-preview:-1","Garden Watering, Fertilizer, Soil pH and Mulch Calculator",57,true,"Work out daily watering per plant, how much NPK fertilizer a bed needs, how much lime or sulfur to shift soil pH, how much mulch to buy, and what an EC…",152,true,Water the roots—not the calendar.,1,false,1624,true,false,false,false,false,true,true,false,true,91,0,true,hubs-recovery,
https://hacecuentas.com/en/garden/when-to-plant,200,https://hacecuentas.com/en/garden/when-to-plant,true,https,,true,"max-image-preview:large, max-snippet:-1, max-video-preview:-1","When to Plant Calculator: USDA Zone, Monthly Sowing Guide",57,true,"Find your USDA hardiness zone from your coldest winter temperature, see what to sow this month in either hemisphere, and get the right window to prune…",151,true,Plant for your season—not someone else’s month.,1,true,1670,true,false,false,false,false,true,true,false,true,91,0,true,hubs,
https://hacecuentas.com/en/health,200,https://hacecuentas.com/en/health,true,https,,true,"max-image-preview:large, max-snippet:-1, max-video-preview:-1","Health calculators — weight, labs, fertility and training",57,true,"Weight, calories, lab results, fertility and training — worked out with the reference ranges the guidelines actually publish, and with the source named…",152,true,Health,1,true,690,true,false,false,false,false,true,true,false,false,42,0,true,hubs-recovery,
https://hacecuentas.com/en/health/blood-test-numbers,200,https://hacecuentas.com/en/health/blood-test-numbers,true,https,,true,"max-image-preview:large, max-snippet:-1, max-video-preview:-1","Are my blood test numbers normal? BP, cholesterol, A1c",54,true,"Put your reading against the published reference range: blood pressure by ACC/AHA and by WHO, the full lipid panel, HbA1c with estimated average glucose…",153,true,Put one lab number back into context.,1,false,1811,true,false,false,false,false,true,true,false,true,91,0,true,hubs-recovery,
https://hacecuentas.com/en/health/body-weight,200,https://hacecuentas.com/en/health/body-weight,true,https,,true,"max-image-preview:large, max-snippet:-1, max-video-preview:-1","Am I at a healthy weight? BMI, ideal weight, body fat",53,true,"Work out your BMI and the healthy weight range for your height in pounds, your ideal body weight by the Devine, Robinson, Hamwi and Lorentz formulas…",149,true,Use weight as a signal—not a verdict.,1,true,1914,true,false,false,false,false,true,true,false,true,91,0,true,hubs,
https://hacecuentas.com/en/health/calories-and-macros,200,https://hacecuentas.com/en/health/calories-and-macros,true,https,,true,"max-image-preview:large, max-snippet:-1, max-video-preview:-1","How many calories and macros should I eat? TDEE, BMR",52,true,"Work out your BMR by Mifflin-St Jeor or Harris-Benedict, your TDEE at your real activity level, and the calorie target and protein, fat and carb grams…",151,true,Build the day around your goal and your appetite.,1,false,2005,true,false,false,false,false,true,true,false,true,91,0,true,hubs,
https://hacecuentas.com/en/health/exercise-and-training,200,https://hacecuentas.com/en/health/exercise-and-training,true,https,,true,"max-image-preview:large, max-snippet:-1, max-video-preview:-1","Max heart rate, training zones, RPE and hydration calculator",60,true,"Get your maximum heart rate by both the Fox and Tanaka formulas, your five training zones in beats per minute, the percentage of 1RM behind an RPE or…",150,true,Schedule stress and recovery together.,1,false,1848,true,false,false,false,false,true,true,false,true,91,0,true,hubs,
https://hacecuentas.com/en/health/fertility-and-pregnancy,200,https://hacecuentas.com/en/health/fertility-and-pregnancy,true,https,,true,"max-image-preview:large, max-snippet:-1, max-video-preview:-1","Ovulation, fertile window and due date calculator",49,true,"Find your fertile window and ovulation day for regular or irregular cycles, then get the due date from your last period, a known conception date, an IVF…",153,true,"Map the window, keep the uncertainty visible.",1,true,1803,true,false,false,false,false,true,true,false,true,91,0,true,hubs,
https://hacecuentas.com/en/health/medical-out-of-pocket,200,https://hacecuentas.com/en/health/medical-out-of-pocket,true,https,,true,"max-image-preview:large, max-snippet:-1, max-video-preview:-1",How much will health insurance cost me? Premium,47,true,"Estimate annual health-plan cost from premiums, deductible, coinsurance, copays and out-of-pocket maximum, then compare two plans.",130,true,How much will this health plan really cost me?,1,true,448,false,false,false,false,false,true,true,false,true,37,0,true,hubs,
https://hacecuentas.com/en/home,200,https://hacecuentas.com/en/home,true,https,,true,"max-image-preview:large, max-snippet:-1, max-video-preview:-1","Home &amp; building calculators: paint, concrete, HVAC",54,true,"Sizing and take-off calculators for the house itself: paint, tile and plaster quantities, concrete and rebar, AC and heating capacity, water heaters…",149,true,Home Building,1,true,676,false,false,false,false,false,true,true,false,false,42,0,true,hubs-recovery,
https://hacecuentas.com/en/home/carpentry-and-stairs,200,https://hacecuentas.com/en/home/carpentry-and-stairs,true,https,,true,"max-image-preview:large, max-snippet:-1, max-video-preview:-1","Deck boards, sheet cuts, stair rise and run, hinge",50,true,"Count deck boards and fasteners, get the best cut yield from a 4 × 8 sheet, lay out stair risers and treads to IRC limits, and size hinges, screws…",147,true,Turn the opening into a buildable staircase.,1,false,2264,true,false,false,false,false,true,true,false,true,91,0,true,hubs-recovery,
https://hacecuentas.com/en/home/concrete-and-structure,200,https://hacecuentas.com/en/home/concrete-and-structure,true,https,,true,"max-image-preview:large, max-snippet:-1, max-video-preview:-1","Concrete, rebar and brick calculator",36,true,"Size a strip footing, a spread footing, a beam and a masonry wall, and get the concrete in cubic yards, the premix bags, the rebar weight and the brick…",152,true,Order enough concrete without paying for a second truck.,1,true,2147,true,false,false,false,false,true,true,false,true,91,0,true,hubs-recovery,
https://hacecuentas.com/en/home/electrical-and-solar,200,https://hacecuentas.com/en/home/electrical-and-solar,true,https,,true,"max-image-preview:large, max-snippet:-1, max-video-preview:-1","Wire gauge, breaker size and solar panel calculator (NEC)",57,true,"Size branch circuit wire and breakers from NEC Table 310.16 ampacity and voltage drop, work out how many solar panels your bill needs, and calculate…",149,true,Size the system from the loads backward.,1,true,2209,true,false,false,false,false,true,true,false,true,91,0,true,hubs-recovery,
https://hacecuentas.com/en/home/hvac-sizing,200,https://hacecuentas.com/en/home/hvac-sizing,true,https,,true,"max-image-preview:large, max-snippet:-1, max-video-preview:-1","AC, heating, vent fan and insulation sizing calculator",54,true,"Size the air conditioner in BTU/h and tons, the heater in BTU/h and kW, the exhaust fan in CFM and the wall insulation in R-value, from one set of room…",152,true,Size comfort from the heat the room gains and loses.,1,false,2210,true,false,false,false,false,true,true,false,true,91,0,true,hubs-recovery,
https://hacecuentas.com/en/home/paint-and-tile,200,https://hacecuentas.com/en/home/paint-and-tile,true,https,,true,"max-image-preview:large, max-snippet:-1, max-video-preview:-1","Paint, tile and plaster calculator: how much to buy",51,true,"Work out gallons of paint, boxes of tile, cubic feet of plaster, rolls of membrane and feet of baseboard from one set of room dimensions — with the waste…",154,true,Buy for the surfaces—not the room name.,1,true,2077,true,false,false,false,false,true,true,false,true,91,0,true,hubs-recovery,
https://hacecuentas.com/en/home/water-and-plumbing,200,https://hacecuentas.com/en/home/water-and-plumbing,true,https,,true,"max-image-preview:large, max-snippet:-1, max-video-preview:-1","Water heater, tank, pipe, pump and drain sizing calculator",58,true,"Size a water heater in gallons or GPM, a storage tank, the supply pipe diameter in inches, the pump in horsepower and the drain and trap size — using DOE…",154,true,Find the bottleneck before replacing the fixture.,1,false,2146,true,false,false,false,false,true,true,false,true,91,0,true,hubs-recovery,
https://hacecuentas.com/en/life,200,https://hacecuentas.com/en/life,true,https,,true,"max-image-preview:large, max-snippet:-1, max-video-preview:-1","Everyday Life Calculators — dates, events, energy and carbon",60,true,"Dates, events, energy at home and carbon footprints — the everyday questions that come with a number attached, worked out with the source behind each…",150,true,Everyday Life,1,true,611,false,false,false,false,false,true,true,false,false,42,0,true,hubs-recovery,
https://hacecuentas.com/en/life/carbon-footprint,200,https://hacecuentas.com/en/life/carbon-footprint,true,https,,true,"max-image-preview:large, max-snippet:-1, max-video-preview:-1","Carbon Footprint Calculator: Flights, Streaming, Pets",53,true,"Estimate the CO₂ behind a flight, your streaming habit, your pet and your wedding — and how many trees it would take to offset each one, plus how long…",151,true,Measure enough to know what to change first.,1,false,1696,true,false,false,false,false,true,true,false,true,91,0,true,hubs-recovery,
https://hacecuentas.com/en/life/dates-and-hours,200,https://hacecuentas.com/en/life/dates-and-hours,true,https,,true,"max-image-preview:large, max-snippet:-1, max-video-preview:-1","Date, Age and Hours Worked Calculator",37,true,"Work out your exact age, the days and business days between two dates, your weekly hours with FLSA overtime and gross pay, and how many terms are left…",151,true,Find the overlap—not just the offset.,1,false,1690,true,false,false,false,false,true,true,false,true,91,0,true,hubs-recovery,
https://hacecuentas.com/en/life/home-energy-savings,200,https://hacecuentas.com/en/life/home-energy-savings,true,https,,true,"max-image-preview:large, max-snippet:-1, max-video-preview:-1","Home Energy Savings Calculator: Fridge, Lighting, Standby",57,true,"Work out what your fridge, your lights, your always-plugged-in chargers and your printing cost per year in kWh, dollars and CO₂ — and what each change…",151,true,Spend first where the house leaks money.,1,false,1703,true,false,false,false,false,true,true,false,true,91,0,true,hubs,
https://hacecuentas.com/en/life/identity-permits-and-applications,200,https://hacecuentas.com/en/life/identity-permits-and-applications,true,https,,true,"max-image-preview:large, max-snippet:-1, max-video-preview:-1","US Visa, Driver License and Permit Costs Calculator",51,true,"Estimate the total cost of a US B1/B2 tourist visa, a driver license by category, foreign residency and ID paperwork and other permits, all on one page.",152,true,Know the sequence before gathering the documents.,1,false,2256,true,false,false,false,false,true,true,false,true,91,0,true,hubs,
https://hacecuentas.com/en/life/move-abroad,200,https://hacecuentas.com/en/life/move-abroad,true,https,,true,"max-image-preview:large, max-snippet:-1, max-video-preview:-1",Can I afford to move abroad? International relocation,53,true,"Compare take-home pay, monthly living costs, one-time relocation costs and the first-year or five-year financial position of moving abroad.",139,true,Can I afford to move abroad?,1,true,442,false,false,false,false,false,true,true,false,true,37,0,true,hubs,
https://hacecuentas.com/en/life/party-and-event-planning,200,https://hacecuentas.com/en/life/party-and-event-planning,true,https,,true,"max-image-preview:large, max-snippet:-1, max-video-preview:-1","Event Cost Calculator: Catering Per Head, Tipping, Music",56,true,"Budget an event end to end: catering cost per head with bar, gratuity and tax; the right tip by state and party size; how to split a music gear budget…",151,true,Put the budget and the clock on the same board.,1,false,1699,true,false,false,false,false,true,true,false,true,91,0,true,hubs,
https://hacecuentas.com/en/math,200,https://hacecuentas.com/en/math,true,https,,true,"max-image-preview:large, max-snippet:-1, max-video-preview:-1","Math Calculators — percentages, unit conversion, statistics",59,true,"Percentages, unit conversions, statistics, algebra and geometry — every answer worked step by step, with the exact defined factor or formula behind it…",151,true,Math,1,true,616,true,false,false,false,false,true,true,false,false,41,0,true,hubs-recovery,
https://hacecuentas.com/en/math/algebra,200,https://hacecuentas.com/en/math/algebra,true,https,,true,"max-image-preview:large, max-snippet:-1, max-video-preview:-1","Algebra Solver: quadratic formula, 2×2 systems, matrices",56,true,"Solve the algebra you actually get asked for: quadratic roots and the discriminant, 2×2 linear systems by Cramer's rule, matrix determinant and inverse…",152,true,See why each algebra step is allowed.,1,true,1981,true,false,false,false,false,true,true,false,true,91,0,true,hubs-recovery,
https://hacecuentas.com/en/math/geometry-trigonometry,200,https://hacecuentas.com/en/math/geometry-trigonometry,true,https,,true,"max-image-preview:large, max-snippet:-1, max-video-preview:-1","Geometry &amp; Trigonometry: area, volume and distance",54,true,"Work out the area of a triangle from its three sides with Heron's formula, the volume and surface area of a sphere, the distance between two points…",148,true,Solve the shape you can actually see.,1,false,1918,true,false,false,false,false,true,true,false,true,91,0,true,hubs,
https://hacecuentas.com/en/math/percentages,200,https://hacecuentas.com/en/math/percentages,true,https,,true,"max-image-preview:large, max-snippet:-1, max-video-preview:-1","Percentage Calculator: % of a number, % change, ratios",54,true,"Work out any percentage question in one place: what is X% of a number, what percent one number is of another, percent increase or decrease, the original…",153,true,Percent is easy once you know what is the whole.,1,false,2048,true,false,false,false,false,true,true,false,true,91,0,true,hubs,
https://hacecuentas.com/en/math/statistics,200,https://hacecuentas.com/en/math/statistics,true,https,,true,"max-image-preview:large, max-snippet:-1, max-video-preview:-1","Statistics Calculator: mean, median, mode, standard",51,true,"Paste a list of numbers and get the mean, median, mode, range, variance and standard deviation, plus weighted averages, least-squares regression with R²…",153,true,See the distribution the mean can hide.,1,true,2023,true,false,false,false,false,true,true,false,true,91,0,true,hubs,
https://hacecuentas.com/en/math/unit-converter,200,https://hacecuentas.com/en/math/unit-converter,true,https,,true,"max-image-preview:large, max-snippet:-1, max-video-preview:-1","Unit Converter: feet, pounds, ounces, square feet, BTU",54,true,"Convert length, weight, area, volume, cooling capacity, water concentration and temperature between US customary, imperial and metric units, using…",147,true,Convert without losing what the number means.,1,false,2012,true,false,false,false,false,true,true,false,true,91,0,true,hubs-recovery,
https://hacecuentas.com/en/money,200,https://hacecuentas.com/en/money,true,https,,true,"max-image-preview:large, max-snippet:-1, max-video-preview:-1","Money calculators for the U.S. — taxes, paychecks, debt",55,true,"Paychecks, taxes, debt and your home loan, worked out with the current IRS brackets, the FICA wage base and the state rate that actually applies to you.",152,true,Money,1,true,1015,true,false,false,false,false,true,true,false,false,50,0,true,hubs-recovery,
https://hacecuentas.com/en/money/crypto-profit-and-fees,200,https://hacecuentas.com/en/money/crypto-profit-and-fees,true,https,,true,"max-image-preview:large, max-snippet:-1, max-video-preview:-1","Crypto profit and fees: P&amp;L, cost basis, funding",52,true,"Work out what a crypto position actually earned after buy and sell fees: cost basis, net proceeds, total and annualised return, break-even price…",145,true,"See what survives fees, spread and tax basis.",1,true,1836,true,false,false,false,false,true,true,false,true,91,0,true,hubs-recovery,
https://hacecuentas.com/en/money/family-budget-and-big-expenses,200,https://hacecuentas.com/en/money/family-budget-and-big-expenses,true,https,,true,"max-image-preview:large, max-snippet:-1, max-video-preview:-1",50/30/20 Family Budget and Big Expenses Calculator,50,true,"Run the 50/30/20 family budget rule, baby shower and back-to-school budgets, stacked discounts and private university costs — all on one single page.",149,true,A monthly budget needs an annual memory.,1,true,2173,true,false,false,false,false,true,true,false,true,91,0,true,hubs-recovery,
https://hacecuentas.com/en/money/get-out-of-debt,200,https://hacecuentas.com/en/money/get-out-of-debt,true,https,,true,"max-image-preview:large, max-snippet:-1, max-video-preview:-1","Fastest way to pay off debt: minimum payment, avalanche or",58,true,"See exactly what paying only the minimum costs you, how many months a fixed payment takes, and how much the avalanche method saves over the snowball on…",152,true,Give every extra dollar its next target.,1,false,2084,true,false,false,false,false,true,true,false,true,91,0,true,hubs-recovery,
https://hacecuentas.com/en/money/grow-your-money,200,https://hacecuentas.com/en/money/grow-your-money,true,https,,true,"max-image-preview:large, max-snippet:-1, max-video-preview:-1","Compound interest, ROI and portfolio allocation calculator",58,true,"See what a lump sum or a monthly contribution grows to, how long it takes to double, what a return is worth after inflation, how big an emergency fund…",151,true,See what time does—and what it cannot promise.,1,false,1793,true,false,false,false,false,true,true,false,true,91,0,true,hubs,
https://hacecuentas.com/en/money/home-loan,200,https://hacecuentas.com/en/money/home-loan,true,https,,true,"max-image-preview:large, max-snippet:-1, max-video-preview:-1","Refinance, pay extra, or take a HELOC? Run all three on your",60,true,"One calculator for the three big home-loan decisions: how much a refinance really saves after closing costs, how much time and interest an extra monthly…",153,true,Price the home as a monthly system.,1,false,2062,true,false,false,false,false,true,true,false,true,91,0,true,hubs,
https://hacecuentas.com/en/money/insurance-coverage,200,https://hacecuentas.com/en/money/insurance-coverage,true,https,,true,"max-image-preview:large, max-snippet:-1, max-video-preview:-1","How much insurance coverage do I need? Life, auto and home",58,true,"Estimate a starting coverage need for life, auto liability or home property insurance, then compare premiums and the deductible cash you would need.",148,true,How much insurance coverage do I actually need?,1,true,428,false,false,false,false,false,true,true,false,true,37,0,true,hubs,
https://hacecuentas.com/en/money/landed-cost,200,https://hacecuentas.com/en/money/landed-cost,true,https,,true,"max-image-preview:large, max-snippet:-1, max-video-preview:-1",How much will this import really cost? Landed cost,50,true,"Estimate the real cost of an imported product after freight, insurance, duty, import tax and handling fees — then test a resale margin.",135,true,What will this imported product really cost me?,1,true,486,false,false,false,false,false,true,true,false,true,37,0,true,hubs,
https://hacecuentas.com/en/money/paycheck-and-taxes,200,https://hacecuentas.com/en/money/paycheck-and-taxes,true,https,,true,"max-image-preview:large, max-snippet:-1, max-video-preview:-1","How much of my paycheck do I keep? W-4, refund, bonus",53,true,"Federal withholding per paycheck, your refund or balance due, what a bonus or overtime really nets, the self-employment tax on 1099 income, and what an…",152,true,Translate salary into the paycheck you can spend.,1,true,2326,true,false,false,false,false,true,true,false,true,91,0,true,hubs,
https://hacecuentas.com/en/money/renting-a-home,200,https://hacecuentas.com/en/money/renting-a-home,true,https,,true,"max-image-preview:large, max-snippet:-1, max-video-preview:-1","What does renting really cost? Move-in cost, deposit",52,true,"Add up what a rental actually costs: first month, security deposit, application and pet fees, renters insurance, HOA or condo charges and the moving…",149,true,Price the move-in and the ordinary month.,1,true,1730,true,false,false,false,false,true,true,false,true,91,0,true,hubs,
https://hacecuentas.com/en/money/retirement-income,200,https://hacecuentas.com/en/money/retirement-income,true,https,,true,"max-image-preview:large, max-snippet:-1, max-video-preview:-1","Retirement calculator: Roth vs traditional, contribution",56,true,"Work out how much you can contribute to a 401(k), IRA and HSA this year, whether Roth or traditional wins at your tax rates, what Social Security pays at…",154,true,Turn savings into a monthly retirement paycheck.,1,true,1991,true,false,false,false,false,true,true,false,true,91,0,true,hubs-recovery,
https://hacecuentas.com/en/money/sales-and-property-tax,200,https://hacecuentas.com/en/money/sales-and-property-tax,true,https,,true,"max-image-preview:large, max-snippet:-1, max-video-preview:-1","Sales tax, property tax and capital gains",41,true,"Add or back out sales tax on a purchase, estimate annual property tax on a home by state, work out a vehicle personal property tax bill in Missouri or…",151,true,Separate the tax rate from the taxable base.,1,true,2165,true,false,false,false,false,true,true,false,true,91,0,true,hubs-recovery,
https://hacecuentas.com/en/money/self-employed-rates-and-taxes,200,https://hacecuentas.com/en/money/self-employed-rates-and-taxes,true,https,,true,"max-image-preview:large, max-snippet:-1, max-video-preview:-1",Freelance Rate &amp; Side-Hustle Tax Calculator,47,true,"Work out the minimum hourly rate that actually pays your target income, how much self-employment, federal and state tax a side hustle owes, what to send…",153,true,Your rate has to pay for the work around the work.,1,true,2108,true,false,false,false,false,true,true,false,true,94,0,true,hubs-recovery,
https://hacecuentas.com/en/money/student-loans,200,https://hacecuentas.com/en/money/student-loans,true,https,,true,"max-image-preview:large, max-snippet:-1, max-video-preview:-1","Student loan payment, payoff and extra-payment calculator",57,true,"Compare a scheduled student-loan payment, total interest, an extra monthly payment and an income-based planning scenario in one place.",134,true,What will my student loan really cost to repay?,1,true,429,false,false,false,false,false,true,true,false,true,37,0,true,hubs,
https://hacecuentas.com/en/money/tax-residency,200,https://hacecuentas.com/en/money/tax-residency,true,https,,true,"max-image-preview:large, max-snippet:-1, max-video-preview:-1",Am I a tax resident? Day-count and foreign-income planning,58,true,"Organize current-year and prior-year days, test a weighted presence threshold and estimate the tax-rate difference on foreign income.",133,true,Am I a tax resident in the United States or abroad?,1,true,451,false,false,false,false,false,true,true,false,true,37,0,true,hubs,
https://hacecuentas.com/en/nfl-2026,200,https://hacecuentas.com/en/nfl-2026,true,https,,true,"max-image-preview:large, max-snippet:-1, max-video-preview:-1","NFL Schedule 2026: Games, Scores &amp; Standings",48,true,"Complete 2026 NFL schedule with weekly matchups, kickoff times, TV channels, final scores, AFC/NFC standings, international games and Super Bowl LXI.",149,true,2026 NFL schedule: EVERY WEEK. EVERY GAME. ONE SEASON.,1,true,1572,false,false,false,false,true,true,true,false,true,4,0,true,priority,
https://hacecuentas.com/en/pets,200,https://hacecuentas.com/en/pets,true,https,,true,"max-image-preview:large, max-snippet:-1, max-video-preview:-1","Pet Calculators — feeding portions, pet age, vaccines",53,true,"Portions, doses, ages and budgets for the animals in your house — in pounds, ounces, cups and dollars, from the current WSAVA, AAHA and AKC guidance.",149,true,Pets,1,false,337,true,false,false,false,false,true,true,false,false,38,0,true,hubs-recovery,
https://hacecuentas.com/en/pets/dog-lifestyle-and-costs,200,https://hacecuentas.com/en/pets/dog-lifestyle-and-costs,true,https,,true,"max-image-preview:large, max-snippet:-1, max-video-preview:-1","Dog Ownership Calculator — Walking Minutes, Apartment Fit",57,true,"How many minutes a day a breed actually needs walked, whether it works in an apartment with your schedule, how often it needs brushing in and out…",146,true,Match the dog to your ordinary week.,1,true,1936,true,false,false,false,false,true,true,false,true,89,0,true,hubs-recovery,
https://hacecuentas.com/en/pets/pet-age-and-life-stage,200,https://hacecuentas.com/en/pets/pet-age-and-life-stage,true,https,,true,"max-image-preview:large, max-snippet:-1, max-video-preview:-1","Pet Age Calculator — Cat, Dog and Rabbit Years, Spay Age",56,true,"Your cat, dog or rabbit in human years using the current AAFP and AVMA formulas, plus the life stage that follows from it, the right age to spay…",145,true,Translate age into the care that changes now.,1,true,1887,true,false,false,false,false,true,true,false,true,89,0,true,hubs-recovery,
https://hacecuentas.com/en/school,200,https://hacecuentas.com/en/school,true,https,,true,"max-image-preview:large, max-snippet:-1, max-video-preview:-1","School &amp; Learning Calculators — GPA, study time",51,true,"GPA and scholarship minimums, study time that survives a real week, and how long a language actually takes — the school and learning questions that come…",153,true,School Learning,1,true,461,false,false,false,false,false,true,true,false,false,39,0,true,hubs-recovery,
https://hacecuentas.com/en/school/gpa-and-grades,200,https://hacecuentas.com/en/school/gpa-and-grades,true,https,,true,"max-image-preview:large, max-snippet:-1, max-video-preview:-1","GPA Calculator: 4.0 Scale, Weighted vs Unweighted",49,true,"Work out your GPA on the 4.0 scale from credits and grade points, convert a percentage average, add the AP and honors weighting, and find the GPA you…",150,true,Know which grade can still move the outcome.,1,false,1838,true,false,false,false,false,true,true,false,true,91,0,true,hubs-recovery,
https://hacecuentas.com/en/school/learn-a-language,200,https://hacecuentas.com/en/school/learn-a-language,true,https,,true,"max-image-preview:large, max-snippet:-1, max-video-preview:-1","Language Learning Time Calculator: Hours to B2, CEFR Levels",59,true,"Work out how many hours a language takes to reach B2 or the next CEFR level, the daily minutes needed to hit a deadline, what your vocabulary size says…",152,true,Build contact with the language into the week.,1,true,1948,true,false,false,false,false,true,true,false,true,91,0,true,hubs,
https://hacecuentas.com/en/school/study-time-and-focus,200,https://hacecuentas.com/en/school/study-time-and-focus,true,https,,true,"max-image-preview:large, max-snippet:-1, max-video-preview:-1","Study Time Planner: Pomodoro Sessions, Reading Goals",52,true,"Plan your study time: how many Pomodoros fit in the hours you have, how many you can sustain in a day, the daily reading needed to hit a book goal, how…",152,true,Turn the syllabus into focused sessions.,1,true,1878,true,false,false,false,false,true,true,false,true,91,0,true,hubs,
https://hacecuentas.com/en/science,200,https://hacecuentas.com/en/science,true,https,,true,"max-image-preview:large, max-snippet:-1, max-video-preview:-1","Science Calculators — physics, chemistry and astronomy",54,true,"Physics, chemistry and astronomy worked out with the exact defined constants — standard gravity, the Planck constant, the speed of light, the gas…",146,true,Science,1,true,485,false,false,false,false,false,true,true,false,false,39,0,true,hubs-recovery,
https://hacecuentas.com/en/science/chemistry-and-thermodynamics,200,https://hacecuentas.com/en/science/chemistry-and-thermodynamics,true,https,,true,"max-image-preview:large, max-snippet:-1, max-video-preview:-1","Dilution, Moles, pH/pOH, Ideal Gas, Carnot and Entropy",54,true,"Six chemistry and thermodynamics problems in one page: C1V1 = C2V2 dilutions, moles from mass and molar mass, pOH to pH, PV = nRT for any unknown, Carnot…",154,true,"Balance what reacts, then trace where the energy goes.",1,false,1729,true,false,false,false,false,true,true,false,true,91,0,true,hubs-recovery,
https://hacecuentas.com/en/science/motion-and-forces,200,https://hacecuentas.com/en/science/motion-and-forces,true,https,,true,"max-image-preview:large, max-snippet:-1, max-video-preview:-1","Force, Energy and Motion Calculator",35,true,"Nine mechanics problems in one place: free-fall distance and impact speed, kinetic and potential energy, mechanical work at an angle, friction force…",149,true,"Connect force, mass and motion on the same diagram.",1,true,1829,true,false,false,false,false,true,true,false,true,91,0,true,hubs,
https://hacecuentas.com/en/science/waves-light-and-astronomy,200,https://hacecuentas.com/en/science/waves-light-and-astronomy,true,https,,true,"max-image-preview:large, max-snippet:-1, max-video-preview:-1","Doppler, Photon Energy, Parallax, Redshift and Half-Life",56,true,"How far, how fast and how much energy: Doppler shift of a passing siren, photon energy from wavelength, star distance from parallax, recession velocity…",152,true,Move from a wave on the screen to light across space.,1,false,1929,true,false,false,false,false,true,true,false,true,91,0,true,hubs,
https://hacecuentas.com/en/tech,200,https://hacecuentas.com/en/tech,true,https,,true,"max-image-preview:large, max-snippet:-1, max-video-preview:-1","Tech Calculators — PC builds, storage, networking, cloud",56,true,"PC builds and power supplies, storage and transfer times, networks and password strength, screen and print resolution, cloud and AI bills, batteries…",149,true,Tech,1,true,706,false,false,false,false,false,true,true,false,false,42,0,true,hubs-recovery,
https://hacecuentas.com/en/tech/batteries-and-electronics,200,https://hacecuentas.com/en/tech/batteries-and-electronics,true,https,,true,"max-image-preview:large, max-snippet:-1, max-video-preview:-1","Battery Runtime, DC Power Supply, Speaker Load, Servo",53,true,"How long a battery in amp-hours or milliamp-hours will run your load, what DC supply the circuit needs, whether a speaker wiring plan is safe…",142,true,Size the battery from the load and the losses.,1,true,2016,true,false,false,false,false,true,true,false,true,91,0,true,hubs,
https://hacecuentas.com/en/tech/cloud-and-ai-costs,200,https://hacecuentas.com/en/tech/cloud-and-ai-costs,true,https,,true,"max-image-preview:large, max-snippet:-1, max-video-preview:-1","Cloud Server, LLM Token, Midjourney, Database Pool",50,true,"What a cloud instance costs per month in dollars, what your LLM API bill comes to, which image-generation plan fits, how many database connections…",147,true,Model the bill before the usage graph surprises you.,1,false,1987,true,false,false,false,false,true,true,false,true,91,0,true,hubs,
https://hacecuentas.com/en/tech/network-and-security,200,https://hacecuentas.com/en/tech/network-and-security,true,https,,true,"max-image-preview:large, max-snippet:-1, max-video-preview:-1","Subnet, Cable, WiFi Channel, Ping, Core Web Vitals",50,true,"Work out how many hosts a CIDR prefix gives you, which Ethernet category covers your run, which WiFi channel to sit on, what ping your distance allows…",151,true,See which devices should never share the same room.,1,false,1937,true,false,false,false,false,true,true,false,true,91,0,true,hubs-recovery,
https://hacecuentas.com/en/tech/pc-build-and-power,200,https://hacecuentas.com/en/tech/pc-build-and-power,true,https,,true,"max-image-preview:large, max-snippet:-1, max-video-preview:-1","PC Build Budget, PSU Wattage, RAM, Overclock Temps and UPS",58,true,"What PC you need for a target frame rate, how many watts it pulls, what power supply that requires, how much RAM your workload wants, whether you have…",151,true,"A balanced PC, with enough power and no surprise connectors.",1,false,227,false,false,false,false,false,true,true,false,true,35,0,true,hubs,
https://hacecuentas.com/en/tech/screens-and-print-resolution,200,https://hacecuentas.com/en/tech/screens-and-print-resolution,true,https,,true,"max-image-preview:large, max-snippet:-1, max-video-preview:-1","Screen PPI, Print DPI and JPEG File Size Calculator",51,true,"Work out the pixel density of a screen and whether it counts as Retina, how many pixels you need to print sharply at a given size in inches, and how…",149,true,Know if it will look sharp before you display or print it.,1,true,204,false,false,false,false,false,true,true,false,true,35,0,true,hubs-recovery,
https://hacecuentas.com/en/tech/storage-and-file-size,200,https://hacecuentas.com/en/tech/storage-and-file-size,true,https,,true,"max-image-preview:large, max-snippet:-1, max-video-preview:-1","Data Size, RAID Capacity, Compression, Repo Size",48,true,"Convert bytes, KB, MB, GB and TB in binary or decimal, work out usable RAID capacity and what redundancy costs you, measure a compression ratio, estimate…",154,true,How much storage do your files really need?,1,false,207,false,false,false,false,false,true,true,false,true,35,0,true,hubs,
https://hacecuentas.com/enlazanos,200,https://hacecuentas.com/enlazanos,true,https,,true,"max-image-preview:large, max-snippet:-1, max-video-preview:-1",Enlazanos — Hacé Cuentas — calculadoras y guías,47,true,"Recomendá nuestros hubs temáticos y por país. Usá herramientas gratuitas, ejemplos claros y fuentes documentadas para entender el resultado y decidir mejor.",156,true,"Enlazá una puerta de entrada, no una cuenta aislada.",1,false,222,false,false,false,false,false,true,true,false,false,0,0,true,core,
https://hacecuentas.com/es,200,https://hacecuentas.com/es,true,https,,true,"max-image-preview:large, max-snippet:-1, max-video-preview:-1",Hacé Cuentas España — Calculadoras y guías,42,true,"Herramientas claras para tomar mejores decisiones en España. Usá herramientas gratuitas, ejemplos claros y fuentes documentadas para entender…",142,true,Tomá decisiones con todos los números delante.,1,false,643,false,false,true,false,false,true,true,false,false,0,0,true,hubs,
https://hacecuentas.com/es/automotor,200,https://hacecuentas.com/es/automotor,true,https,,true,"max-image-preview:large, max-snippet:-1, max-video-preview:-1",Coche en España — calculadoras y guías | Hacé Cuentas,53,true,"Comprar y mantener un coche en España: impuestos, ITV, seguro, etiqueta DGT y coste… Consultá coche en españa con datos, herramientas y fuentes para España.",156,true,Coche,1,true,343,false,false,false,false,false,true,true,false,false,48,0,true,hubs-recovery,
https://hacecuentas.com/es/automotor/comprar-coche,200,https://hacecuentas.com/es/automotor/comprar-coche,true,https,,true,"max-image-preview:large, max-snippet:-1, max-video-preview:-1","Qué coche comprar en España: eléctrico o gasolina, renting",58,true,"Compara el coste total de un coche eléctrico, diésel o gasolina en España, decide entre comprar, financiar o renting, y calcula el impuesto…",140,true,"Elegí el coche que encaja con tu vida, no con el anuncio.",1,true,258,false,false,false,false,true,true,true,false,true,45,0,true,hubs-recovery,
https://hacecuentas.com/es/automotor/costes-del-coche,200,https://hacecuentas.com/es/automotor/costes-del-coche,true,https,,true,"max-image-preview:large, max-snippet:-1, max-video-preview:-1",Cuánto cuesta tener coche en España,35,true,"Suma el coste anual real de tu coche en España: impuesto de circulación de tu municipio, ITV, seguro, ITP si lo compras de segunda mano y coste…",144,true,El coche tiene meses tranquilos y meses que duelen.,1,true,190,false,false,false,false,true,true,true,false,true,45,0,true,hubs-recovery,
https://hacecuentas.com/es/calculadoras,200,https://hacecuentas.com/es/calculadoras,true,https,,true,"max-image-preview:large, max-snippet:-1, max-video-preview:-1",Todas las calculadoras de España — 29 gratis | Hacé Cuentas,59,true,"Catálogo completo de 29 calculadoras online gratis para España: IRPF 2026, autónomos, hipoteca, finiquito, IBI, IVA, jubilación y más.",134,true,Calculadoras de España,1,true,388,false,false,false,false,false,true,true,false,false,26,0,true,core,
https://hacecuentas.com/es/datos-cuota-autonomos-2026,200,https://hacecuentas.com/es/datos-cuota-autonomos-2026,true,https,,true,"max-image-preview:large, max-snippet:-1, max-video-preview:-1",Cuota de autónomos 2026: tabla de tramos RETA en España,55,true,"Tabla oficial de la cuota de autónomos 2026 en España: los 15 tramos del RETA por rendimiento neto, de 200 €/mes a 500 €/mes. Datos Seguridad Social y BOE.",155,true,Cuota de autónomos 2026 en España: tabla por tramos (RETA),1,true,835,false,false,true,false,true,true,true,false,true,9,0,true,core,
https://hacecuentas.com/es/educacion,200,https://hacecuentas.com/es/educacion,true,https,,true,"max-image-preview:large, max-snippet:-1, max-video-preview:-1",Educación en España — calculadoras y guías | Hacé Cuentas,57,true,"Cuánto cuesta estudiar en España y qué nota necesitas: grados, FP, másteres… Consultá educación en españa con datos, herramientas y fuentes para España.",152,true,Educación,1,true,360,false,false,false,false,false,true,true,false,false,48,0,true,hubs-recovery,
https://hacecuentas.com/es/educacion/cuanto-cuesta-estudiar,200,https://hacecuentas.com/es/educacion/cuanto-cuesta-estudiar,true,https,,true,"max-image-preview:large, max-snippet:-1, max-video-preview:-1","Cuánto cuesta estudiar en España: grado, FP, máster y becas",59,true,"Calcula el coste real de una carrera, una FP o un máster en España, en pública y en privada, y cuánto te descuenta la beca MEC o la ayuda Erasmus…",146,true,¿Máster oficial o título propio? Compará antes.,1,true,1885,false,false,true,true,false,true,true,false,true,95,0,true,hubs,
https://hacecuentas.com/es/educacion/nota-de-admision,200,https://hacecuentas.com/es/educacion/nota-de-admision,true,https,,true,"max-image-preview:large, max-snippet:-1, max-video-preview:-1",Nota de admisión y nota media en España,39,true,"Calcula tu nota de admisión a la universidad con las ponderaciones de la EvAU sobre 14 puntos, y la nota media de tu expediente universitario ponderada…",152,true,Construí tu nota sobre 14 y mira qué te falta.,1,true,225,true,false,false,false,true,true,true,false,true,45,0,true,hubs-recovery,
https://hacecuentas.com/es/familia,200,https://hacecuentas.com/es/familia,true,https,,true,"max-image-preview:large, max-snippet:-1, max-video-preview:-1",Familia en España — calculadoras y guías | Hacé Cuentas,55,true,"Permisos, deducciones por hijos, becas y ayudas por renta en España, con los umbrales del IPREM y las cuantías vigentes.",120,true,Familia,1,true,359,false,false,false,false,false,true,true,false,false,48,0,true,hubs-recovery,
https://hacecuentas.com/es/familia/ayudas-por-renta,200,https://hacecuentas.com/es/familia/ayudas-por-renta,true,https,,true,"max-image-preview:large, max-snippet:-1, max-video-preview:-1","Ayudas por renta en España: IPREM, IMV, bono social y bono",58,true,"Comprueba a cuántas veces el IPREM equivalen tus ingresos y qué ayudas se abren con ese número: ingreso mínimo vital, bono social eléctrico y bono…",147,true,Contanos cómo es tu hogar. Te mostramos qué ayudas revisar.,1,true,259,false,false,false,false,true,true,true,false,true,45,0,true,hubs-recovery,
https://hacecuentas.com/es/familia/tener-un-hijo,200,https://hacecuentas.com/es/familia/tener-un-hijo,true,https,,true,"max-image-preview:large, max-snippet:-1, max-video-preview:-1","Tener un hijo en España: permiso, guardería, deducciones",56,true,"Calcula lo que cuesta cada etapa de un hijo en España y lo que recuperas: permiso por nacimiento, deducción por maternidad, cheque guardería, beca…",147,true,"El primer año, ordenado mes a mes.",1,false,204,false,false,false,false,true,true,true,false,true,45,0,true,hubs-recovery,
https://hacecuentas.com/es/finanzas,200,https://hacecuentas.com/es/finanzas,true,https,,true,"max-image-preview:large, max-snippet:-1, max-video-preview:-1",Finanzas en España — calculadoras y guías | Hacé Cuentas,56,true,"Dónde poner los ahorros y cuánto cuesta de verdad una deuda en España: Letras del Tesoro, cuentas remuneradas, planes de pensiones y préstamos.",143,true,Finanzas,1,true,328,false,false,false,false,false,true,true,false,false,48,0,true,hubs-recovery,
https://hacecuentas.com/es/finanzas/deudas-y-prestamos,200,https://hacecuentas.com/es/finanzas/deudas-y-prestamos,true,https,,true,"max-image-preview:large, max-snippet:-1, max-video-preview:-1","Préstamos y deudas en España: TAE frente a TIN, revolving",57,true,"Calcula lo que cuesta de verdad un préstamo personal en España, cuánto se paga con una tarjeta revolving y si compensa reunificar deudas en una sola cuota.",155,true,Tu cuota necesita una fecha de salida.,1,false,196,false,false,false,false,true,true,true,false,true,45,0,true,hubs-recovery,
https://hacecuentas.com/es/finanzas/donde-pongo-mis-ahorros,200,https://hacecuentas.com/es/finanzas/donde-pongo-mis-ahorros,true,https,,true,"max-image-preview:large, max-snippet:-1, max-video-preview:-1","Dónde poner los ahorros en España: Letras, cuentas, planes",58,true,"Compara dónde poner tus ahorros en España: fondo de emergencia, cuenta remunerada, Letras del Tesoro, bonos del Estado, plan de pensiones, PIAS y renta…",152,true,Cada euro necesita un trabajo y una fecha.,1,false,233,false,false,false,false,true,true,true,false,true,45,0,true,hubs,
https://hacecuentas.com/es/futbol-espanol-hoy,200,https://hacecuentas.com/es/futbol-espanol-hoy,true,https,,true,"max-image-preview:large, max-snippet:-1, max-video-preview:-1","Fútbol español hoy: partidos, resultados y tablas",49,true,"Partidos de hoy, resultados, próximos encuentros, horarios locales y tablas actualizadas del fútbol español, con resultados recientes y agenda…",143,true,"Fútbol español, hoy",1,true,872,false,false,false,false,true,true,true,false,true,15,0,true,priority,
https://hacecuentas.com/es/impuestos,200,https://hacecuentas.com/es/impuestos,true,https,,true,"max-image-preview:large, max-snippet:-1, max-video-preview:-1",Impuestos en España — calculadoras y guías | Hacé Cuentas,57,true,"IRPF, IVA, ITP, plusvalía y modelos de la Agencia Tributaria, resueltos con la escala vigente y la comunidad autónoma que te toca.",130,true,Impuestos,1,true,487,false,false,false,false,false,true,true,false,false,49,0,true,hubs-recovery,
https://hacecuentas.com/es/impuestos/ahorro-e-inversiones,200,https://hacecuentas.com/es/impuestos/ahorro-e-inversiones,true,https,,true,"max-image-preview:large, max-snippet:-1, max-video-preview:-1","Impuestos del ahorro en España: acciones, fondos, dividendos",60,true,"Calcula lo que se lleva Hacienda de tus inversiones: escala del ahorro para ganancias por vender acciones o fondos, intereses y dividendos, gravamen…",149,true,Seguimos el dinero desde la ganancia hasta tu bolsillo.,1,false,194,false,false,false,false,true,true,true,false,true,45,0,true,hubs,
https://hacecuentas.com/es/impuestos/autonomos,200,https://hacecuentas.com/es/impuestos/autonomos,true,https,,true,"max-image-preview:large, max-snippet:-1, max-video-preview:-1","Impuestos de autónomo en España: cuota, modelo 130, IVA",55,true,"Calcula lo que te queda como autónomo: cuota del RETA según tu rendimiento neto, retención del 15% o del 7% en factura, pago fraccionado del modelo 130…",152,true,Desarmá la factura antes de gastar lo que no es tuyo.,1,false,207,false,false,false,false,true,true,true,false,true,45,0,true,hubs,
https://hacecuentas.com/es/impuestos/irpf-nomina,200,https://hacecuentas.com/es/impuestos/irpf-nomina,true,https,,true,"max-image-preview:large, max-snippet:-1, max-video-preview:-1","Cálculo IRPF 2026: cuánto te retienen en la nómina, España",58,true,"Cálculo de la retención de IRPF 2026 de tu nómina con el algoritmo de la AEAT, la escala autonómica de tu comunidad y tu situación familiar, en España.",151,true,"Lee tu nómina como un recibo, no como una caja negra.",1,true,190,false,false,false,false,true,true,true,false,true,45,0,true,hubs,
https://hacecuentas.com/es/trabajo,200,https://hacecuentas.com/es/trabajo,true,https,,true,"max-image-preview:large, max-snippet:-1, max-video-preview:-1",Trabajo en España — calculadoras y guías | Hacé Cuentas,55,true,"Nómina, convenios, despido, paro, bajas y pensiones en España, con el Estatuto de los Trabajadores y las bases de la Seguridad Social.",134,true,Trabajo,1,true,551,false,false,false,false,false,true,true,false,false,50,0,true,hubs-recovery,
https://hacecuentas.com/es/trabajo/jubilacion,200,https://hacecuentas.com/es/trabajo/jubilacion,true,https,,true,"max-image-preview:large, max-snippet:-1, max-video-preview:-1",Jubilación en España: cuándo puedes jubilarte y con qué,55,true,"Calcula tu pensión de jubilación según años cotizados y base reguladora, lo que te quita jubilarte antes, la revalorización con el IPC y la pensión…",148,true,"Tu jubilación es un camino con hitos, no una edad suelta.",1,true,189,false,false,false,false,true,true,true,false,true,45,0,true,hubs,
https://hacecuentas.com/es/trabajo/mi-nomina,200,https://hacecuentas.com/es/trabajo/mi-nomina,true,https,,true,"max-image-preview:large, max-snippet:-1, max-video-preview:-1","Calculadora de nómina España 2026: neto, convenio y pagas",57,true,"Calcula tu nómina en España 2026: sueldo del convenio de hostelería y comercio por categoría, hora extra, pagas extra prorrateadas y coste de empresa.",150,true,Marcá cada línea y descubrí qué no cuadra.,1,false,204,false,false,false,false,true,true,true,false,true,45,0,true,hubs,
https://hacecuentas.com/es/trabajo/no-puedo-trabajar,200,https://hacecuentas.com/es/trabajo/no-puedo-trabajar,true,https,,true,"max-image-preview:large, max-snippet:-1, max-video-preview:-1","Baja, incapacidad y dependencia en España: cuánto se cobra",58,true,"Calcula lo que cobras si no puedes trabajar: baja por enfermedad común o accidente laboral, incapacidad permanente total y absoluta, pensión…",141,true,La baja cambia de pagador y porcentaje con los días.,1,true,178,false,false,false,false,true,true,true,false,true,45,0,true,hubs,
https://hacecuentas.com/es/trabajo/perder-el-trabajo,200,https://hacecuentas.com/es/trabajo/perder-el-trabajo,true,https,,true,"max-image-preview:large, max-snippet:-1, max-video-preview:-1","Me quedo sin trabajo en España: finiquito, indemnización",56,true,"Calcula qué te corresponde al salir de la empresa: finiquito, indemnización de 33 o 20 días por año, prestación por desempleo con sus topes y subsidio…",151,true,Tu salida tiene tres cuentas distintas.,1,false,247,false,false,false,false,true,true,true,false,true,45,0,true,hubs-recovery,
https://hacecuentas.com/es/vida,200,https://hacecuentas.com/es/vida,true,https,,true,"max-image-preview:large, max-snippet:-1, max-video-preview:-1",Vida en España — calculadoras y guías | Hacé Cuentas,52,true,"Lo que cuesta el día a día en España: recibos del hogar, suministros, comunidad, cesta de la compra y coste de vida por comunidad.",130,true,Vida,1,true,389,true,false,false,false,false,true,true,false,false,48,0,true,hubs-recovery,
https://hacecuentas.com/es/vida/comida-cuentas-y-tiempo-con-amigos,200,https://hacecuentas.com/es/vida/comida-cuentas-y-tiempo-con-amigos,true,https,,true,"max-image-preview:large, max-snippet:-1, max-video-preview:-1","Dividir gastos, propinas y barbacoa por persona en España",57,true,"Calculadoras para el plan con amigos en España: dividir gastos, propinas, carne para la barbacoa y bebidas por persona, y tazas a gramos para la receta.",152,true,Armá el plan alrededor de la mesa.,1,false,199,false,false,false,false,true,true,true,false,true,45,0,true,hubs,
https://hacecuentas.com/es/vida/gastos-de-la-casa,200,https://hacecuentas.com/es/vida/gastos-de-la-casa,true,https,,true,"max-image-preview:large, max-snippet:-1, max-video-preview:-1","Gastos de la casa en España: IBI, basura, comunidad, luz",56,true,"Suma lo que cuesta mantener tu casa cada mes en España: IBI y tasa de basura de tu municipio, cuota de comunidad, aire acondicionado, fibra y móvil…",148,true,"Tu casa, vista como un presupuesto vivo.",1,true,276,false,false,false,false,true,true,true,false,true,45,0,true,hubs,
https://hacecuentas.com/es/vivienda,200,https://hacecuentas.com/es/vivienda,true,https,,true,"max-image-preview:large, max-snippet:-1, max-video-preview:-1",Vivienda en España — calculadoras y guías | Hacé Cuentas,56,true,"Calculá impuestos y costes para comprar, vender, alquilar, hipotecar o reformar una vivienda en España con guías y fuentes oficiales.",133,true,Vivienda,1,true,519,false,false,false,false,false,true,true,false,false,50,0,true,hubs-recovery,
https://hacecuentas.com/es/vivienda/alquilar-piso,200,https://hacecuentas.com/es/vivienda/alquilar-piso,true,https,,true,"max-image-preview:large, max-snippet:-1, max-video-preview:-1","Alquilar un piso en España: fianza, rentabilidad e IRPF",55,true,"Calcula lo que cuesta entrar a un alquiler en España y lo que renta ponerlo: fianza y garantías de la LAU, rentabilidad bruta y neta, IRPF del arrendador…",154,true,La llave cuesta más que el primer alquiler.,1,false,195,false,false,false,false,true,true,true,false,true,45,0,true,hubs-recovery,
https://hacecuentas.com/es/vivienda/comprar-o-vender-piso,200,https://hacecuentas.com/es/vivienda/comprar-o-vender-piso,true,https,,true,"max-image-preview:large, max-snippet:-1, max-video-preview:-1","Comprar o vender piso en España: ITP, AJD, plusvalía",52,true,"Calcula los impuestos de comprar o vender vivienda en España: ITP por comunidad, IVA y AJD en obra nueva, plusvalía municipal por los dos métodos…",146,true,"Sentá a comprador, vendedor e impuestos en la misma mesa.",1,false,206,false,false,false,false,true,true,true,false,true,45,0,true,hubs,
https://hacecuentas.com/es/vivienda/hipoteca,200,https://hacecuentas.com/es/vivienda/hipoteca,true,https,,true,"max-image-preview:large, max-snippet:-1, max-video-preview:-1",Hipoteca en España: cuota con Euríbor y si conviene,51,true,"Calcula la cuota de tu hipoteca fija o variable con el Euríbor, cómo cambia en la revisión y cuánto ahorras amortizando: reduciendo cuota o reduciendo…",151,true,"Mira cómo cambia la deuda, no sólo la próxima cuota.",1,true,185,false,false,false,false,true,true,true,false,true,45,0,true,hubs-recovery,
https://hacecuentas.com/es/vivienda/reforma-y-eficiencia,200,https://hacecuentas.com/es/vivienda/reforma-y-eficiencia,true,https,,true,"max-image-preview:large, max-snippet:-1, max-video-preview:-1","Reformar o construir en España: precio por m², aerotermia",57,true,"Calcula lo que cuesta reformar un piso o construir una casa por metro cuadrado en España, y si compensa instalar aerotermia o autoconsumo solar…",144,true,"Presupuestá la obra sobre el plano, ambiente por ambiente.",1,false,185,false,false,false,false,true,true,true,false,true,45,0,true,hubs-recovery,
https://hacecuentas.com/estudio,200,https://hacecuentas.com/estudio,true,https,,true,"max-image-preview:large, max-snippet:-1, max-video-preview:-1","Calculadoras para estudiar: notas, promedios y planificación",60,true,"Calculá notas, promedios, asistencia, tiempos de lectura y planes de estudio con procedimientos claros y ejemplos resueltos.",124,true,Tu carrera no es solo lo que falta. También es todo lo que hiciste.,1,false,1240,false,false,false,true,false,true,true,true,false,113,0,true,hubs,
https://hacecuentas.com/estudio/aprender-un-idioma,200,https://hacecuentas.com/estudio/aprender-un-idioma,true,https,,true,"max-image-preview:large, max-snippet:-1, max-video-preview:-1",¿Cuánto tardo en aprender un idioma?,36,true,"Calculá cuántas horas y meses te faltan para llegar a A2, B1, B2, C1 o C2 en el idioma que estudiás, qué tan lejos está del español según el FSI…",145,true,Un idioma entra en tu semana antes que en tu cabeza.,1,true,2093,false,false,true,true,false,true,true,false,true,104,0,true,hubs,
https://hacecuentas.com/estudio/contador-de-palabras,200,https://hacecuentas.com/estudio/contador-de-palabras,true,https,,true,"max-image-preview:large, max-snippet:-1, max-video-preview:-1",Contador de palabras y caracteres gratis: texto y páginas,57,true,"Contá palabras, caracteres, párrafos y páginas gratis. Pegá tu texto, medí cuánto te falta para el objetivo y calculá el tiempo de lectura.",139,true,Contá palabras mientras escribís,1,true,1901,true,false,true,true,false,true,true,false,true,104,0,true,hubs,
https://hacecuentas.com/estudio/cuanto-cuesta-estudiar,200,https://hacecuentas.com/estudio/cuanto-cuesta-estudiar,true,https,,true,"max-image-preview:large, max-snippet:-1, max-video-preview:-1","¿Cuánto cuesta estudiar? — Carrera privada, colegio, apuntes",60,true,"Calculá lo que sale estudiar de verdad: la carrera privada completa con el aumento anual, el costo total con apuntes y transporte, la cuota…",140,true,La cuota no es todo lo que cuesta una carrera,1,true,1920,false,false,true,true,false,true,true,false,true,104,0,true,hubs,
https://hacecuentas.com/estudio/cuanto-falta-para-recibirme,200,https://hacecuentas.com/estudio/cuanto-falta-para-recibirme,true,https,,true,"max-image-preview:large, max-snippet:-1, max-video-preview:-1","¿Cuánto me falta para recibirme? — Materias, cuatrimestres",58,true,"Calculá cuántas materias te faltan y el porcentaje de la carrera que llevás, en cuántos cuatrimestres terminás según tu ritmo, cuánto vas a tardar…",147,true,¿Cuánto te falta para recibirte?,1,true,2087,true,false,true,true,false,true,true,false,true,104,0,true,hubs,
https://hacecuentas.com/estudio/examenes-de-idioma,200,https://hacecuentas.com/estudio/examenes-de-idioma,true,https,,true,"max-image-preview:large, max-snippet:-1, max-video-preview:-1","¿Qué puntaje necesito en TOEFL, IELTS o Cambridge?",50,true,"Pasá tu puntaje de TOEFL iBT, IELTS o Cambridge a nivel MCER y a los otros exámenes, mirá qué band te pide tu objetivo y cuánto te falta, calculá…",146,true,Traducí tu examen a un plan semanal.,1,false,1953,true,false,true,true,false,true,true,false,true,104,0,true,hubs,
https://hacecuentas.com/estudio/nota-necesaria-para-aprobar,200,https://hacecuentas.com/estudio/nota-necesaria-para-aprobar,true,https,,true,"max-image-preview:large, max-snippet:-1, max-video-preview:-1","¿Qué nota necesito para aprobar? — Final, recuperatorio",55,true,"Calculá qué nota necesitás en el final, en el recuperatorio o en el parcial que te falta para aprobar la materia, promocionar sin final o no quedar libre.",154,true,"La nota que necesitás, antes de rendir.",1,true,1851,true,false,true,true,false,true,true,false,true,105,0,true,hubs,
https://hacecuentas.com/estudio/plan-de-estudio,200,https://hacecuentas.com/estudio/plan-de-estudio,true,https,,true,"max-image-preview:large, max-snippet:-1, max-video-preview:-1",¿Cómo organizo el estudio para el examen?,41,true,"Armá tu calendario de repaso espaciado antes del examen, calculá cuánto vas a olvidar sin repasar, cuántas flashcards o tarjetas de Anki por día…",145,true,Un plan que entra en tus días y llega antes del examen,1,true,2435,false,false,true,true,false,true,true,false,true,104,0,true,hubs,
https://hacecuentas.com/estudio/promedio,200,https://hacecuentas.com/estudio/promedio,true,https,,true,"max-image-preview:large, max-snippet:-1, max-video-preview:-1","¿Cuál es mi promedio? — Notas, ponderado, faltas, GPA y beca",60,true,"Calculá tu promedio de notas simple o ponderado por créditos, la nota final de la materia, cuántas faltas te quedan, tu equivalencia en GPA 4.0 y si…",149,true,No es sólo cuánto te da. Es qué necesitás lograr.,1,false,2072,true,false,true,true,false,true,true,false,true,104,0,true,hubs,
https://hacecuentas.com/euro-hoy,200,https://hacecuentas.com/euro-hoy,true,https,,true,"max-image-preview:large, max-snippet:-1, max-video-preview:-1","Euro hoy en Argentina EN VIVO: oficial, blue y tarjeta",54,true,"Cotización del euro hoy en Argentina, en vivo: oficial $1.722, blue $1.679 y tarjeta $2.239. Con conversor euro ⇄ pesos y brecha. Se actualiza solo.",148,true,Euro hoy en Argentina — en vivo 💶,1,true,593,true,false,true,false,false,true,true,false,true,14,0,true,priority,
https://hacecuentas.com/eventos,200,https://hacecuentas.com/eventos,true,https,,true,"max-image-preview:large, max-snippet:-1, max-video-preview:-1","Calculadoras para eventos: comida, bebida y presupuesto",55,true,"Calculá comida, bebida, torta, hielo, mesas y presupuesto para cumpleaños, fiestas, casamientos y reuniones según invitados.",124,true,Que alcance para todos. Y no sobre una fiesta entera.,1,false,1174,false,false,false,true,false,true,true,true,false,112,0,true,hubs-recovery,
https://hacecuentas.com/eventos/asado,200,https://hacecuentas.com/eventos/asado,true,https,,true,"max-image-preview:large, max-snippet:-1, max-video-preview:-1",¿Cuánta carne compro para el asado? Kilos por corte,51,true,"Cuántos kilos de carne comprar para el asado según los invitados: tira, vacío, pollo, chorizos, morcillas y achuras, con la lista para la carnicería.",149,true,Que alcance para todos sin comprar de más.,1,false,1620,false,false,true,true,false,true,true,false,true,104,0,true,hubs,
https://hacecuentas.com/eventos/bebidas,200,https://hacecuentas.com/eventos/bebidas,true,https,,true,"max-image-preview:large, max-snippet:-1, max-video-preview:-1",¿Cuánta bebida compro para la fiesta? Calculadora 2026,54,true,"Calculá cuánta cerveza, vino, fernet, gaseosa, agua y hielo comprar para tu fiesta, y sobre todo cuántas botellas, latas y packs.",129,true,Que alcance para brindar. No para llenar la despensa.,1,false,2265,true,false,true,true,false,true,true,false,true,107,0,true,hubs,
https://hacecuentas.com/eventos/casamiento,200,https://hacecuentas.com/eventos/casamiento,true,https,,true,"max-image-preview:large, max-snippet:-1, max-video-preview:-1","¿Cuánto cuesta casarse? Anillo, fiesta, por invitado",52,true,"Cuánto sale casarse en Argentina: el anillo de compromiso, el presupuesto total de la fiesta, el costo real por invitado, cuánto regalar si sos invitado…",153,true,Organizá el casamiento sin perder de vista el total,1,false,2338,false,false,true,true,false,true,true,false,true,104,0,true,hubs-recovery,
https://hacecuentas.com/eventos/comida,200,https://hacecuentas.com/eventos/comida,true,https,,true,"max-image-preview:large, max-snippet:-1, max-video-preview:-1",¿Cuánta comida compro para la fiesta? Calculadora,49,true,"Cuánta pizza, sushi, picada, canapés, sándwiches de miga, torta y helado comprar para tu evento, repartido entre los invitados para no comprar de más.",150,true,¿Cuánta comida necesitás para tu evento?,1,true,2372,true,false,true,true,false,true,true,false,true,104,0,true,hubs,
https://hacecuentas.com/eventos/empanadas-y-guarniciones,200,https://hacecuentas.com/eventos/empanadas-y-guarniciones,true,https,,true,"max-image-preview:large, max-snippet:-1, max-video-preview:-1","Empanadas, carbón y guarniciones: ¿cuánto preparo",49,true,"Cuántas empanadas por persona, cuánta harina y relleno lleva la masa, cuánta ensalada y pan calcular y cuánto carbón comprar para el asado.",139,true,Que sobren algunas. No cinco docenas.,1,false,2130,false,false,true,true,false,true,true,false,true,104,0,true,hubs,
https://hacecuentas.com/eventos/logistica,200,https://hacecuentas.com/eventos/logistica,true,https,,true,"max-image-preview:large, max-snippet:-1, max-video-preview:-1","Logística de eventos: mesas, sillas, meseros y playlist",55,true,"Calculá mesas, sillas, mozos, vajilla, cotillón… Encontrá herramientas, ejemplos y fuentes para resolver cuántas mesas, sillas y meseros necesito…",146,true,"Todo lo que tiene que pasar, en el orden correcto.",1,false,2042,false,false,true,true,false,true,true,false,true,104,0,true,hubs,
https://hacecuentas.com/eventos/presupuesto,200,https://hacecuentas.com/eventos/presupuesto,true,https,,true,"max-image-preview:large, max-snippet:-1, max-video-preview:-1",¿Cuánto sale la fiesta? Calculadora de presupuesto,50,true,"Armá el presupuesto de un cumpleaños, fiesta de 15, graduación o despedida y calculá el costo total y por invitado por rubro.",125,true,Decidí dónde gastar antes de pedir presupuestos.,1,false,2086,true,false,true,true,false,true,true,false,true,104,0,true,hubs-recovery,
https://hacecuentas.com/eventos/tragos,200,https://hacecuentas.com/eventos/tragos,true,https,,true,"max-image-preview:large, max-snippet:-1, max-video-preview:-1",Tragos para muchos: proporciones e ingredientes por persona,59,true,"Cuánto ron, gin, aperol o pisco va por trago y cuánto sale en total para la cantidad de gente que sos, con las botellas, las limas, el hielo y el jarabe.",153,true,"Calculá la barra en botellas, hielo y mezcladores",1,false,1910,false,false,true,true,false,true,true,false,true,104,0,true,hubs,
https://hacecuentas.com/familia,200,https://hacecuentas.com/familia,true,https,,true,"max-image-preview:large, max-snippet:-1, max-video-preview:-1","Calculadoras para la familia: presupuesto, hijos",48,true,"Organizá presupuesto familiar, gastos de hijos, celebraciones y decisiones cotidianas con cálculos explicados y escenarios comparables.",135,true,Organizar la familia también es cuidar.,1,true,1199,true,false,false,true,false,true,true,true,false,108,0,true,hubs,
https://hacecuentas.com/familia/asignaciones-anses,200,https://hacecuentas.com/familia/asignaciones-anses,true,https,,true,"max-image-preview:large, max-snippet:-1, max-video-preview:-1",AUH y asignaciones familiares: ¿cuánto cobro?,45,true,"Cuánto paga ANSES por hijo según tu situación: AUH si no tenés trabajo registrado, asignación familiar por tramo de ingreso si estás en blanco, el 20%…",151,true,Entendé qué te corresponde y qué te retienen.,1,false,2232,true,false,true,true,false,true,true,false,true,105,0,true,hubs-recovery,
https://hacecuentas.com/familia/costo-de-un-bebe,200,https://hacecuentas.com/familia/costo-de-un-bebe,true,https,,true,"max-image-preview:large, max-snippet:-1, max-video-preview:-1","¿Cuánto cuesta un bebé por mes? Pañales, leche de fórmula",57,true,"Presupuesto mensual de un bebé en Argentina: cuántos pañales por día según la edad y cuánto salen, latas de fórmula por mes, y la cuota del jardín…",147,true,Prepará el bolsillo sin comprar todo de golpe.,1,false,1741,true,false,true,true,false,true,true,false,true,105,0,true,hubs-recovery,
https://hacecuentas.com/familia/cuota-alimentaria,200,https://hacecuentas.com/familia/cuota-alimentaria,true,https,,true,"max-image-preview:large, max-snippet:-1, max-video-preview:-1",¿Cuánto es la cuota alimentaria? — Estimación 2026,50,true,"Estimá la cuota alimentaria según tu caso: un hijo, dos o más, alimentante monotributista o informal, o una cuota con sentencia que quedó desactualizada.",153,true,No hay un porcentaje único. Hay una cuenta que tiene que poder explicarse.,1,false,2238,true,false,true,true,false,true,true,false,true,105,0,true,hubs,
https://hacecuentas.com/familia/fallecimiento-y-tramites,200,https://hacecuentas.com/familia/fallecimiento-y-tramites,true,https,,true,"max-image-preview:large, max-snippet:-1, max-video-preview:-1","Falleció un familiar: pensión, sucesión, deudas y trámites",58,true,"Checklist económico tras un fallecimiento: pensión, sucesión, herencia, cuentas, seguros, servicios, deudas y documentación.",124,true,"Falleció un familiar: ¿qué hay que cobrar, pagar y tramitar?",1,true,570,false,false,true,true,false,true,true,false,true,56,0,true,core,
https://hacecuentas.com/familia/herencia,200,https://hacecuentas.com/familia/herencia,true,https,,true,"max-image-preview:large, max-snippet:-1, max-video-preview:-1",¿Cuánto me toca de la herencia y cuánto cuesta la sucesión?,59,true,"Calculá la legítima que protege el Código Civil y Comercial (2/3 para los hijos, 1/2 para el cónyuge o los padres), cuánto le queda a cada heredero…",148,true,Primero separá los bienes. Después mirá quién hereda.,1,false,1901,true,false,true,true,true,true,true,false,true,105,0,true,hubs,
https://hacecuentas.com/familia/tener-un-hijo,200,https://hacecuentas.com/familia/tener-un-hijo,true,https,,true,"max-image-preview:large, max-snippet:-1, max-video-preview:-1","Voy a tener un hijo: licencias, asignaciones, gastos",52,true,"Recorrido desde el embarazo hasta el nacimiento: licencias, Prenatal, Maternidad, nacimiento, AUH o SUAF, presupuesto y trámites.",129,true,Voy a tener un hijo: ¿qué cobro y qué tengo que hacer?,1,true,571,false,false,true,true,false,true,true,false,true,56,0,true,core,
https://hacecuentas.com/fechas,200,https://hacecuentas.com/fechas,true,https,,true,"max-image-preview:large, max-snippet:-1, max-video-preview:-1","Calculadoras de fechas, días hábiles y vencimientos",51,true,"Calculá días entre fechas, días hábiles, edades, aniversarios, vencimientos y cuánto falta para una fecha con calendarios actualizados.",135,true,"Días, meses y años. Sin perderse en el calendario.",1,true,1160,false,false,false,true,false,true,true,true,false,109,0,true,hubs-recovery,
https://hacecuentas.com/fechas/cuenta-regresiva,200,https://hacecuentas.com/fechas/cuenta-regresiva,true,https,,true,"max-image-preview:large, max-snippet:-1, max-video-preview:-1","¿Cuánto falta para…? Cuenta regresiva en días, horas",52,true,"Cuánto falta para la fecha que quieras, para Navidad y fin de año, para el próximo feriado en Argentina y para las fechas que se mueven cada año…",145,true,¿Cuánto falta para ese momento?,1,true,1864,true,false,true,true,false,true,true,false,true,104,0,true,hubs,
https://hacecuentas.com/fechas/dias-entre-fechas,200,https://hacecuentas.com/fechas/dias-entre-fechas,true,https,,true,"max-image-preview:large, max-snippet:-1, max-video-preview:-1","¿Cuántos días hay entre dos fechas? Corridos, hábiles",53,true,"Calculá cuántos días, semanas y horas hay entre dos fechas: días corridos, hábiles reales descontando fines de semana y feriados argentinos 2026…",145,true,Calcular días entre dos fechas,1,true,1005,false,false,false,true,true,true,true,true,true,108,0,true,hubs,
https://hacecuentas.com/fechas/edad-exacta,200,https://hacecuentas.com/fechas/edad-exacta,true,https,,true,"max-image-preview:large, max-snippet:-1, max-video-preview:-1","¿Qué edad tengo exactamente? Años, meses, días, semanas",55,true,"Tu edad exacta al día: años, meses y días cumplidos… Encontrá herramientas, ejemplos y fuentes para resolver qué edad tengo exactamente?",136,true,Tu edad es más que los años que cumpliste.,1,true,1703,true,false,true,true,false,true,true,false,true,105,0,true,hubs,
https://hacecuentas.com/fechas/feriados,200,https://hacecuentas.com/fechas/feriados,true,https,,true,"max-image-preview:large, max-snippet:-1, max-video-preview:-1","¿Cuándo es el próximo feriado? Calendario, findes largos",56,true,"El próximo feriado en Argentina y cuántos días faltan, cuántos feriados quedan en el año, qué fines de semana largos vienen y cuántos días hábiles te…",150,true,"El próximo descanso, a la vista.",1,true,1070,false,false,false,true,false,true,true,true,false,105,0,true,hubs-recovery,
https://hacecuentas.com/fechas/generaciones,200,https://hacecuentas.com/fechas/generaciones,true,https,,true,"max-image-preview:large, max-snippet:-1, max-video-preview:-1",Generaciones por edad 2026: ¿de qué generación soy?,51,true,"Descubrí a qué generación pertenecés según tu año de nacimiento. Tabla de generaciones por edad: Baby Boomer, X, Millennial, Z, Alpha y Beta.",141,true,¿De qué generación soy según mi año de nacimiento?,1,true,834,false,false,true,false,true,true,true,false,true,52,0,true,hubs,
https://hacecuentas.com/feriados-2026,200,https://hacecuentas.com/feriados-2026,true,https,,true,"max-image-preview:large, max-snippet:-1, max-video-preview:-1",Feriados 2026 por país: calendario oficial de LATAM,51,true,"Feriados 2026 de México, Colombia, Chile, Perú y Ecuador en una sola tabla: cuántos días no laborables tiene cada país y el calendario oficial completo.",152,true,Feriados 2026 por país,1,true,342,false,false,true,false,false,true,true,false,true,10,0,true,priority,
https://hacecuentas.com/feriados-chile-2026,200,https://hacecuentas.com/feriados-chile-2026,true,https,,true,"max-image-preview:large, max-snippet:-1, max-video-preview:-1",Feriados Chile 2026: calendario e irrenunciables,48,true,"Consultá los 16 feriados de Chile 2026: próximo feriado, fechas, irrenunciables, fines de semana largos y puentes del calendario oficial.",137,true,Calendario Chile 2026 : 16 feriados,1,true,2121,true,false,true,true,true,true,true,false,true,17,13,true,priority,
https://hacecuentas.com/feriados-colombia-2026,200,https://hacecuentas.com/feriados-colombia-2026,true,https,,true,"max-image-preview:large, max-snippet:-1, max-video-preview:-1",Calendario Colombia 2026: 18 festivos y puentes,47,true,"Calendario Colombia 2026: los 18 festivos en Colombia 2026 con fechas observadas, lunes festivos, puentes que quedan y aplicación de la Ley Emiliani.",149,true,Calendario Colombia 2026: 18 festivos y puentes,1,true,843,false,false,true,false,true,true,true,false,true,96,0,true,priority,
https://hacecuentas.com/feriados-ecuador-2026,200,https://hacecuentas.com/feriados-ecuador-2026,true,https,,true,"max-image-preview:large, max-snippet:-1, max-video-preview:-1",Feriados Ecuador 2026: calendario oficial con puentes,53,true,"Feriados de Ecuador 2026: fechas oficiales, cuáles se trasladan para armar puentes y cuál es el próximo. Planifica tus fines de semana largos del año.",150,true,Calendario Ecuador 2026: feriados y días festivos,1,true,1515,false,false,true,false,true,true,true,false,true,16,0,true,priority,
https://hacecuentas.com/feriados-mexico-2026,200,https://hacecuentas.com/feriados-mexico-2026,true,https,,true,"max-image-preview:large, max-snippet:-1, max-video-preview:-1",Feriados México 2026: descansos y puentes | Hacé Cuentas,56,true,"Calendario de feriados de México 2026: descansos obligatorios de la LFT, puentes, Semana Santa, fechas escolares y pago si te toca trabajar.",140,true,"Feriados México 2026, sin confundir descanso con costumbre.",1,true,669,false,false,false,false,true,true,true,false,true,92,0,true,priority,
https://hacecuentas.com/feriados-peru-2026,200,https://hacecuentas.com/feriados-peru-2026,true,https,,true,"max-image-preview:large, max-snippet:-1, max-video-preview:-1",Feriados Perú 2026: calendario y días no laborables,51,true,"Calendario de feriados de Perú 2026 con los 16 feriados nacionales, días no laborables, fines de semana largos y puentes posibles.",130,true,Todos los feriados de Perú. Y cómo aprovecharlos mejor.,1,true,688,false,false,true,false,true,true,true,false,true,92,0,true,priority,
https://hacecuentas.com/fin-de-semana,200,https://hacecuentas.com/fin-de-semana,true,https,,true,"max-image-preview:large, max-snippet:-1, max-video-preview:-1",¿Cuánto falta para el fin de semana? — Hacé Cuentas,51,true,"Calculá exactamente cuánto falta para tu próximo descanso. Usá herramientas gratuitas, ejemplos claros y fuentes documentadas para entender el resultado…",153,true,¿Cuánto falta para el fin de semana?,1,true,162,false,false,false,false,false,true,true,false,false,0,0,false,fin-de-semana,
https://hacecuentas.com/fin-de-semana/comida-y-juntadas,200,https://hacecuentas.com/fin-de-semana/comida-y-juntadas,true,https,,true,"max-image-preview:large, max-snippet:-1, max-video-preview:-1",Comida y juntadas: cuánto comprar para tus invitados,52,true,"Todas las calculadoras para comer con amigos sin comprar de más ni quedarte corto: carne, pan, ensalada, bebidas, café, mate, pizza, empanadas y postre…",152,true,🍽️ Comida y juntadas,1,true,1046,false,false,true,false,true,true,true,false,true,17,0,false,fin-de-semana,
https://hacecuentas.com/fin-de-semana/escapadas,200,https://hacecuentas.com/fin-de-semana/escapadas,true,https,,true,"max-image-preview:large, max-snippet:-1, max-video-preview:-1","Escapadas de fin de semana: presupuesto, nafta y hospedaje",58,true,"Planificá tu escapada sin sorpresas: costo de combustible y peajes, presupuesto del viaje, noches de hospedaje, tiempo con paradas y cómo dividir…",146,true,🚗 Escapadas de fin de semana,1,true,1040,false,false,true,false,true,true,true,false,true,16,0,false,fin-de-semana,
https://hacecuentas.com/fin-de-semana/fiestas-y-reuniones,200,https://hacecuentas.com/fin-de-semana/fiestas-y-reuniones,true,https,,true,"max-image-preview:large, max-snippet:-1, max-video-preview:-1","Fiestas y reuniones: presupuesto, bebidas y vajilla",51,true,"Organizá una fiesta o reunión sin sorpresas: presupuesto por invitado, bebidas, vasos y platos descartables, sillas y mesas, hielo y todo lo…",141,true,🎉 Fiestas y reuniones,1,true,960,false,false,true,false,true,true,true,false,true,16,0,false,fin-de-semana,
https://hacecuentas.com/fin-de-semana/proyectos-en-casa,200,https://hacecuentas.com/fin-de-semana/proyectos-en-casa,true,https,,true,"max-image-preview:large, max-snippet:-1, max-video-preview:-1","Proyectos en casa: materiales para pintar, pisos y jardín",57,true,"Calculá los materiales exactos para tus proyectos del finde: pintura, pisos, cerámicos, contrapiso, machimbre, adoquines, tierra para el jardín y más…",150,true,🔨 Proyectos en casa,1,true,1286,true,false,true,false,true,true,true,false,true,24,0,false,fin-de-semana,
https://hacecuentas.com/finanzas-personales,200,https://hacecuentas.com/finanzas-personales,true,https,,true,"max-image-preview:large, max-snippet:-1, max-video-preview:-1",Calculadoras de finanzas personales 2026 | Hacé Cuentas,55,true,"Cuota de préstamo, plazo fijo, interés compuesto, CFT, crédito UVA… Encontrá herramientas, ejemplos y fuentes para resolver finanzas personales y créditos.",155,true,Que el mes no te pase por encima.,1,false,1373,false,false,false,true,false,true,true,false,false,116,0,true,hubs,
https://hacecuentas.com/finanzas-personales/becas-para-estudiar,200,https://hacecuentas.com/finanzas-personales/becas-para-estudiar,true,https,,true,"max-image-preview:large, max-snippet:-1, max-video-preview:-1",Becas para estudiar: cuánto cobrás por mes y qué te retienen,60,true,"Progresar, Beca Manuel Belgrano y el acompañamiento universitario en un solo lugar: el monto de tu línea, el 20% que se retiene hasta acreditar…",144,true,No busques “becas”. Buscá las que encajan con vos.,1,true,1817,true,false,true,true,false,true,true,false,true,104,0,true,hubs,
https://hacecuentas.com/finanzas-personales/dividir-gastos,200,https://hacecuentas.com/finanzas-personales/dividir-gastos,true,https,,true,"max-image-preview:large, max-snippet:-1, max-video-preview:-1",¿Cómo dividimos los gastos? Quién le debe a quién,49,true,"Dividí gastos entre amigos o en pareja: saldá las cuentas del grupo con la menor cantidad de transferencias posible, repartí proporcional al ingreso…",149,true,Cerrá la cuenta con menos transferencias.,1,false,1765,true,false,true,true,false,true,true,false,true,104,0,true,hubs,
https://hacecuentas.com/finanzas-personales/dolar,200,https://hacecuentas.com/finanzas-personales/dolar,true,https,,true,"max-image-preview:large, max-snippet:-1, max-video-preview:-1","¿Conviene comprar dólares? Comparador contra pesos, UVA",55,true,"Cotizaciones vivas de oficial, blue, MEP, CCL y cripto, con la brecha del día. Compará dólar contra plazo fijo y UVA a los meses que elijas, calculá…",149,true,¿Qué hacés hoy con tus pesos?,1,true,1953,true,false,true,true,false,true,true,false,true,104,0,true,hubs-recovery,
https://hacecuentas.com/finanzas-personales/gastos-del-mes,200,https://hacecuentas.com/finanzas-personales/gastos-del-mes,true,https,,true,"max-image-preview:large, max-snippet:-1, max-video-preview:-1",¿En qué se me va la plata? Calculadora de gastos del mes,56,true,"Cuánto se te va por mes en vivienda, comida, transporte, suscripciones y delivery, con el reparto por rubro en un solo gráfico.",127,true,Tu plata no desaparece. Se reparte.,1,true,1937,true,false,true,true,false,true,true,false,true,104,0,true,hubs,
https://hacecuentas.com/finanzas-personales/meta-de-ahorro,200,https://hacecuentas.com/finanzas-personales/meta-de-ahorro,true,https,,true,"max-image-preview:large, max-snippet:-1, max-video-preview:-1",¿Cuánto tengo que ahorrar por mes? — Calculadora de meta,56,true,"Calculá cuánto apartar por mes para llegar a tu meta, cuánto vas a tardar con la cuota que podés poner, cuánto colchón de emergencia necesitás, cómo…",149,true,Convertí tu meta en un plan que puedas sostener,1,true,1946,true,false,true,true,false,true,true,false,true,104,0,true,hubs,
https://hacecuentas.com/finanzas-personales/perfil-crediticio,200,https://hacecuentas.com/finanzas-personales/perfil-crediticio,true,https,,true,"max-image-preview:large, max-snippet:-1, max-video-preview:-1",Perfil crediticio: cómo saber si podés pedir un crédito,55,true,"Interpretá la Central de Deudores del BCRA, evaluá tu carga de cuotas y armá un plan antes de pedir un préstamo.",112,true,¿Estoy en condiciones de pedir un crédito?,1,true,581,false,false,true,true,false,true,true,false,true,56,0,true,core,
https://hacecuentas.com/finanzas-personales/prestamo,200,https://hacecuentas.com/finanzas-personales/prestamo,true,https,,true,"max-image-preview:large, max-snippet:-1, max-video-preview:-1","¿Cuánto voy a pagar por este préstamo? Cuota, CFT",49,true,"Calculá la cuota real de un préstamo personal, prendario o pyme y, sobre todo, el CFT: la tasa que suma IVA sobre intereses, seguro de vida y gastos…",149,true,La cuota entra. ¿Pero cuánto vas a pagar de verdad?,1,true,1931,true,false,true,true,false,true,true,false,true,104,0,true,hubs,
https://hacecuentas.com/finanzas-personales/salir-de-deudas,200,https://hacecuentas.com/finanzas-personales/salir-de-deudas,true,https,,true,"max-image-preview:large, max-snippet:-1, max-video-preview:-1","¿Cómo salgo de las deudas? Pago mínimo, refinanciación",54,true,"Cuánto vas a terminar pagando según lo que hagas con tu deuda: seguir con el pago mínimo de la tarjeta, atacar varias deudas por orden de tasa…",143,true,Tu deuda tiene una salida. Armemos el plan.,1,false,2188,false,false,true,true,false,true,true,false,true,107,0,true,hubs,
https://hacecuentas.com/finanzas-personales/tarifa-freelance,200,https://hacecuentas.com/finanzas-personales/tarifa-freelance,true,https,,true,"max-image-preview:large, max-snippet:-1, max-video-preview:-1",¿Cuánto tengo que cobrar la hora como freelance?,48,true,"Calculá tu tarifa por hora en pesos contando costos fijos, impuestos, vacaciones y horas realmente facturables; cuánto te queda de una tarifa en dólares…",153,true,Cobrar la hora no es dividir tu sueldo por 160.,1,true,1939,true,false,true,true,false,true,true,false,true,104,0,true,hubs,
https://hacecuentas.com/finanzas-personales/tarjeta-de-credito,200,https://hacecuentas.com/finanzas-personales/tarjeta-de-credito,true,https,,true,"max-image-preview:large, max-snippet:-1, max-video-preview:-1",Pago el mínimo de la tarjeta: ¿cuánto me cuesta? Intereses,58,true,"Cuánto terminás pagando si abonás sólo el mínimo del resumen, cuánto tardás con un pago fijo y si las cuotas convienen contra el contado con descuento.",151,true,Elegí cuánto pagar mirando el mes siguiente.,1,true,1942,true,false,true,true,false,true,true,false,true,104,0,true,hubs-recovery,
https://hacecuentas.com/fixture-mundial-2026,200,https://hacecuentas.com/fixture-mundial-2026,true,https,,true,"max-image-preview:large, max-snippet:-1, max-video-preview:-1","Mundial 2026: resultados, campeón y fixture completo",52,true,"España campeón del Mundial 2026: consultá los resultados de los 104 partidos, el fixture completo, grupos y cruces de Estados Unidos, México y Canadá.",150,true,"Mundial 2026: resultados, campeón y fixture",1,true,4362,false,false,true,false,true,true,true,false,true,72,0,true,priority,
https://hacecuentas.com/formula-1-2026,200,https://hacecuentas.com/formula-1-2026,true,https,,true,"max-image-preview:large, max-snippet:-1, max-video-preview:-1","Fórmula 1 2026: calendario, próximos GP y resultados",52,true,"Calendario completo de la Fórmula 1 2026: los 25 Grandes Premios con horarios en tu país, resultados en vivo y posiciones de pilotos y constructores…",149,true,Fórmula 1 2026 · Próximo Gran Premio GP DE PAÍSES BAJOS,1,true,1373,true,false,true,false,true,true,true,false,true,16,0,true,priority,
https://hacecuentas.com/futbol,200,https://hacecuentas.com/futbol,true,https,,true,"max-image-preview:large, max-snippet:-1, max-video-preview:-1","Calculadoras y datos de fútbol: partidos, tablas y torneos",58,true,"Consultá partidos, resultados, tablas y calendarios, y usá calculadoras de posiciones, puntos, probabilidades y torneos de fútbol.",130,true,Menos intuición. Más lectura del partido.,1,false,1137,true,false,false,true,false,true,true,true,false,115,0,true,hubs-recovery,
https://hacecuentas.com/futbol-argentino-hoy,200,https://hacecuentas.com/futbol-argentino-hoy,true,https,,true,"max-image-preview:large, max-snippet:-1, max-video-preview:-1","Fútbol argentino hoy: partidos, resultados y tablas",51,true,"Partidos de hoy, resultados en vivo, próximos encuentros y tablas actualizadas de Primera División y Primera Nacional del fútbol argentino.",139,true,"Fútbol argentino, hoy",1,true,1305,false,false,false,false,true,true,true,false,false,6,9,true,priority,
https://hacecuentas.com/futbol-hoy,200,https://hacecuentas.com/futbol-hoy,true,https,,true,"max-image-preview:large, max-snippet:-1, max-video-preview:-1","Fútbol hoy: partidos, resultados y tablas por país",50,true,"Partidos de hoy, resultados, próximos encuentros, horarios y tablas de las principales ligas de cada país, con una landing actualizada por mercado.",147,true,"Todo el fútbol de hoy, país por país",1,true,302,false,false,false,false,false,true,true,false,false,18,0,true,priority,
https://hacecuentas.com/futbol/estadisticas,200,https://hacecuentas.com/futbol/estadisticas,true,https,,true,"max-image-preview:large, max-snippet:-1, max-video-preview:-1",Récords y estadísticas de jugadores,35,true,"Medí tu nivel real contra el de un profesional: km recorridos por partido, sprint de 30 metros, velocidad del disparo, porcentaje de pases…",139,true,Medí tu nivel. Comparalo con los que juegan en serio.,1,false,1954,true,false,true,true,false,true,true,false,true,104,0,true,hubs,
https://hacecuentas.com/futbol/mundial-2026,200,https://hacecuentas.com/futbol/mundial-2026,true,https,,true,"max-image-preview:large, max-snippet:-1, max-video-preview:-1","Mundial 2026: cupos por confederación, premios y récords",56,true,"Cómo se repartieron las 48 plazas del Mundial 2026 entre UEFA, CAF, AFC, CONMEBOL, CONCACAF y OFC, cuánto pagó la FIFA por cada fase, cuánto le quedó…",150,true,48 selecciones. 104 partidos. Una campeona.,1,false,2090,false,false,true,true,false,true,true,false,true,107,0,true,hubs,
https://hacecuentas.com/futbol/premios,200,https://hacecuentas.com/futbol/premios,true,https,,true,"max-image-preview:large, max-snippet:-1, max-video-preview:-1",¿Cuánto se lleva de premio cada equipo?,39,true,"Cuánto pagó la FIFA por cada fase del Mundial 2026, cuánto reparte la Copa Argentina ronda por ronda, cuánto embolsa un plantel de la Liga Profesional…",151,true,"Seguí la plata del fútbol, desde la copa hasta el club formador",1,false,2247,true,false,true,true,false,true,true,false,true,104,0,true,hubs,
https://hacecuentas.com/futbol/puntos-y-campeonato,200,https://hacecuentas.com/futbol/puntos-y-campeonato,true,https,,true,"max-image-preview:large, max-snippet:-1, max-video-preview:-1","¿Le alcanzan los puntos? — Clasificación, descenso",50,true,"Cuántos puntos le faltan a tu equipo para clasificar, salir campeón o salvarse: promedios del fútbol argentino, permanencia en LaLiga, playoffs de la MLS…",154,true,Probá el fixture. Mirá qué necesita tu equipo.,1,false,1504,true,false,true,true,false,true,true,false,true,104,0,true,hubs,
https://hacecuentas.com/global,200,https://hacecuentas.com/global,true,https,,true,"max-image-preview:large, max-snippet:-1, max-video-preview:-1",Calculadoras gratis online — versión global | Hacé Cuentas,58,true,"Más de 99 calculadoras gratis sin registro: salud, finanzas, conversores, embarazo, mascotas, cocina. Sin ads invasivos.",120,true,Calculadoras que funcionan en cualquier país — 99 calculadoras gratis,1,true,927,true,false,false,false,false,true,true,false,false,111,0,true,core,
https://hacecuentas.com/glosario,200,https://hacecuentas.com/glosario,true,https,,true,"max-image-preview:large, max-snippet:-1, max-video-preview:-1",Glosario — Hacé Cuentas — calculadoras y guías,46,true,"Conceptos de trabajo, impuestos y finanzas explicados en simple. Usá herramientas gratuitas, ejemplos claros y fuentes documentadas para entender…",146,true,"Las palabras difíciles, en simple.",1,false,287,false,false,false,false,false,true,true,false,false,0,0,true,core,
https://hacecuentas.com/goleadores-mundial-2026,200,https://hacecuentas.com/goleadores-mundial-2026,true,https,,true,"max-image-preview:large, max-snippet:-1, max-video-preview:-1",Goleadores del Mundial 2026 — Kylian Mbappé Botín de Oro,56,true,"Tabla final de goleadores del Mundial 2026: Kylian Mbappé (Francia)… Encontrá herramientas, ejemplos y fuentes para resolver goleadores del mundial 2026.",153,true,Goleadores del Mundial 2026 : la tabla final,1,true,3171,true,false,true,false,false,true,true,false,true,19,16,true,core,
https://hacecuentas.com/guia/combustible-peajes-costo-por-persona-viaje,200,https://hacecuentas.com/guia/combustible-peajes-costo-por-persona-viaje,true,https,,true,"max-image-preview:large, max-snippet:-1, max-video-preview:-1",Costo de un viaje en auto: nafta y peajes | Hacé Cuentas,56,true,"Calculá cuánto sale un viaje en auto: litros de nafta según el consumo, peajes de la ruta, ida y vuelta y cuánto pone cada pasajero al dividir.",143,true,"Cómo calcular combustible, peajes y costo por persona de un viaje",1,true,2071,true,false,true,true,true,true,true,false,true,3,0,true,priority,
https://hacecuentas.com/guia/comida-reunion-cuanto-comprar,200,https://hacecuentas.com/guia/comida-reunion-cuanto-comprar,true,https,,true,"max-image-preview:large, max-snippet:-1, max-video-preview:-1",Cuánta comida comprar para una reunión 2026 | Hacé Cuentas,58,true,"Cuánta comida comprar para una reunión: gramos por persona según el plato, bebidas, pan, ensalada, carbón, postre y margen por imprevistos.",139,true,Cómo calcular cuánta comida comprar para una reunión,1,true,2183,true,false,true,true,true,true,true,false,true,3,0,true,priority,
https://hacecuentas.com/guia/deportes-fitness,200,https://hacecuentas.com/guia/deportes-fitness,true,https,,true,"max-image-preview:large, max-snippet:-1, max-video-preview:-1","Deportes y fitness: fuerza, calorías, pace y competición",56,true,"1RM, calorías por deporte, FTP y W/kg en ciclismo, pace de running, hidratación y cafeína, cupos a copas y puntos de descenso. 100+ calculadoras.",145,true,"Guía de deportes y fitness: entrenamiento, rendimiento y datos de competición",1,true,2971,true,false,true,true,true,true,true,false,true,7,0,true,priority,
https://hacecuentas.com/guia/dividir-gastos-amigos-sin-errores,200,https://hacecuentas.com/guia/dividir-gastos-amigos-sin-errores,true,https,,true,"max-image-preview:large, max-snippet:-1, max-video-preview:-1",Cómo dividir gastos entre amigos sin errores | Hacé Cuentas,59,true,"Cómo dividir gastos entre amigos sin equivocarse: partes iguales vs proporcional, el método de quién le debe a quién, gastos de viaje, apps y errores…",150,true,Cómo dividir gastos entre amigos sin equivocarse,1,true,2126,true,false,true,true,true,true,true,false,true,3,0,true,priority,
https://hacecuentas.com/guia/estimar-materiales-construccion-sin-comprar-de-mas,200,https://hacecuentas.com/guia/estimar-materiales-construccion-sin-comprar-de-mas,true,https,,true,"max-image-preview:large, max-snippet:-1, max-video-preview:-1",Estimar materiales de construcción | Hacé Cuentas,49,true,"Calculá materiales de obra con el margen de desperdicio justo: contrapiso y hormigón, cerámicos, machimbre, venecitas, adoquines y tierra sin sobrar ni…",152,true,Cómo estimar materiales de construcción sin comprar de más,1,true,2400,true,false,true,true,true,true,true,false,true,3,0,true,priority,
https://hacecuentas.com/guia/finanzas-personales,200,https://hacecuentas.com/guia/finanzas-personales,true,https,,true,"max-image-preview:large, max-snippet:-1, max-video-preview:-1",Finanzas personales en Argentina 2026,37,true,"Guía de finanzas personales para Argentina 2026: cómo armar un fondo de emergencia, ahorrar contra la inflación, diversificar y empezar a invertir.",147,true,Finanzas personales en Argentina 2026: cómo ahorrar e invertir,1,true,2557,true,false,true,true,true,true,true,false,true,3,0,true,priority,
https://hacecuentas.com/guia/impuestos-argentina-2026,200,https://hacecuentas.com/guia/impuestos-argentina-2026,true,https,,true,"max-image-preview:large, max-snippet:-1, max-video-preview:-1",Impuestos en Argentina 2026: cómo funcionan (guía),50,true,"Cómo funcionan los impuestos en Argentina 2026: categorías del Monotributo, Ganancias de 4ta categoría, alícuotas del IVA, Bienes Personales e IIBB.",148,true,Impuestos en Argentina 2026: ¿cómo funciona cada uno?,1,true,3965,true,false,true,true,true,true,true,false,true,3,0,true,priority,
https://hacecuentas.com/guia/marketing-roi-metricas,200,https://hacecuentas.com/guia/marketing-roi-metricas,true,https,,true,"max-image-preview:large, max-snippet:-1, max-video-preview:-1",Guía de Métricas de Marketing y ROI Publicitario 2026,53,true,"Las métricas que de verdad mueven la rentabilidad del marketing: CAC, LTV, ROAS, payback, CPM/CPC/CTR y mix de canales.",119,true,Guía de métricas de marketing y ROI publicitario,1,true,2515,true,false,true,true,true,true,true,false,true,3,0,true,priority,
https://hacecuentas.com/guia/presupuesto-fiesta-como-armar,200,https://hacecuentas.com/guia/presupuesto-fiesta-como-armar,true,https,,true,"max-image-preview:large, max-snippet:-1, max-video-preview:-1",Cómo armar el presupuesto de una fiesta 2026 | Hacé Cuentas,59,true,"Cómo armar el presupuesto de una fiesta paso a paso: rubros (salón, comida, bebida, torta, cotillón), costo por invitado, vajilla y dónde recortar…",147,true,Cómo armar un presupuesto para una fiesta,1,true,2318,true,false,true,true,true,true,true,false,true,3,0,true,priority,
https://hacecuentas.com/guia/subsidios-anses-2026,200,https://hacecuentas.com/guia/subsidios-anses-2026,true,https,,true,"max-image-preview:large, max-snippet:-1, max-video-preview:-1",Guía Subsidios ANSES 2026 | Hacé Cuentas,40,true,"Todo sobre subsidios ANSES 2026: AUH, Asignación Familiar, Tarjeta Alimentar, Progresar, PUAM, jubilación mínima/máxima, pensiones, seguro desempleo, PAMI.",155,true,Guía completa de subsidios y asignaciones ANSES 2026,1,true,3027,true,false,true,true,true,true,true,false,true,3,0,true,priority,
https://hacecuentas.com/guia/sueldos-argentina-2026,200,https://hacecuentas.com/guia/sueldos-argentina-2026,true,https,,true,"max-image-preview:large, max-snippet:-1, max-video-preview:-1",Cómo se calcula el sueldo en Argentina 2026 (guía),50,true,"Cómo se calcula el sueldo en Argentina 2026: diferencia entre bruto y neto, qué descuentos te hacen y cómo se calculan el aguinaldo y las horas extras.",151,true,¿Cómo se calcula el sueldo en Argentina en 2026?,1,true,4674,true,true,true,true,true,true,true,false,true,5,0,true,priority,
https://hacecuentas.com/guia/tecnologia-electronica,200,https://hacecuentas.com/guia/tecnologia-electronica,true,https,,true,"max-image-preview:large, max-snippet:-1, max-video-preview:-1","Tecnología y electrónica: almacenamiento, energía",49,true,"Guía pilar de tecnología y electrónica: almacenamiento (GB, TB), descargas, baterías (mAh), impresión 3D, fotografía y circuitos con ley de Ohm.",144,true,Tecnología y electrónica: guía de cálculos que sí usás,1,true,2603,true,false,true,true,true,true,true,false,true,3,0,true,priority,
https://hacecuentas.com/guias,200,https://hacecuentas.com/guias,true,https,,true,"max-image-preview:large, max-snippet:-1, max-video-preview:-1",Guías — Hacé Cuentas — calculadoras y guías | Hacé Cuentas,58,true,"Guías prácticas con ejemplos y calculadoras para entender decisiones de dinero, trabajo, vivienda y vida cotidiana.",115,true,Primero entendé el tema. Después hacé la cuenta.,1,true,733,true,false,true,false,false,true,true,false,false,0,0,true,priority,
https://hacecuentas.com/hogar,200,https://hacecuentas.com/hogar,true,https,,true,"max-image-preview:large, max-snippet:-1, max-video-preview:-1","Calculadoras para organizar gastos, consumo y tareas",52,true,"Calculá gastos del hogar, consumo de servicios y electrodomésticos, mudanzas, limpieza, mantenimiento y compras cotidianas.",123,true,Entendé qué consume tu hogar. Y dónde podés mejorar.,1,false,1194,false,false,false,true,false,true,true,true,false,113,25,true,hubs,
https://hacecuentas.com/hogar/amueblar,200,https://hacecuentas.com/hogar/amueblar,true,https,,true,"max-image-preview:large, max-snippet:-1, max-video-preview:-1",¿Qué medida de mueble entra en mi ambiente?,43,true,"Qué TV, mesa, colchón, placard, escritorio, cortina o… Encontrá herramientas, ejemplos y fuentes para resolver qué medida de mueble entra en mi ambiente.",153,true,Amueblá primero lo que hace habitable tu casa,1,false,2056,true,false,true,true,false,true,true,false,true,105,0,true,hubs,
https://hacecuentas.com/hogar/climatizacion,200,https://hacecuentas.com/hogar/climatizacion,true,https,,true,"max-image-preview:large, max-snippet:-1, max-video-preview:-1",¿Cuánto me cuesta el aire o la calefacción? Consumo y costo,59,true,"Calculá cuánto gastás en climatizar tu casa: costo del aire acondicionado por hora y por mes, qué calefacción sale más barata…",126,true,La temperatura justa. El equipo justo.,1,false,1805,false,false,true,true,false,true,true,false,true,105,0,true,hubs,
https://hacecuentas.com/hogar/factura-de-luz,200,https://hacecuentas.com/hogar/factura-de-luz,true,https,,true,"max-image-preview:large, max-snippet:-1, max-video-preview:-1",¿Por qué me vino tan cara la luz? Calculá tu factura,52,true,"Estimá la factura de luz de Edenor o Edesur con el esquema de subsidios 2026, medí cuánto consume cada electrodoméstico en kWh y en pesos, cuánto te…",149,true,Entendé por qué subió antes de empezar a apagar todo.,1,false,2003,true,false,true,true,false,true,true,false,true,108,0,true,hubs,
https://hacecuentas.com/hogar/gas-y-agua,200,https://hacecuentas.com/hogar/gas-y-agua,true,https,,true,"max-image-preview:large, max-snippet:-1, max-video-preview:-1","Gas y agua: ¿cuánto voy a pagar? Factura, zona fría, garrafa",60,true,"Estimá la factura bimestral de gas natural con el cuadro ENARGAS por categoría, calculá la bonificación de zona fría, cuánto te dura y cuánto te cuesta…",152,true,Entendé qué consumís y qué te cobran.,1,false,2183,true,false,true,true,false,true,true,false,true,105,0,true,hubs,
https://hacecuentas.com/hogar/gastos-de-la-casa,200,https://hacecuentas.com/hogar/gastos-de-la-casa,true,https,,true,"max-image-preview:large, max-snippet:-1, max-video-preview:-1",¿Cuánto me cuesta la casa además del alquiler o la cuota?,57,true,"Expensas, mantenimiento anual, seguro de hogar, cuándo… Encontrá herramientas, ejemplos y fuentes para resolver cuánto me cuesta la casa además…",144,true,La casa cuesta más que el alquiler.,1,true,1951,true,false,true,true,false,true,true,false,true,105,0,true,hubs,
https://hacecuentas.com/hogar/humedad-en-casa,200,https://hacecuentas.com/hogar/humedad-en-casa,true,https,,true,"max-image-preview:large, max-snippet:-1, max-video-preview:-1","Humedad en casa: rango ideal, punto de rocío y dónde",52,true,"Poné temperatura y humedad relativa y calculá el punto de rocío, la humedad absoluta en g/m³, si estás dentro del rango ideal del ambiente y en qué…",148,true,La mancha no dice sola de dónde viene el agua.,1,true,1831,true,false,true,true,false,true,true,false,true,105,0,true,hubs-recovery,
https://hacecuentas.com/hogar/limpieza,200,https://hacecuentas.com/hogar/limpieza,true,https,,true,"max-image-preview:large, max-snippet:-1, max-video-preview:-1",¿Cada cuánto limpio y cuánto producto uso?,42,true,"Cuánto tiempo lleva limpiar tu casa, cada cuánto conviene hacerlo, cuántos ml de lavandina van por litro de agua según el uso, cuánto rinde un envase…",150,true,"Una casa limpia, con un plan que sí entra en tu semana.",1,false,1140,false,false,true,true,false,true,true,true,false,105,0,true,hubs,
https://hacecuentas.com/hogar/pileta,200,https://hacecuentas.com/hogar/pileta,true,https,,true,"max-image-preview:large, max-snippet:-1, max-video-preview:-1","¿Cuánto sale mantener la pileta? — Costo mensual, cloro",55,true,"Calculá el costo mensual real de tu pileta: litros que tiene, cloro y alguicida por mes, agua que se evapora y hay que reponer, luz de la bomba y filtro.",153,true,Primero calculá cuánta agua tenés.,1,false,2078,false,false,true,true,false,true,true,false,true,105,0,true,hubs-recovery,
https://hacecuentas.com/hogar/subsidios-energia,200,https://hacecuentas.com/hogar/subsidios-energia,true,https,,true,"max-image-preview:large, max-snippet:-1, max-video-preview:-1","Subsidios de luz, gas y garrafa: requisitos, inscripción",56,true,"Descubrí si tu hogar puede solicitar Subsidios Energéticos Focalizados, qué datos necesitás y cómo impacta en luz, gas o garrafa.",129,true,"¿Me corresponde subsidio de luz, gas o garrafa?",1,true,559,false,false,true,true,false,true,true,false,true,56,0,true,core,
https://hacecuentas.com/iibb,200,https://hacecuentas.com/iibb,true,https,,true,"max-image-preview:large, max-snippet:-1, max-video-preview:-1",Ingresos Brutos 2026 — calculadoras y guías | Hacé Cuentas,58,true,"Calculá Ingresos Brutos según provincia, actividad y régimen. Usá herramientas gratuitas, ejemplos claros y fuentes documentadas para entender…",143,true,Encontrá cuánto pagás de IIBB donde realmente trabajás.,1,false,710,false,false,true,false,false,true,true,true,false,87,0,true,iibb,
https://hacecuentas.com/iibb/buenos-aires,200,https://hacecuentas.com/iibb/buenos-aires,true,https,,true,"max-image-preview:large, max-snippet:-1, max-video-preview:-1",Ingresos Brutos Buenos Aires 2026 — Alícuotas | Hacé Cuentas,60,true,"IIBB en Buenos Aires: alícuotas 2026 por actividad económica, retenciones bancarias, régimen simplificado y Convenio Multilateral. Datos oficiales.",147,true,Ingresos Brutos en Buenos Aires — Alícuotas por actividad 2026,1,true,953,false,false,false,false,false,true,true,false,false,31,0,true,iibb,
https://hacecuentas.com/iibb/caba,200,https://hacecuentas.com/iibb/caba,true,https,,true,"max-image-preview:large, max-snippet:-1, max-video-preview:-1",Ingresos Brutos Ciudad Autonoma de Buenos Aires 2026,52,true,"IIBB en Ciudad Autonoma de Buenos Aires: alícuotas 2026 por actividad económica, retenciones bancarias, régimen simplificado y Convenio Multilateral.",149,true,Ingresos Brutos en Ciudad Autonoma de Buenos Aires — Alícuotas por actividad 2026,1,true,879,false,false,false,false,false,true,true,false,false,31,0,true,iibb,
https://hacecuentas.com/iibb/catamarca,200,https://hacecuentas.com/iibb/catamarca,true,https,,true,"max-image-preview:large, max-snippet:-1, max-video-preview:-1",Ingresos Brutos Catamarca 2026 — Alícuotas | Hacé Cuentas,57,true,"IIBB en Catamarca: alícuotas 2026 por actividad económica, retenciones bancarias, régimen simplificado y Convenio Multilateral. Datos oficiales.",144,true,Ingresos Brutos en Catamarca — Alícuotas por actividad 2026,1,true,806,false,false,false,false,false,true,true,false,false,31,0,true,iibb,
https://hacecuentas.com/iibb/chaco,200,https://hacecuentas.com/iibb/chaco,true,https,,true,"max-image-preview:large, max-snippet:-1, max-video-preview:-1",Ingresos Brutos Chaco 2026 — Alícuotas | Hacé Cuentas,53,true,"IIBB en Chaco: alícuotas 2026 por actividad económica, retenciones bancarias, régimen simplificado y Convenio Multilateral. Datos oficiales.",140,true,Ingresos Brutos en Chaco — Alícuotas por actividad 2026,1,true,805,false,false,false,false,false,true,true,false,false,31,0,true,iibb,
https://hacecuentas.com/iibb/chubut,200,https://hacecuentas.com/iibb/chubut,true,https,,true,"max-image-preview:large, max-snippet:-1, max-video-preview:-1",Ingresos Brutos Chubut 2026 — Alícuotas | Hacé Cuentas,54,true,"IIBB en Chubut: alícuotas 2026 por actividad económica, retenciones bancarias, régimen simplificado y Convenio Multilateral. Datos oficiales.",141,true,Ingresos Brutos en Chubut — Alícuotas por actividad 2026,1,true,805,false,false,false,false,false,true,true,false,false,31,0,true,iibb,
https://hacecuentas.com/iibb/cordoba,200,https://hacecuentas.com/iibb/cordoba,true,https,,true,"max-image-preview:large, max-snippet:-1, max-video-preview:-1",Ingresos Brutos Cordoba 2026 — Alícuotas | Hacé Cuentas,55,true,"IIBB en Cordoba: alícuotas 2026 por actividad económica, retenciones bancarias, régimen simplificado y Convenio Multilateral. Datos oficiales.",142,true,Ingresos Brutos en Cordoba — Alícuotas por actividad 2026,1,true,817,false,false,false,false,false,true,true,false,false,31,0,true,iibb,
https://hacecuentas.com/iibb/corrientes,200,https://hacecuentas.com/iibb/corrientes,true,https,,true,"max-image-preview:large, max-snippet:-1, max-video-preview:-1",Ingresos Brutos Corrientes 2026 — Alícuotas | Hacé Cuentas,58,true,"IIBB en Corrientes: alícuotas 2026 por actividad económica, retenciones bancarias, régimen simplificado y Convenio Multilateral. Datos oficiales.",145,true,Ingresos Brutos en Corrientes — Alícuotas por actividad 2026,1,true,801,false,false,false,false,false,true,true,false,false,31,0,true,iibb,
https://hacecuentas.com/iibb/entre-rios,200,https://hacecuentas.com/iibb/entre-rios,true,https,,true,"max-image-preview:large, max-snippet:-1, max-video-preview:-1",Ingresos Brutos Entre Rios 2026 — Alícuotas | Hacé Cuentas,58,true,"IIBB en Entre Rios: alícuotas 2026 por actividad económica, retenciones bancarias, régimen simplificado y Convenio Multilateral. Datos oficiales.",145,true,Ingresos Brutos en Entre Rios — Alícuotas por actividad 2026,1,true,827,false,false,false,false,false,true,true,false,false,31,0,true,iibb,
https://hacecuentas.com/iibb/formosa,200,https://hacecuentas.com/iibb/formosa,true,https,,true,"max-image-preview:large, max-snippet:-1, max-video-preview:-1",Ingresos Brutos Formosa 2026 — Alícuotas | Hacé Cuentas,55,true,"IIBB en Formosa: alícuotas 2026 por actividad económica, retenciones bancarias, régimen simplificado y Convenio Multilateral. Datos oficiales.",142,true,Ingresos Brutos en Formosa — Alícuotas por actividad 2026,1,true,803,false,false,false,false,false,true,true,false,false,31,0,true,iibb,
https://hacecuentas.com/iibb/jujuy,200,https://hacecuentas.com/iibb/jujuy,true,https,,true,"max-image-preview:large, max-snippet:-1, max-video-preview:-1",Ingresos Brutos Jujuy 2026 — Alícuotas | Hacé Cuentas,53,true,"IIBB en Jujuy: alícuotas 2026 por actividad económica, retenciones bancarias, régimen simplificado y Convenio Multilateral. Datos oficiales.",140,true,Ingresos Brutos en Jujuy — Alícuotas por actividad 2026,1,true,810,false,false,false,false,false,true,true,false,false,31,0,true,iibb,
https://hacecuentas.com/iibb/la-pampa,200,https://hacecuentas.com/iibb/la-pampa,true,https,,true,"max-image-preview:large, max-snippet:-1, max-video-preview:-1",Ingresos Brutos La Pampa 2026 — Alícuotas | Hacé Cuentas,56,true,"IIBB en La Pampa: alícuotas 2026 por actividad económica, retenciones bancarias, régimen simplificado y Convenio Multilateral. Datos oficiales.",143,true,Ingresos Brutos en La Pampa — Alícuotas por actividad 2026,1,true,823,false,false,false,false,false,true,true,false,false,31,0,true,iibb,
https://hacecuentas.com/iibb/la-rioja,200,https://hacecuentas.com/iibb/la-rioja,true,https,,true,"max-image-preview:large, max-snippet:-1, max-video-preview:-1",Ingresos Brutos La Rioja 2026 — Alícuotas | Hacé Cuentas,56,true,"IIBB en La Rioja: alícuotas 2026 por actividad económica, retenciones bancarias, régimen simplificado y Convenio Multilateral. Datos oficiales.",143,true,Ingresos Brutos en La Rioja — Alícuotas por actividad 2026,1,true,827,false,false,false,false,false,true,true,false,false,31,0,true,iibb,
https://hacecuentas.com/iibb/mendoza,200,https://hacecuentas.com/iibb/mendoza,true,https,,true,"max-image-preview:large, max-snippet:-1, max-video-preview:-1",Ingresos Brutos Mendoza 2026 — Alícuotas | Hacé Cuentas,55,true,"IIBB en Mendoza: alícuotas 2026 por actividad económica, retenciones bancarias, régimen simplificado y Convenio Multilateral. Datos oficiales.",142,true,Ingresos Brutos en Mendoza — Alícuotas por actividad 2026,1,true,807,false,false,false,false,false,true,true,false,false,31,0,true,iibb,
https://hacecuentas.com/iibb/misiones,200,https://hacecuentas.com/iibb/misiones,true,https,,true,"max-image-preview:large, max-snippet:-1, max-video-preview:-1",Ingresos Brutos Misiones 2026 — Alícuotas | Hacé Cuentas,56,true,"IIBB en Misiones: alícuotas 2026 por actividad económica, retenciones bancarias, régimen simplificado y Convenio Multilateral. Datos oficiales.",143,true,Ingresos Brutos en Misiones — Alícuotas por actividad 2026,1,true,811,false,false,false,false,false,true,true,false,false,31,0,true,iibb,
https://hacecuentas.com/iibb/neuquen,200,https://hacecuentas.com/iibb/neuquen,true,https,,true,"max-image-preview:large, max-snippet:-1, max-video-preview:-1",Ingresos Brutos Neuquen 2026 — Alícuotas | Hacé Cuentas,55,true,"IIBB en Neuquen: alícuotas 2026 por actividad económica, retenciones bancarias, régimen simplificado y Convenio Multilateral. Datos oficiales.",142,true,Ingresos Brutos en Neuquen — Alícuotas por actividad 2026,1,true,800,false,false,false,false,false,true,true,false,false,31,0,true,iibb,
https://hacecuentas.com/iibb/rio-negro,200,https://hacecuentas.com/iibb/rio-negro,true,https,,true,"max-image-preview:large, max-snippet:-1, max-video-preview:-1",Ingresos Brutos Rio Negro 2026 — Alícuotas | Hacé Cuentas,57,true,"IIBB en Rio Negro: alícuotas 2026 por actividad económica, retenciones bancarias, régimen simplificado y Convenio Multilateral. Datos oficiales.",144,true,Ingresos Brutos en Rio Negro — Alícuotas por actividad 2026,1,true,829,false,false,false,false,false,true,true,false,false,31,0,true,iibb,
https://hacecuentas.com/iibb/salta,200,https://hacecuentas.com/iibb/salta,true,https,,true,"max-image-preview:large, max-snippet:-1, max-video-preview:-1",Ingresos Brutos Salta 2026 — Alícuotas | Hacé Cuentas,53,true,"IIBB en Salta: alícuotas 2026 por actividad económica, retenciones bancarias, régimen simplificado y Convenio Multilateral. Datos oficiales.",140,true,Ingresos Brutos en Salta — Alícuotas por actividad 2026,1,true,797,false,false,false,false,false,true,true,false,false,31,0,true,iibb,
https://hacecuentas.com/iibb/san-juan,200,https://hacecuentas.com/iibb/san-juan,true,https,,true,"max-image-preview:large, max-snippet:-1, max-video-preview:-1",Ingresos Brutos San Juan 2026 — Alícuotas | Hacé Cuentas,56,true,"IIBB en San Juan: alícuotas 2026 por actividad económica, retenciones bancarias, régimen simplificado y Convenio Multilateral. Datos oficiales.",143,true,Ingresos Brutos en San Juan — Alícuotas por actividad 2026,1,true,819,false,false,false,false,false,true,true,false,false,31,0,true,iibb,
https://hacecuentas.com/iibb/san-luis,200,https://hacecuentas.com/iibb/san-luis,true,https,,true,"max-image-preview:large, max-snippet:-1, max-video-preview:-1",Ingresos Brutos San Luis 2026 — Alícuotas | Hacé Cuentas,56,true,"IIBB en San Luis: alícuotas 2026 por actividad económica, retenciones bancarias, régimen simplificado y Convenio Multilateral. Datos oficiales.",143,true,Ingresos Brutos en San Luis — Alícuotas por actividad 2026,1,true,837,false,false,false,false,false,true,true,false,false,31,0,true,iibb,
https://hacecuentas.com/iibb/santa-cruz,200,https://hacecuentas.com/iibb/santa-cruz,true,https,,true,"max-image-preview:large, max-snippet:-1, max-video-preview:-1",Ingresos Brutos Santa Cruz 2026 — Alícuotas | Hacé Cuentas,58,true,"IIBB en Santa Cruz: alícuotas 2026 por actividad económica, retenciones bancarias, régimen simplificado y Convenio Multilateral. Datos oficiales.",145,true,Ingresos Brutos en Santa Cruz — Alícuotas por actividad 2026,1,true,820,false,false,false,false,false,true,true,false,false,31,0,true,iibb,
https://hacecuentas.com/iibb/santa-fe,200,https://hacecuentas.com/iibb/santa-fe,true,https,,true,"max-image-preview:large, max-snippet:-1, max-video-preview:-1",Ingresos Brutos Santa Fe 2026 — Alícuotas | Hacé Cuentas,56,true,"IIBB en Santa Fe: alícuotas 2026 por actividad económica, retenciones bancarias, régimen simplificado y Convenio Multilateral. Datos oficiales.",143,true,Ingresos Brutos en Santa Fe — Alícuotas por actividad 2026,1,true,829,false,false,false,false,false,true,true,false,false,31,0,true,iibb,
https://hacecuentas.com/iibb/santiago-del-estero,200,https://hacecuentas.com/iibb/santiago-del-estero,true,https,,true,"max-image-preview:large, max-snippet:-1, max-video-preview:-1",Ingresos Brutos Santiago del Estero 2026 — Alícuotas,52,true,"IIBB en Santiago del Estero: alícuotas 2026 por actividad económica, retenciones bancarias, régimen simplificado y Convenio Multilateral. Datos oficiales.",154,true,Ingresos Brutos en Santiago del Estero — Alícuotas por actividad 2026,1,true,836,false,false,false,false,false,true,true,false,false,31,0,true,iibb,
https://hacecuentas.com/iibb/tierra-del-fuego,200,https://hacecuentas.com/iibb/tierra-del-fuego,true,https,,true,"max-image-preview:large, max-snippet:-1, max-video-preview:-1",Ingresos Brutos Tierra del Fuego 2026 — Alícuotas,49,true,"IIBB en Tierra del Fuego: alícuotas 2026 por actividad económica, retenciones bancarias, régimen simplificado y Convenio Multilateral. Datos oficiales.",151,true,Ingresos Brutos en Tierra del Fuego — Alícuotas por actividad 2026,1,true,856,false,false,false,false,false,true,true,false,false,31,0,true,iibb,
https://hacecuentas.com/iibb/tucuman,200,https://hacecuentas.com/iibb/tucuman,true,https,,true,"max-image-preview:large, max-snippet:-1, max-video-preview:-1",Ingresos Brutos Tucuman 2026 — Alícuotas | Hacé Cuentas,55,true,"IIBB en Tucuman: alícuotas 2026 por actividad económica, retenciones bancarias, régimen simplificado y Convenio Multilateral. Datos oficiales.",142,true,Ingresos Brutos en Tucuman — Alícuotas por actividad 2026,1,true,799,false,false,false,false,false,true,true,false,false,31,0,true,iibb,
https://hacecuentas.com/impuestos,200,https://hacecuentas.com/impuestos,true,https,,true,"max-image-preview:large, max-snippet:-1, max-video-preview:-1",Calculadoras de impuestos Argentina 2026,40,true,"Calculá IVA, Ganancias, Monotributo, Ingresos Brutos, retenciones y otros impuestos con parámetros vigentes y fuentes oficiales.",128,true,Pagá lo que corresponde. Entendé cada peso.,1,false,1277,false,false,false,true,false,true,true,true,false,118,0,true,hubs,
https://hacecuentas.com/impuestos-argentina,200,https://hacecuentas.com/impuestos-argentina,true,https,,true,"max-image-preview:large, max-snippet:-1, max-video-preview:-1","Impuestos en Argentina 2026 — monotributo, Ganancias, IVA",57,true,"Monotributo 2026 por categoría, Ganancias sobre el sueldo, IVA, Bienes… Encontrá herramientas, ejemplos y fuentes para resolver impuestos en argentina 2026.",156,true,Pagá lo justo. Ni un peso de más. — Impuestos en Argentina 2026,1,true,396,false,false,false,false,true,true,true,false,false,21,0,true,core,
https://hacecuentas.com/impuestos/bienes-personales,200,https://hacecuentas.com/impuestos/bienes-personales,true,https,,true,"max-image-preview:large, max-snippet:-1, max-video-preview:-1",¿Tengo que pagar Bienes Personales?,35,true,"Primero la respuesta binaria: si tu patrimonio supera el mínimo no imponible o no. Después, cuánto pagás según la escala por tramo, con la deducción…",149,true,¿Tu patrimonio supera el mínimo?,1,false,1963,false,false,true,true,false,true,true,true,true,105,0,true,hubs,
https://hacecuentas.com/impuestos/comprar-en-el-exterior,200,https://hacecuentas.com/impuestos/comprar-en-el-exterior,true,https,,true,"max-image-preview:large, max-snippet:-1, max-video-preview:-1",¿Cuánto me cuesta realmente importar una compra?,48,true,"Calculá el precio final de una compra en Temu, Shein, AliExpress o Amazon puesta en tu casa: producto, envío, IVA, derechos sobre el excedente…",143,true,Del precio del carrito al costo puesto en tu casa.,1,false,1251,false,false,true,true,false,true,true,true,false,105,0,true,hubs-recovery,
https://hacecuentas.com/impuestos/deducciones-ganancias,200,https://hacecuentas.com/impuestos/deducciones-ganancias,true,https,,true,"max-image-preview:large, max-snippet:-1, max-video-preview:-1",¿Qué me puedo deducir de Ganancias y cuánto me baja?,52,true,"Calculá cuánto podés deducir de Ganancias: 40% del alquiler con tope de la ganancia no imponible, cónyuge e hijos a cargo y la prepaga con su tope del 5%.",154,true,Descubrí cuánto de tus gastos realmente podés deducir,1,true,1821,true,false,true,true,false,true,true,false,true,105,0,true,hubs-recovery,
https://hacecuentas.com/impuestos/elegir-regimen,200,https://hacecuentas.com/impuestos/elegir-regimen,true,https,,true,"max-image-preview:large, max-snippet:-1, max-video-preview:-1","Monotributo, autónomo o responsable inscripto",45,true,"Decidí si seguir en monotributo o pasar al régimen general según facturación, gastos, clientes, IVA y riesgo de exclusión.",122,true,¿Sigo en monotributo o tengo que cambiar de régimen?,1,true,588,false,false,true,true,false,true,true,false,true,56,0,true,core,
https://hacecuentas.com/impuestos/ganancias-cuarta-categoria,200,https://hacecuentas.com/impuestos/ganancias-cuarta-categoria,true,https,,true,"max-image-preview:large, max-snippet:-1, max-video-preview:-1",Calcular Impuesto a las Ganancias sobre el sueldo 2026,54,true,"Calculá el impuesto a las ganancias sobre tu sueldo: si te retienen cuarta categoría y cuánto, sueldo mensual, aguinaldo, pase de monotributo a régimen…",152,true,¿Cuánto te sacan del sueldo por Ganancias?,1,true,2059,false,false,true,true,false,true,true,true,true,106,0,true,hubs,
https://hacecuentas.com/impuestos/ingresos-brutos,200,https://hacecuentas.com/impuestos/ingresos-brutos,true,https,,true,"max-image-preview:large, max-snippet:-1, max-video-preview:-1",Calculadora de Ingresos Brutos 2026 por provincia,49,true,"Calculá cuánto pagás de Ingresos Brutos según tu provincia y tu actividad: alícuota aplicable, impuesto del mes, mínimo del régimen simplificado…",145,true,Facturar no es lo mismo que ganar.,1,false,2377,true,false,true,true,true,true,true,true,true,131,0,true,hubs,
https://hacecuentas.com/impuestos/iva,200,https://hacecuentas.com/impuestos/iva,true,https,,true,"max-image-preview:large, max-snippet:-1, max-video-preview:-1","¿Cómo discrimino el IVA? — Calculadora de IVA 21%, 10,5%",56,true,"Sacá el IVA de un precio final, agregalo a un precio neto, aplicá la alícuota reducida del 10,5% o compará el IVA de los países de la región.",141,true,El IVA no se resta. Se discrimina.,1,true,2240,true,false,true,true,false,true,true,false,true,105,0,true,hubs,
https://hacecuentas.com/impuestos/monotributo,200,https://hacecuentas.com/impuestos/monotributo,true,https,,true,"max-image-preview:large, max-snippet:-1, max-video-preview:-1",¿Qué categoría de monotributo me toca? — Escala y cuota 2026,60,true,"Calculá tu categoría con la escala de ARCA desde agosto 2026: cuota, tope de facturación y comparación con responsable inscripto, autónomo y empleado.",150,true,"Tu categoría, tu cuota y cuánto margen te queda.",1,true,2119,true,false,true,true,false,true,true,true,true,111,0,true,hubs,
https://hacecuentas.com/impuestos/residencia-fiscal-nomadas-digitales,200,https://hacecuentas.com/impuestos/residencia-fiscal-nomadas-digitales,true,https,,true,"max-image-preview:large, max-snippet:-1, max-video-preview:-1",Residencia fiscal para nómadas digitales: regla de 183 días,59,true,"Ordená tus días de viaje, compará umbrales de residencia fiscal por país —como la regla de 183 días— y estimá impuestos sobre ingresos del exterior.",148,true,Residencia fiscal para nómadas digitales: ¿dónde pago impuestos?,1,true,470,false,false,false,false,true,true,true,false,true,53,0,true,hubs,
https://hacecuentas.com/impuestos/retenciones,200,https://hacecuentas.com/impuestos/retenciones,true,https,,true,"max-image-preview:large, max-snippet:-1, max-video-preview:-1",Retención de Ganancias RG 830: mínimos y alícuotas,50,true,"Calculá qué te retienen y qué te perciben cuando facturás o movés plata: retención de Ganancias RG 830 con sus mínimos y alícuotas por régimen, impuesto…",153,true,Te descontaron plata. Ahora veamos si es costo o pago a cuenta.,1,false,2224,true,false,true,true,false,true,true,false,true,108,0,true,hubs,
https://hacecuentas.com/inflacion-argentina,200,https://hacecuentas.com/inflacion-argentina,true,https,,true,"max-image-preview:large, max-snippet:-1, max-video-preview:-1",IPC Argentina 2026: inflación mes a mes y próximo dato,54,true,"Inflación en Argentina hoy: dato mensual del INDEC… Encontrá herramientas, ejemplos y fuentes para resolver inflación argentina hoy: mensual, interanual…",153,true,IPC Argentina 2026: inflación mes a mes 📊,1,true,872,false,false,true,false,false,true,true,true,true,22,0,true,priority,
https://hacecuentas.com/informes,200,https://hacecuentas.com/informes,true,https,,true,"max-image-preview:large, max-snippet:-1, max-video-preview:-1",Informes Hacé Cuentas — datos propios sobre sueldos,51,true,"Informes con datos propios de Hacé Cuentas: sueldo neto, esfuerzo de alquiler, tasas reales de plazo fijo y brecha bruto-neto.",126,true,Informes Hacé Cuentas,1,true,405,true,false,false,false,false,true,true,false,false,8,0,false,informes,
https://hacecuentas.com/informes/brecha-bruto-neto,200,https://hacecuentas.com/informes/brecha-bruto-neto,true,https,,true,"max-image-preview:large, max-snippet:-1, max-video-preview:-1",Cuánto se queda el Estado de tu sueldo,38,true,Un empleado registrado argentino resigna entre el 17% y más del 21% de su sueldo bruto entre aportes obligatorios e Impuesto a las Ganancias…,141,true,Cuánto se queda el Estado de tu sueldo,1,true,666,true,false,false,false,true,true,true,false,false,8,0,false,informes,
https://hacecuentas.com/informes/indice-capacidad-de-alquiler,200,https://hacecuentas.com/informes/indice-capacidad-de-alquiler,true,https,,true,"max-image-preview:large, max-snippet:-1, max-video-preview:-1",Índice Hacé Cuentas de capacidad de alquiler,44,true,"El Índice Hacé Cuentas de capacidad de alquiler mide qué porcentaje del ingreso neto del hogar se destina al alquiler en Argentina, a partir de aportes…",152,true,Índice Hacé Cuentas de capacidad de alquiler,1,true,498,false,false,false,false,true,true,true,false,false,8,0,false,informes,
https://hacecuentas.com/informes/indice-sueldo-neto,200,https://hacecuentas.com/informes/indice-sueldo-neto,true,https,,true,"max-image-preview:large, max-snippet:-1, max-video-preview:-1",Índice Hacé Cuentas de sueldo neto: Cuánto cobra en mano,56,true,El Índice Hacé Cuentas de sueldo neto releva cuánto cobra en mano el trabajador argentino a partir de aportes anónimos y voluntarios de usuarios reales…,152,true,Índice Hacé Cuentas de sueldo neto,1,true,502,true,false,false,false,true,true,true,false,false,8,0,false,informes,
https://hacecuentas.com/informes/tasa-real-plazo-fijo,200,https://hacecuentas.com/informes/tasa-real-plazo-fijo,true,https,,true,"max-image-preview:large, max-snippet:-1, max-video-preview:-1",La tasa que los bancos realmente pagan,38,true,Este informe compara la TNA de plazo fijo que los bancos y billeteras ofrecen de verdad a sus clientes —declarada de forma anónima por usuarios de Hacé…,152,true,La tasa que los bancos realmente pagan,1,true,502,false,false,false,false,true,true,true,false,false,8,0,false,informes,
https://hacecuentas.com/inversiones,200,https://hacecuentas.com/inversiones,true,https,,true,"max-image-preview:large, max-snippet:-1, max-video-preview:-1","Calculadoras de inversiones, rendimiento e interés compuesto",60,true,"Compará inversiones y calculá rendimiento, interés compuesto, plazo fijo, bonos, riesgo y ganancia real después de inflación e impuestos.",137,true,Tu plata puede crecer. Primero hacé las cuentas.,1,false,1176,false,false,false,true,false,true,true,true,false,111,0,true,hubs-recovery,
https://hacecuentas.com/inversiones/cedears,200,https://hacecuentas.com/inversiones/cedears,true,https,,true,"max-image-preview:large, max-snippet:-1, max-video-preview:-1",¿Cuánto vale un CEDEAR y cuánto rinde?,38,true,"Precio teórico del CEDEAR según el ratio y el dólar CCL, prima o descuento contra el mercado, a qué dólar implícito estás comprando y cuánto cobrás…",148,true,"Antes de comprar el ticker, entendé qué estás pagando.",1,false,1966,true,false,true,true,false,true,true,false,true,104,0,true,hubs,
https://hacecuentas.com/inversiones/ganancia-con-cripto,200,https://hacecuentas.com/inversiones/ganancia-con-cripto,true,https,,true,"max-image-preview:large, max-snippet:-1, max-video-preview:-1",¿Cuánto gané de verdad con mis cripto?,38,true,"Ganancia o pérdida neta de tu operación en cripto después de comisiones, costo de pasar de USDT a USDC, gas fee de Ethereum, pérdida impermanente…",146,true,"Tu ganancia depende de cada compra, venta y comisión.",1,false,1868,false,false,true,true,false,true,true,false,true,104,0,true,hubs,
https://hacecuentas.com/inversiones/liquidacion-apalancamiento,200,https://hacecuentas.com/inversiones/liquidacion-apalancamiento,true,https,,true,"max-image-preview:large, max-snippet:-1, max-video-preview:-1","¿A qué precio me liquidan? — Liquidación, apalancamiento",56,true,"Precio de liquidación de tu long o short apalancado, distancia porcentual hasta ahí, tamaño de posición que banca tu riesgo en cripto y en forex…",145,true,No mires sólo la ganancia potencial. Ubicá primero dónde desaparece tu margen.,1,false,1855,true,false,true,true,false,true,true,false,true,104,0,true,hubs,
https://hacecuentas.com/inversiones/opciones-call-put,200,https://hacecuentas.com/inversiones/opciones-call-put,true,https,,true,"max-image-preview:large, max-snippet:-1, max-video-preview:-1",¿Cuánto vale una opción y desde qué precio gano?,48,true,"Prima teórica por Black-Scholes, punto de equilibrio, valor intrínseco y temporal, pérdida máxima y P&amp;L de tu call o put.",125,true,"Antes de operar, mirá cuánto podés ganar y cuánto podés perder.",1,true,1882,false,false,true,true,false,true,true,false,true,104,0,true,hubs,
https://hacecuentas.com/inversiones/plazo-fijo,200,https://hacecuentas.com/inversiones/plazo-fijo,true,https,,true,"max-image-preview:large, max-snippet:-1, max-video-preview:-1",¿Cuánto gano con un plazo fijo? Calculadora 2026 — Argentina,60,true,"Calculá cuánto te deja un plazo fijo con la TNA vigente del BCRA, compará contra un plazo fijo UVA, contra una billetera con rendimiento diario y entre…",152,true,Tu saldo sube. ¿Tu plata también vale más?,1,false,2221,true,false,true,true,false,true,true,false,true,107,0,true,hubs,
https://hacecuentas.com/inversiones/riesgo-de-mi-cartera,200,https://hacecuentas.com/inversiones/riesgo-de-mi-cartera,true,https,,true,"max-image-preview:large, max-snippet:-1, max-video-preview:-1",¿Cuánto rinde y cuánto riesgo tiene mi cartera?,47,true,"Sharpe ratio de tu portafolio, cuánto baja el riesgo al combinar dos activos según su correlación, rendimiento y paridad de un bono argentino y price…",150,true,¿El retorno compensa el riesgo que tomás?,1,true,2076,true,false,true,true,false,true,true,false,true,104,0,true,hubs-recovery,
https://hacecuentas.com/jardin,200,https://hacecuentas.com/jardin,true,https,,true,"max-image-preview:large, max-snippet:-1, max-video-preview:-1","Calculadoras de jardín y huerta: riego, tierra y plantas",56,true,"Calculá tierra, macetas, riego, cantidad de plantas, semillas y calendario de huerta según espacio, clima y necesidades del cultivo.",132,true,Un jardín sano no necesita agua de más. Necesita la cuenta correcta.,1,true,1172,false,false,false,true,false,true,true,true,false,108,25,true,hubs,
https://hacecuentas.com/jardin/cuantas-plantas,200,https://hacecuentas.com/jardin/cuantas-plantas,true,https,,true,"max-image-preview:large, max-snippet:-1, max-video-preview:-1","Cuántas plantas entran: espaciado, seto, semillas y césped",58,true,"A qué distancia va cada especie y cuántas plantas entran en tu cantero, cuántas necesitás para un seto de X metros, cuántas semillas por metro cuadrado…",152,true,"Calculá con el tamaño adulto, no con el plantín.",1,false,1613,false,false,true,true,false,true,true,false,true,104,0,true,hubs,
https://hacecuentas.com/jardin/huerta,200,https://hacecuentas.com/jardin/huerta,true,https,,true,"max-image-preview:large, max-snippet:-1, max-video-preview:-1","¿Cuándo siembro cada cosa? — Calendario de siembra, heladas",59,true,"Qué sembrar este mes según tu zona de Argentina, cuándo caen la primera y la última helada, cuántos días tarda en germinar cada semilla a la temperatura…",153,true,"Qué sembrar, cuándo y cómo cuidarlo.",1,true,1148,false,false,true,true,false,true,true,true,false,108,0,true,hubs,
https://hacecuentas.com/jardin/riego,200,https://hacecuentas.com/jardin/riego,true,https,,true,"max-image-preview:large, max-snippet:-1, max-video-preview:-1","Cuánto regar: litros por planta, goteo y programación",53,true,"Cuántos litros por día necesita cada planta, cuántos minutos programar el riego por goteo, cómo configurar el programador por zona y cuánta agua gasta…",151,true,"Regá lo necesario, sin ahogar las plantas ni desperdiciar agua.",1,false,1873,false,false,true,true,false,true,true,false,true,104,0,true,hubs,
https://hacecuentas.com/jardin/tierra-y-macetas,200,https://hacecuentas.com/jardin/tierra-y-macetas,true,https,,true,"max-image-preview:large, max-snippet:-1, max-video-preview:-1","Qué maceta y cuánta tierra: tamaño, litros y mezcla",51,true,"Qué diámetro de maceta le corresponde a tu planta, cuántos litros de sustrato entran según la forma y las medidas, cuántas bolsas comprar y cómo armar…",151,true,"Comprá litros de sustrato, no “bolsas a ojo”.",1,true,1699,false,false,true,true,false,true,true,false,true,104,0,true,hubs,
https://hacecuentas.com/jubilacion,200,https://hacecuentas.com/jubilacion,true,https,,true,"max-image-preview:large, max-snippet:-1, max-video-preview:-1","Calculadoras de jubilación, aportes y pensiones 2026",52,true,"Estimá jubilación, años de aportes, moratorias, pensiones y haberes ANSES con requisitos, fuentes oficiales y valores vigentes.",127,true,No esperes al último año para hacer la cuenta.,1,false,1273,false,false,false,true,false,true,true,true,false,108,0,true,hubs-recovery,
https://hacecuentas.com/jubilacion/cuando-me-jubilo,200,https://hacecuentas.com/jubilacion/cuando-me-jubilo,true,https,,true,"max-image-preview:large, max-snippet:-1, max-video-preview:-1","¿Cuándo me puedo jubilar? — Edad, años de aportes y qué pasa",60,true,"Cuántos años te faltan para jubilarte según tu edad y tus aportes, qué pasa si no llegás a los 30 años, qué moratoria está vigente hoy y cuánto cobrarías…",154,true,No alcanza con cumplir años. También tienen que cerrar los aportes.,1,true,2207,true,false,true,true,true,true,true,false,true,104,0,true,hubs-recovery,
https://hacecuentas.com/jubilacion/cuanto-voy-a-cobrar,200,https://hacecuentas.com/jubilacion/cuanto-voy-a-cobrar,true,https,,true,"max-image-preview:large, max-snippet:-1, max-video-preview:-1",¿Cuánto voy a cobrar de jubilación? Calculadora ANSES 2026,58,true,"Estimá tu haber jubilatorio con la Ley 24.241: PBU, prestación compensatoria, PAP y bono, con el haber mínimo y la movilidad mensual vigentes.",142,true,Estimá cuánto vas a cobrar de jubilación,1,true,1437,true,false,true,true,false,true,true,false,true,52,0,true,hubs,
https://hacecuentas.com/jubilacion/pensiones,200,https://hacecuentas.com/jubilacion/pensiones,true,https,,true,"max-image-preview:large, max-snippet:-1, max-video-preview:-1","¿Me corresponde una pensión? — Viudez, invalidez, PUAM y PNC",60,true,"Cuál de las pensiones de ANSES te puede corresponder y cuánto paga cada una: pensión por fallecimiento del cónyuge, PNC por invalidez, PUAM a los 65…",149,true,Entendé quién puede cobrar y cómo se reparte la pensión.,1,true,2099,false,false,true,true,false,true,true,false,true,104,0,true,hubs,
https://hacecuentas.com/jubilacion/prestamo-anses,200,https://hacecuentas.com/jubilacion/prestamo-anses,true,https,,true,"max-image-preview:large, max-snippet:-1, max-video-preview:-1",Préstamo ANSES: cuánto te prestan y con qué haber te quedás,59,true,"Créditos ANSES para jubilados, pensionados y titulares de AUH o SUAF: el máximo que te prestan con el tope del 30% del haber, la cuota real, el bono…",149,true,"Antes de aceptar un préstamo, mirá cuánto te queda del haber.",1,true,1958,false,false,true,true,false,true,true,false,true,104,0,true,hubs,
https://hacecuentas.com/kit,200,https://hacecuentas.com/kit,true,https,,false,"noindex, follow",UI Kit — Hacé Cuentas — calculadoras y guías | Hacé Cuentas,59,true,"Referencia interna del sistema de diseño. Usá herramientas gratuitas, ejemplos claros y fuentes documentadas para entender el resultado y decidir mejor.",152,true,UI Kit de Hacé Cuentas,1,true,716,false,false,false,false,false,true,true,false,false,0,0,false,kit,
https://hacecuentas.com/mapa-del-sitio,200,https://hacecuentas.com/mapa-del-sitio,true,https,,true,"max-image-preview:large, max-snippet:-1, max-video-preview:-1",Mapa del sitio — todas las guías y calculadoras,47,true,"Índice completo de Hacé Cuentas: 490 guías de decisión con calculadoras, organizadas por país y tema.",101,true,Mapa del sitio,1,true,4621,false,false,false,false,false,true,true,false,false,652,0,true,core,
https://hacecuentas.com/mascotas,200,https://hacecuentas.com/mascotas,true,https,,true,"max-image-preview:large, max-snippet:-1, max-video-preview:-1","Calculadoras para perros, gatos y otras mascotas",48,true,"Calculá edad, alimento, peso, gestación, costos y cuidados de perros, gatos y otras mascotas con referencias veterinarias y límites claros.",139,true,Sus años cuentan distinto. Su cuidado también.,1,false,1284,false,false,false,true,false,true,true,true,false,113,0,true,hubs,
https://hacecuentas.com/mascotas/acuario,200,https://hacecuentas.com/mascotas/acuario,true,https,,true,"max-image-preview:large, max-snippet:-1, max-video-preview:-1","¿De cuántos litros tiene que ser mi acuario? Litros, filtro",59,true,"Calculá los litros que necesitás según cantidad y tamaño de peces, el mínimo real de un betta y el acuario de una tortuga acuática con su filtro, su zona…",154,true,Un acuario donde puedan vivir bien.,1,true,2195,false,false,true,true,false,true,true,false,true,104,0,true,hubs,
https://hacecuentas.com/mascotas/cuanta-comida,200,https://hacecuentas.com/mascotas/cuanta-comida,true,https,,true,"max-image-preview:large, max-snippet:-1, max-video-preview:-1",¿Cuánta comida le doy a mi mascota? Gramos por día,50,true,"Calculá los gramos diarios de tu perro, gato, cachorro, conejo o tortuga con la ecuación veterinaria real (RER = 70 × peso^0,75 × factor de etapa).",147,true,No llenes el plato a ojo.,1,false,2095,true,false,true,true,false,true,true,false,true,104,0,true,hubs,
https://hacecuentas.com/mascotas/cuanto-cuesta,200,https://hacecuentas.com/mascotas/cuanto-cuesta,true,https,,true,"max-image-preview:large, max-snippet:-1, max-video-preview:-1",¿Cuánto sale por mes tener un perro o un gato? Presupuesto,58,true,"Calculá el costo mensual de tu mascota en Argentina: alimento, veterinario, arena sanitaria, antipulgas, higiene y extras.",122,true,"Antes de adoptar, calculá si el cuidado entra en tu presupuesto.",1,true,2149,false,false,true,true,false,true,true,false,true,104,0,true,hubs,
https://hacecuentas.com/mascotas/cuanto-vive,200,https://hacecuentas.com/mascotas/cuanto-vive,true,https,,true,"max-image-preview:large, max-snippet:-1, max-video-preview:-1","¿Cuánto vive un conejo, una tortuga o un reptil? Esperanza",58,true,"Calculá cuántos años vive tu conejo, tortuga o reptil según la especie y los cuidados reales: temperatura, UVB y dieta cambian el resultado por décadas.",152,true,No es una cuenta regresiva. Es un mapa para cuidarlo mejor.,1,false,2318,false,false,true,true,true,true,true,false,true,104,0,true,hubs,
https://hacecuentas.com/mascotas/edad-del-gato,200,https://hacecuentas.com/mascotas/edad-del-gato,true,https,,true,"max-image-preview:large, max-snippet:-1, max-video-preview:-1",¿Cuántos años humanos tiene mi gato? Tabla AAFP por edad,56,true,"Convertí la edad de tu gato a años humanos con la tabla real de la AAFP/AAHA: el primer año son 15, el segundo suma 9 y después van 4 por año.",142,true,Su edad no se multiplica por siete.,1,true,2259,true,false,true,true,false,true,true,false,true,107,0,true,hubs-recovery,
https://hacecuentas.com/mascotas/edad-del-perro,200,https://hacecuentas.com/mascotas/edad-del-perro,true,https,,true,"max-image-preview:large, max-snippet:-1, max-video-preview:-1",¿Cuántos años humanos tiene mi perro? Tabla por tamaño,54,true,Convertí la edad de tu perro a años humanos con la tabla real por tamaño (AAHA/AKC) y la curva epigenética de la UCSD 2019.,123,true,Entendé en qué momento de su vida está.,1,false,2113,true,false,true,true,false,true,true,false,true,104,0,true,hubs-recovery,
https://hacecuentas.com/mascotas/gestacion,200,https://hacecuentas.com/mascotas/gestacion,true,https,,true,"max-image-preview:large, max-snippet:-1, max-video-preview:-1",¿Cuánto dura la gestación de mi perra? Fecha de parto,53,true,"La gestación canina dura unos 63 días desde la monta, con un rango normal de 58 a 68. Poné la fecha de la monta y salen la fecha estimada de parto…",147,true,"Prepará la llegada, semana por semana.",1,false,2121,false,false,true,true,false,true,true,false,true,104,0,true,hubs,
https://hacecuentas.com/mascotas/peso-ideal,200,https://hacecuentas.com/mascotas/peso-ideal,true,https,,true,"max-image-preview:large, max-snippet:-1, max-video-preview:-1",¿Cuánto tiene que pesar mi perro o mi gato? Peso ideal,54,true,"Peso ideal por raza con los rangos FCI/AKC por sexo y contextura, más la curva de crecimiento WALTHAM para saber cuánto debería pesar tu cachorro…",146,true,El peso saludable no depende sólo de la raza.,1,true,2304,false,false,true,true,false,true,true,false,true,104,0,true,hubs,
https://hacecuentas.com/mascotas/rutina-y-cuidados,200,https://hacecuentas.com/mascotas/rutina-y-cuidados,true,https,,true,"max-image-preview:large, max-snippet:-1, max-video-preview:-1","¿Cuánto ejercicio necesita mi perro? Paseos, baño y corte",57,true,"Minutos de paseo por día según raza, energía, tamaño y edad, en cuántas salidas repartirlos, cada cuántos días bañarlo según el pelo y la piel, y cada…",151,true,"Una rutina sana, sin tener que adivinar.",1,false,2433,false,false,true,true,false,true,true,false,true,104,0,true,hubs,
https://hacecuentas.com/matematica,200,https://hacecuentas.com/matematica,true,https,,true,"max-image-preview:large, max-snippet:-1, max-video-preview:-1",Calculadoras de matemática con procedimiento paso a paso,56,true,"Resolvé porcentajes, ecuaciones, matrices, geometría, estadística, límites e integrales con fórmulas, ejemplos y procedimiento explicado.",137,true,No memorices la fórmula. Entendé qué estás buscando.,1,false,1256,true,false,false,true,false,true,true,true,false,120,0,true,hubs,
https://hacecuentas.com/matematica/area-y-perimetro,200,https://hacecuentas.com/matematica/area-y-perimetro,true,https,,true,"max-image-preview:large, max-snippet:-1, max-video-preview:-1",¿Cuál es el área y el perímetro de esta figura?,47,true,"Área y perímetro de círculo, sector circular, triángulo (por Herón o por coordenadas), trapecio, rombo y polígono regular.",122,true,Dibujá la medida antes de calcularla.,1,false,1734,true,false,true,true,false,true,true,false,true,105,0,true,hubs,
https://hacecuentas.com/matematica/derivadas,200,https://hacecuentas.com/matematica/derivadas,true,https,,true,"max-image-preview:large, max-snippet:-1, max-video-preview:-1","¿Cómo derivo esta función? — Reglas, parciales, tangente",56,true,"Derivada paso a paso: regla de la potencia, producto, cociente y cadena, polinomio por coeficientes, derivadas parciales, derivación implícita, recta…",150,true,Mové el punto. Mirá cómo cambia la pendiente.,1,false,1899,true,false,true,true,false,true,true,false,true,105,0,true,hubs,
https://hacecuentas.com/matematica/ecuaciones-y-polinomios,200,https://hacecuentas.com/matematica/ecuaciones-y-polinomios,true,https,,true,"max-image-preview:large, max-snippet:-1, max-video-preview:-1","¿Cómo resuelvo esta ecuación? — Cuadrática, inecuaciones",56,true,"Fórmula resolvente con discriminante y raíces complejas, inecuaciones lineales, polinómicas, racionales y con valor absoluto resueltas por tabla…",145,true,Encontrá dónde el polinomio toca el piso.,1,false,2599,true,false,true,true,false,true,true,false,true,105,0,true,hubs-recovery,
https://hacecuentas.com/matematica/estadistica-descriptiva,200,https://hacecuentas.com/matematica/estadistica-descriptiva,true,https,,true,"max-image-preview:large, max-snippet:-1, max-video-preview:-1","¿Qué me dicen estos datos? — Media, mediana, desvío",51,true,"Media, mediana, moda y rango; varianza y desvío estándar (poblacional o muestral); coeficiente de variación; percentiles, cuartiles y outliers; z-score.",152,true,Convertí una fila de números en una historia visible.,1,false,1639,true,false,true,true,false,true,true,false,true,105,0,true,hubs,
https://hacecuentas.com/matematica/estadistica-inferencial,200,https://hacecuentas.com/matematica/estadistica-inferencial,true,https,,true,"max-image-preview:large, max-snippet:-1, max-video-preview:-1","¿Puedo confiar en esta muestra? — Tamaño, intervalos",52,true,"Tamaño de muestra para una encuesta, intervalo de confianza para la media (con z o con t de Student), correlación de Pearson y test chi-cuadrado…",145,true,Una muestra puede acertar. O puede engañarte.,1,true,1667,true,false,true,true,false,true,true,false,true,105,0,true,hubs,
https://hacecuentas.com/matematica/fracciones,200,https://hacecuentas.com/matematica/fracciones,true,https,,true,"max-image-preview:large, max-snippet:-1, max-video-preview:-1","¿Cómo opero con fracciones? — Sumar, restar, simplificar",56,true,"Suma y resta con mcm de denominadores, multiplicación y división, simplificación a fracción irreducible por mcd, conversión entre fracción impropia…",148,true,"Si podés verlo, podés operarlo.",1,false,1735,true,false,true,true,false,true,true,false,true,105,0,true,hubs-recovery,
https://hacecuentas.com/matematica/geometria-analitica,200,https://hacecuentas.com/matematica/geometria-analitica,true,https,,true,"max-image-preview:large, max-snippet:-1, max-video-preview:-1","¿Cómo trabajo con puntos, rectas y vectores en el plano?",56,true,"Distancia entre dos puntos en 2D y 3D, punto medio, ecuación de la recta por dos puntos o por punto y pendiente, y operaciones con vectores: módulo…",148,true,Dos puntos cuentan toda una recta.,1,true,1691,true,false,true,true,false,true,true,false,true,105,0,true,hubs,
https://hacecuentas.com/matematica/limites-e-integrales,200,https://hacecuentas.com/matematica/limites-e-integrales,true,https,,true,"max-image-preview:large, max-snippet:-1, max-video-preview:-1",¿Cómo calculo este límite o esta integral? — Paso a paso,56,true,"Límites en un punto y en el infinito con indeterminaciones 0/0 e ∞/∞ y regla de L'Hôpital, dominio y rango, asíntotas verticales, horizontales…",143,true,Aproximarse y acumular son dos formas de entender una curva.,1,false,1821,true,false,true,true,false,true,true,false,true,105,0,true,hubs-recovery,
https://hacecuentas.com/matematica/porcentajes,200,https://hacecuentas.com/matematica/porcentajes,true,https,,true,"max-image-preview:large, max-snippet:-1, max-video-preview:-1",¿Cómo calculo un porcentaje? — Calculadora de porcentajes,57,true,"Cuánto es el X% de un número, qué porcentaje es A de B, cuánto aumentó o bajó algo, el precio con descuento, el número original antes del porcentaje…",149,true,La cuenta cambia. La lógica siempre se puede ver.,1,false,1864,true,false,true,true,false,true,true,false,true,108,0,true,hubs,
https://hacecuentas.com/matematica/probabilidad,200,https://hacecuentas.com/matematica/probabilidad,true,https,,true,"max-image-preview:large, max-snippet:-1, max-video-preview:-1","¿Cuál es la probabilidad? Dados, sorteos, combinatoria",54,true,"Tirá un dado o sorteá números al azar, calculá la probabilidad de un evento y de que ocurra al menos una vez en N intentos, cuántas combinaciones…",146,true,¿Qué puede pasar y qué tan probable es?,1,false,2320,true,false,true,true,false,true,true,false,true,105,0,true,hubs,
https://hacecuentas.com/matematica/sistemas-y-matrices,200,https://hacecuentas.com/matematica/sistemas-y-matrices,true,https,,true,"max-image-preview:large, max-snippet:-1, max-video-preview:-1",¿Cómo resuelvo este sistema de ecuaciones?,42,true,"Sistemas 2×2 por Cramer, sistemas 3×3, eliminación de Gauss-Jordan paso a paso y determinante e inversa de matrices 2×2 y 3×3.",126,true,Hacé cero lo que molesta.,1,false,1813,true,false,true,true,false,true,true,false,true,105,0,true,hubs-recovery,
https://hacecuentas.com/matematica/sucesiones-y-series,200,https://hacecuentas.com/matematica/sucesiones-y-series,true,https,,true,"max-image-preview:large, max-snippet:-1, max-video-preview:-1","¿Cómo sigue esta sucesión? — Progresiones, Fibonacci",52,true,"Término general y suma de una progresión aritmética o geométrica, suma de una serie geométrica infinita, sucesión de Fibonacci y polinomio de Taylor.",149,true,Descubrí el patrón antes de sumar.,1,false,1773,true,false,true,true,false,true,true,false,true,105,0,true,hubs-recovery,
https://hacecuentas.com/matematica/triangulos-y-trigonometria,200,https://hacecuentas.com/matematica/triangulos-y-trigonometria,true,https,,true,"max-image-preview:large, max-snippet:-1, max-video-preview:-1","¿Cómo resuelvo este triángulo? — Pitágoras, trigonometría",57,true,"Pitágoras, seno, coseno y tangente, resolución de triángulos rectángulos, ley de senos, ley de cosenos, teorema de Tales, diagonal de un rectángulo…",148,true,Resolvé el triángulo viendo qué pasa.,1,true,1150,true,false,false,true,false,true,true,true,false,105,0,true,hubs,
https://hacecuentas.com/matematica/volumen-de-cuerpos,200,https://hacecuentas.com/matematica/volumen-de-cuerpos,true,https,,true,"max-image-preview:large, max-snippet:-1, max-video-preview:-1","¿Cuánto volumen tiene este cuerpo? — Caja, cilindro, cono",57,true,"Calculá volumen, capacidad en litros y superficie de cajas, cilindros, conos, esferas y pirámides con fórmula y procedimiento paso a paso.",138,true,"¿Cuánto entra, ocupa o cubre?",1,true,2114,true,false,true,true,false,true,true,false,true,105,0,true,hubs,
https://hacecuentas.com/metodologia,200,https://hacecuentas.com/metodologia,true,https,,true,"max-image-preview:large, max-snippet:-1, max-video-preview:-1","Cómo verificamos fórmulas, datos y fuentes | Metodología",56,true,"Conocé cómo Hacé Cuentas selecciona fuentes, prueba fórmulas, actualiza valores, trata contenidos sensibles y corrige errores.",126,true,Un resultado vale tanto como su método.,1,false,788,true,false,false,false,true,true,true,true,false,86,0,true,core,
https://hacecuentas.com/mi,200,https://hacecuentas.com/mi,true,https,,true,"max-image-preview:large, max-snippet:-1, max-video-preview:-1",Mis productos — Hacé Cuentas,28,true,"Cuatro productos para las cuentas que repetís cada mes: Mi Plata, Mi Trabajo, Mi Casa y Mi Familia.",99,true,Tus productos,1,true,206,false,false,false,false,false,true,true,true,false,11,0,false,mi,
https://hacecuentas.com/mi-hacecuentas,200,https://hacecuentas.com/mi-hacecuentas,true,https,,false,"noindex, follow",Mi Hacé Cuentas — tu perfil numérico,36,true,Iniciá sesión para guardar tu perfil y que precargue todas las calculadoras en cualquier dispositivo. Login sin contraseña.,123,true,Guardá los números que repetís.,1,false,852,true,false,false,false,false,true,true,false,false,19,0,false,mi-hacecuentas,
https://hacecuentas.com/mi/casa,200,https://hacecuentas.com/mi/casa,true,https,,true,"max-image-preview:large, max-snippet:-1, max-video-preview:-1","Mi Casa — Alquiler, crédito y gastos | Hacé Cuentas",51,true,"Actualización de alquiler por ICL, cuota del crédito UVA, gastos de comprar, escritura y mudanza.",97,true,Mi Casa,1,true,412,false,false,false,false,false,true,true,true,false,26,0,false,mi,
https://hacecuentas.com/mi/familia,200,https://hacecuentas.com/mi/familia,true,https,,true,"max-image-preview:large, max-snippet:-1, max-video-preview:-1","Mi Familia — Embarazo, hijos y licencias | Hacé Cuentas",55,true,"Semanas de embarazo, calendario de vacunas, licencia por maternidad, percentil de crecimiento, leche y asignaciones.",116,true,Mi Familia,1,true,430,true,false,false,false,false,true,true,true,false,27,0,false,mi,
https://hacecuentas.com/mi/plata,200,https://hacecuentas.com/mi/plata,true,https,,true,"max-image-preview:large, max-snippet:-1, max-video-preview:-1","Mi Plata — Tu dinero, mes a mes | Hacé Cuentas",46,true,"Tu centro de finanzas personales: presupuesto, sueldo vs inflación, deudas, ahorro y metas. Con seguimiento mensual, alertas y tu perfil que precarga todo.",155,true,Mi Plata,1,true,429,false,false,false,false,false,true,true,true,false,27,0,false,mi,
https://hacecuentas.com/mi/trabajo,200,https://hacecuentas.com/mi/trabajo,true,https,,true,"max-image-preview:large, max-snippet:-1, max-video-preview:-1","Mi Trabajo — Sueldo, recibo y derechos | Hacé Cuentas",53,true,"Sueldo neto, recibo, Ganancias, aguinaldo, vacaciones, horas extra y liquidación. Tu perfil precarga sueldo y antigüedad, y te avisamos cuando cambia…",150,true,Mi Trabajo,1,true,455,false,false,false,false,false,true,true,true,false,27,0,false,mi,
https://hacecuentas.com/mundial-2026,200,https://hacecuentas.com/mundial-2026,true,https,,true,"max-image-preview:large, max-snippet:-1, max-video-preview:-1",Quién ganó el Mundial 2026: España campeón,42,true,"España ganó el Mundial 2026 tras vencer a Argentina en la final. Resultado, podio, cuadro y los 104 partidos del torneo.",120,true,España ganó el Mundial 2026,1,true,360,true,false,false,false,true,true,true,false,false,62,0,true,core,
https://hacecuentas.com/mx,200,https://hacecuentas.com/mx,true,https,,true,"max-image-preview:large, max-snippet:-1, max-video-preview:-1","Calculadoras de México 2026: sueldo, ISR e IMSS",47,true,"Calculadoras de México actualizadas a 2026 para sueldo neto, ISR, IMSS, aguinaldo, finiquito, vivienda y trámites, con fuentes oficiales.",137,true,De tu nómina a tu próxima decisión.,1,false,1249,false,false,false,true,false,true,true,true,false,114,0,true,hubs,
https://hacecuentas.com/mx/auto,200,https://hacecuentas.com/mx/auto,true,https,,true,"max-image-preview:large, max-snippet:-1, max-video-preview:-1",Auto en México — calculadoras y guías | Hacé Cuentas,52,true,"Tenencia, verificación, placas, crédito automotriz e ISAN: lo que cuesta comprar, tener y usar un auto en México, estado por estado.",132,true,Auto,1,true,467,false,false,false,false,false,true,true,false,false,49,0,true,hubs-recovery,
https://hacecuentas.com/mx/auto/comprar-o-vender-auto,200,https://hacecuentas.com/mx/auto/comprar-o-vender-auto,true,https,,true,"max-image-preview:large, max-snippet:-1, max-video-preview:-1","Comprar o vender auto en México: contado o crédito, ISAN",56,true,"Compara pagar de contado contra financiar con el costo de oportunidad real, calcula la mensualidad y el CAT del crédito automotriz, el ISAN del auto…",149,true,El precio de publicación es sólo el comienzo.,1,false,1266,false,false,true,true,false,true,true,true,false,97,0,true,hubs-recovery,
https://hacecuentas.com/mx/auto/gasto-de-usar-el-auto,200,https://hacecuentas.com/mx/auto/gasto-de-usar-el-auto,true,https,,true,"max-image-preview:large, max-snippet:-1, max-video-preview:-1",Cuánto cuesta usar el auto en México,36,true,"Calcula el costo real de manejar: gasolina y casetas de un viaje en carretera, si conviene convertir a gas LP con su punto de recuperación…",139,true,"Tu auto cobra por kilómetro, aunque no te dé ticket.",1,true,229,false,false,false,false,true,true,true,false,true,45,0,true,hubs-recovery,
https://hacecuentas.com/mx/auto/tenencia-verificacion-y-placas,200,https://hacecuentas.com/mx/auto/tenencia-verificacion-y-placas,true,https,,true,"max-image-preview:large, max-snippet:-1, max-video-preview:-1","Tenencia, verificación y placas: cuánto cuesta traer",52,true,"Calcula lo que pagas al año por tener el auto en orden en México: tenencia y refrendo según tu estado y el valor de factura, verificación vehicular…",148,true,Tu auto necesita un expediente y un calendario.,1,false,216,false,false,false,false,true,true,true,false,true,45,0,true,hubs,
https://hacecuentas.com/mx/calculadoras,200,https://hacecuentas.com/mx/calculadoras,true,https,,true,"max-image-preview:large, max-snippet:-1, max-video-preview:-1",Todas las calculadoras de México — 36 gratis | Hacé Cuentas,59,true,"Catálogo completo de 36 calculadoras online gratis para México: salario mínimo, UMA, ISR, aguinaldo, finiquito, IMSS. Filtrá y entrá a cualquiera.",146,true,Calculadoras de México,1,true,614,false,false,false,false,false,true,true,false,false,44,0,true,core,
https://hacecuentas.com/mx/datos-salario-minimo-mexico-2026,200,https://hacecuentas.com/mx/datos-salario-minimo-mexico-2026,true,https,,true,"max-image-preview:large, max-snippet:-1, max-video-preview:-1","Salario mínimo México 2026: diario, mensual y frontera",54,true,"Salario mínimo México 2026: $315,04 diarios, $9.577,22 mensuales y $440,87 en la Frontera Norte. Tabla oficial, UMA y prestaciones.",131,true,"Salario mínimo México 2026: $315,04 diarios",1,true,639,true,false,true,false,true,true,true,false,true,12,0,true,priority,
https://hacecuentas.com/mx/datos-uma-imss-2026,200,https://hacecuentas.com/mx/datos-uma-imss-2026,true,https,,true,"max-image-preview:large, max-snippet:-1, max-video-preview:-1","UMA 2026 México: $117,31 diaria, mensual y anual",48,true,"Valor UMA 2026: $117,31 diarios, $3.566,22 mensuales y $42.794,64 anuales. Tabla oficial del INEGI y equivalencias para IMSS y multas.",134,true,Valor de la UMA 2026,1,true,1589,true,false,true,true,true,true,true,false,true,8,11,true,priority,
https://hacecuentas.com/mx/familia,200,https://hacecuentas.com/mx/familia,true,https,,true,"max-image-preview:large, max-snippet:-1, max-video-preview:-1",Familia en México — calculadoras y guías | Hacé Cuentas,55,true,"Pensión alimenticia, licencias de maternidad y paternidad e incapacidades del IMSS, con los días y porcentajes que fija la ley.",127,true,Familia,1,true,395,false,false,false,false,false,true,true,false,false,48,0,true,hubs-recovery,
https://hacecuentas.com/mx/familia/licencias-e-incapacidades,200,https://hacecuentas.com/mx/familia/licencias-e-incapacidades,true,https,,true,"max-image-preview:large, max-snippet:-1, max-video-preview:-1","Incapacidad y licencias IMSS 2026: maternidad, paternidad",57,true,"Calcula cuánto te paga el IMSS y por cuántos días: subsidio de maternidad al 100% durante 84 días, los 5 días de licencia de paternidad de la LFT, el 60%…",154,true,¿Cuántos días te corresponden y cuánto cobras?,1,false,2275,true,false,true,true,false,true,true,false,true,95,0,true,hubs-recovery,
https://hacecuentas.com/mx/familia/pension-alimenticia,200,https://hacecuentas.com/mx/familia/pension-alimenticia,true,https,,true,"max-image-preview:large, max-snippet:-1, max-video-preview:-1",Pensión alimenticia en México 2026: cuánto corresponde,54,true,"Calcula el rango de pensión alimenticia por número de hijos y tipo de custodia, cuánto queda de tu sueldo tras el descuento en nómina, y cómo…",142,true,Primero medimos las necesidades. Después repartimos la capacidad.,1,false,214,false,false,false,false,true,true,true,false,true,45,0,true,hubs-recovery,
https://hacecuentas.com/mx/finanzas,200,https://hacecuentas.com/mx/finanzas,true,https,,true,"max-image-preview:large, max-snippet:-1, max-video-preview:-1",Finanzas en México — calculadoras y guías | Hacé Cuentas,56,true,"Afore, créditos de vivienda, deudas de tarjeta y dónde rinde tu dinero, con el CAT y las tasas que se publican oficialmente.",124,true,Finanzas,1,true,579,false,false,false,false,false,true,true,false,false,50,0,true,hubs-recovery,
https://hacecuentas.com/mx/finanzas/credito-de-vivienda,200,https://hacecuentas.com/mx/finanzas/credito-de-vivienda,true,https,,true,"max-image-preview:large, max-snippet:-1, max-video-preview:-1",Crédito Infonavit 2026: cuánto te presta y cuánto pagas,55,true,"Calculá tu crédito Infonavit 2026: precalificación, monto máximo, descuento vía nómina, escenario Fovissste y la hipoteca bancaria con enganche, en México.",155,true,¿Cuánto te prestan y cuánto vas a pagar cada mes?,1,true,2164,false,false,true,true,false,true,true,true,false,100,0,true,hubs,
https://hacecuentas.com/mx/finanzas/deudas-y-credito,200,https://hacecuentas.com/mx/finanzas/deudas-y-credito,true,https,,true,"max-image-preview:large, max-snippet:-1, max-video-preview:-1",Deudas y crédito en México: cuánto cuesta de verdad,51,true,"Calcula en cuántos meses liquidas tu tarjeta y cuánto pagas de intereses con IVA, si te conviene un pago a meses sin intereses o de contado, y el costo…",152,true,"Antes de pagar o pedir prestado, mirá el costo completo.",1,false,2230,false,false,true,true,false,true,true,false,true,97,0,true,hubs,
https://hacecuentas.com/mx/finanzas/donde-invierto,200,https://hacecuentas.com/mx/finanzas/donde-invierto,true,https,,true,"max-image-preview:large, max-snippet:-1, max-video-preview:-1",Dónde rinde más mi dinero en México,35,true,"Compara el rendimiento neto de Cetes por plazo, de un pagaré bancario, de las cuentas de ahorro y fintech, y descuenta lo que se llevan las comisiones…",151,true,Ubicá tu dinero en el mapa de riesgo y liquidez.,1,true,213,false,false,false,false,true,true,true,false,true,45,0,true,hubs-recovery,
https://hacecuentas.com/mx/finanzas/mi-afore,200,https://hacecuentas.com/mx/finanzas/mi-afore,true,https,,true,"max-image-preview:large, max-snippet:-1, max-video-preview:-1","Afore 2026: saldo proyectado, comisiones, ahorro voluntario",59,true,"Calcula cuánto vas a tener en tu Afore al jubilarte, cuánto se lleva la comisión en 10 y 30 años, cuánto ISR te devuelve el SAT por ahorro voluntario…",150,true,Convertí tu estado de cuenta en una ruta de retiro.,1,false,216,false,false,false,false,true,true,true,false,true,45,0,true,hubs-recovery,
https://hacecuentas.com/mx/futbol-mexicano-hoy,200,https://hacecuentas.com/mx/futbol-mexicano-hoy,true,https,,true,"max-image-preview:large, max-snippet:-1, max-video-preview:-1","Fútbol mexicano hoy: partidos, resultados y tablas",50,true,"Partidos de hoy, resultados, próximos encuentros, horarios locales y tablas actualizadas del fútbol mexicano, con resultados recientes y agenda…",144,true,"Fútbol mexicano, hoy",1,true,856,false,false,false,false,true,true,true,false,true,15,0,true,priority,
https://hacecuentas.com/mx/hogar,200,https://hacecuentas.com/mx/hogar,true,https,,true,"max-image-preview:large, max-snippet:-1, max-video-preview:-1",Hogar en México — calculadoras y guías | Hacé Cuentas,53,true,"Luz de CFE, gas LP, paneles solares y costo de obra por metro cuadrado, con las tarifas y precios de referencia vigentes.",121,true,Hogar,1,true,295,false,false,false,false,false,true,true,false,false,47,0,true,hubs-recovery,
https://hacecuentas.com/mx/hogar/servicios-y-obra,200,https://hacecuentas.com/mx/hogar/servicios-y-obra,true,https,,true,"max-image-preview:large, max-snippet:-1, max-video-preview:-1","Luz CFE, gas LP, paneles solares y costo de obra",48,true,"Calcula tu recibo bimestral de CFE con los tramos de la tarifa doméstica y la DAC, cuánto ahorras con paneles solares y en cuánto se pagan, cuánto cuesta…",154,true,Entendé el recibo. Planeá la mejora. Cuidá el presupuesto.,1,false,1086,false,false,true,true,false,true,true,true,false,93,0,true,hubs,
https://hacecuentas.com/mx/impuestos,200,https://hacecuentas.com/mx/impuestos,true,https,,true,"max-image-preview:large, max-snippet:-1, max-video-preview:-1",Impuestos en México — calculadoras y guías | Hacé Cuentas,57,true,"ISR, IVA, deducciones y trámites del SAT, calculados con las tarifas del Anexo 8 de la RMF y el artículo de la LISR que corresponde.",132,true,Impuestos,1,true,723,false,false,false,false,false,true,true,false,false,54,0,true,hubs-recovery,
https://hacecuentas.com/mx/impuestos/declaracion-anual,200,https://hacecuentas.com/mx/impuestos/declaracion-anual,true,https,,true,"max-image-preview:large, max-snippet:-1, max-video-preview:-1",Declaración anual SAT 2026: quién declara y cuánto devuelven,60,true,"Calculá tu declaración anual SAT 2026: ISR anual con la tarifa del Art. 152, deducciones personales, colegiaturas y tu saldo a favor estimado en México.",152,true,Prepará la declaración antes de abrir el portal del SAT.,1,true,201,false,false,false,false,true,true,true,false,true,45,0,true,hubs,
https://hacecuentas.com/mx/impuestos/importar-productos,200,https://hacecuentas.com/mx/impuestos/importar-productos,true,https,,true,"max-image-preview:large, max-snippet:-1, max-video-preview:-1",Calculadora de importación a México,35,true,"Calcula el costo puesto en México de una importación: mercancía, flete, seguro, IGI, DTA, IVA, agente aduanal y costo final por unidad.",135,true,¿Cuánto me cuesta realmente importar un producto a México?,1,true,506,false,false,false,false,true,true,true,false,true,47,0,true,hubs,
https://hacecuentas.com/mx/impuestos/impuestos-de-mi-empresa,200,https://hacecuentas.com/mx/impuestos/impuestos-de-mi-empresa,true,https,,true,"max-image-preview:large, max-snippet:-1, max-video-preview:-1","Impuestos de mi empresa en México: ISR, RESICO PM y costo",57,true,"Cuánto ISR paga tu persona moral en el régimen general del 30% frente a RESICO PM por flujo de efectivo, cuánto te cuesta timbrar CFDI y cobrar…",144,true,Los impuestos de la empresa necesitan lugar en el flujo de caja.,1,true,163,false,false,false,false,true,true,true,false,true,45,0,true,hubs-recovery,
https://hacecuentas.com/mx/impuestos/isr-de-mis-inversiones,200,https://hacecuentas.com/mx/impuestos/isr-de-mis-inversiones,true,https,,true,"max-image-preview:large, max-snippet:-1, max-video-preview:-1","ISR de inversiones en México: intereses, bolsa, dividendos",58,true,"Calcula el ISR de tus rendimientos: retención del banco sobre Cetes y pagarés, 10% definitivo de la bolsa, dividendos con piramidación, ganancia…",145,true,La ganancia es una. El impuesto depende de dónde salió.,1,false,2157,false,false,true,true,false,true,true,false,true,97,0,true,hubs-recovery,
https://hacecuentas.com/mx/impuestos/iva,200,https://hacecuentas.com/mx/impuestos/iva,true,https,,true,"max-image-preview:large, max-snippet:-1, max-video-preview:-1","IVA en México: calcular 16%, 8% de frontera, trasladado",55,true,"Suma o extrae el IVA de cualquier monto con la tasa que te toca, resuelve tu declaración mensual restando el IVA acreditable del trasladado y entiende…",151,true,El IVA se entiende mejor con dos páginas abiertas.,1,true,207,false,false,false,false,true,true,true,false,true,45,0,true,hubs,
https://hacecuentas.com/mx/impuestos/rentar-mi-departamento,200,https://hacecuentas.com/mx/impuestos/rentar-mi-departamento,true,https,,true,"max-image-preview:large, max-snippet:-1, max-video-preview:-1",Rentar un departamento en México: ISR de arrendamiento,54,true,"Cuánto ISR pagas por rentar, si te conviene la deducción ciega del 35% o las deducciones reales, cuánto te retiene un inquilino persona moral…",142,true,La renta que cobras atraviesa varios pisos antes de llegar a tú.,1,false,186,false,false,false,false,true,true,true,false,true,45,0,true,hubs-recovery,
https://hacecuentas.com/mx/impuestos/vender-o-heredar-un-inmueble,200,https://hacecuentas.com/mx/impuestos/vender-o-heredar-un-inmueble,true,https,,true,"max-image-preview:large, max-snippet:-1, max-video-preview:-1","Vender, heredar o donar una casa en México",42,true,"Cuánto ISR pagas al vender tu casa con la exención de 700.000 UDIS, qué pasa si es terreno o local comercial, y cuánto cuesta realmente heredar, donar…",151,true,"La operación cambia de raíz según vendas, heredes o dones.",1,false,201,false,false,false,false,true,true,true,false,true,45,0,true,hubs-recovery,
https://hacecuentas.com/mx/trabajo,200,https://hacecuentas.com/mx/trabajo,true,https,,true,"max-image-preview:large, max-snippet:-1, max-video-preview:-1",Trabajo en México — calculadoras y guías | Hacé Cuentas,55,true,"Sueldo, finiquito, prestaciones de ley y pensiones del IMSS, resueltos con la tarifa de ISR vigente y el artículo de la LFT o de la LSS que aplica…",147,true,Trabajo,1,true,677,false,false,false,false,false,true,true,false,false,52,0,true,hubs-recovery,
https://hacecuentas.com/mx/trabajo/aguinaldo-prima-y-ptu,200,https://hacecuentas.com/mx/trabajo/aguinaldo-prima-y-ptu,true,https,,true,"max-image-preview:large, max-snippet:-1, max-video-preview:-1","Aguinaldo, prima y PTU México 2026: cuánto te toca",50,true,"Calculá tu aguinaldo 2026, prima vacacional y PTU en México con las exenciones de ISR en UMA del Art. 93 de la LISR y el método de tasa efectiva.",145,true,Tus prestaciones llegan en momentos distintos del año.,1,false,160,false,false,false,false,true,true,true,false,true,45,0,true,hubs,
https://hacecuentas.com/mx/trabajo/costo-de-un-empleado,200,https://hacecuentas.com/mx/trabajo/costo-de-un-empleado,true,https,,true,"max-image-preview:large, max-snippet:-1, max-video-preview:-1","Costo de un empleado México 2026: IMSS, SDI y cuotas",52,true,"Calcula el factor de integración 2026, salario diario integrado (SDI) y costo patronal con IMSS, INFONAVIT, ISN y prestaciones en México.",137,true,El sueldo es sólo una parte de la nómina.,1,false,2193,true,false,true,true,false,true,true,false,true,100,0,true,hubs,
https://hacecuentas.com/mx/trabajo/finiquito-y-liquidacion,200,https://hacecuentas.com/mx/trabajo/finiquito-y-liquidacion,true,https,,true,"max-image-preview:large, max-snippet:-1, max-video-preview:-1",Finiquito y liquidación México 2026: cuánto te deben pagar,58,true,"Calculadora de finiquito y liquidación en México 2026: partes proporcionales, 3 meses de indemnización, 20 días por año y prima de antigüedad según LFT.",152,true,Lo que te deben depende de cómo terminó.,1,true,1411,false,false,true,true,false,true,true,true,false,100,0,true,hubs-recovery,
https://hacecuentas.com/mx/trabajo/mi-pension-imss,200,https://hacecuentas.com/mx/trabajo/mi-pension-imss,true,https,,true,"max-image-preview:large, max-snippet:-1, max-video-preview:-1","Pensión IMSS 2026: Ley 73, Ley 97, Modalidad 40 y semanas",57,true,"Estimá tu pensión IMSS 2026 por Ley 73 o Ley 97, revisá semanas cotizadas y compará el efecto de salario, edad y Modalidad 40.",126,true,Tu pensión empieza por saber qué ley te corresponde.,1,true,2250,false,false,true,true,false,true,true,false,true,97,0,true,hubs,
https://hacecuentas.com/mx/trabajo/vacaciones-y-jornada,200,https://hacecuentas.com/mx/trabajo/vacaciones-y-jornada,true,https,,true,"max-image-preview:large, max-snippet:-1, max-video-preview:-1","Vacaciones y horas extra México 2026: días, pago y jornada",58,true,"Cuántos días de vacaciones te tocan en México 2026 con la reforma de vacaciones dignas, prima vacacional, horas extra dobles y triples y jornada de 40 h.",153,true,Tu semana y tus vacaciones deben caber en la misma agenda.,1,true,167,false,false,false,false,true,true,true,false,true,45,0,true,hubs-recovery,
https://hacecuentas.com/mx/tramites,200,https://hacecuentas.com/mx/tramites,true,https,,true,"max-image-preview:large, max-snippet:-1, max-video-preview:-1",Trámites en México — calculadoras y guías | Hacé Cuentas,56,true,"Pasaporte, INE, RFC y licencia de conducir: cuánto cuesta cada documento y qué… Consultá trámites en méxico con datos, herramientas y fuentes para México.",154,true,Trámites,1,true,266,false,false,false,false,false,true,true,false,false,47,0,true,hubs-recovery,
https://hacecuentas.com/mx/tramites/costo-de-mis-documentos,200,https://hacecuentas.com/mx/tramites/costo-de-mis-documentos,true,https,,true,"max-image-preview:large, max-snippet:-1, max-video-preview:-1","Cuánto cuesta el pasaporte, la licencia y la credencial",55,true,"Compara los derechos del pasaporte mexicano por vigencia de 3, 6 y 10 años con sus descuentos, calcula lo que te cobra tu estado por la licencia…",145,true,Tu licencia cuesta más que el primer pago.,1,true,1705,false,false,true,true,false,true,true,false,true,93,0,true,hubs,
https://hacecuentas.com/mx/vida,200,https://hacecuentas.com/mx/vida,true,https,,true,"max-image-preview:large, max-snippet:-1, max-video-preview:-1",Vida en México — calculadoras y guías | Hacé Cuentas,52,true,"Cuánto cuesta vivir, estudiar, organizar una fiesta o acceder a un apoyo del gobierno en México, con precios y montos verificados.",130,true,Vida,1,true,576,false,false,false,false,false,true,true,false,false,50,0,true,hubs-recovery,
https://hacecuentas.com/mx/vida/apoyos-del-bienestar,200,https://hacecuentas.com/mx/vida/apoyos-del-bienestar,true,https,,true,"max-image-preview:large, max-snippet:-1, max-video-preview:-1",Apoyos del Bienestar 2026: pensión de adultos mayores,53,true,"Checa si calificas para la Pensión para el Bienestar de Adultos Mayores, la Pensión Mujeres Bienestar, la de personas con discapacidad o Jóvenes…",145,true,"Buscá apoyos por persona, no por una lista interminable.",1,true,220,false,false,false,false,true,true,true,false,true,45,0,true,hubs-recovery,
https://hacecuentas.com/mx/vida/cuanto-cuesta-vivir,200,https://hacecuentas.com/mx/vida/cuanto-cuesta-vivir,true,https,,true,"max-image-preview:large, max-snippet:-1, max-video-preview:-1",Cuánto cuesta vivir en México: presupuesto mensual y cuánta,59,true,"Calcula cuánto necesitas al mes para vivir según tu hogar y tu ciudad, cuánto se va en despensa, cuánta renta soporta tu sueldo, cuánto cuesta rentar…",150,true,¿Cuánto cuesta vivir donde quieres?,1,true,173,false,false,false,false,true,true,true,false,true,46,0,true,hubs-recovery,
https://hacecuentas.com/mx/vida/escuela-y-becas,200,https://hacecuentas.com/mx/vida/escuela-y-becas,true,https,,true,"max-image-preview:large, max-snippet:-1, max-video-preview:-1",Cuánto cuesta la escuela en México y qué beca te toca,53,true,"Calcula el costo total de una carrera en universidad privada con beca y crédito educativo, el gasto de regreso a clases por alumno, el monto de las becas…",154,true,"Escuela, gastos y becas en un solo plan",1,true,177,false,false,false,false,true,true,true,false,true,46,0,true,hubs-recovery,
https://hacecuentas.com/mx/vida/organizar-una-fiesta,200,https://hacecuentas.com/mx/vida/organizar-una-fiesta,true,https,,true,"max-image-preview:large, max-snippet:-1, max-video-preview:-1","Organizar una fiesta en México: cuánta comida, bebida",53,true,"Calcula el presupuesto de tu fiesta o noche mexicana por invitado, cuántos litros de bebida y kilos de carne comprar para la carne asada y cómo dividir…",152,true,"Tu fiesta, organizada de punta a punta",1,true,163,false,false,false,false,true,true,true,false,true,46,0,true,hubs-recovery,
https://hacecuentas.com/nba-2026,200,https://hacecuentas.com/nba-2026,true,https,,true,"max-image-preview:large, max-snippet:-1, max-video-preview:-1","NBA hoy: partidos, resultados, posiciones y calendario",54,true,"Calendario semanal de la NBA, horarios, resultados finales y tabla de posiciones, actualizado automáticamente al terminar cada partido.",135,true,"NBA hoy: partidos, resultados y toda la temporada",1,true,1037,true,false,true,false,true,true,true,false,true,14,0,true,priority,
https://hacecuentas.com/negocios,200,https://hacecuentas.com/negocios,true,https,,true,"max-image-preview:large, max-snippet:-1, max-video-preview:-1","Calculadoras para negocios: costos, precios, margen",51,true,"Calculá punto de equilibrio, margen, markup, costos, precios, flujo de caja, rentabilidad y métricas comerciales de tu negocio.",127,true,Vender más sirve si también te queda más.,1,false,1276,false,false,false,true,false,true,true,true,false,115,0,true,hubs,
https://hacecuentas.com/negocios-e-independientes,200,https://hacecuentas.com/negocios-e-independientes,true,https,,true,"max-image-preview:large, max-snippet:-1, max-video-preview:-1",Negocios y trabajadores independientes — calculadoras 2026,58,true,"Margen de ganancia, punto de equilibrio, precios con IVA, costo laboral, tarifa freelance por hora, ROAS y CAC/LTV.",115,true,Que tu negocio cierre los números. — Negocios y trabajadores independientes 2026,1,true,364,true,false,false,false,false,true,true,false,false,20,0,true,core,
https://hacecuentas.com/negocios/capital-de-trabajo,200,https://hacecuentas.com/negocios/capital-de-trabajo,true,https,,true,"max-image-preview:large, max-snippet:-1, max-video-preview:-1",Vendo bien pero no tengo plata: el ciclo de conversión,54,true,"Calculá el ciclo de caja, los días de inventario, cobro y pago, y el capital de trabajo necesario para financiar la operación del negocio.",138,true,La ganancia no paga una factura que vence hoy.,1,false,2015,true,false,true,true,false,true,true,false,true,104,0,true,hubs,
https://hacecuentas.com/negocios/comisiones-de-plataforma,200,https://hacecuentas.com/negocios/comisiones-de-plataforma,true,https,,true,"max-image-preview:large, max-snippet:-1, max-video-preview:-1",¿Cuánto me cobra de comisión la plataforma?,43,true,"Rappi, PedidosYa, Uber, Uber Eats, Tienda Nube, Mercado Pago, Airbnb, Etsy y Amazon: cuánto te retiene cada plataforma sobre lo que facturás y cuánto te…",153,true,"De cada venta, ¿cuánto te queda de verdad?",1,true,1919,true,false,true,true,false,true,true,false,true,104,0,true,hubs,
https://hacecuentas.com/negocios/creador-de-contenido,200,https://hacecuentas.com/negocios/creador-de-contenido,true,https,,true,"max-image-preview:large, max-snippet:-1, max-video-preview:-1",¿Cuánto vale mi cuenta y cuánto puedo cobrar?,45,true,"Calculá tu engagement rate real, la tarifa que podés pedir por un post o una colaboración, la mejor hora para publicar en cada plataforma y cuánto te…",150,true,Publicar más no siempre hace crecer más.,1,false,1636,true,false,true,true,false,true,true,false,true,104,0,true,hubs,
https://hacecuentas.com/negocios/cuanto-vale-mi-negocio,200,https://hacecuentas.com/negocios/cuanto-vale-mi-negocio,true,https,,true,"max-image-preview:large, max-snippet:-1, max-video-preview:-1","¿Cuánto vale mi negocio? Capital para abrir, rentabilidad",57,true,"Del capital inicial al múltiplo de venta: cuánta plata necesitás para abrir con colchón, en cuántos meses la recuperás, cuánto rinde el negocio por mes…",152,true,Un negocio no vale sólo por lo que factura.,1,true,2229,true,false,true,true,false,true,true,false,true,104,0,true,hubs,
https://hacecuentas.com/negocios/indicadores-de-marca,200,https://hacecuentas.com/negocios/indicadores-de-marca,true,https,,true,"max-image-preview:large, max-snippet:-1, max-video-preview:-1","Mi NPS es 32: ¿está bien o mal? Benchmarks de NPS, CES",54,true,"Los cuatro indicadores de marca y experiencia que no son plata, cada uno con su banda de referencia: NPS, Customer Effort Score, tasa de rebote por tipo…",153,true,Una marca fuerte deja señales antes de vender.,1,false,2241,true,false,true,true,false,true,true,false,true,104,0,true,hubs-recovery,
https://hacecuentas.com/negocios/ingresos-por-plataforma,200,https://hacecuentas.com/negocios/ingresos-por-plataforma,true,https,,true,"max-image-preview:large, max-snippet:-1, max-video-preview:-1",¿Cuánto me paga cada plataforma por mis views? Calculadora,58,true,"YouTube, Shorts, Facebook Reels, TikTok Live, Twitch, X y blog con AdSense: cuánto paga cada una por las mismas vistas, cuánto queda después…",141,true,Un millón de views no vale lo mismo en todos lados.,1,true,2435,true,false,true,true,false,true,true,false,true,104,0,true,hubs,
https://hacecuentas.com/negocios/metricas-de-marketing,200,https://hacecuentas.com/negocios/metricas-de-marketing,true,https,,true,"max-image-preview:large, max-snippet:-1, max-video-preview:-1","CPC, CPM y ROAS: ¿cuánto me cuesta un cliente? Calculadora",58,true,"Cargá presupuesto, CPM y tus tasas y mirá la cascada completa: impresiones, clicks, CPC, leads, CPL, clientes, CAC, LTV y ROAS.",127,true,No optimices clicks. Optimizá clientes rentables.,1,false,2353,true,false,true,true,false,true,true,false,true,104,0,true,hubs,
https://hacecuentas.com/negocios/precio-de-venta,200,https://hacecuentas.com/negocios/precio-de-venta,true,https,,true,"max-image-preview:large, max-snippet:-1, max-video-preview:-1","¿A cuánto vendo mi producto? — Calculadora de precio, margen",60,true,"Calculá a cuánto vender: precio por margen o por markup (no son lo mismo), costo unitario con los fijos prorrateados, margen de contribución, punto…",148,true,"El margen se calcula desde lo que te queda, no desde lo que cobrás.",1,true,1605,true,false,true,true,false,true,true,false,true,104,0,true,hubs,
https://hacecuentas.com/negocios/publicar-en-redes,200,https://hacecuentas.com/negocios/publicar-en-redes,true,https,,true,"max-image-preview:large, max-snippet:-1, max-video-preview:-1","¿Cómo publico en cada red? — Engagement, duración, slides",57,true,"Medí el engagement rate real de tu posteo en Instagram o TikTok, calculá cuántos segundos tiene que durar tu video, cuántas slides lleva tu carrusel…",149,true,"Una idea, adaptada. No copiada y pegada.",1,false,1886,false,false,true,true,false,true,true,false,true,104,0,true,hubs,
https://hacecuentas.com/negocios/tarifas-por-hora,200,https://hacecuentas.com/negocios/tarifas-por-hora,true,https,,true,"max-image-preview:large, max-snippet:-1, max-video-preview:-1",¿Cuánto se cobra la hora en mi oficio? Tarifas de mercado,57,true,"Tarifa por hora de mercado según profesión, años de experiencia y país del cliente: desarrollo, diseño, marketing, fotografía y redacción.",138,true,No todas tus horas se pueden facturar.,1,false,2025,false,false,true,true,false,true,true,false,true,104,0,true,hubs,
https://hacecuentas.com/negocios/vender-mi-contenido,200,https://hacecuentas.com/negocios/vender-mi-contenido,true,https,,true,"max-image-preview:large, max-snippet:-1, max-video-preview:-1",¿Cuánto deja vender mi propia obra? Regalías de streams,55,true,"Cuánto te queda por stream en Spotify o Apple Music, por ebook vendido en Kindle KDP, por audiolibro en Audible y por suscriptor pago en Substack…",146,true,No vendas “contenido”. Vendé una transformación concreta.,1,false,2043,true,false,true,true,false,true,true,false,true,104,0,true,hubs-recovery,
https://hacecuentas.com/nfl-2026,200,https://hacecuentas.com/nfl-2026,true,https,,true,"max-image-preview:large, max-snippet:-1, max-video-preview:-1","NFL 2026: calendario, partidos de hoy y resultados en vivo",58,true,"La temporada 2026 de la NFL: calendario completo, partidos de hoy con horario de México, Colombia y Argentina, resultados y posiciones AFC/NFC.",143,true,"NFL 2026: calendario, partidos de hoy y resultados",1,true,1571,true,false,true,false,true,true,true,false,true,22,0,true,priority,
https://hacecuentas.com/nutricion,200,https://hacecuentas.com/nutricion,true,https,,true,"max-image-preview:large, max-snippet:-1, max-video-preview:-1",Calculadoras de nutrición y alimentación con fuentes,52,true,"Consultá calorías, macronutrientes y porciones orientativas con fórmulas y fuentes; no reemplaza una evaluación nutricional profesional.",136,true,Comer mejor empieza por conocer lo que necesitás.,1,false,1090,true,false,false,true,false,true,true,true,false,104,0,true,hubs-recovery,
https://hacecuentas.com/nutricion/calorias-diarias,200,https://hacecuentas.com/nutricion/calorias-diarias,true,https,,true,"max-image-preview:large, max-snippet:-1, max-video-preview:-1",¿Cuántas calorías necesito por día? Calculadora de TDEE,55,true,"Calculá tus calorías diarias con Mifflin-St Jeor… Encontrá herramientas, ejemplos y fuentes para resolver cuántas calorías necesito por día?",140,true,Tus calorías no son un número fijo.,1,true,1182,true,false,false,true,false,true,true,true,false,106,0,true,hubs,
https://hacecuentas.com/nutricion/nutricion-deportiva,200,https://hacecuentas.com/nutricion/nutricion-deportiva,true,https,,true,"max-image-preview:large, max-snippet:-1, max-video-preview:-1","¿Cuánta cafeína, creatina, geles y agua necesito?",49,true,"Tu dosis de cafeína y creatina según el peso corporal con los protocolos ISSN, cuántos geles llevar en carrera según la recomendación ACSM y cuánta agua…",153,true,Comé para el entrenamiento que vas a hacer.,1,false,1491,true,false,true,true,false,true,true,false,true,103,0,true,hubs,
https://hacecuentas.com/ocio,200,https://hacecuentas.com/ocio,true,https,,true,"max-image-preview:large, max-snippet:-1, max-video-preview:-1","Calculadoras de ocio, entretenimiento y tiempo libre",52,true,"Planificá actividades, juegos, salidas, lecturas y tiempo libre con calculadoras prácticas de costos, duración y organización.",126,true,Más planes que valen la pena. Menos gastos que sorprenden.,1,false,1167,false,false,false,true,false,true,true,true,false,105,26,true,hubs,
https://hacecuentas.com/ocio/numeros-de-videojuegos,200,https://hacecuentas.com/ocio/numeros-de-videojuegos,true,https,,true,"max-image-preview:large, max-snippet:-1, max-video-preview:-1","Calculadoras de videojuegos: portal Nether, IV de Pokémon",57,true,"Los cuatro números que el juego no te da masticados: coordenadas para alinear un portal del Nether, IV estimado de un Pokémon GO, cuánto ELO ganás…",147,true,El progreso también se diseña con cuentas.,1,false,1661,true,false,true,true,false,true,true,false,true,103,0,true,hubs-recovery,
https://hacecuentas.com/ocio/tiempo-de-juego,200,https://hacecuentas.com/ocio/tiempo-de-juego,true,https,,true,"max-image-preview:large, max-snippet:-1, max-video-preview:-1","¿Cuánto tiempo me va a llevar? — Series, juegos, puzzles",56,true,"Calculá cuántas horas, días y semanas te lleva terminar una serie o un anime, completar un videojuego, armar un puzzle o pintar un ejército…",140,true,Terminá el juego sin entregar toda tu semana.,1,false,1677,false,false,true,true,false,true,true,false,true,103,0,true,hubs,
https://hacecuentas.com/partners,200,https://hacecuentas.com/partners,true,https,,true,"max-image-preview:large, max-snippet:-1, max-video-preview:-1",Partner Studio — Calculadoras white-label para medios,53,true,"Convertí cualquiera de las 200 calculadoras de Hacé Cuentas en un widget propio: tu color, tu logo, tus textos, datos precargados y eventos para tu sistema.",156,true,"Las calculadoras de Hacé Cuentas, con tu marca",1,true,1131,false,false,true,false,false,true,true,false,false,17,0,false,partners,
https://hacecuentas.com/partners/blogs-financieros,200,https://hacecuentas.com/partners/blogs-financieros,true,https,,true,"max-image-preview:large, max-snippet:-1, max-video-preview:-1",Calculadoras embebibles para blogs y finanzas personales,56,true,"Tu contenido explica — la calculadora convierte al lector en usuario. Embebé gratis calculadoras como interés compuesto, cuotas vs contado, cuota…",146,true,Tu contenido explica — la calculadora convierte al lector en usuario,1,false,701,false,false,false,false,false,true,true,false,false,16,0,false,partners,
https://hacecuentas.com/partners/estudios-contables,200,https://hacecuentas.com/partners/estudios-contables,true,https,,true,"max-image-preview:large, max-snippet:-1, max-video-preview:-1",Calculadoras embebibles para estudios contables,47,true,"Que tus clientes calculen solos lo simple, y te llamen para lo importante. Embebé gratis calculadoras como monotributo: categoría y cuota, sueldo neto…",151,true,"Que tus clientes calculen solos lo simple, y te llamen para lo importante",1,false,675,false,false,false,false,false,true,true,false,false,15,0,false,partners,
https://hacecuentas.com/partners/inmobiliarias,200,https://hacecuentas.com/partners/inmobiliarias,true,https,,true,"max-image-preview:large, max-snippet:-1, max-video-preview:-1",Calculadoras embebibles para inmobiliarias y portales,53,true,"Calificá al interesado antes de la primera visita. Embebé gratis calculadoras como capacidad de alquiler, cuota de préstamo, inflación acumulada…",145,true,Calificá al interesado antes de la primera visita,1,false,640,false,false,false,false,false,true,true,false,false,15,0,false,partners,
https://hacecuentas.com/partners/medios,200,https://hacecuentas.com/partners/medios,true,https,,true,"max-image-preview:large, max-snippet:-1, max-video-preview:-1",Calculadoras embebibles para medios y periodismo,48,true,"Tu nota da el dato — la calculadora deja que el lector calcule SU caso. Embebé gratis calculadoras como inflación acumulada, sueldo neto (bruto a neto)…",152,true,Tu nota da el dato — la calculadora deja que el lector calcule SU caso,1,false,679,false,false,false,false,false,true,true,false,false,15,0,false,partners,
https://hacecuentas.com/partners/portales-de-empleo,200,https://hacecuentas.com/partners/portales-de-empleo,true,https,,true,"max-image-preview:large, max-snippet:-1, max-video-preview:-1",Calculadoras embebibles para portales de empleo,47,true,"El candidato ve el bruto en tu aviso — mostrale el neto sin que se vaya. Embebé gratis calculadoras como sueldo neto (bruto a neto), aguinaldo (sac)…",149,true,El candidato ve el bruto en tu aviso — mostrale el neto sin que se vaya,1,false,661,false,false,false,false,false,true,true,false,false,15,0,false,partners,
https://hacecuentas.com/partners/recursos-humanos,200,https://hacecuentas.com/partners/recursos-humanos,true,https,,true,"max-image-preview:large, max-snippet:-1, max-video-preview:-1",Calculadoras embebibles para consultoras de rr.hh.,50,true,"Respondé las preguntas de compensaciones antes de que lleguen a tu inbox. Embebé gratis calculadoras como sueldo neto (bruto a neto), indemnización…",148,true,Respondé las preguntas de compensaciones antes de que lleguen a tu inbox,1,false,664,false,false,false,false,false,true,true,false,false,15,0,false,partners,
https://hacecuentas.com/partners/sindicatos,200,https://hacecuentas.com/partners/sindicatos,true,https,,true,"max-image-preview:large, max-snippet:-1, max-video-preview:-1",Calculadoras embebibles para sindicatos y gremios,49,true,"Que cada afiliado sepa exactamente qué le corresponde. Embebé gratis calculadoras como sueldo neto (bruto a neto), aguinaldo (sac), indemnización…",146,true,Que cada afiliado sepa exactamente qué le corresponde,1,false,650,false,false,false,false,false,true,true,false,false,15,0,false,partners,
https://hacecuentas.com/partners/universidades,200,https://hacecuentas.com/partners/universidades,true,https,,true,"max-image-preview:large, max-snippet:-1, max-video-preview:-1",Calculadoras embebibles para universidades y educación,54,true,"Enseñá finanzas con herramientas reales, no con ejemplos de pizarrón. Embebé gratis calculadoras como interés compuesto, inflación acumulada, cuotas…",149,true,"Enseñá finanzas con herramientas reales, no con ejemplos de pizarrón",1,false,643,false,false,false,false,false,true,true,false,false,15,0,false,partners,
https://hacecuentas.com/pe,200,https://hacecuentas.com/pe,true,https,,true,"max-image-preview:large, max-snippet:-1, max-video-preview:-1","Calculadoras de Perú: sueldo, impuestos y finanzas",50,true,"Calculá sueldo, CTS, gratificación, impuestos, créditos, vivienda, auto y trámites en Perú con valores y fuentes locales.",121,true,Calculadoras para Perú,1,true,1026,false,false,false,true,false,true,true,true,false,114,0,true,hubs,
https://hacecuentas.com/pe/auto,200,https://hacecuentas.com/pe/auto,true,https,,true,"max-image-preview:large, max-snippet:-1, max-video-preview:-1","Auto en Perú — SOAT, revisión técnica e impuesto vehicular",58,true,"SOAT, revisión técnica, impuesto vehicular y combustible: cuánto cuesta tener el auto al… Consultá auto en perú con datos, herramientas y fuentes para Perú.",156,true,Auto,1,true,305,false,false,false,false,false,true,true,false,false,43,0,true,hubs-recovery,
https://hacecuentas.com/pe/auto/costos-del-auto,200,https://hacecuentas.com/pe/auto/costos-del-auto,true,https,,true,"max-image-preview:large, max-snippet:-1, max-video-preview:-1",SOAT Perú 2026: precio por tipo de vehículo y costos,52,true,"Cuánto cuesta el SOAT 2026 en el Perú según el tipo de vehículo, más el costo anual real de tenerlo al día: la revisión técnica vehicular, el impuesto…",151,true,¿Cuánto cuesta tener el auto al día?,1,false,202,false,false,false,false,true,true,true,false,true,41,0,true,hubs-recovery,
https://hacecuentas.com/pe/calculadora-tipo-de-cambio-sunat-dolar-soles-peru,200,https://hacecuentas.com/pe/calculadora-tipo-de-cambio-sunat-dolar-soles-peru,true,https,,true,"max-image-preview:large, max-snippet:-1, max-video-preview:-1",Tipo de Cambio SUNAT 2026: Dólar a Soles | Hacé Cuentas,55,true,"Convertí dólares a soles al instante con el TC SUNAT 2026. Ingresá el tipo de cambio del día y obtené el monto exacto para facturas, IGV y declaraciones…",153,true,Calculadora de Tipo de Cambio SUNAT — Dólar a Soles 🇵🇪,1,true,2012,true,true,true,true,true,true,true,true,true,14,0,true,fresh,
https://hacecuentas.com/pe/calculadoras,200,https://hacecuentas.com/pe/calculadoras,true,https,,true,"max-image-preview:large, max-snippet:-1, max-video-preview:-1",Todas las calculadoras de Perú — 24 gratis | Hacé Cuentas,57,true,"Catálogo completo de 24 calculadoras online gratis para Perú: sueldo mínimo (RMV), UIT, IGV, gratificaciones, CTS, AFP y ONP. Filtrá y entrá a cualquiera.",154,true,Calculadoras de Perú,1,true,619,true,false,false,false,false,true,true,false,false,32,0,true,core,
https://hacecuentas.com/pe/datos-soat-uit-peru-2026,200,https://hacecuentas.com/pe/datos-soat-uit-peru-2026,true,https,,true,"max-image-preview:large, max-snippet:-1, max-video-preview:-1","SOAT Perú 2026: precios por vehículo, UIT S/ 5.500 e ITF",56,true,"Precios del SOAT 2026 en Perú: auto S/ 34-200, moto S/ 33-336, taxi S/ 80-250. Coberturas en UIT (S/ 5.500), ITF 0,005% y costo del brevete. CC-BY 4.0.",151,true,"SOAT, UIT e ITF en Perú 2026",1,true,1533,false,false,true,true,true,true,true,false,true,8,11,true,core,
https://hacecuentas.com/pe/datos-sueldo-minimo-peru-2026,200,https://hacecuentas.com/pe/datos-sueldo-minimo-peru-2026,true,https,,true,"max-image-preview:large, max-snippet:-1, max-video-preview:-1",Sueldo mínimo Perú 2026: RMV S/1.130 y neto,43,true,"El sueldo mínimo en Perú 2026 es S/1.130 mensuales. Con ONP queda en S/983,10 antes de otros descuentos. RMV vigente confirmada por SUNAFIL.",140,true,Sueldo mínimo Perú 2026: S/1.130 al mes,1,true,805,false,false,true,false,true,true,true,false,true,6,0,true,priority,
https://hacecuentas.com/pe/estudio,200,https://hacecuentas.com/pe/estudio,true,https,,true,"max-image-preview:large, max-snippet:-1, max-video-preview:-1","Estudiar en Perú: costos, notas y calculadoras",46,true,"Calculá cuánto cuesta estudiar en Perú, qué nota necesitás para aprobar y cómo planificar carrera, matrícula y pensiones con fuentes locales.",141,true,Estudiar en Perú,1,true,273,true,false,false,false,false,true,true,false,false,43,0,true,hubs-recovery,
https://hacecuentas.com/pe/estudio/estudiar-y-aprobar,200,https://hacecuentas.com/pe/estudio/estudiar-y-aprobar,true,https,,true,"max-image-preview:large, max-snippet:-1, max-video-preview:-1",Universidad privada en Perú 2026: costo y promedio ponderado,60,true,"Hub de decisión con 2 cálculos: ¿Cuánto cuesta estudiar en… Consultá cuánto cuesta estudiar y qué nota necesito con datos, herramientas y fuentes para Perú.",156,true,¿Cuánto cuesta avanzar y qué nota necesitás?,1,false,1681,true,false,true,true,false,true,true,false,true,89,0,true,hubs-recovery,
https://hacecuentas.com/pe/finanzas-personales,200,https://hacecuentas.com/pe/finanzas-personales,true,https,,true,"max-image-preview:large, max-snippet:-1, max-video-preview:-1","Finanzas personales en Perú — créditos, AFP y ahorro",52,true,"Créditos, depósitos, AFP y ONP en el Perú: cuánto pagás de verdad por financiarte y cuánto vas a cobrar cuando te jubiles.",122,true,Finanzas personales,1,true,436,false,false,false,false,false,true,true,false,false,44,0,true,hubs-recovery,
https://hacecuentas.com/pe/finanzas-personales/afp-onp-y-jubilacion,200,https://hacecuentas.com/pe/finanzas-personales/afp-onp-y-jubilacion,true,https,,true,"max-image-preview:large, max-snippet:-1, max-video-preview:-1",AFP u ONP en Perú: cuál te descuenta menos y cuánto vas,55,true,"Compara el descuento de la ONP contra el de cada AFP, proyecta el fondo que tendrías a los 65 años, mira cuánto sería el retiro del 95,5% frente…",145,true,"AFP u ONP: compará el camino, no sólo el descuento",1,true,230,false,false,false,false,true,true,true,false,true,41,0,true,hubs,
https://hacecuentas.com/pe/finanzas-personales/creditos-y-ahorro,200,https://hacecuentas.com/pe/finanzas-personales/creditos-y-ahorro,true,https,,true,"max-image-preview:large, max-snippet:-1, max-video-preview:-1",Créditos y ahorro en Perú: cuánto pagas de verdad y cuánto,58,true,"Calcula la cuota real y el costo total de un préstamo personal, un crédito hipotecario, el Nuevo Crédito MIVIVIENDA con Bono del Buen Pagador…",142,true,¿Lo comprás con crédito o esperás ahorrando?,1,false,197,false,false,false,false,true,true,true,false,true,41,0,true,hubs-recovery,
https://hacecuentas.com/pe/futbol-peruano-hoy,200,https://hacecuentas.com/pe/futbol-peruano-hoy,true,https,,true,"max-image-preview:large, max-snippet:-1, max-video-preview:-1","Fútbol peruano hoy: partidos, resultados y tablas",49,true,"Partidos de hoy, resultados, próximos encuentros, horarios locales y tablas actualizadas del fútbol peruano, con resultados recientes y agenda…",143,true,"Fútbol peruano, hoy",1,true,688,false,false,false,false,true,true,true,false,true,15,0,true,priority,
https://hacecuentas.com/pe/hogar,200,https://hacecuentas.com/pe/hogar,true,https,,true,"max-image-preview:large, max-snippet:-1, max-video-preview:-1","Hogar en Perú — costo de vida, alquiler y recibos",49,true,"Cuánto cuesta vivir en el Perú mes a mes: canasta básica, alquiler, luz, agua y gas, con los datos del INEI y los reguladores.",126,true,Hogar,1,true,386,true,false,false,false,false,true,true,false,false,44,0,true,hubs-recovery,
https://hacecuentas.com/pe/hogar/costo-de-construir,200,https://hacecuentas.com/pe/hogar/costo-de-construir,true,https,,true,"max-image-preview:large, max-snippet:-1, max-video-preview:-1",Cuánto cuesta construir una casa en Perú 2026: costo por m2,59,true,"Hub de decisión con 1 cálculos: Calculadora de Costo de Construcción… Consultá cuánto cuesta construir mi casa con datos, herramientas y fuentes para Perú.",155,true,"Antes de construir, construí el presupuesto.",1,true,1629,false,false,true,true,false,true,true,false,true,91,0,true,hubs-recovery,
https://hacecuentas.com/pe/hogar/presupuesto-mensual,200,https://hacecuentas.com/pe/hogar/presupuesto-mensual,true,https,,true,"max-image-preview:large, max-snippet:-1, max-video-preview:-1",Cuánto se necesita al mes para vivir en el Perú,47,true,"Arma el presupuesto mensual real de tu hogar en el Perú: alquiler, luz con tarifa BT5B, agua de Sedapal, gas de Cálidda, comida y transporte, comparado…",152,true,¿Cuánto necesita tu hogar cada mes?,1,true,171,false,false,false,false,true,true,true,false,true,41,0,true,hubs-recovery,
https://hacecuentas.com/pe/impuestos,200,https://hacecuentas.com/pe/impuestos,true,https,,true,"max-image-preview:large, max-snippet:-1, max-video-preview:-1","Impuestos en Perú — renta, IGV y regímenes SUNAT",48,true,"Renta de 1ra a 5ta categoría, IGV, ITF, predial y regímenes tributarios de la SUNAT, resueltos con la UIT vigente y la norma citada.",132,true,Impuestos,1,true,664,false,false,false,false,false,true,true,false,false,46,0,true,hubs-recovery,
https://hacecuentas.com/pe/impuestos/igv-y-compras,200,https://hacecuentas.com/pe/impuestos/igv-y-compras,true,https,,true,"max-image-preview:large, max-snippet:-1, max-video-preview:-1","IGV Perú 2026, detracciones y tipo de cambio SUNAT",50,true,"Calcula el IGV 18%, detracciones, ITF y compras del exterior en Perú. Incluye conversión dólar a soles con el tipo de cambio SUNAT de la operación.",147,true,"IGV, detracción e ITF en la misma operación",1,true,275,false,false,false,false,true,true,true,false,true,41,0,true,hubs,
https://hacecuentas.com/pe/impuestos/impuestos-del-inmueble,200,https://hacecuentas.com/pe/impuestos/impuestos-del-inmueble,true,https,,true,"max-image-preview:large, max-snippet:-1, max-video-preview:-1","Impuestos de un inmueble en Perú: predial, arbitrios",52,true,"Calcula el impuesto predial y los arbitrios que pagas como propietario, la alcabala del 3% que paga el comprador y el impuesto de segunda categoría…",148,true,"¿Qué impuesto pagás al comprar, tener, alquilar o vender?",1,false,185,false,false,false,false,true,true,true,false,true,41,0,true,hubs-recovery,
https://hacecuentas.com/pe/impuestos/que-regimen-tributario-elijo,200,https://hacecuentas.com/pe/impuestos/que-regimen-tributario-elijo,true,https,,true,"max-image-preview:large, max-snippet:-1, max-video-preview:-1",Qué régimen tributario me conviene en Perú,42,true,"Compara con tus propias cifras cuánto pagas de impuestos en el Nuevo RUS, el Régimen Especial, el Régimen MYPE Tributario y el Régimen General, más…",148,true,¿Qué régimen tributario encaja con tu negocio?,1,true,138,false,false,false,false,true,true,true,false,true,41,0,true,hubs-recovery,
https://hacecuentas.com/pe/impuestos/renta-de-personas,200,https://hacecuentas.com/pe/impuestos/renta-de-personas,true,https,,true,"max-image-preview:large, max-snippet:-1, max-video-preview:-1",Impuesto a la renta Perú 2026: cuánto pagas por categoría,57,true,"Calculá tu impuesto a la renta en el Perú 2026 por categoría: quinta, cuarta, primera y segunda, con la UIT vigente y la deducción de 7 UIT de la LIR.",150,true,¿De dónde viene tu plata?,1,false,135,false,false,false,false,true,true,true,false,true,41,0,true,hubs-recovery,
https://hacecuentas.com/pe/trabajo,200,https://hacecuentas.com/pe/trabajo,true,https,,true,"max-image-preview:large, max-snippet:-1, max-video-preview:-1","Trabajo en Perú — sueldo, CTS, gratificación y liquidación",58,true,"Sueldo, CTS, gratificaciones, liquidación y licencias en el Perú, con la RMV y la UIT vigentes y el artículo de la norma que aplica en cada caso.",145,true,Trabajo,1,true,695,false,false,false,false,false,true,true,false,false,47,0,true,hubs-recovery,
https://hacecuentas.com/pe/trabajo/dias-que-no-trabajo,200,https://hacecuentas.com/pe/trabajo/dias-que-no-trabajo,true,https,,true,"max-image-preview:large, max-snippet:-1, max-video-preview:-1","El día que no trabajas en Perú: vacaciones, feriado, falta",58,true,"Cuánto se paga —o cuánto te descuentan— el día que no trabajas en el Perú: remuneración vacacional y pago triple, feriado trabajado sin descanso…",145,true,"Si no trabajás un día, ¿lo cobrás o te lo descuentan?",1,true,2173,true,false,true,true,false,true,true,false,true,93,0,true,hubs-recovery,
https://hacecuentas.com/pe/trabajo/dinero-por-hijos,200,https://hacecuentas.com/pe/trabajo/dinero-por-hijos,true,https,,true,"max-image-preview:large, max-snippet:-1, max-video-preview:-1",Tengo un hijo en Perú: qué plata me corresponde,47,true,"Licencia de maternidad y subsidio de EsSalud, licencia de paternidad, subsidio por lactancia, asignación familiar mensual y pensión de alimentos.",145,true,Tengo un hijo: ¿qué dinero o licencia corresponde?,1,true,130,false,false,false,false,true,true,true,false,true,41,0,true,hubs-recovery,
https://hacecuentas.com/pe/trabajo/liquidacion-y-beneficios,200,https://hacecuentas.com/pe/trabajo/liquidacion-y-beneficios,true,https,,true,"max-image-preview:large, max-snippet:-1, max-video-preview:-1",Liquidación de beneficios sociales Perú 2026: CTS trunca,56,true,"Calculá tu liquidación en el Perú 2026: CTS trunca, gratificación trunca con bonificación de la Ley 30334, vacaciones truncas e indemnización por despido.",154,true,Me voy o me despiden: ¿qué entra en la liquidación?,1,true,143,false,false,false,false,true,true,true,false,true,41,0,true,hubs,
https://hacecuentas.com/pe/trabajo/regimenes-especiales,200,https://hacecuentas.com/pe/trabajo/regimenes-especiales,true,https,,true,"max-image-preview:large, max-snippet:-1, max-video-preview:-1",Regímenes laborales especiales en Perú,38,true,"Qué te corresponde cobrar si no estás en el régimen laboral privado general del Perú: aguinaldo del sector público, jornal y BUC de construcción civil…",151,true,No todos trabajan bajo las mismas reglas,1,false,130,false,false,false,false,true,true,true,false,true,41,0,true,hubs-recovery,
https://hacecuentas.com/pe/trabajo/sueldo-neto,200,https://hacecuentas.com/pe/trabajo/sueldo-neto,true,https,,true,"max-image-preview:large, max-snippet:-1, max-video-preview:-1","Calculadora de sueldo neto Perú 2026: AFP, ONP y quinta",55,true,"Calculá tu sueldo neto en el Perú 2026: descuento de AFP u ONP, retención de quinta categoría y costo empleador con EsSalud, CTS y gratificaciones.",147,true,"Tu sueldo, los descuentos y el costo para la empresa",1,true,146,false,false,false,false,true,true,true,false,true,41,0,true,hubs-recovery,
https://hacecuentas.com/pe/tramites,200,https://hacecuentas.com/pe/tramites,true,https,,true,"max-image-preview:large, max-snippet:-1, max-video-preview:-1","Trámites en Perú — pasaporte, brevete y multas",46,true,"Consultá tasas y multas en Perú para pasaporte, brevete, papeletas y multa electoral, expresadas en UIT y soles con fuentes oficiales.",134,true,Trámites,1,true,292,false,false,false,false,false,true,true,false,false,43,0,true,hubs-recovery,
https://hacecuentas.com/pe/tramites/tramites-del-estado,200,https://hacecuentas.com/pe/tramites/tramites-del-estado,true,https,,true,"max-image-preview:large, max-snippet:-1, max-video-preview:-1",Cuánto cuesta un trámite o una multa en el Perú,47,true,"Calcula el costo real del pasaporte electrónico, del brevete de conducir, de una papeleta de tránsito según su código de infracción y de la multa…",146,true,¿Cuánto cuesta y qué llevar?,1,true,134,false,false,false,false,true,true,true,false,true,41,0,true,hubs-recovery,
https://hacecuentas.com/pe/validar-ruc,200,https://hacecuentas.com/pe/validar-ruc,true,https,,true,"max-image-preview:large, max-snippet:-1, max-video-preview:-1",Validar RUC Perú Online Gratis (dígito verificador),51,true,"Validá un RUC peruano al instante: verifica el dígito verificador y te dice el tipo de contribuyente (persona natural 10, empresa 20). 100% en tu navegador.",156,true,Validar RUC del Perú,1,true,733,true,false,true,false,false,true,true,true,true,14,13,true,core,
https://hacecuentas.com/planificador-de-objetivos,200,https://hacecuentas.com/planificador-de-objetivos,true,https,,true,"max-image-preview:large, max-snippet:-1, max-video-preview:-1",Planificador de Objetivos de Ahorro — Cuánto Ahorrar por Mes,60,true,"Ponete una meta ($X para un viaje, auto, fondo de emergencia) y calculá cuánto ahorrar por mes o en cuánto tiempo llegás, con interés compuesto.",144,true,Planificador de objetivos de ahorro 🎯,1,true,792,false,false,true,false,false,true,true,true,true,13,26,true,priority,
https://hacecuentas.com/politica-editorial,200,https://hacecuentas.com/politica-editorial,true,https,,true,"max-image-preview:large, max-snippet:-1, max-video-preview:-1",Política editorial — Hacé Cuentas,33,true,"Cómo verificamos datos, fuentes oficiales (ARCA, BCRA, ANSES, OMS) y cómo mantenemos 200+ calculadoras al día. Metodología transparente y auditable.",148,true,Política editorial,1,true,1326,true,false,false,true,true,true,true,false,false,11,0,true,core,
https://hacecuentas.com/populares,200,https://hacecuentas.com/populares,true,https,,true,"max-image-preview:large, max-snippet:-1, max-video-preview:-1",Calculadoras más usadas — Hacé Cuentas,38,true,"Las calculadoras más usadas de Hacé Cuentas: sueldo en mano, aguinaldo, monotributo, IMC, días entre fechas y más. Las que más buscan y usan los argentinos.",156,true,Las calculadoras más usadas,1,true,423,true,false,false,true,false,true,true,false,false,16,0,true,core,
https://hacecuentas.com/posiciones-nfl-2026,200,https://hacecuentas.com/posiciones-nfl-2026,true,https,,true,"max-image-preview:large, max-snippet:-1, max-video-preview:-1",Posiciones NFL 2026: tabla de la AFC y la NFC actualizada,57,true,"Tabla de posiciones de la NFL 2026: las 8 divisiones de la AFC y la NFC con victorias, derrotas, empates y porcentaje, actualizada tras cada jornada.",149,true,Posiciones NFL 2026: tabla de la AFC y la NFC,1,true,949,true,false,true,false,true,true,true,false,true,21,0,true,priority,
https://hacecuentas.com/precio-nafta-hoy,200,https://hacecuentas.com/precio-nafta-hoy,true,https,,true,"max-image-preview:large, max-snippet:-1, max-video-preview:-1",Precio de la nafta hoy en Argentina,35,true,"Precio promedio de la nafta y el gasoil hoy en Argentina: súper… Encontrá herramientas, ejemplos y fuentes para resolver precio de la nafta hoy…",144,true,Precio de la nafta hoy en Argentina ⛽,1,true,487,false,false,true,false,true,true,true,false,true,11,0,true,priority,
https://hacecuentas.com/prensa,200,https://hacecuentas.com/prensa,true,https,,true,"max-image-preview:large, max-snippet:-1, max-video-preview:-1",Prensa — Hacé Cuentas (kit para periodistas),44,true,"Kit de prensa de Hacé Cuentas para periodistas, medios y blogs: cómo citar el sitio, datos del editor, temas y calcs más buscadas, embeds gratis…",145,true,Prensa / Press Kit,1,true,1263,true,false,false,true,false,true,true,false,false,28,0,true,core,
https://hacecuentas.com/prestaciones-laborales-por-pais,200,https://hacecuentas.com/prestaciones-laborales-por-pais,true,https,,true,"max-image-preview:large, max-snippet:-1, max-video-preview:-1",Prestaciones laborales: cálculo y qué te toca en cada país,58,true,"Cálculo de prestaciones laborales por país: preaviso y cesantía en República Dominicana, prestaciones sociales en Colombia y Venezuela, finiquito en México.",156,true,Prestaciones laborales: cálculo y qué te toca en cada país,1,true,990,true,false,true,false,true,true,true,false,true,11,0,true,core,
https://hacecuentas.com/presupuesto-familiar,200,https://hacecuentas.com/presupuesto-familiar,true,https,,true,"max-image-preview:large, max-snippet:-1, max-video-preview:-1",Presupuesto Familiar 2026 — Regla 50/30/20,42,true,"Armá tu presupuesto familiar paso a paso: cargá ingresos y gastos por bloques y obtené tu score de salud financiera, distribución 50/30/20…",139,true,Calculadora de presupuesto familiar 💰,1,true,858,false,false,true,false,false,true,true,true,true,13,0,true,priority,
https://hacecuentas.com/privacidad,200,https://hacecuentas.com/privacidad,true,https,,true,"max-image-preview:large, max-snippet:-1, max-video-preview:-1",Política de privacidad — Hacé Cuentas,37,true,"Política de privacidad de Hacé Cuentas. Cómo tratamos tus datos personales, qué información recolectamos y cómo protegemos tu privacidad.",137,true,Política de privacidad,1,true,1123,true,false,false,false,true,true,true,false,false,12,0,true,core,
https://hacecuentas.com/pt,200,https://hacecuentas.com/pt,true,https,,true,"max-image-preview:large, max-snippet:-1, max-video-preview:-1",Calculadoras Online Grátis — Hacé Cuentas,41,true,"Calculadoras online grátis para finanças, saúde, matemática, negócios, esportes e dia a dia. Fórmulas precisas, resultados na hora, 100% privado.",145,true,Descubra o número antes de tomar a decisão.,1,false,1272,true,false,false,true,false,true,true,false,false,36,0,true,hubs,
https://hacecuentas.com/pt-pt,200,https://hacecuentas.com/pt-pt,true,https,,true,"max-image-preview:large, max-snippet:-1, max-video-preview:-1","Calculadoras de Portugal: salário, impostos e finanças",54,true,"Calcule salário, IRS, segurança social, crédito, habitação e despesas em Portugal com fórmulas explicadas e fontes locais.",122,true,Não faça só a conta. Saiba o próximo passo.,1,false,1281,true,false,false,false,false,true,true,true,false,107,25,true,hubs,
https://hacecuentas.com/pt-pt/calculadoras,200,https://hacecuentas.com/pt-pt/calculadoras,true,https,,true,"max-image-preview:large, max-snippet:-1, max-video-preview:-1",Todas las calculadoras de Portugal — 12 gratis,46,true,"Catálogo completo de 12 calculadoras online gratis para Portugal: IRS, Segurança Social, salário líquido, subsídios, IVA, despedimento.",135,true,Calculadoras de Portugal,1,true,367,false,false,false,false,false,true,true,false,false,20,0,true,core,
https://hacecuentas.com/pt-pt/familia,200,https://hacecuentas.com/pt-pt/familia,true,https,,true,"max-image-preview:large, max-snippet:-1, max-video-preview:-1","Família em Portugal — abono, pensão de alimentos e escola",57,true,"Abono de família, pensão de alimentos, propinas e o orçamento do regresso às aulas: quanto custam os filhos em Portugal e que apoios da Segurança Social…",153,true,Família,1,true,272,false,false,false,false,false,true,true,false,false,39,0,true,hubs-recovery,
https://hacecuentas.com/pt-pt/familia/filhos,200,https://hacecuentas.com/pt-pt/familia/filhos,true,https,,true,"max-image-preview:large, max-snippet:-1, max-video-preview:-1","Filhos em Portugal: abono de família, escola, propinas",54,true,"Que escalão de abono de família lhe corresponde e quanto recebe por mês, quanto custa o regresso às aulas por ciclo, o que se paga de propinas…",143,true,Cada idade traz uma conta e um apoio diferente.,1,false,141,false,false,false,false,false,true,true,false,true,37,0,true,hubs-recovery,
https://hacecuentas.com/pt-pt/financas,200,https://hacecuentas.com/pt-pt/financas,true,https,,true,"max-image-preview:large, max-snippet:-1, max-video-preview:-1","Finanças em Portugal — crédito habitação, poupança e reforma",60,true,"Crédito à habitação, taxa de esforço, amortização antecipada, Certificados de Aforro, reforma e complementos da Segurança Social: as decisões de dinheiro…",154,true,Finanças,1,true,469,true,false,false,false,false,true,true,false,false,41,0,true,hubs-recovery,
https://hacecuentas.com/pt-pt/financas/credito-habitacao,200,https://hacecuentas.com/pt-pt/financas/credito-habitacao,true,https,,true,"max-image-preview:large, max-snippet:-1, max-video-preview:-1",Crédito à habitação: aguento a prestação e vale a pena,54,true,"Taxa de esforço com as referências do Banco de Portugal, poupança real de uma amortização antecipada depois da comissão, comparação com os Certificados…",152,true,A prestação cabe hoje. E se a Euribor subir?,1,true,146,false,false,false,false,false,true,true,false,true,37,0,true,hubs-recovery,
https://hacecuentas.com/pt-pt/financas/impostos-do-automovel,200,https://hacecuentas.com/pt-pt/financas/impostos-do-automovel,true,https,,true,"max-image-preview:large, max-snippet:-1, max-video-preview:-1",ISV e IUC 2026: quanto paga pelo carro em Portugal,50,true,"Simulador de ISV para importar e legalizar um carro em Portugal 2026 e calculadora de IUC: quanto paga de selo do carro por ano, antes de comprar.",146,true,O passaporte fiscal do seu carro.,1,true,139,false,false,false,false,false,true,true,false,true,37,0,true,hubs-recovery,
https://hacecuentas.com/pt-pt/financas/reforma-e-apoios,200,https://hacecuentas.com/pt-pt/financas/reforma-e-apoios,true,https,,true,"max-image-preview:large, max-snippet:-1, max-video-preview:-1","Pensão de reforma, CSI e RSI: que rendimento me garante",55,true,"Estime a pensão de reforma pela taxa de formação da sua carreira contributiva, veja se tem direito ao Complemento Solidário para Idosos e calcule…",146,true,Veja que degrau sustenta o seu rendimento.,1,true,130,false,false,false,false,false,true,true,false,true,37,0,true,hubs-recovery,
https://hacecuentas.com/pt-pt/futebol-portugues-hoje,200,https://hacecuentas.com/pt-pt/futebol-portugues-hoje,true,https,,true,"max-image-preview:large, max-snippet:-1, max-video-preview:-1","Futebol português hoje: jogos, resultados e tabela",50,true,"Jogos de hoje, resultados, próximos jogos, horários locais e classificação do futebol português, com resultados recentes e agenda dos próximos 14 dias.",151,true,"Futebol português, hoje",1,true,613,false,false,false,false,true,true,true,false,true,15,0,true,priority,
https://hacecuentas.com/pt-pt/impostos,200,https://hacecuentas.com/pt-pt/impostos,true,https,,true,"max-image-preview:large, max-snippet:-1, max-video-preview:-1","Impostos em Portugal — IRS, IMI, IMT e IUC | Hacé Cuentas",57,true,"IRS, reembolso, mais-valias, recibos verdes, IMI, AIMI, IMT, Imposto do Selo, IUC e ISV: o que a Autoridade Tributária cobra a quem trabalha, tem casa ou…",154,true,Impostos,1,true,378,false,false,false,false,false,true,true,false,false,40,0,true,hubs-recovery,
https://hacecuentas.com/pt-pt/impostos/casa,200,https://hacecuentas.com/pt-pt/impostos/casa,true,https,,true,"max-image-preview:large, max-snippet:-1, max-video-preview:-1","Impostos da casa em Portugal: IMI, AIMI, IMT e Imposto",54,true,"Quanto custa comprar e ter casa em Portugal: IMI anual sobre o VPT e prestações, AIMI de quem tem vários imóveis, IMT e Imposto do Selo na compra…",146,true,"Comprar, ter ou herdar: a casa muda de imposto.",1,true,138,false,false,false,false,false,true,true,false,true,37,0,true,hubs-recovery,
https://hacecuentas.com/pt-pt/impostos/irs,200,https://hacecuentas.com/pt-pt/impostos/irs,true,https,,true,"max-image-preview:large, max-snippet:-1, max-video-preview:-1",IRS 2026 em Portugal: quanto paga e quando é reembolsado,56,true,"Simule o IRS 2026 em Portugal com os escalões em vigor: saldo a pagar ou reembolso, tributação conjunta ou separada, mais-valias a 28% e recibos verdes.",152,true,Leia a liquidação antes de entregar.,1,false,136,false,false,false,false,false,true,true,false,true,37,0,true,hubs-recovery,
https://hacecuentas.com/pt-pt/trabalho,200,https://hacecuentas.com/pt-pt/trabalho,true,https,,true,"max-image-preview:large, max-snippet:-1, max-video-preview:-1",Trabalho em Portugal — calculadoras de salário e subsídios,58,true,"Salário líquido, retenção na fonte, subsídios de férias e de Natal, subsídio de refeição, férias, feriados e baixas: as contas do recibo de vencimento…",151,true,Trabalho,1,true,398,false,false,false,false,false,true,true,false,false,40,0,true,hubs-recovery,
https://hacecuentas.com/pt-pt/trabalho/ferias-baixas-e-licencas,200,https://hacecuentas.com/pt-pt/trabalho/ferias-baixas-e-licencas,true,https,,true,"max-image-preview:large, max-snippet:-1, max-video-preview:-1","Férias, feriados, baixas e licenças em Portugal",47,true,"Quantos dias de férias tem por lei, quantos dias úteis e feriados há no período que quer marcar, quanto paga a Segurança Social numa baixa médica ou numa…",154,true,Marque a ausência e veja quem paga cada dia.,1,false,132,false,false,false,false,false,true,true,false,true,37,0,true,hubs-recovery,
https://hacecuentas.com/pt-pt/trabalho/salario-liquido,200,https://hacecuentas.com/pt-pt/trabalho/salario-liquido,true,https,,true,"max-image-preview:large, max-snippet:-1, max-video-preview:-1",Salário líquido Portugal 2026: IRS e Segurança Social,53,true,"Calcule o salário líquido em Portugal 2026: 11% de Segurança Social, retenção de IRS pelos escalões em vigor, subsídio de refeição e subsídios de férias.",153,true,Do salário bruto ao que entra na conta.,1,true,2295,true,false,true,false,false,true,true,false,true,88,0,true,hubs-recovery,
https://hacecuentas.com/pt/blog/ipca-julho-2026-quanto-voce-perdeu,200,https://hacecuentas.com/pt/blog/ipca-julho-2026-quanto-voce-perdeu,true,https,,true,"max-image-preview:large, max-snippet:-1, max-video-preview:-1",IPCA de julho de 2026: 0.07% — quanto você perdeu e como,56,true,"A inflação (IPCA) de julho de 2026 foi 0.07% (IBGE). Acumulado no ano 3.4%, 12 meses 4.4%. Quanto o seu poder de compra perdeu e como se proteger.",146,true,IPCA de julho de 2026: 0.07% — quanto você perdeu e como se proteger,1,true,850,true,false,false,false,true,true,true,false,true,12,0,true,news,
https://hacecuentas.com/pt/casa,200,https://hacecuentas.com/pt/casa,true,https,,true,"max-image-preview:large, max-snippet:-1, max-video-preview:-1","Energia da casa: consumo, conta e kWh | Hacé Cuentas",52,true,"Calcule o consumo de energia da casa, entenda a conta de luz e compare o gasto dos aparelhos em kWh e reais com referências do Brasil.",134,true,Energia da casa,1,true,463,true,false,false,false,false,true,true,false,false,39,0,true,hubs-recovery,
https://hacecuentas.com/pt/casa/energia-da-casa,200,https://hacecuentas.com/pt/casa/energia-da-casa,true,https,,true,"max-image-preview:large, max-snippet:-1, max-video-preview:-1","Consumo de energia da casa: geladeira, kWh e conta de luz",57,true,"Calcule o consumo da geladeira em kWh, a conta de luz com bandeira tarifária e quanto você economiza trocando por um eletrodoméstico A+++, numa página.",151,true,Descubra qual cômodo está puxando sua conta para cima.,1,true,1695,true,false,false,false,false,true,true,false,true,92,0,true,hubs-recovery,
https://hacecuentas.com/pt/casa/obra-e-manutencao,200,https://hacecuentas.com/pt/casa/obra-e-manutencao,true,https,,true,"max-image-preview:large, max-snippet:-1, max-video-preview:-1","Custo de obra por m² (CUB), tijolos e aço por m² de laje",56,true,"Calculadoras de obra: custo por m² com o CUB, tijolos por m² de parede, aço por m² de laje, brita para drenagem e custo de mudança com frete e embalagem.",153,true,"Compre por etapa, não por ansiedade.",1,false,1945,true,false,false,false,false,true,true,false,true,92,0,true,hubs,
https://hacecuentas.com/pt/casa/plantar-e-reduzir-impacto,200,https://hacecuentas.com/pt/casa/plantar-e-reduzir-impacto,true,https,,true,"max-image-preview:large, max-snippet:-1, max-video-preview:-1",Calendário de plantio mês a mês e colheita da horta,51,true,"Calendário de plantio do hemisfério sul mês a mês, colheita esperada da horta em kg/m², poda de roseiras por zona e pegada de carbono do seu evento.",148,true,Plante o que faz sentido no seu clima e no seu espaço.,1,false,2079,true,false,false,false,false,true,true,false,true,92,0,true,hubs-recovery,
https://hacecuentas.com/pt/dados-inss-irrf-2026,200,https://hacecuentas.com/pt/dados-inss-irrf-2026,true,https,,true,"max-image-preview:large, max-snippet:-1, max-video-preview:-1","Tabelas INSS e IRRF 2026: faixas, alíquotas e deduções",54,true,"Consulte as faixas, alíquotas, deduções e limites do INSS e IRRF em 2026, com fontes oficiais e data da última atualização.",123,true,INSS e IRRF sem precisar decifrar a tabela.,1,true,821,false,false,false,false,false,true,true,true,false,70,0,true,core,
https://hacecuentas.com/pt/dados-ipca-brasil-historico,200,https://hacecuentas.com/pt/dados-ipca-brasil-historico,true,https,,true,"max-image-preview:large, max-snippet:-1, max-video-preview:-1",IPCA Brasil: série histórica mensal e acumulado 2026,52,true,"Tabela do IPCA (inflação oficial do Brasil) mês a mês: variação mensal, acumulado no ano (3.2%) e em 12 meses (4.72%). Dados do IBGE/BCB.",137,true,IPCA Brasil: série histórica mensal e acumulado,1,true,385,false,false,false,false,true,true,true,false,true,5,0,true,core,
https://hacecuentas.com/pt/dados-salario-minimo-brasil-2026,200,https://hacecuentas.com/pt/dados-salario-minimo-brasil-2026,true,https,,true,"max-image-preview:large, max-snippet:-1, max-video-preview:-1","Salário mínimo 2026 no Brasil: R$ 1.621,00",42,true,"Salário mínimo 2026 no Brasil: R$ 1.621,00 por mês, R$ 54,033 por dia e R$ 7,368 por hora. O que ele reajusta (INSS, FGTS, seguro-desemprego).",142,true,"Salário mínimo 2026 no Brasil: R$ 1.621,00",1,true,550,false,false,false,false,true,true,true,false,true,4,0,true,core,
https://hacecuentas.com/pt/dinheiro,200,https://hacecuentas.com/pt/dinheiro,true,https,,true,"max-image-preview:large, max-snippet:-1, max-video-preview:-1",Dinheiro e impostos no Brasil — calculadoras e guias,52,true,"Imposto de renda, Simples Nacional, investimentos, câmbio, imóveis e herança: contas de dinheiro no Brasil, feitas com a tabela vigente e o artigo de lei…",154,true,Dinheiro,1,true,753,false,false,false,false,false,true,true,false,false,31,0,true,hubs-recovery,
https://hacecuentas.com/pt/dinheiro/alugar-um-imovel,200,https://hacecuentas.com/pt/dinheiro/alugar-um-imovel,true,https,,true,"max-image-preview:large, max-snippet:-1, max-video-preview:-1","Alugar um imóvel: quanto custa entrar, ficar e sair antes?",58,true,"Calcule o custo real do aluguel: entrada com caução, fiador ou seguro-fiança, aluguel + condomínio por mês, multa proporcional por sair antes do prazo (art.",156,true,O aluguel não começa na primeira mensalidade.,1,false,2216,true,false,false,false,false,true,true,false,true,78,0,true,hubs-recovery,
https://hacecuentas.com/pt/dinheiro/comprar-em-dolar-iof,200,https://hacecuentas.com/pt/dinheiro/comprar-em-dolar-iof,true,https,,true,"max-image-preview:large, max-snippet:-1, max-video-preview:-1","Comprar em dólar: quanto custa de verdade com IOF, spread",57,true,"Calcule o custo real de gastar no cartão no exterior, mandar dinheiro para fora, comprar moeda em espécie ou pedir de site internacional, com IOF, spread…",154,true,Quanto o dólar custa quando a fatura chega?,1,true,2143,true,false,false,false,false,true,true,false,true,78,0,true,hubs-recovery,
https://hacecuentas.com/pt/dinheiro/comprar-um-imovel,200,https://hacecuentas.com/pt/dinheiro/comprar-um-imovel,true,https,,true,"max-image-preview:large, max-snippet:-1, max-video-preview:-1",Comprar imóvel: quanto preciso ter e quanto pago por mês?,57,true,"Simule a compra do imóvel de ponta a ponta: entrada, uso do FGTS pelo SFH e MCMV, parcela pelo SAC ou pela Tabela Price, ITBI, escritura e registro…",148,true,"Veja a casa, a chave e todos os números entre elas.",1,false,2239,true,false,false,false,false,true,true,false,true,78,0,true,hubs,
https://hacecuentas.com/pt/dinheiro/heranca-e-familia,200,https://hacecuentas.com/pt/dinheiro/heranca-e-familia,true,https,,true,"max-image-preview:large, max-snippet:-1, max-video-preview:-1","Herança, divórcio e pensão: quanto custa acertar isso?",54,true,"Calcule o custo de um inventário extrajudicial ou judicial, o ITCMD sobre herança e doação, a partilha no divórcio conforme o regime de bens e o valor…",151,true,Separe a partilha do custo de fazer a partilha.,1,false,2271,true,false,false,false,false,true,true,false,true,78,0,true,hubs,
https://hacecuentas.com/pt/dinheiro/imposto-de-renda,200,https://hacecuentas.com/pt/dinheiro/imposto-de-renda,true,https,,true,"max-image-preview:large, max-snippet:-1, max-video-preview:-1",Imposto de Renda 2026: quem declara e quanto paga ou recebe,59,true,"Simule o Imposto de Renda 2026: declaração simplificada ou completa, imposto a pagar ou restituir, lotes da restituição, day trade na B3 e DARF de cripto.",154,true,Descubra se você paga ou recebe — e por quê.,1,true,2250,true,false,false,false,false,true,true,false,true,78,0,true,hubs-recovery,
https://hacecuentas.com/pt/dinheiro/investir-renda-fixa,200,https://hacecuentas.com/pt/dinheiro/investir-renda-fixa,true,https,,true,"max-image-preview:large, max-snippet:-1, max-video-preview:-1","Poupança, CDB, Tesouro ou FII: onde rende mais depois",53,true,"Compare poupança, CDB, Tesouro Selic, Tesouro IPCA+, FII e previdência privada com IR regressivo, IOF dos 30 primeiros dias, custódia da B3 e a dedução…",152,true,"Compare o que sobra, não a taxa da propaganda.",1,false,2228,true,false,false,false,false,true,true,false,true,78,0,true,hubs,
https://hacecuentas.com/pt/dinheiro/simples-nacional,200,https://hacecuentas.com/pt/dinheiro/simples-nacional,true,https,,true,"max-image-preview:large, max-snippet:-1, max-video-preview:-1",Simples Nacional: em que anexo eu caio e quanto pago de DAS?,60,true,"Descubra o anexo do seu CNPJ (I a V), o Fator R da sua folha, a faixa do RBT12, a alíquota efetiva real e o valor do DAS do mês.",128,true,Não aplique a alíquota da tabela direto no faturamento.,1,false,2299,true,false,false,false,false,true,true,false,true,79,0,true,hubs-recovery,
https://hacecuentas.com/pt/futebol-brasileiro-hoje,200,https://hacecuentas.com/pt/futebol-brasileiro-hoje,true,https,,true,"max-image-preview:large, max-snippet:-1, max-video-preview:-1","Futebol brasileiro hoje: jogos, resultados e tabela",51,true,"Jogos de hoje, resultados, próximos jogos, horários locais e classificação do futebol brasileiro, com resultados recentes e agenda dos próximos 14 dias.",152,true,"Futebol brasileiro, hoje",1,true,905,false,false,false,false,true,true,true,false,true,15,0,true,priority,
https://hacecuentas.com/pt/matematica,200,https://hacecuentas.com/pt/matematica,true,https,,true,"max-image-preview:large, max-snippet:-1, max-video-preview:-1","Matemática — geometria, trigonometria e estatística",51,true,"Geometria, trigonometria, estatística e probabilidade com a fórmula à mostra: área de um triângulo pelos três lados, volume de cone, seno, cosseno…",147,true,Matemática,1,true,536,true,false,false,false,false,true,true,false,false,28,0,true,hubs-recovery,
https://hacecuentas.com/pt/matematica/converter-medidas,200,https://hacecuentas.com/pt/matematica/converter-medidas,true,https,,true,"max-image-preview:large, max-snippet:-1, max-video-preview:-1","Conversor de torque, velocidade e medida de pneu",48,true,"Conversores de medidas: torque em Nm, lb·ft e kg·m, velocidade em km/h, mph e nós, diâmetro real do pneu e quintal métrico para tonelada, numa página só.",153,true,Converta sem perder a relação entre as unidades.,1,false,1600,true,false,false,false,false,true,true,false,true,92,0,true,hubs,
https://hacecuentas.com/pt/matematica/estatistica-e-probabilidade,200,https://hacecuentas.com/pt/matematica/estatistica-e-probabilidade,true,https,,true,"max-image-preview:large, max-snippet:-1, max-video-preview:-1","Desvio padrão, combinações e probabilidade binomial em uma",58,true,"Média, variância e desvio padrão (populacional ou amostral) de um conjunto de dados, permutações e combinações de n elementos tomados k a k…",140,true,Veja a distribuição antes de resumir tudo em um número.,1,false,1995,true,false,false,false,false,true,true,false,true,78,0,true,hubs,
https://hacecuentas.com/pt/matematica/geometria-e-trigonometria,200,https://hacecuentas.com/pt/matematica/geometria-e-trigonometria,true,https,,true,"max-image-preview:large, max-snippet:-1, max-video-preview:-1","Área, volume e trigonometria: como calcular a sua figura",56,true,"Área de um triângulo pelos três lados (fórmula de Heron), volume e área de um cone, e seno, cosseno e tangente de um ângulo com os lados de um triângulo…",153,true,Desenhe o que você sabe. Calcule o que falta.,1,false,1920,true,false,false,false,false,true,true,false,true,77,0,true,hubs,
https://hacecuentas.com/pt/matematica/resolver-contas,200,https://hacecuentas.com/pt/matematica/resolver-contas,true,https,,true,"max-image-preview:large, max-snippet:-1, max-video-preview:-1","Regra de três, MDC e MMC, diluição e queda livre",48,true,"Calculadoras de regra de três, MDC e MMC, diluição C1V1=C2V2, energia cinética, queda livre, empuxo de Arquimedes e gramas em moles, numa página só.",148,true,Não dê só a resposta. Mostre o caminho.,1,false,2235,true,false,false,false,false,true,true,false,true,92,0,true,hubs-recovery,
https://hacecuentas.com/pt/quando-joga-brasil-copa-2026,200,https://hacecuentas.com/pt/quando-joga-brasil-copa-2026,true,https,,true,"max-image-preview:large, max-snippet:-1, max-video-preview:-1",Quando joga o Brasil na Copa do Mundo 2026? Próximo jogo,56,true,"Veja o calendário do Brasil na Copa do Mundo 2026, com datas, horários, resultados e o caminho completo que a seleção percorreu no torneio.",139,true,🇧🇷 Quando joga o Brasil na Copa do Mundo 2026?,1,true,216,false,false,false,false,false,true,true,false,true,5,0,true,core,
https://hacecuentas.com/pt/trabalho,200,https://hacecuentas.com/pt/trabalho,true,https,,true,"max-image-preview:large, max-snippet:-1, max-video-preview:-1",Trabalho e CLT no Brasil — calculadoras e guias,47,true,"Salário líquido, rescisão, férias, 13º e aposentadoria do INSS, calculados com a tabela vigente do INSS e do IRRF e o artigo da CLT que se aplica em cada…",154,true,Trabalho,1,true,709,false,false,false,false,false,true,true,false,false,30,0,true,hubs-recovery,
https://hacecuentas.com/pt/trabalho/aposentadoria-inss,200,https://hacecuentas.com/pt/trabalho/aposentadoria-inss,true,https,,true,"max-image-preview:large, max-snippet:-1, max-video-preview:-1",Aposentadoria INSS: quando posso me aposentar e quanto vou,58,true,"Simule todas as regras da EC 103/2019 num só lugar: idade, pontos, idade progressiva, pedágio de 50% e de 100%, aposentadoria especial e professor.",147,true,Qual regra leva você primeiro à aposentadoria?,1,true,122,false,false,false,false,false,true,true,false,true,23,0,true,hubs-recovery,
https://hacecuentas.com/pt/trabalho/beneficios-do-governo,200,https://hacecuentas.com/pt/trabalho/beneficios-do-governo,true,https,,true,"max-image-preview:large, max-snippet:-1, max-video-preview:-1",Bolsa Família e abono PIS/PASEP: tenho direito e de quanto,58,true,"Calcule o valor do Bolsa Família pela regra da Lei… Consultá bolsa família e abono pis/pasep: tenho direito e de quanto con datos, herramientas y fuentes…",154,true,Descubra onde vale a pena bater à porta.,1,false,132,false,false,false,false,false,true,true,false,true,23,0,true,hubs,
https://hacecuentas.com/pt/trabalho/ferias-e-decimo-terceiro,200,https://hacecuentas.com/pt/trabalho/ferias-e-decimo-terceiro,true,https,,true,"max-image-preview:large, max-snippet:-1, max-video-preview:-1",Férias e 13º salário 2026: quanto vou receber e quando cai,58,true,"Calcule as férias com o 1/3 constitucional, o abono da venda de 10 dias, os descontos de INSS e IRRF e as duas parcelas do 13º salário em 2026.",143,true,Veja em quais meses seu dinheiro muda.,1,false,123,false,false,false,false,false,true,true,false,true,23,0,true,hubs-recovery,
https://hacecuentas.com/pt/trabalho/quanto-custa-contratar,200,https://hacecuentas.com/pt/trabalho/quanto-custa-contratar,true,https,,true,"max-image-preview:large, max-snippet:-1, max-video-preview:-1","Quanto custa contratar: CLT, Simples, doméstica ou PJ?",54,true,"Calcule o custo real de ter alguém trabalhando pra você: INSS patronal de 20%, RAT, terceiros, FGTS de 8%, provisões de 13º e férias + 1/3, encargos…",149,true,O salário é só a primeira camada.,1,false,123,false,false,false,false,false,true,true,false,true,23,0,true,hubs-recovery,
https://hacecuentas.com/pt/trabalho/rescisao-clt,200,https://hacecuentas.com/pt/trabalho/rescisao-clt,true,https,,true,"max-image-preview:large, max-snippet:-1, max-video-preview:-1",Rescisão CLT 2026: quanto vou receber ao ser demitido,53,true,"Calculadora de rescisão CLT 2026: saldo de salário, aviso prévio proporcional, 13º e férias + 1/3, multa de 40% do FGTS e parcelas do seguro-desemprego.",152,true,Abra o envelope da sua saída.,1,false,128,false,false,false,false,false,true,true,false,true,23,0,true,hubs-recovery,
https://hacecuentas.com/pt/trabalho/salario-liquido,200,https://hacecuentas.com/pt/trabalho/salario-liquido,true,https,,true,"max-image-preview:large, max-snippet:-1, max-video-preview:-1",Salário líquido CLT 2026: quanto cai na conta após descontos,60,true,"Calculadora de salário líquido CLT 2026: INSS progressivo, IRRF com redutor e dependentes, adicional noturno, DSR, vale-transporte e consignado.",144,true,Do bruto ao que cai na conta.,1,true,114,false,false,false,false,false,true,true,false,true,23,0,true,hubs,
https://hacecuentas.com/pt/validar-cnpj,200,https://hacecuentas.com/pt/validar-cnpj,true,https,,true,"max-image-preview:large, max-snippet:-1, max-video-preview:-1",Validar CNPJ e Gerar CNPJ Válido Online Grátis,46,true,"Valide um CNPJ e verifique o dígito verificador na hora, ou gere um CNPJ válido para testes. 100% no seu navegador, sem enviar dados. Grátis, sem cadastro.",155,true,Validar CNPJ e gerar CNPJ válido,1,true,786,false,false,false,false,false,true,true,true,true,11,9,true,core,
https://hacecuentas.com/pt/validar-cpf,200,https://hacecuentas.com/pt/validar-cpf,true,https,,true,"max-image-preview:large, max-snippet:-1, max-video-preview:-1",Validar CPF e Gerar CPF Válido Online Grátis | Hacé Cuentas,59,true,"Valide um CPF e confira os dígitos verificadores na hora, ou gere um CPF válido para testes. Descubra a região fiscal pelo 9º dígito.",133,true,Validar CPF e gerar CPF válido,1,true,675,false,false,false,false,false,true,true,true,true,11,9,true,core,
https://hacecuentas.com/pt/veiculos,200,https://hacecuentas.com/pt/veiculos,true,https,,true,"max-image-preview:large, max-snippet:-1, max-video-preview:-1","Veículos no Brasil — calculadoras de custo, IPVA",48,true,"O que o carro realmente custa por mês: combustível pela regra dos 70%, IPVA de São Paulo, Paraná e Santa Catarina sobre a tabela FIPE, seguro…",142,true,Veículos,1,true,287,false,false,false,false,false,true,true,false,false,25,0,true,hubs-recovery,
https://hacecuentas.com/pt/veiculos/custo-do-carro,200,https://hacecuentas.com/pt/veiculos/custo-do-carro,true,https,,true,"max-image-preview:large, max-snippet:-1, max-video-preview:-1","Quanto custa ter um carro por mês: combustível, IPVA",52,true,"Some tudo o que o carro tira do seu bolso: combustível (álcool ou gasolina pela regra dos 70%), IPVA de SP, PR e SC sobre a tabela FIPE, seguro…",144,true,Quanto seu carro custa parado e rodando?,1,true,127,false,false,false,false,false,true,true,false,true,23,0,true,hubs,
https://hacecuentas.com/pt/vida,200,https://hacecuentas.com/pt/vida,true,https,,true,"max-image-preview:large, max-snippet:-1, max-video-preview:-1",Cálculos do dia a dia | Hacé Cuentas,36,true,"Qual é o número para decidir melhor no dia a dia?. Consultá cálculos do dia a dia con datos, herramientas y fuentes para Brasil.",128,true,Cálculos do dia a dia,1,true,575,true,false,false,false,false,true,true,false,false,41,0,true,hubs-recovery,
https://hacecuentas.com/pt/vida/aprender-e-passar,200,https://hacecuentas.com/pt/vida/aprender-e-passar,true,https,,true,"max-image-preview:large, max-snippet:-1, max-video-preview:-1","Média do ENEM, nota para passar e média escolar",47,true,"Calculadora de média ponderada do ENEM (nota de corte do SiSU), média escolar do ensino médio, quanto preciso para passar e aulas de idiomas por semana.",152,true,Transforme a nota que falta em sessões possíveis.,1,true,135,false,false,false,false,false,true,true,false,true,35,0,true,hubs-recovery,
https://hacecuentas.com/pt/vida/capacidade-custo-e-consumo,200,https://hacecuentas.com/pt/vida/capacidade-custo-e-consumo,true,https,,true,"max-image-preview:large, max-snippet:-1, max-video-preview:-1","Custo por token, bitrate de streaming e bateria em horas",56,true,"Custo de API por token (ChatGPT, Claude, Gemini), bitrate para streaming, autonomia de bateria em horas, PC gamer por FPS e tempo de transferência USB.",151,true,"Vai caber, durar ou custar quanto?",1,false,131,false,false,false,false,false,true,true,false,true,35,0,true,hubs,
https://hacecuentas.com/pt/vida/comida-para-receitas-e-festas,200,https://hacecuentas.com/pt/vida/comida-para-receitas-e-festas,true,https,,true,"max-image-preview:large, max-snippet:-1, max-video-preview:-1",Churrasco: gramas de carne por pessoa e porções de festa,56,true,"Gramas de carne por pessoa no churrasco, porções de bolo por forma, hambúrgueres e sushi por convidado e conversor de cups para gramas nas receitas.",148,true,Monte a mesa antes de ir ao mercado.,1,false,134,false,false,false,false,false,true,true,false,true,35,0,true,hubs,
https://hacecuentas.com/pt/vida/decisoes-e-calculos-do-dia-a-dia,200,https://hacecuentas.com/pt/vida/decisoes-e-calculos-do-dia-a-dia,true,https,,true,"max-image-preview:large, max-snippet:-1, max-video-preview:-1","Sódio na dieta DASH, ELO do xadrez e proteína vegana",52,true,"Calculadora de sódio diário na dieta DASH, variação de ELO no xadrez e combinação de aminoácidos para proteína vegana completa, numa página só.",143,true,Coloque duas opções na mesma régua.,1,false,144,false,false,false,false,false,true,true,false,true,35,0,true,hubs,
https://hacecuentas.com/pt/vida/treino-e-desempenho,200,https://hacecuentas.com/pt/vida/treino-e-desempenho,true,https,,true,"max-image-preview:large, max-snippet:-1, max-video-preview:-1","Calculadora de 1RM, IMC, macros e pace: treino e resultado",58,true,"Calcule seu 1RM no supino, agachamento e terra, IMC pela tabela da OMS, macros para cutting ou bulking, TMB e pace de natação e corrida, numa página só.",152,true,Treine forte sem apagar a recuperação.,1,false,131,false,false,false,false,false,true,true,false,true,35,0,true,hubs,
https://hacecuentas.com/py,200,https://hacecuentas.com/py,true,https,,true,"max-image-preview:large, max-snippet:-1, max-video-preview:-1","Calculadoras Paraguay 2026 — IRP, IPS, aguinaldo, IVA",53,true,"16 calculadoras gratis para Paraguay: salario neto, aguinaldo, IPS, IRP, IVA 10% y 5%, indemnización. Datos oficiales 2026.",123,true,"Las cuentas de todos los días, en guaraníes.",1,false,1792,true,false,true,true,true,true,true,false,true,50,0,true,hubs,
https://hacecuentas.com/py/automotor,200,https://hacecuentas.com/py/automotor,true,https,,true,"max-image-preview:large, max-snippet:-1, max-video-preview:-1","Autos en Paraguay — importación, transferencia y patente",56,true,"Importación, transferencia, patente municipal y gasto de combustible: lo que cuesta traer, poner a tu nombre y usar un auto en Paraguay.",136,true,Automotor,1,false,285,false,false,false,false,false,true,true,false,false,45,0,true,hubs-recovery,
https://hacecuentas.com/py/automotor/tener-auto,200,https://hacecuentas.com/py/automotor/tener-auto,true,https,,true,"max-image-preview:large, max-snippet:-1, max-video-preview:-1","Auto en Paraguay: costo de importar, transferir, patentar",57,true,"Cuánto cuesta un auto en Paraguay de punta a punta: arancel e IVA de importación sobre el CIF, gastos de transferencia ante escribano, patente municipal…",153,true,¿Cuánto cuesta tener el auto?,1,true,134,false,false,false,false,true,true,true,false,true,43,0,true,hubs-recovery,
https://hacecuentas.com/py/calculadoras,200,https://hacecuentas.com/py/calculadoras,true,https,,true,"max-image-preview:large, max-snippet:-1, max-video-preview:-1",Todas las calculadoras de Paraguay — 15 gratis,46,true,"Catálogo completo de 15 calculadoras online gratis para Paraguay: aguinaldo, IPS, salario mínimo, IRP, IVA, indemnización, guaraní.",131,true,Calculadoras de Paraguay,1,true,378,false,false,false,false,false,true,true,false,false,23,0,true,core,
https://hacecuentas.com/py/finanzas,200,https://hacecuentas.com/py/finanzas,true,https,,true,"max-image-preview:large, max-snippet:-1, max-video-preview:-1","Finanzas en Paraguay — dólar, remesas y plazo fijo",50,true,"Cotización del dólar, el euro y el peso, costo real de una remesa, rendimiento de un plazo fijo e inflación del IPC: qué pasa con tus guaraníes.",144,true,Finanzas,1,true,387,true,false,false,false,false,true,true,false,false,46,0,true,hubs-recovery,
https://hacecuentas.com/py/finanzas/guaranies,200,https://hacecuentas.com/py/finanzas/guaranies,true,https,,true,"max-image-preview:large, max-snippet:-1, max-video-preview:-1",Dólar hoy en Paraguay: cotización en guaraníes y remesas,56,true,"Cotización del dólar, euro y peso argentino en guaraníes hoy: cuánto llega de una remesa, cuánto rinde un plazo fijo y cuánto se licuó por inflación.",149,true,¿Cuánto vale tu plata en guaraníes?,1,true,128,false,false,false,false,true,true,true,false,true,43,0,true,hubs-recovery,
https://hacecuentas.com/py/finanzas/presupuesto-familiar-y-viajes,200,https://hacecuentas.com/py/finanzas/presupuesto-familiar-y-viajes,true,https,,true,"max-image-preview:large, max-snippet:-1, max-video-preview:-1",Cuota alimentaria y presupuesto familiar en Paraguay 2026,57,true,"Calculadora de cuota alimentaria orientativa en Paraguay, gasto mensual en colectivo y presupuesto para seguir el Mundial 2026 desde Paraguay.",142,true,¿Alcanza para vivir y viajar?,1,false,129,false,false,false,false,true,true,true,false,true,43,0,true,hubs-recovery,
https://hacecuentas.com/py/futbol-paraguayo-hoy,200,https://hacecuentas.com/py/futbol-paraguayo-hoy,true,https,,true,"max-image-preview:large, max-snippet:-1, max-video-preview:-1","Fútbol paraguayo hoy: partidos, resultados y tablas",51,true,"Partidos de hoy, resultados, próximos encuentros, horarios locales y tablas actualizadas del fútbol paraguayo, con resultados recientes y agenda…",145,true,"Fútbol paraguayo, hoy",1,true,592,false,false,false,false,true,true,true,false,true,15,0,true,priority,
https://hacecuentas.com/py/impuestos,200,https://hacecuentas.com/py/impuestos,true,https,,true,"max-image-preview:large, max-snippet:-1, max-video-preview:-1","Impuestos en Paraguay — calculadoras IRP, IRE e IVA",51,true,"IRP, IRE, IVA y tributos municipales resueltos con las tasas de la Ley 6380/19 y el umbral de no incidencia que decide si realmente te toca pagar.",146,true,Impuestos,1,true,302,false,false,false,false,false,true,true,false,false,45,0,true,hubs-recovery,
https://hacecuentas.com/py/impuestos/cuanto-pago,200,https://hacecuentas.com/py/impuestos/cuanto-pago,true,https,,true,"max-image-preview:large, max-snippet:-1, max-video-preview:-1","Impuestos en Paraguay: IRP, IRE, IVA y aportes de quien",55,true,"Cuánto pagás de IRP según la escala del 8%, 9% y 10%, el umbral de no incidencia, el IRE del 10% sobre la renta empresarial, el IVA del 10% y 5%…",145,true,¿Cuánto pagás según cómo ganás?,1,false,122,false,false,false,false,true,true,true,false,true,43,0,true,hubs-recovery,
https://hacecuentas.com/py/trabajo,200,https://hacecuentas.com/py/trabajo,true,https,,true,"max-image-preview:large, max-snippet:-1, max-video-preview:-1",Trabajo y sueldos en Paraguay — calculadoras laborales,54,true,"Sueldo neto, horas extras, aguinaldo, vacaciones, liquidación final y aportes al IPS, resueltos con el salario mínimo vigente y el artículo del Código…",151,true,Trabajo,1,true,589,true,false,false,false,false,true,true,false,false,48,0,true,hubs-recovery,
https://hacecuentas.com/py/trabajo/dias-y-notas,200,https://hacecuentas.com/py/trabajo/dias-y-notas,true,https,,true,"max-image-preview:large, max-snippet:-1, max-video-preview:-1",Días hábiles y feriados Paraguay 2026 y promedio de notas,57,true,"Calculadora de días hábiles con los feriados de Paraguay 2026 y calculadora de promedio de notas del MEC en escala 1 a 5, reunidas en una sola página.",150,true,"Días, jornal y constancias",1,true,122,false,false,false,false,true,true,true,false,true,43,0,true,hubs-recovery,
https://hacecuentas.com/py/trabajo/ips,200,https://hacecuentas.com/py/trabajo/ips,true,https,,true,"max-image-preview:large, max-snippet:-1, max-video-preview:-1",IPS Paraguay: cuánto aportás y qué te cubre,43,true,"El aporte obrero del 9% y el patronal del 16,5% al IPS, el costo real de un empleado, los requisitos de la jubilación ordinaria, anticipada…",140,true,¿Cuánto aportás y qué te devuelve el IPS?,1,true,125,false,false,false,false,true,true,true,true,true,43,0,true,hubs-recovery,
https://hacecuentas.com/py/trabajo/liquidacion-final,200,https://hacecuentas.com/py/trabajo/liquidacion-final,true,https,,true,"max-image-preview:large, max-snippet:-1, max-video-preview:-1",Liquidación final Paraguay 2026: indemnización y preaviso,57,true,"Calculá tu liquidación final en Paraguay 2026: indemnización de 15 jornales por año, preaviso del art. 87, aguinaldo proporcional y vacaciones no gozadas.",154,true,¿Cuánto te pagan al salir?,1,false,126,false,false,false,false,true,true,true,false,true,43,0,true,hubs-recovery,
https://hacecuentas.com/py/trabajo/sueldo-neto,200,https://hacecuentas.com/py/trabajo/sueldo-neto,true,https,,true,"max-image-preview:large, max-snippet:-1, max-video-preview:-1",Salario mínimo Paraguay 2026: jornal diario y sueldo neto,57,true,El salario mínimo en Paraguay 2026 es Gs. 3.044.000 al mes y el jornal diario Gs. 117.077. Calculá tu sueldo neto con el descuento del IPS del 9%.,146,true,Salario mínimo Paraguay 2026: Gs. 3.044.000,1,true,2179,true,false,true,true,true,true,true,false,true,98,0,true,hubs-recovery,
https://hacecuentas.com/py/vivienda,200,https://hacecuentas.com/py/vivienda,true,https,,true,"max-image-preview:large, max-snippet:-1, max-video-preview:-1","Vivienda en Paraguay — crédito, escritura y gastos",50,true,"Crédito Che Róga Porã, gastos de escritura, comisión inmobiliaria, impuesto inmobiliario y factura de la ANDE: todo lo que cuesta comprar y sostener…",149,true,Vivienda,1,true,406,true,false,false,false,false,true,true,false,false,46,0,true,hubs-recovery,
https://hacecuentas.com/py/vivienda/casa-propia,200,https://hacecuentas.com/py/vivienda/casa-propia,true,https,,true,"max-image-preview:large, max-snippet:-1, max-video-preview:-1","Comprar casa en Paraguay: cuota Che Róga Porã, escritura",56,true,"Cuánto cuesta realmente la casa propia en Paraguay: la cuota del crédito Che Róga Porã al 6,5% o 9,9%, los gastos de escrituración, la comisión…",144,true,¿Cuánto cuesta de verdad la casa propia?,1,true,241,false,false,false,false,true,true,true,false,true,43,0,true,hubs-recovery,
https://hacecuentas.com/py/vivienda/organizar-un-evento,200,https://hacecuentas.com/py/vivienda/organizar-un-evento,true,https,,true,"max-image-preview:large, max-snippet:-1, max-video-preview:-1","Cuánta carne y bebida por persona para un asado, Paraguay",57,true,"Calculá cuánta carne por persona necesitás para el asado y cuántas bebidas comprar para tu evento o fiesta en Paraguay, todo en una sola página.",144,true,Organizá el evento mesa por mesa,1,false,122,false,false,false,false,true,true,true,false,true,43,0,true,hubs-recovery,
https://hacecuentas.com/que-sueldo-necesito,200,https://hacecuentas.com/que-sueldo-necesito,true,https,,true,"max-image-preview:large, max-snippet:-1, max-video-preview:-1",¿Qué sueldo necesito para...? Calculadoras 2026,47,true,"Qué sueldo necesitás para alquilar, comprar un auto, sacar un crédito, mantener una familia o vivir del monotributo.",116,true,¿Qué sueldo necesito para...?,1,true,1021,false,false,true,false,false,true,true,false,true,18,0,true,core,
https://hacecuentas.com/recategorizacion-monotributo-julio-2026,200,https://hacecuentas.com/recategorizacion-monotributo-julio-2026,true,https,,true,"max-image-preview:large, max-snippet:-1, max-video-preview:-1",Recategorización Monotributo: vence 5 de agosto 2026,52,true,Calculá tu categoría para la recategorización del monotributo que vence el 5 de agosto de 2026.,95,true,¿Tenés que cambiar de categoría?,1,false,823,false,false,true,true,true,true,true,false,true,5,4,true,core,
https://hacecuentas.com/salud,200,https://hacecuentas.com/salud,true,https,,true,"max-image-preview:large, max-snippet:-1, max-video-preview:-1",Salud — calculadoras y guías | Hacé Cuentas,43,true,"Calculá IMC, peso, calorías, crecimiento y otras medidas de salud con referencias profesionales, límites claros y orientación para interpretar resultados.",154,true,Entendé tu cuerpo sin perderte en resultados.,1,false,1441,true,false,false,true,false,true,true,false,false,120,0,true,hubs,
https://hacecuentas.com/salud/calorias-de-los-alimentos,200,https://hacecuentas.com/salud/calorias-de-los-alimentos,true,https,,true,"max-image-preview:large, max-snippet:-1, max-video-preview:-1","¿Cuántas calorías tiene lo que como? Calorías, macros",53,true,"Buscá un alimento y mirá cuántas calorías aporta tu porción, cómo se reparten entre proteínas, carbohidratos y grasas, qué índice y carga glucémica…",148,true,¿Qué tiene realmente lo que comés?,1,true,2015,true,false,true,true,false,true,true,false,true,105,0,true,hubs,
https://hacecuentas.com/salud/calorias-quemadas,200,https://hacecuentas.com/salud/calorias-quemadas,true,https,,true,"max-image-preview:large, max-snippet:-1, max-video-preview:-1",¿Cuántas calorías quemé entrenando? Calculadora,47,true,"Calculá las calorías que quemaste en cualquier actividad: caminar, correr, bici, natación, fútbol, pádel, pesas, yoga, escaleras o tareas de casa.",146,true,¿Cuánto quemaste de verdad?,1,false,2081,true,false,true,true,false,true,true,false,true,105,0,true,hubs,
https://hacecuentas.com/salud/crecimiento-infantil,200,https://hacecuentas.com/salud/crecimiento-infantil,true,https,,true,"max-image-preview:large, max-snippet:-1, max-video-preview:-1",¿Está bien el peso y la altura de mi hijo? Percentiles,54,true,"Percentil de IMC para la edad con las tablas CDC, percentil de peso con las curvas OMS, estimación de la talla adulta y peso máximo de la mochila escolar.",154,true,¿Está creciendo bien tu hijo?,1,true,1858,false,false,true,true,false,true,true,false,true,105,0,true,hubs,
https://hacecuentas.com/salud/cuanto-dormir,200,https://hacecuentas.com/salud/cuanto-dormir,true,https,,true,"max-image-preview:large, max-snippet:-1, max-video-preview:-1",¿Cuántas horas tengo que dormir y a qué hora acostarme?,55,true,"Las horas de sueño que te corresponden por edad según el consenso NSF/AASM, cuánto te falta si dormís menos, y a qué hora conviene acostarte…",141,true,La hora de levantarte define cuándo empieza la noche.,1,true,1540,false,false,true,true,false,true,true,false,true,105,0,true,hubs,
https://hacecuentas.com/salud/frecuencia-cardiaca,200,https://hacecuentas.com/salud/frecuencia-cardiaca,true,https,,true,"max-image-preview:large, max-snippet:-1, max-video-preview:-1","¿Cuál es mi zona de frecuencia cardíaca? Zonas, FC máxima",57,true,"Calculá tus 5 zonas de entrenamiento por Karvonen y por porcentaje de FC máxima, tu frecuencia cardíaca máxima con Tanaka, Fox y Gellish comparadas…",148,true,"Entendé tu pulso. Entrená con un rango, no a ciegas.",1,false,2339,true,false,true,true,false,true,true,false,true,105,0,true,hubs,
https://hacecuentas.com/salud/fuerza-y-gimnasio,200,https://hacecuentas.com/salud/fuerza-y-gimnasio,true,https,,true,"max-image-preview:large, max-snippet:-1, max-video-preview:-1",¿Cuánto peso levanto y cuánto descanso?,39,true,"Tu 1RM con Epley, Brzycki y Lombardi, la escalera de cargas por porcentaje, tu score Wilks, el descanso entre series y cuántas horas necesita cada…",147,true,Progresá la carga sin perder la técnica.,1,false,1505,true,false,true,true,false,true,true,false,true,105,0,true,hubs,
https://hacecuentas.com/salud/grasa-corporal,200,https://hacecuentas.com/salud/grasa-corporal,true,https,,true,"max-image-preview:large, max-snippet:-1, max-video-preview:-1","¿Cuánta grasa corporal tengo? Método Marina, pliegues y FFMI",60,true,"Estimá tu porcentaje de grasa corporal por circunferencias (método de la Marina de EE.UU.), por pliegues cutáneos (Jackson-Pollock), tu índice…",143,true,Dos cuerpos pueden pesar lo mismo y estar compuestos distinto.,1,false,1295,true,false,true,true,false,true,true,true,true,105,0,true,hubs-recovery,
https://hacecuentas.com/salud/habitos,200,https://hacecuentas.com/salud/habitos,true,https,,true,"max-image-preview:large, max-snippet:-1, max-video-preview:-1","¿Cuánto alcohol, sol y pantalla me hacen bien?",46,true,"Calculá tu alcohol en sangre estimado frente al límite de la ley 24.449, los minutos de sol seguros según tu fototipo, tu ventana de ayuno intermitente…",152,true,Medí el hábito. Entendé el riesgo. Elegí mejor.,1,false,2049,true,false,true,true,false,true,true,false,true,105,0,true,hubs,
https://hacecuentas.com/salud/macros,200,https://hacecuentas.com/salud/macros,true,https,,true,"max-image-preview:large, max-snippet:-1, max-video-preview:-1","¿Cómo reparto mis macros? Calculadora de proteína, carbos",57,true,"Pasá tus calorías diarias a gramos de proteína, carbohidratos y grasa según la dieta o el objetivo: balanceada, alta en proteína, low carb, keto, paleo…",152,true,"Los macros son un reparto, no tres metas aisladas.",1,true,1457,false,false,true,true,false,true,true,false,true,105,0,true,hubs,
https://hacecuentas.com/salud/nutrientes-diarios,200,https://hacecuentas.com/salud/nutrientes-diarios,true,https,,true,"max-image-preview:large, max-snippet:-1, max-video-preview:-1","¿Cuánto necesito por día? Calcio, hierro, magnesio, fibra",57,true,"Tu cantidad diaria recomendada de calcio, hierro, magnesio, fibra y vitamina D según edad, sexo, embarazo o lactancia — y tus topes de sodio, azúcar…",149,true,La variedad se puede revisar sin contar cada miligramo.,1,false,1647,false,false,true,true,false,true,true,false,true,105,0,true,hubs,
https://hacecuentas.com/salud/peso-en-el-embarazo,200,https://hacecuentas.com/salud/peso-en-el-embarazo,true,https,,true,"max-image-preview:large, max-snippet:-1, max-video-preview:-1",Aumento de peso en el embarazo: calculadora por semana,54,true,"Calculá el rango orientativo de aumento de peso para tu semana de embarazo según tu IMC previo. Incluye curva, rango total y fuentes médicas.",141,true,¿Cuánto peso es esperable subir en cada semana?,1,true,1774,false,false,true,true,false,true,true,true,true,106,0,true,hubs,
https://hacecuentas.com/salud/plan-de-carrera,200,https://hacecuentas.com/salud/plan-de-carrera,true,https,,true,"max-image-preview:large, max-snippet:-1, max-video-preview:-1",Me anoté a una carrera: ¿cuántas semanas de plan necesito?,58,true,"Cuántas semanas de entrenamiento necesitás para 5K, media maratón o maratón según tu nivel, con qué pico de kilómetros semanales, qué tiempo podés hacer…",153,true,"La carrera se prepara por bloques, no acumulando kilómetros al azar.",1,true,1464,true,false,true,true,false,true,true,false,true,105,0,true,hubs,
https://hacecuentas.com/salud/proteina,200,https://hacecuentas.com/salud/proteina,true,https,,true,"max-image-preview:large, max-snippet:-1, max-video-preview:-1",¿Cuánta proteína tengo que comer por día? Gramos,48,true,"Calculá tus gramos de proteína diarios según tu peso, tu edad y tu objetivo: mantenimiento, ganar músculo o bajar grasa.",120,true,"Tu proteína diaria, llevada al plato.",1,true,2084,false,false,true,true,false,true,true,false,true,105,0,true,hubs-recovery,
https://hacecuentas.com/salud/ritmo-y-pace,200,https://hacecuentas.com/salud/ritmo-y-pace,true,https,,true,"max-image-preview:large, max-snippet:-1, max-video-preview:-1","¿A qué ritmo tengo que correr? — Pace, velocidad",48,true,"Calculá tu pace en min/km, la velocidad en km/h y cuánto te daría otra… Encontrá herramientas, ejemplos y fuentes para resolver a qué ritmo tengo…",146,true,Tu ritmo se entiende mejor vuelta por vuelta.,1,true,1497,true,false,true,true,false,true,true,false,true,105,0,true,hubs,
https://hacecuentas.com/salud/sueno-y-pantallas,200,https://hacecuentas.com/salud/sueno-y-pantallas,true,https,,true,"max-image-preview:large, max-snippet:-1, max-video-preview:-1",¿Cuántas horas de sueño y de pantalla deberíamos tener?,55,true,"Cuántas horas de sueño corresponden a cada edad, cuánta pantalla es razonable para un chico y para un adulto, cuánto te comen las redes al año y qué dice…",154,true,No apagues el día en el mismo segundo que la pantalla.,1,true,1908,false,false,true,true,false,true,true,false,true,105,0,true,hubs-recovery,
https://hacecuentas.com/sobre-nosotros,200,https://hacecuentas.com/sobre-nosotros,true,https,,true,"max-image-preview:large, max-snippet:-1, max-video-preview:-1",Sobre Hacé Cuentas — Calculadoras online gratuitas,50,true,"Hacé Cuentas es un proyecto argentino de calculadoras online gratuitas. Conoce nuestra misión, quién revisa el contenido, metodología, fuentes oficiales…",153,true,Sobre Hacé Cuentas,1,true,1319,true,false,false,true,true,true,true,false,false,14,0,true,core,
https://hacecuentas.com/sugerir,200,https://hacecuentas.com/sugerir,true,https,,true,"max-image-preview:large, max-snippet:-1, max-video-preview:-1",Sugerí una calculadora nueva — Hacé Cuentas,43,true,"¿Hay una calculadora que te falta? Proponé tu idea y la comunidad la vota. Si gana tracción, la construimos. 100% gratis, sin registro.",135,true,Sugerí una calculadora nueva,1,true,220,false,false,false,false,false,true,true,false,false,5,0,true,core,
https://hacecuentas.com/tabla/tabla-amortizacion-prestamo,200,https://hacecuentas.com/tabla/tabla-amortizacion-prestamo,true,https,,true,"max-image-preview:large, max-snippet:-1, max-video-preview:-1",Tabla de Amortización de Préstamo 2026 — Francés y Alemán,57,true,"Tabla de amortización de préstamo con sistema francés y alemán: cuotas, capital, intereses y saldo. Ejemplo real con $5.000.000 al 80% TNA a 12 meses.",150,true,Tabla de Amortización de Préstamo 2026 — Francés y Alemán | Hacé Cuentas,1,true,1481,false,true,true,false,true,true,true,false,true,12,0,true,tablas,
https://hacecuentas.com/tabla/tabla-calorias-alimentos,200,https://hacecuentas.com/tabla/tabla-calorias-alimentos,true,https,,true,"max-image-preview:large, max-snippet:-1, max-video-preview:-1",Tabla de Calorías por Alimento 2026 — Completa,46,true,"Tabla de calorías de alimentos completa: frutas, verduras, carnes, lácteos y cereales con proteínas, carbohidratos y grasas por cada 100 g. Fuente USDA.",152,true,Tabla de Calorías por Alimento 2026 — Completa | Hacé Cuentas,1,true,1353,false,false,true,false,true,true,true,false,true,12,0,true,tablas,
https://hacecuentas.com/tabla/tabla-conversion-medidas,200,https://hacecuentas.com/tabla/tabla-conversion-medidas,true,https,,true,"max-image-preview:large, max-snippet:-1, max-video-preview:-1",Tabla de Conversión de Medidas 2026 — Completa,46,true,"Tabla de conversión de medidas completa: longitud, peso, volumen, temperatura y superficie. Equivalencias entre sistema métrico e imperial al instante.",151,true,Tabla de Conversión de Medidas 2026 — Completa | Hacé Cuentas,1,true,1418,true,false,true,false,true,true,true,false,true,12,0,true,tablas,
https://hacecuentas.com/tabla/tabla-imc-peso-altura,200,https://hacecuentas.com/tabla/tabla-imc-peso-altura,true,https,,true,"max-image-preview:large, max-snippet:-1, max-video-preview:-1",Tabla de IMC por peso y altura: valores OMS | Hacé Cuentas,58,true,"Consultá el IMC correspondiente a cada combinación de peso y altura, cómo interpretarlo según la OMS y en qué casos no alcanza.",127,true,"Tu peso y tu altura, puestos en contexto.",1,true,846,true,false,false,false,false,true,true,true,false,94,0,true,tablas,
https://hacecuentas.com/tecnologia,200,https://hacecuentas.com/tecnologia,true,https,,true,"max-image-preview:large, max-snippet:-1, max-video-preview:-1","Calculadoras de tecnología, electrónica y archivos",50,true,"Calculá consumo, baterías, almacenamiento, bitrate, redes, componentes electrónicos y ajustes de dispositivos con herramientas gratuitas.",137,true,Menos siglas. Más respuestas útiles.,1,false,1263,false,false,false,true,false,true,true,true,false,116,25,true,hubs,
https://hacecuentas.com/tecnologia/ajustes-de-camara,200,https://hacecuentas.com/tecnologia/ajustes-de-camara,true,https,,true,"max-image-preview:large, max-snippet:-1, max-video-preview:-1","¿Con qué ajustes disparo? — Exposición, ND, flash y focal",57,true,"Sacá el EV de tu combinación de ISO, diafragma y velocidad, las combinaciones equivalentes, cuánto se alarga la exposición con un filtro ND, hasta dónde…",153,true,La foto que imaginás empieza antes del clic.,1,false,2061,true,false,true,true,false,true,true,false,true,105,0,true,hubs,
https://hacecuentas.com/tecnologia/almacenamiento,200,https://hacecuentas.com/tecnologia/almacenamiento,true,https,,true,"max-image-preview:large, max-snippet:-1, max-video-preview:-1","¿Cuántos GB son? Conversor bytes, KB, MB, GB, TB y espacio",58,true,"Convertí entre bits, bytes, KB, MB, GB y TB en base decimal (1.000) o binaria (1.024) y entendé por qué un disco de 1 TB muestra 931 GB.",136,true,"Antes de comprar espacio, mirá qué está ocupando el armario.",1,true,1612,false,false,true,true,false,true,true,false,true,105,0,true,hubs,
https://hacecuentas.com/tecnologia/audio,200,https://hacecuentas.com/tecnologia/audio,true,https,,true,"max-image-preview:large, max-snippet:-1, max-video-preview:-1","Audio: BPM, tempo, afinación y decibeles",40,true,"Sacá el BPM de una canción, la duración del compás, el delay sincronizado en milisegundos, la frecuencia de cualquier nota con A440, la tensión…",144,true,El ruido entra donde la señal llega demasiado baja.,1,false,1823,true,false,true,true,false,true,true,false,true,105,0,true,hubs,
https://hacecuentas.com/tecnologia/baterias,200,https://hacecuentas.com/tecnologia/baterias,true,https,,true,"max-image-preview:large, max-snippet:-1, max-video-preview:-1","¿Cuánto dura la batería? Autonomía en mAh, Ah, UPS, tiempo",58,true,"Calculá cuántas horas dura una batería según su capacidad en mAh o Ah y el consumo real, la autonomía de un UPS con tu carga en watts, el tiempo de carga…",154,true,Sabé cuánto dura antes de quedarte sin energía.,1,true,2431,true,false,true,true,false,true,true,false,true,105,0,true,hubs,
https://hacecuentas.com/tecnologia/costo-de-ia,200,https://hacecuentas.com/tecnologia/costo-de-ia,true,https,,true,"max-image-preview:large, max-snippet:-1, max-video-preview:-1","¿Cuánto me cuesta la API de IA? — Tokens, caché, GPU",52,true,"Calculá el gasto mensual real de tu aplicación de IA: precio por millón de tokens de entrada y salida, ahorro del prompt caching, alquiler de GPU…",146,true,"El costo está en el flujo, no en una sola llamada.",1,false,1691,true,false,true,true,false,true,true,false,true,105,0,true,hubs,
https://hacecuentas.com/tecnologia/fotografia,200,https://hacecuentas.com/tecnologia/fotografia,true,https,,true,"max-image-preview:large, max-snippet:-1, max-video-preview:-1",Fotos y video: cuánto ocupan y a qué resolución imprimen,56,true,"Cuántas fotos entran en tu tarjeta SD, cuánto pesa un video según el bitrate, hasta qué tamaño podés imprimir tus megapíxeles a 300 DPI y cuántas fotos…",152,true,"De la cámara a la pared, sin adivinar.",1,false,2327,false,false,true,true,false,true,true,false,true,105,0,true,hubs,
https://hacecuentas.com/tecnologia/gaming,200,https://hacecuentas.com/tecnologia/gaming,true,https,,true,"max-image-preview:large, max-snippet:-1, max-video-preview:-1","¿Qué FPS me da mi PC? — Calculadora de FPS, fuente, ping",56,true,"Estimá cuántos FPS te da tu PC según GPU, CPU, resolución y calidad gráfica, si tu monitor los aprovecha, cuántos watts necesita tu fuente, cuánto te…",150,true,"Tu PC, medida en lo que realmente importa.",1,false,2563,false,false,true,true,false,true,true,false,true,106,0,true,hubs,
https://hacecuentas.com/tecnologia/instalacion-electrica,200,https://hacecuentas.com/tecnologia/instalacion-electrica,true,https,,true,"max-image-preview:large, max-snippet:-1, max-video-preview:-1","Sección de cable, térmica y caída de tensión",44,true,"Calculá qué sección de cable y qué térmica necesita un circuito según su consumo, cuánta tensión se pierde en un tramo largo, la relación entre voltaje…",152,true,El cable correcto. La protección correcta.,1,true,2364,true,false,true,true,false,true,true,false,true,105,0,true,hubs,
https://hacecuentas.com/tecnologia/internet-y-red,200,https://hacecuentas.com/tecnologia/internet-y-red,true,https,,true,"max-image-preview:large, max-snippet:-1, max-video-preview:-1",¿Me alcanzan los megas? Cuánto tarda una descarga,49,true,"Calculá cuánto tarda una descarga con tu velocidad real, cuántos MB/s son tus Mbps, qué porcentaje de lo contratado te está dando el ISP, cuánto pierde…",152,true,Más megas no arreglan una señal que no llega.,1,true,1840,false,false,true,true,false,true,true,false,true,105,0,true,hubs,
https://hacecuentas.com/tecnologia/nitidez-y-encuadre,200,https://hacecuentas.com/tecnologia/nitidez-y-encuadre,true,https,,true,"max-image-preview:large, max-snippet:-1, max-video-preview:-1",¿Qué sale nítido y cuánto entra en el cuadro?,45,true,"Calculá la profundidad de campo real de tu lente, la distancia hiperfocal para que el paisaje quede nítido hasta el infinito, cuántos metros de ancho…",150,true,La cámara enfoca un punto; vos decidís qué importa.,1,false,2110,true,false,true,true,false,true,true,false,true,105,0,true,hubs,
https://hacecuentas.com/tecnologia/resistencias,200,https://hacecuentas.com/tecnologia/resistencias,true,https,,true,"max-image-preview:large, max-snippet:-1, max-video-preview:-1","¿Qué resistencia necesito? Código de colores, LED",49,true,"Leé el código de colores de 4, 5 y 6 bandas, calculá la resistencia para un LED, la equivalente en serie y paralelo y un divisor de tensión.",140,true,La resistencia correcta protege el componente y hace predecible el circuito.,1,true,1186,true,false,true,true,false,true,true,true,false,108,0,true,hubs,
https://hacecuentas.com/terminos,200,https://hacecuentas.com/terminos,true,https,,true,"max-image-preview:large, max-snippet:-1, max-video-preview:-1",Términos y condiciones — Hacé Cuentas,37,true,"Términos y condiciones de uso de Hacé Cuentas. Reglas, limitaciones y responsabilidades al usar nuestras calculadoras online.",125,true,Términos y condiciones,1,true,569,true,false,false,false,false,true,true,false,false,6,0,true,core,
https://hacecuentas.com/trabajo,200,https://hacecuentas.com/trabajo,true,https,,true,"max-image-preview:large, max-snippet:-1, max-video-preview:-1",Calculadoras de sueldo y trabajo 2026 | Hacé Cuentas,52,true,"Lo que cobrás, lo que te descuentan y lo que te corresponde cuando el trabajo empieza… Encontrá herramientas, ejemplos y fuentes para resolver trabajo.",151,true,Entendé tu sueldo. Defendé mejor tu trabajo.,1,true,1755,true,false,false,true,false,true,true,false,false,135,0,true,hubs-recovery,
https://hacecuentas.com/trabajo/accidente-laboral,200,https://hacecuentas.com/trabajo/accidente-laboral,true,https,,true,"max-image-preview:large, max-snippet:-1, max-video-preview:-1","Accidente laboral: qué hacer, qué cobra la ART y cuándo",55,true,"Recorrido paso a paso ante un accidente laboral: denuncia, ART, sueldo durante la baja, incapacidad, Comisión Médica e indemnización orientativa.",145,true,Tuve un accidente laboral: ¿qué hago ahora?,1,true,585,false,false,true,true,false,true,true,false,true,55,0,true,hubs-recovery,
https://hacecuentas.com/trabajo/aguinaldo,200,https://hacecuentas.com/trabajo/aguinaldo,true,https,,true,"max-image-preview:large, max-snippet:-1, max-video-preview:-1",¿Cuánto cobro de aguinaldo? — Calculadora de SAC 2026,53,true,"Calculá tu aguinaldo según tu caso: empleado en relación de dependencia, empleada de casas particulares, medio semestre trabajado o jubilado de ANSES.",150,true,Tu mejor sueldo tiene una segunda mitad.,1,false,1943,true,false,true,true,false,true,true,false,true,108,0,true,hubs,
https://hacecuentas.com/trabajo/contratar-personal-casas-particulares,200,https://hacecuentas.com/trabajo/contratar-personal-casas-particulares,true,https,,true,"max-image-preview:large, max-snippet:-1, max-video-preview:-1",Contratar personal de casas particulares,40,true,"Calculá y organizá el alta de personal de casas particulares: remuneración, horas, aportes, ART, recibo, aguinaldo, vacaciones y calendario.",140,true,Voy a contratar personal para mi casa: ¿cuánto cuesta y qué hago?,1,true,543,false,false,true,true,false,true,true,false,true,56,0,true,core,
https://hacecuentas.com/trabajo/costo-de-un-empleado,200,https://hacecuentas.com/trabajo/costo-de-un-empleado,true,https,,true,"max-image-preview:large, max-snippet:-1, max-video-preview:-1",Aportes patronales y cargas sociales 2026,41,true,"Calculá las cargas sociales y el costo laboral total de un empleado registrado en Argentina: sueldo bruto, aportes y contribuciones patronales…",143,true,El sueldo es sólo una parte del costo.,1,false,2014,true,false,true,true,false,true,true,false,true,108,0,true,hubs,
https://hacecuentas.com/trabajo/empleada-domestica,200,https://hacecuentas.com/trabajo/empleada-domestica,true,https,,true,"max-image-preview:large, max-snippet:-1, max-video-preview:-1",Empleada doméstica: ¿cuánto le pago? — Sueldo y aportes 2026,60,true,"Calculá cuánto te sale por mes tener empleada doméstica registrada: valor hora de la escala CNTCP por categoría, con o sin retiro, sueldo mensual…",146,true,Sabé cuánto cobra ella y cuánto te cuesta a vos.,1,true,2103,true,false,true,true,false,true,true,false,true,105,0,true,hubs-recovery,
https://hacecuentas.com/trabajo/horas-extra,200,https://hacecuentas.com/trabajo/horas-extra,true,https,,true,"max-image-preview:large, max-snippet:-1, max-video-preview:-1",¿Cuánto me tienen que pagar las horas extra?,44,true,"Calculá tus horas extra al 50% y al 100%, las horas nocturnas del art. 200 LCT, el valor de tu hora normal y cómo quedan el plus por antigüedad…",144,true,Cada hora de más tiene un valor distinto.,1,false,2177,true,false,true,true,false,true,true,false,true,105,0,true,hubs,
https://hacecuentas.com/trabajo/liquidacion-final,200,https://hacecuentas.com/trabajo/liquidacion-final,true,https,,true,"max-image-preview:large, max-snippet:-1, max-video-preview:-1",Liquidación final por renuncia y antigüedad laboral 2026,56,true,"Si renunciás no cobrás indemnización por antigüedad… Encontrá herramientas, ejemplos y fuentes para resolver renuncio: ¿cuánto cobro de liquidación final.",154,true,Calculadora de liquidación final por renuncia.,1,true,1991,true,false,true,true,true,true,true,true,true,109,0,true,hubs,
https://hacecuentas.com/trabajo/liquidacion-latam,200,https://hacecuentas.com/trabajo/liquidacion-latam,true,https,,true,"max-image-preview:large, max-snippet:-1, max-video-preview:-1",Me voy del trabajo: ¿qué me tienen que pagar?,45,true,"Finiquito, liquidación, cesantías, prima, CTS, gratificación, indemnización y desahucio: elegí tu país y calculá lo que te corresponde cuando terminás…",151,true,Primero identificá conceptos. Después elegí el país.,1,false,1734,true,false,true,true,false,true,true,false,true,105,0,true,hubs,
https://hacecuentas.com/trabajo/seguro-de-desempleo,200,https://hacecuentas.com/trabajo/seguro-de-desempleo,true,https,,true,"max-image-preview:large, max-snippet:-1, max-video-preview:-1",Seguro de desempleo ANSES 2026: cuánto y cuántos meses,54,true,"Calculá la prestación por desempleo de ANSES: 75% de tu mejor remuneración, con piso y techo vigentes y la duración según tus meses de aportes.",143,true,Sabé cuánto cobrarías y por cuánto tiempo.,1,true,1775,true,false,true,true,false,true,true,false,true,108,0,true,hubs,
https://hacecuentas.com/trabajo/sueldo-bruto-y-neto,200,https://hacecuentas.com/trabajo/sueldo-bruto-y-neto,true,https,,true,"max-image-preview:large, max-snippet:-1, max-video-preview:-1",Calculadora de sueldo bruto a neto 2026 Argentina,49,true,"Calculá sueldo bruto a neto y neto a bruto en Argentina. Incluye aportes con tope SIPA de julio 2026, Ganancias estimada y monotributo por categoría.",149,true,Del sueldo bruto al dinero que te queda en mano.,1,true,2007,true,false,true,true,false,true,true,true,true,108,0,true,hubs,
https://hacecuentas.com/trabajo/sueldo-vs-inflacion,200,https://hacecuentas.com/trabajo/sueldo-vs-inflacion,true,https,,true,"max-image-preview:large, max-snippet:-1, max-video-preview:-1",¿Mi sueldo le gana a la inflación? Calculadora de sueldo,56,true,"Compará tu aumento contra el IPC del INDEC y mirá si tu sueldo real subió o bajó. Incluye salario mínimo vigente, sueldo en dólares, comparación…",145,true,Tu sueldo subió. ¿Pero te alcanza para más?,1,true,2001,true,false,true,true,false,true,true,false,true,105,0,true,hubs,
https://hacecuentas.com/trabajo/sueldos-por-convenio,200,https://hacecuentas.com/trabajo/sueldos-por-convenio,true,https,,true,"max-image-preview:large, max-snippet:-1, max-video-preview:-1",Sueldos por convenio 2026: escalas y cálculo por CCT,52,true,"Elegí tu gremio y mirá el básico de convenio vigente, la antigüedad… Encontrá herramientas, ejemplos y fuentes para resolver cuánto gana un… según convenio.",156,true,Tu convenio dice cuánto deberías estar cobrando.,1,true,2194,true,false,true,true,false,true,true,false,true,108,0,true,hubs,
https://hacecuentas.com/trabajo/vacaciones,200,https://hacecuentas.com/trabajo/vacaciones,true,https,,true,"max-image-preview:large, max-snippet:-1, max-video-preview:-1",¿Cuántos días de vacaciones me corresponden?,44,true,"Calculá los días que te corresponden según tu antigüedad (14, 21, 28 o 35 días, LCT art. 150) y también las licencias por maternidad, paternidad…",145,true,¿Cuántos días te corresponden y cuánto cobrás?,1,true,2205,true,false,true,true,false,true,true,false,true,108,0,true,hubs,
https://hacecuentas.com/tracker-embarazo-semana-a-semana,200,https://hacecuentas.com/tracker-embarazo-semana-a-semana,true,https,,true,"max-image-preview:large, max-snippet:-1, max-video-preview:-1",Tracker de embarazo semana a semana 2026 | Hacé Cuentas,55,true,"Seguí tu embarazo semana a semana: desarrollo del bebé, cambios en tu cuerpo, hitos de cada semana, fecha de parto y calendario de controles. Gratis.",149,true,Tracker de embarazo semana a semana,1,true,1183,false,false,false,false,false,true,true,true,false,20,7,true,core,
https://hacecuentas.com/tramites,200,https://hacecuentas.com/tramites,true,https,,true,"max-image-preview:large, max-snippet:-1, max-video-preview:-1",Trámites — calculadoras y guías | Hacé Cuentas,46,true,"Cuánto sale cada trámite de documentación, qué papeles piden y cuánto tarda, con los aranceles de los organismos oficiales y las cuentas que se resuelven…",154,true,Trámites,1,true,342,false,false,false,false,false,true,true,false,false,53,0,true,hubs-recovery,
https://hacecuentas.com/tramites/dni-y-pasaporte,200,https://hacecuentas.com/tramites/dni-y-pasaporte,true,https,,true,"max-image-preview:large, max-snippet:-1, max-video-preview:-1","DNI, pasaporte y trámites: cuánto cuesta y qué necesito",55,true,"Cuánto sale renovar el DNI, sacar el pasaporte, pedir el certificado de antecedentes penales o tramitar la residencia, con los plazos de entrega.",145,true,El documento no vence cuando viajás: vence antes.,1,false,1853,true,false,true,true,true,true,true,false,true,100,0,true,hubs-recovery,
https://hacecuentas.com/uy,200,https://hacecuentas.com/uy,true,https,,true,"max-image-preview:large, max-snippet:-1, max-video-preview:-1","Calculadoras de Uruguay: sueldo, BPS, impuestos y finanzas",58,true,"Calculadoras de sueldo, BPS, IRPF, jubilación, préstamos, vivienda y auto en Uruguay, con supuestos visibles, ejemplos y fuentes locales.",137,true,Calculadoras para Uruguay,1,true,970,false,false,false,true,false,true,true,true,false,110,0,true,hubs,
https://hacecuentas.com/uy/calculadoras,200,https://hacecuentas.com/uy/calculadoras,true,https,,true,"max-image-preview:large, max-snippet:-1, max-video-preview:-1",Todas las calculadoras de Uruguay — 14 gratis | Hacé Cuentas,60,true,"Catálogo completo de 14 calculadoras online gratis para Uruguay: IRPF, BPS, aguinaldo, salario líquido, IVA, despido. Filtrá y entrá a cualquiera.",146,true,Calculadoras de Uruguay,1,true,380,false,false,false,false,false,true,true,false,false,22,0,true,core,
https://hacecuentas.com/uy/finanzas,200,https://hacecuentas.com/uy/finanzas,true,https,,true,"max-image-preview:large, max-snippet:-1, max-video-preview:-1","Finanzas en Uruguay — jubilación, UI, UR y BPC",46,true,"Jubilación, unidades de cuenta y actualización de montos en Uruguay: BPC, Unidad Indexada, Unidad Reajustable, dólar e inflación, con el valor vigente…",151,true,Finanzas,1,true,685,true,false,true,false,false,true,true,false,false,45,0,true,hubs-recovery,
https://hacecuentas.com/uy/finanzas/costos-del-auto,200,https://hacecuentas.com/uy/finanzas/costos-del-auto,true,https,,true,"max-image-preview:large, max-snippet:-1, max-video-preview:-1","Patente SUCIVE y costo de viaje en auto, Uruguay 2026",53,true,Calculadora de patente de rodados SUCIVE Uruguay 2026 y del costo de un viaje en auto con nafta y peajes: elegí tu caso y hacé la cuenta completa.,146,true,¿Cuánto cuesta tener y usar el auto en Uruguay?,1,true,903,false,false,false,false,true,true,true,false,true,39,0,true,hubs-recovery,
https://hacecuentas.com/uy/finanzas/cuentas-y-compras,200,https://hacecuentas.com/uy/finanzas/cuentas-y-compras,true,https,,true,"max-image-preview:large, max-snippet:-1, max-video-preview:-1",Compras courier y factura de UTE en Uruguay 2026,48,true,"Calculá cuánto pagás por compras en el exterior por courier en Uruguay 2026 y cuánto viene la factura de UTE según tu consumo, en una sola página.",146,true,¿Cuánto termino pagando por la compra o la factura en Uruguay?,1,true,905,false,false,false,false,true,true,true,false,true,39,0,true,hubs-recovery,
https://hacecuentas.com/uy/finanzas/cuotas-y-prestamos,200,https://hacecuentas.com/uy/finanzas/cuotas-y-prestamos,true,https,,true,"max-image-preview:large, max-snippet:-1, max-video-preview:-1","Cuota de préstamo e hipoteca en UI, Uruguay 2026",48,true,"Calculá la cuota de tu crédito hipotecario en UI y de un préstamo personal en Uruguay 2026: cuánto vas a pagar por mes, antes de firmar con el banco.",149,true,¿Cuánto voy a pagar por mes por el préstamo en Uruguay?,1,true,905,false,false,false,false,true,true,true,false,true,39,0,true,hubs-recovery,
https://hacecuentas.com/uy/finanzas/jubilacion,200,https://hacecuentas.com/uy/finanzas/jubilacion,true,https,,true,"max-image-preview:large, max-snippet:-1, max-video-preview:-1",Jubilación en Uruguay: a qué edad podés jubilarte,49,true,"Calculá tu edad jubilatoria según la transición de la Ley 20.130, la tasa de reemplazo que te corresponde por años de servicio y edad, el monto estimado…",153,true,¿A qué edad te podés jubilar en Uruguay y con cuánto te quedás?,1,true,907,false,false,false,false,true,true,true,false,true,39,0,true,hubs-recovery,
https://hacecuentas.com/uy/finanzas/unidades-y-valores,200,https://hacecuentas.com/uy/finanzas/unidades-y-valores,true,https,,true,"max-image-preview:large, max-snippet:-1, max-video-preview:-1","UI, UR, BPC y dólar en Uruguay: cuánto valen hoy en pesos",57,true,"Convertí Unidad Indexada, Unidad Reajustable, BPC y dólares a pesos uruguayos con el valor vigente, actualizá un monto por inflación y calculá…",143,true,"De unidades a pesos, sin perderte en la sigla.",1,true,1311,false,false,true,true,false,true,true,true,false,91,0,true,hubs-recovery,
https://hacecuentas.com/uy/futbol-uruguayo-hoy,200,https://hacecuentas.com/uy/futbol-uruguayo-hoy,true,https,,true,"max-image-preview:large, max-snippet:-1, max-video-preview:-1","Fútbol uruguayo hoy: partidos, resultados y tablas",50,true,"Partidos de hoy, resultados, próximos encuentros, horarios locales y tablas actualizadas del fútbol uruguayo, con resultados recientes y agenda…",144,true,"Fútbol uruguayo, hoy",1,true,555,false,false,false,false,true,true,true,false,true,15,0,true,priority,
https://hacecuentas.com/uy/impuestos,200,https://hacecuentas.com/uy/impuestos,true,https,,true,"max-image-preview:large, max-snippet:-1, max-video-preview:-1",Impuestos en Uruguay — calculadoras y guías DGI,47,true,"IRPF, IVA, IRAE, monotributo y los tributos de la vivienda en Uruguay, resueltos con la BPC vigente y la norma de la DGI o la Intendencia que aplica…",149,true,Impuestos,1,true,432,true,false,false,false,false,true,true,false,false,42,0,true,hubs-recovery,
https://hacecuentas.com/uy/impuestos/trabajo-independiente,200,https://hacecuentas.com/uy/impuestos/trabajo-independiente,true,https,,true,"max-image-preview:large, max-snippet:-1, max-video-preview:-1","Trabajar por tu cuenta en Uruguay: monotributo, IRPF, IRAE",58,true,"Cuánto pagás si facturás por tu cuenta en Uruguay: IRPF de servicios personales con deducción ficta o gastos reales, cuota de monotributo BPS…",142,true,Facturar no es lo mismo que ganar.,1,false,1248,false,false,true,true,false,true,true,true,false,92,0,true,hubs-recovery,
https://hacecuentas.com/uy/impuestos/vivienda,200,https://hacecuentas.com/uy/impuestos/vivienda,true,https,,true,"max-image-preview:large, max-snippet:-1, max-video-preview:-1",Impuestos de la vivienda en Uruguay,35,true,"Todos los impuestos de un inmueble en Uruguay: ITP y honorarios de escribano al comprar, contribución inmobiliaria e impuesto de primaria mientras lo…",150,true,"Tu casa, del escribano a la venta: ¿cuánto pagás de impuestos en cada etapa?",1,true,908,false,false,false,false,true,true,true,false,true,39,0,true,hubs-recovery,
https://hacecuentas.com/uy/trabajo,200,https://hacecuentas.com/uy/trabajo,true,https,,true,"max-image-preview:large, max-snippet:-1, max-video-preview:-1","Trabajo en Uruguay — sueldo, BPS e IRPF | Hacé Cuentas",54,true,"Sueldo líquido, aportes al BPS, IRPF, aguinaldo, licencia, despido y prestaciones: las cuentas del trabajo en Uruguay, con la BPC vigente y la norma…",149,true,Trabajo,1,true,628,true,false,false,false,false,true,true,false,false,44,0,true,hubs-recovery,
https://hacecuentas.com/uy/trabajo/estudio-y-vida-cotidiana,200,https://hacecuentas.com/uy/trabajo/estudio-y-vida-cotidiana,true,https,,true,"max-image-preview:large, max-snippet:-1, max-video-preview:-1",Edad de tu perro en años humanos y promedio UdelaR — Uruguay,60,true,Hub de decisión con 2 cálculos: Edad de perro en años humanos según tamaño — Uruguay; Calculadora de promedio de escolaridad — UdelaR (Uruguay).,144,true,Edad de tu perro en años humanos y promedio de escolaridad UdelaR,1,true,906,false,false,false,false,true,true,true,false,true,39,0,true,hubs-recovery,
https://hacecuentas.com/uy/trabajo/liquidacion-final,200,https://hacecuentas.com/uy/trabajo/liquidacion-final,true,https,,true,"max-image-preview:large, max-snippet:-1, max-video-preview:-1","Liquidación final en Uruguay: aguinaldo, licencia",49,true,"Calculá cuánto te tienen que pagar al terminar el vínculo laboral en Uruguay: aguinaldo proporcional, licencia no gozada, salario vacacional…",141,true,¿Cuánto te tienen que pagar cuando se termina el trabajo?,1,false,904,false,false,false,false,true,true,true,false,true,39,0,true,hubs-recovery,
https://hacecuentas.com/uy/trabajo/prestaciones-bps,200,https://hacecuentas.com/uy/trabajo/prestaciones-bps,true,https,,true,"max-image-preview:large, max-snippet:-1, max-video-preview:-1","Prestaciones del BPS: seguro de paro, enfermedad, asignación",60,true,"Cuánto cobrás del BPS cuando dejás de trabajar o te enfermás: seguro de paro mes a mes con sus topes en BPC, subsidio por enfermedad al 70%, asignación…",152,true,"Cuando se corta el sueldo, ¿cuánto te paga el BPS?",1,true,904,false,false,false,false,true,true,true,false,true,39,0,true,hubs-recovery,
https://hacecuentas.com/uy/trabajo/sueldo-liquido,200,https://hacecuentas.com/uy/trabajo/sueldo-liquido,true,https,,true,"max-image-preview:large, max-snippet:-1, max-video-preview:-1","Sueldo líquido Uruguay 2026: BPS, IRPF y qué te queda",53,true,"Calculá tu sueldo líquido en Uruguay 2026: aportes BPS (montepío 15%, FONASA, FRL) e IRPF por franjas en BPC. Con jornal, valor hora y horas extra.",147,true,"Del nominal al bolsillo, sin descuentos misteriosos.",1,false,2331,false,false,true,true,false,true,true,false,true,91,0,true,hubs-recovery,
https://hacecuentas.com/uy/validar-cedula,200,https://hacecuentas.com/uy/validar-cedula,true,https,,true,"max-image-preview:large, max-snippet:-1, max-video-preview:-1",Validar Cédula Uruguaya Online Gratis (dígito verificador),58,true,"Validá una cédula de identidad uruguaya al instante: verifica el dígito verificador con el algoritmo oficial (pesos 2-9-8-7-6-3-4, módulo 10).",142,true,Validar cédula de identidad uruguaya,1,true,693,true,false,true,false,false,true,true,true,true,10,9,true,core,
https://hacecuentas.com/vacaciones-invierno-2026,200,https://hacecuentas.com/vacaciones-invierno-2026,true,https,,true,"max-image-preview:large, max-snippet:-1, max-video-preview:-1",Vacaciones de invierno 2026: fechas por provincia,49,true,"Cuándo son las vacaciones de invierno 2026 en Argentina, provincia por provincia. Fechas de inicio y fin del receso escolar según el calendario oficial…",152,true,Vacaciones de invierno 2026: fechas por provincia,1,true,884,false,false,true,false,true,true,true,false,true,7,0,true,priority,
https://hacecuentas.com/validar-cbu,200,https://hacecuentas.com/validar-cbu,true,https,,true,"max-image-preview:large, max-snippet:-1, max-video-preview:-1",Validar CBU o CVU Online Gratis (dígitos verificadores),55,true,Validá un CBU o CVU argentino al instante: verifica los dos dígitos verificadores de los 22 números e identifica el banco emisor.,129,true,Validar CBU / CVU,1,true,788,true,false,true,false,false,true,true,true,true,11,10,true,core,
https://hacecuentas.com/validar-cuit,200,https://hacecuentas.com/validar-cuit,true,https,,true,"max-image-preview:large, max-snippet:-1, max-video-preview:-1",Validar CUIT / CUIL Online Gratis (dígito verificador),54,true,Validá un CUIT o CUIL argentino al instante: verifica el dígito verificador con el algoritmo módulo 11 de AFIP/ARCA y te dice si es persona física…,147,true,Validar CUIT / CUIL,1,true,828,true,false,true,false,false,true,true,true,true,14,13,true,core,
https://hacecuentas.com/ve,200,https://hacecuentas.com/ve,true,https,,true,"max-image-preview:large, max-snippet:-1, max-video-preview:-1","Calculadoras Venezuela 2026 — ISLR, IVA, prestaciones, dólar",60,true,"12 calculadoras gratis para Venezuela: prestaciones sociales, utilidades, vacaciones, ISLR, IVA, IGTF y dólar BCV vs paralelo. Datos oficiales 2026.",148,true,"Tus cuentas en bolívares, sin perder de vista el dólar.",1,true,1694,true,false,true,true,true,true,true,false,true,46,0,true,hubs,
https://hacecuentas.com/ve/calculadoras,200,https://hacecuentas.com/ve/calculadoras,true,https,,true,"max-image-preview:large, max-snippet:-1, max-video-preview:-1",Todas las calculadoras de Venezuela — 11 gratis,47,true,"Catálogo completo de 11 calculadoras online gratis para Venezuela: dólar BCV y paralelo, bolívares, prestaciones sociales, ISLR, IVA, IGTF, utilidades.",151,true,Calculadoras de Venezuela,1,true,357,false,false,false,false,false,true,true,false,false,19,0,true,core,
https://hacecuentas.com/ve/finanzas,200,https://hacecuentas.com/ve/finanzas,true,https,,true,"max-image-preview:large, max-snippet:-1, max-video-preview:-1","Finanzas en Venezuela — dólar, bolívares y remesas",50,true,"Dólar BCV y paralelo, remesas, USDT, reconversiones del bolívar y cuánto vale realmente tu ingreso: las cuentas que en Venezuela hay que rehacer cada…",150,true,Finanzas,1,true,421,true,false,false,false,false,true,true,false,false,44,0,true,hubs-recovery,
https://hacecuentas.com/ve/finanzas/credito-y-gasolina,200,https://hacecuentas.com/ve/finanzas/credito-y-gasolina,true,https,,true,"max-image-preview:large, max-snippet:-1, max-video-preview:-1",Credinómina y cupo de gasolina subsidiada en Venezuela,54,true,"Calculá la cuota de un crédito de nómina (credinómina) y los litros y el ahorro mensual del cupo de gasolina subsidiada en Venezuela, en una página.",148,true,¿Cuánto pago de crédito y cuánto ahorro en gasolina en Venezuela?,1,true,911,false,false,false,false,true,true,true,false,true,41,0,true,hubs-recovery,
https://hacecuentas.com/ve/finanzas/dolar-y-bolivares,200,https://hacecuentas.com/ve/finanzas/dolar-y-bolivares,true,https,,true,"max-image-preview:large, max-snippet:-1, max-video-preview:-1",Dólar BCV y paralelo hoy: cuánto es en bolívares,48,true,"Convertí entre bolívares, dólares, euros, USDT y pesos colombianos con la tasa BCV o la paralela, calculá la brecha, lo que recibe una remesa Zelle…",148,true,Cuánto es esto en bolívares hoy (y al revés).,1,true,909,false,false,false,false,true,true,true,false,true,41,0,true,hubs-recovery,
https://hacecuentas.com/ve/futbol-venezolano-hoy,200,https://hacecuentas.com/ve/futbol-venezolano-hoy,true,https,,true,"max-image-preview:large, max-snippet:-1, max-video-preview:-1","Fútbol venezolano hoy: partidos, resultados y tablas",52,true,"Partidos de hoy, resultados, próximos encuentros, horarios locales y tablas actualizadas del fútbol venezolano, con resultados recientes y agenda…",146,true,"Fútbol venezolano, hoy",1,true,729,false,false,false,false,true,true,true,false,true,15,0,true,priority,
https://hacecuentas.com/ve/impuestos,200,https://hacecuentas.com/ve/impuestos,true,https,,true,"max-image-preview:large, max-snippet:-1, max-video-preview:-1","Impuestos en Venezuela — ISLR, IVA e IGTF del SENIAT",52,true,"ISLR, retenciones, IVA, IGTF, INCES y sucesiones del SENIAT, calculados en Unidades Tributarias —que es como los escribe la ley— y con el valor de la U.T.",154,true,Impuestos,1,true,312,false,false,false,false,false,true,true,false,false,43,0,true,hubs-recovery,
https://hacecuentas.com/ve/impuestos/islr-y-tributos-seniat,200,https://hacecuentas.com/ve/impuestos/islr-y-tributos-seniat,true,https,,true,"max-image-preview:large, max-snippet:-1, max-video-preview:-1","ISLR, IVA e IGTF en Venezuela: cuánto le debo al SENIAT",55,true,"Calculá tu ISLR anual con la Tarifa N° 1 y el desgravamen de 774 U.T., la retención mensual sobre tu sueldo, la retención de IVA del 75% o 100%, el IGTF…",153,true,"¿Cuánto tenés que declarar, retener o pagar?",1,true,2300,true,false,true,true,false,true,true,false,true,92,0,true,hubs-recovery,
https://hacecuentas.com/ve/trabajo,200,https://hacecuentas.com/ve/trabajo,true,https,,true,"max-image-preview:large, max-snippet:-1, max-video-preview:-1",Trabajo en Venezuela — calculadoras LOTTT e IVSS,48,true,"Prestaciones sociales, liquidación, recargos de jornada y seguridad social en Venezuela, resueltos con el artículo de la LOTTT que aplica en cada caso…",151,true,Trabajo,1,true,536,false,false,false,false,false,true,true,false,false,45,0,true,hubs-recovery,
https://hacecuentas.com/ve/trabajo/ivss-y-deducciones,200,https://hacecuentas.com/ve/trabajo/ivss-y-deducciones,true,https,,true,"max-image-preview:large, max-snippet:-1, max-video-preview:-1",IVSS en Venezuela: qué te descuentan del sueldo y qué te,56,true,"Calculá el SSO, el RPE y el FAOV que te retienen, el sueldo neto que queda, y qué te devuelve el sistema: pago del reposo médico (66,66%), paro forzoso…",152,true,Qué me descuentan del sueldo y qué me devuelve el IVSS.,1,true,911,false,false,false,false,true,true,true,false,true,41,0,true,hubs-recovery,
https://hacecuentas.com/ve/trabajo/liquidacion-lottt,200,https://hacecuentas.com/ve/trabajo/liquidacion-lottt,true,https,,true,"max-image-preview:large, max-snippet:-1, max-video-preview:-1","Liquidación en Venezuela (LOTTT): prestaciones, vacaciones",58,true,"Calculá tu liquidación completa en Venezuela con la… Consultá liquidación en venezuela (lottt): prestaciones, vacaciones con datos, herramientas…",145,true,Me voy o me sacan. ¿Cuánto me tienen que pagar?,1,false,1278,false,false,true,true,false,true,true,true,false,93,0,true,hubs-recovery,
https://hacecuentas.com/ve/trabajo/sueldo-y-recargos,200,https://hacecuentas.com/ve/trabajo/sueldo-y-recargos,true,https,,true,"max-image-preview:large, max-snippet:-1, max-video-preview:-1",Cuánto me tienen que pagar este mes en Venezuela,48,true,"Armá tu pago mensual completo: valor de la hora, horas extras (+50%), bono nocturno (+30%), feriados y domingos trabajados (+50%), cestaticket y bono…",150,true,Tu sueldo no es solo el salario.,1,false,2181,true,false,true,true,false,true,true,false,true,93,0,true,hubs-recovery,
https://hacecuentas.com/ve/vida,200,https://hacecuentas.com/ve/vida,true,https,,true,"max-image-preview:large, max-snippet:-1, max-video-preview:-1","Salud, estudio y trámites | Hacé Cuentas",40,true,"¿Qué número necesito para mi salud, estudio o trámite?. Consultá salud, estudio y trámites con datos, herramientas y fuentes para Venezuela.",140,true,"Salud, estudio y trámites",1,true,269,true,false,false,false,false,true,true,false,false,43,0,true,hubs-recovery,
https://hacecuentas.com/ve/vida/salud-estudio-y-tramites,200,https://hacecuentas.com/ve/vida/salud-estudio-y-tramites,true,https,,true,"max-image-preview:large, max-snippet:-1, max-video-preview:-1","Pasaporte SAIME, promedio de notas y calorías — Venezuela",57,true,"Costo del pasaporte y la prórroga del SAIME en bolívares, promedio de notas e índice académico en escala 0-20 y calorías diarias, para Venezuela.",145,true,"¿Qué número necesito para mi salud, estudio o trámite en Venezuela?",1,true,911,false,false,false,false,true,true,true,false,true,41,0,true,hubs-recovery,
https://hacecuentas.com/vencimientos-afip-2026,200,https://hacecuentas.com/vencimientos-afip-2026,true,https,,true,"max-image-preview:large, max-snippet:-1, max-video-preview:-1",Vencimientos AFIP 2026: calendario fiscal mes por mes,53,true,"Calendario completo de vencimientos AFIP 2026… Encontrá herramientas, ejemplos y fuentes para resolver vencimientos afip 2026: calendario fiscal completo…",154,true,Vencimientos AFIP 2026: calendario fiscal completo,1,true,1453,false,false,true,false,true,true,true,false,true,16,0,true,core,
https://hacecuentas.com/viajes,200,https://hacecuentas.com/viajes,true,https,,true,"max-image-preview:large, max-snippet:-1, max-video-preview:-1","Calculadoras de viajes: combustible, peajes, equipaje",53,true,"Planificá combustible, peajes, distancias, tiempos, equipaje, cambio de moneda y división de gastos para conocer el costo real antes de viajar.",143,true,Disfrutá el destino. Nosotros hacemos las cuentas.,1,false,1281,false,false,false,true,false,true,true,true,false,112,0,true,hubs,
https://hacecuentas.com/viajes/aeropuerto,200,https://hacecuentas.com/viajes/aeropuerto,true,https,,true,"max-image-preview:large, max-snippet:-1, max-video-preview:-1",¿Con cuánto tiempo tengo que llegar al aeropuerto? Anticipo,59,true,"A qué hora salir de casa según el tipo de vuelo, el equipaje y el aeropuerto, y si tu escala alcanza para hacer la conexión.",124,true,Llegá con tiempo. No con ansiedad.,1,true,2284,false,false,true,true,false,true,true,false,true,105,0,true,hubs,
https://hacecuentas.com/viajes/antes-de-volar,200,https://hacecuentas.com/viajes/antes-de-volar,true,https,,true,"max-image-preview:large, max-snippet:-1, max-video-preview:-1",Ya tengo el pasaje: ¿qué me falta antes de volar?,49,true,"Cuántos días vas a tardar en acomodarte al huso horario, si te conviene roaming, eSIM o chip local, cuánto podés traer sin pagar en la Aduana y cuántos…",152,true,Tu vuelo empieza antes de llegar al aeropuerto.,1,true,1644,false,false,true,true,false,true,true,false,true,105,0,true,hubs,
https://hacecuentas.com/viajes/equipaje,200,https://hacecuentas.com/viajes/equipaje,true,https,,true,"max-image-preview:large, max-snippet:-1, max-video-preview:-1",¿Cuánto equipaje puedo llevar? Franquicia por aerolínea,55,true,"Cuánta ropa meter para los días que viajás, cuántos kilos y piezas te deja llevar tu tarifa en cada aerolínea, y cuánto te cobran si te pasás de peso.",150,true,"Armá la valija con criterio, no con ansiedad.",1,false,2195,true,false,true,true,false,true,true,false,true,105,0,true,hubs,
https://hacecuentas.com/viajes/hora-mundial,200,https://hacecuentas.com/viajes/hora-mundial,true,https,,true,"max-image-preview:large, max-snippet:-1, max-video-preview:-1","¿Qué hora es allá? Diferencia horaria, hora mundial",51,true,"Mirá qué hora es ahora mismo en cualquier ciudad del mundo, cuánta diferencia horaria hay con la tuya, a qué hora local llegás si salís a tal hora…",147,true,"La hora de allá, sin hacer cuentas.",1,true,1968,true,false,true,true,false,true,true,false,true,105,0,true,hubs,
https://hacecuentas.com/viajes/millas,200,https://hacecuentas.com/viajes/millas,true,https,,true,"max-image-preview:large, max-snippet:-1, max-video-preview:-1","¿Cuántas millas necesito? LifeMiles, LATAM Pass y más 2026",58,true,"Elegí el programa (LifeMiles, LATAM Pass, AAdvantage, MileagePlus o SkyMiles) y el destino: te decimos cuántas millas necesitás, cuántas te faltan y si…",152,true,¿Cuántas millas necesitás para ese viaje?,1,true,2027,false,false,true,true,false,true,true,false,true,107,0,true,hubs,
https://hacecuentas.com/viajes/mudarse-al-exterior,200,https://hacecuentas.com/viajes/mudarse-al-exterior,true,https,,true,"max-image-preview:large, max-snippet:-1, max-video-preview:-1",¿Me conviene mudarme al exterior? Calculadora de mudanza,56,true,"Compara ingreso neto, costo de vida, gastos de mudanza, meses sin ingresos y posición financiera del primer año o a cinco años.",127,true,¿Me conviene mudarme al exterior?,1,true,457,false,false,false,false,true,true,true,false,true,53,0,true,hubs,
https://hacecuentas.com/viajes/presupuesto-de-viaje,200,https://hacecuentas.com/viajes/presupuesto-de-viaje,true,https,,true,"max-image-preview:large, max-snippet:-1, max-video-preview:-1",¿Cuánta plata necesito para este viaje?,39,true,"Armá el presupuesto del viaje rubro por rubro: alojamiento, comida, transporte y actividades, con referencias de costo diario para Río de Janeiro, Dubái…",153,true,"Antes de armar la valija, armá bien las cuentas.",1,false,1800,false,false,true,true,false,true,true,false,true,104,0,true,hubs,
https://hacecuentas.com/viajes/valen-millas,200,https://hacecuentas.com/viajes/valen-millas,true,https,,true,"max-image-preview:large, max-snippet:-1, max-video-preview:-1",¿Millas o plata? Cuánto vale cada milla y cuándo conviene,57,true,"Calculá el valor de tus millas o puntos en centavos de dólar y decidí si canjeás o pagás en efectivo: canje de vuelo, upgrade, puntos de tarjeta, millas…",153,true,¿Usás las millas o pagás el pasaje?,1,true,1971,true,false,true,true,false,true,true,false,true,105,0,true,hubs,
https://hacecuentas.com/viajes/visas-y-tramites,200,https://hacecuentas.com/viajes/visas-y-tramites,true,https,,true,"max-image-preview:large, max-snippet:-1, max-video-preview:-1",¿Necesito visa para viajar y cuánto sale?,41,true,"Si necesitás visa, ESTA, ETIAS o ETA para tu destino, cuánto cuesta la tasa consular, cuánto tarda el turno, qué vigencia tiene que tener tu pasaporte…",151,true,"Antes de comprar, sabé qué papeles vas a necesitar.",1,false,1811,true,false,true,true,false,true,true,false,true,105,0,true,hubs,
https://hacecuentas.com/vivienda,200,https://hacecuentas.com/vivienda,true,https,,true,"max-image-preview:large, max-snippet:-1, max-video-preview:-1","Calculadoras de vivienda: alquiler, crédito y gastos",52,true,"Calculá alquiler, ajustes, crédito hipotecario, gastos de compra, impuestos y costos mensuales para decidir sobre tu vivienda.",126,true,"Entrar, mantener y mejorar. Con todas las cuentas claras.",1,false,1114,false,false,false,true,false,true,true,true,false,106,25,true,hubs-recovery,
https://hacecuentas.com/vivienda/credito-hipotecario,200,https://hacecuentas.com/vivienda/credito-hipotecario,true,https,,true,"max-image-preview:large, max-snippet:-1, max-video-preview:-1",¿Califico para un crédito hipotecario UVA?,42,true,"Calculá cuánto te prestan con tu sueldo, la cuota del crédito hipotecario UVA, el ingreso mínimo que piden los bancos y cuánto crece la cuota…",142,true,"¿Podés sostener el crédito, no solo conseguirlo?",1,true,1211,false,false,true,true,false,true,true,true,false,105,0,true,hubs,
https://hacecuentas.com/vivienda/gastos-de-escritura,200,https://hacecuentas.com/vivienda/gastos-de-escritura,true,https,,true,"max-image-preview:large, max-snippet:-1, max-video-preview:-1",¿Cuánto sale escriturar una propiedad?,38,true,"Calculá los gastos de escritura de una compraventa: honorarios del escribano, impuesto de sellos (2,7% CABA / 2% PBA), comisión inmobiliaria, inscripción…",154,true,"La propiedad vale una cifra. Entrar, un poco más.",1,true,2155,true,false,true,true,false,true,true,false,true,107,0,true,hubs,
https://hacecuentas.com/vivienda/rentabilidad-de-un-alquiler,200,https://hacecuentas.com/vivienda/rentabilidad-de-un-alquiler,true,https,,true,"max-image-preview:large, max-snippet:-1, max-video-preview:-1","¿Conviene alquilarla, venderla o alquilar yo?",45,true,"Calculá cuánto rinde de verdad poner una propiedad en alquiler: cap rate bruto y neto, comparación contra el plazo fijo, costo de tenerla vacía…",144,true,Del alquiler publicado a lo que realmente te queda.,1,false,1676,false,false,true,true,false,true,true,false,true,104,0,true,hubs,
https://hacecuentas.com/wizard/que-monotributo-me-conviene-2026,200,https://hacecuentas.com/wizard/que-monotributo-me-conviene-2026,true,https,,true,"max-image-preview:large, max-snippet:-1, max-video-preview:-1",¿Qué Monotributo me conviene en 2026? Test interactivo,54,true,"Respondé 5 preguntas y descubrí tu categoría exacta de Monotributo (A-K), cuota mensual y si te conviene cambiar al Régimen General.",132,true,¿Qué Monotributo me conviene en 2026?,1,true,757,false,false,true,false,false,true,true,false,true,7,0,true,core,
https://hacecuentas.com/wordpress,200,https://hacecuentas.com/wordpress,true,https,,true,"max-image-preview:large, max-snippet:-1, max-video-preview:-1",Plugin de WordPress — Calculadoras Hacé Cuentas,47,true,"Plugin gratis de WordPress para insertar más de 477 calculadoras (sueldo, monotributo, aguinaldo, IMC, préstamos, IVA y más) en tus posts y páginas…",148,true,"Calculadoras de Hacé Cuentas, ahora en WordPress",1,true,1093,false,false,true,false,false,true,true,true,true,10,0,true,core,