url_a,url_b,country,cluster,title_similarity,h1_similarity,slug_similarity,formula_similarity,input_similarity,query_overlap,recommended_action,reason
https://hacecuentas.com/calculadora-1rm-press-banca-estimador,https://hacecuentas.com/calculadora-1rm-sentadilla-estimador,AR,sports_non_medical,0.13,0.13,0.40,1.00,1.00,DATA_MISSING,MANUAL_REVIEW,alta similitud (formula=1.00 input=1.00) pero sin evidencia de merge — revisar a mano
https://hacecuentas.com/calculadora-calorias-saltar-cuerda-minutos,https://hacecuentas.com/calculadora-calorias-remo-indoor-ergometro,AR,sports_non_medical,0.33,0.20,0.14,1.00,1.00,DATA_MISSING,MANUAL_REVIEW,alta similitud (formula=1.00 input=1.00) pero sin evidencia de merge — revisar a mano
https://hacecuentas.com/calculadora-calorias-quemadas-deporte,https://hacecuentas.com/calculadora-calorias-ski-snowboard-montana,AR,sports_non_medical,0.09,0.29,0.17,1.00,1.00,DATA_MISSING,MANUAL_REVIEW,alta similitud (formula=1.00 input=1.00) pero sin evidencia de merge — revisar a mano
https://hacecuentas.com/calculadora-plan-entrenamiento-21k-semi-maraton-semanas,https://hacecuentas.com/calculadora-plan-entrenamiento-5k-semanas,AR,sports_non_medical,0.20,0.20,0.43,1.00,1.00,DATA_MISSING,MANUAL_REVIEW,alta similitud (formula=1.00 input=1.00) pero sin evidencia de merge — revisar a mano
https://hacecuentas.com/calculadora-plan-entrenamiento-21k-semi-maraton-semanas,https://hacecuentas.com/calculadora-plan-entrenamiento-maraton-42k-semanas,AR,sports_non_medical,0.20,0.18,0.57,1.00,1.00,DATA_MISSING,MANUAL_REVIEW,alta similitud (formula=1.00 input=1.00) pero sin evidencia de merge — revisar a mano
https://hacecuentas.com/calculadora-plan-entrenamiento-5k-semanas,https://hacecuentas.com/calculadora-plan-entrenamiento-maraton-42k-semanas,AR,sports_non_medical,0.43,0.40,0.50,1.00,1.00,DATA_MISSING,MANUAL_REVIEW,alta similitud (formula=1.00 input=1.00) pero sin evidencia de merge — revisar a mano
https://hacecuentas.com/calculadora-fructosa-malabsorcion,https://hacecuentas.com/calculadora-lactosa-alimento-intolerancia,AR,health_low_risk,0.13,0.08,0.00,1.00,1.00,DATA_MISSING,MANUAL_REVIEW,alta similitud (formula=1.00 input=1.00) pero sin evidencia de merge — revisar a mano
https://hacecuentas.com/calculadora-fructosa-malabsorcion,https://hacecuentas.com/calculadora-oxalatos-calculos-renales,AR,health_low_risk,0.29,0.29,0.00,1.00,1.00,DATA_MISSING,MANUAL_REVIEW,alta similitud (formula=1.00 input=1.00) pero sin evidencia de merge — revisar a mano
https://hacecuentas.com/calculadora-indice-glucemico-por-alimento,https://hacecuentas.com/calculadora-indice-saciedad-alimento,AR,health_low_risk,0.33,0.11,0.50,1.00,1.00,DATA_MISSING,DIFFERENTIATE,"fórmula parecida pero difieren en régimen/bruto-neto/período/rol → diferenciar, NO redirigir"
https://hacecuentas.com/calculadora-indice-glucemico-por-alimento,https://hacecuentas.com/calculadora-pH-alimento-alcalinidad,AR,health_low_risk,0.33,0.00,0.20,1.00,1.00,DATA_MISSING,MANUAL_REVIEW,alta similitud (formula=1.00 input=1.00) pero sin evidencia de merge — revisar a mano
https://hacecuentas.com/calculadora-indice-saciedad-alimento,https://hacecuentas.com/calculadora-pH-alimento-alcalinidad,AR,health_low_risk,0.14,0.13,0.20,1.00,1.00,DATA_MISSING,MANUAL_REVIEW,alta similitud (formula=1.00 input=1.00) pero sin evidencia de merge — revisar a mano
https://hacecuentas.com/calculadora-lactosa-alimento-intolerancia,https://hacecuentas.com/calculadora-oxalatos-calculos-renales,AR,health_low_risk,0.14,0.09,0.00,1.00,1.00,DATA_MISSING,MANUAL_REVIEW,alta similitud (formula=1.00 input=1.00) pero sin evidencia de merge — revisar a mano
https://hacecuentas.com/calculadora-macros-mediterranea,https://hacecuentas.com/calculadora-macros-paleo-dieta,AR,health_low_risk,0.25,0.40,0.25,1.00,1.00,DATA_MISSING,MANUAL_REVIEW,alta similitud (formula=1.00 input=1.00) pero sin evidencia de merge — revisar a mano
https://hacecuentas.com/calculadora-angel-guardian-fecha,https://hacecuentas.com/calculadora-biorhythm,AR,utilities,0.40,0.00,0.00,1.00,1.00,DATA_MISSING,MANUAL_REVIEW,alta similitud (formula=1.00 input=1.00) pero sin evidencia de merge — revisar a mano
https://hacecuentas.com/calculadora-que-generacion-sos,https://hacecuentas.com/calculadora-generacion-perteneces,AR,utilities,0.20,0.25,0.25,1.00,1.00,DATA_MISSING,MANUAL_REVIEW,alta similitud (formula=1.00 input=1.00) pero sin evidencia de merge — revisar a mano
https://hacecuentas.com/calculadora-deep-work-cal-newport-horas-maximo-diario,https://hacecuentas.com/calculadora-scrum-sprint-velocity-story-points,AR,utilities,0.00,0.00,0.00,1.00,1.00,DATA_MISSING,MANUAL_REVIEW,alta similitud (formula=1.00 input=1.00) pero sin evidencia de merge — revisar a mano
https://hacecuentas.com/calculadora-deep-work-cal-newport-horas-maximo-diario,https://hacecuentas.com/calculadora-smart-goals-objetivos-metodologia-meta,AR,utilities,0.00,0.00,0.00,1.00,1.00,DATA_MISSING,MANUAL_REVIEW,alta similitud (formula=1.00 input=1.00) pero sin evidencia de merge — revisar a mano
https://hacecuentas.com/calculadora-dia-nacimiento-semana,https://hacecuentas.com/calculadora-edad-en-dias,AR,utilities,0.13,0.00,0.00,1.00,1.00,DATA_MISSING,MANUAL_REVIEW,alta similitud (formula=1.00 input=1.00) pero sin evidencia de merge — revisar a mano
https://hacecuentas.com/calculadora-dia-nacimiento-semana,https://hacecuentas.com/calculadora-edad-planeta,AR,utilities,0.13,0.00,0.00,1.00,1.00,DATA_MISSING,MANUAL_REVIEW,alta similitud (formula=1.00 input=1.00) pero sin evidencia de merge — revisar a mano
https://hacecuentas.com/calculadora-edad-en-dias,https://hacecuentas.com/calculadora-edad-planeta,AR,utilities,0.33,0.20,0.33,1.00,1.00,DATA_MISSING,DIFFERENTIATE,"fórmula parecida pero difieren en régimen/bruto-neto/período/rol → diferenciar, NO redirigir"
https://hacecuentas.com/calculadora-edad-en-semanas,https://hacecuentas.com/calculadora-fecha-10000-dias,AR,utilities,0.08,0.09,0.00,1.00,1.00,DATA_MISSING,MANUAL_REVIEW,alta similitud (formula=1.00 input=1.00) pero sin evidencia de merge — revisar a mano
https://hacecuentas.com/calculadora-scrum-sprint-velocity-story-points,https://hacecuentas.com/calculadora-smart-goals-objetivos-metodologia-meta,AR,utilities,0.00,0.00,0.00,1.00,1.00,DATA_MISSING,MANUAL_REVIEW,alta similitud (formula=1.00 input=1.00) pero sin evidencia de merge — revisar a mano
https://hacecuentas.com/calculadora-conversion-torque-nm-lb-ft-kgm,https://hacecuentas.com/calculadora-presion-neumatico-psi-bar-auto,AR,automotive,0.17,0.08,0.00,1.00,1.00,DATA_MISSING,MANUAL_REVIEW,alta similitud (formula=1.00 input=1.00) pero sin evidencia de merge — revisar a mano
https://hacecuentas.com/calculadora-conversor-btu-a-joules,https://hacecuentas.com/calculadora-conversor-calorias-a-joules,AR,statistics,0.22,0.17,0.50,1.00,1.00,DATA_MISSING,MANUAL_REVIEW,alta similitud (formula=1.00 input=1.00) pero sin evidencia de merge — revisar a mano
https://hacecuentas.com/calculadora-conversor-btu-a-joules,https://hacecuentas.com/calculadora-conversor-celsius-a-kelvin,AR,statistics,0.00,0.00,0.20,1.00,1.00,DATA_MISSING,MANUAL_REVIEW,alta similitud (formula=1.00 input=1.00) pero sin evidencia de merge — revisar a mano
https://hacecuentas.com/calculadora-conversor-btu-a-joules,https://hacecuentas.com/calculadora-conversor-kw-a-hp,AR,statistics,0.29,0.00,0.20,1.00,1.00,DATA_MISSING,MANUAL_REVIEW,alta similitud (formula=1.00 input=1.00) pero sin evidencia de merge — revisar a mano
https://hacecuentas.com/calculadora-conversor-btu-a-joules,https://hacecuentas.com/calculadora-conversor-kwh-a-joules,AR,statistics,0.60,0.25,0.50,1.00,1.00,DATA_MISSING,MANUAL_REVIEW,alta similitud (formula=1.00 input=1.00) pero sin evidencia de merge — revisar a mano
https://hacecuentas.com/calculadora-conversor-btu-a-joules,https://hacecuentas.com/calculadora-conversor-micrometros-a-milimetros,AR,statistics,0.11,0.00,0.20,1.00,1.00,DATA_MISSING,MANUAL_REVIEW,alta similitud (formula=1.00 input=1.00) pero sin evidencia de merge — revisar a mano
https://hacecuentas.com/calculadora-conversor-btu-a-joules,https://hacecuentas.com/calculadora-conversor-milisegundos-a-segundos,AR,statistics,0.11,0.00,0.20,1.00,1.00,DATA_MISSING,MANUAL_REVIEW,alta similitud (formula=1.00 input=1.00) pero sin evidencia de merge — revisar a mano
https://hacecuentas.com/calculadora-conversor-btu-a-joules,https://hacecuentas.com/calculadora-conversor-psi-a-bar,AR,statistics,0.00,0.00,0.20,1.00,1.00,DATA_MISSING,MANUAL_REVIEW,alta similitud (formula=1.00 input=1.00) pero sin evidencia de merge — revisar a mano
https://hacecuentas.com/calculadora-conversor-calorias-a-joules,https://hacecuentas.com/calculadora-conversor-celsius-a-kelvin,AR,statistics,0.09,0.00,0.20,1.00,1.00,DATA_MISSING,MANUAL_REVIEW,alta similitud (formula=1.00 input=1.00) pero sin evidencia de merge — revisar a mano
https://hacecuentas.com/calculadora-conversor-calorias-a-joules,https://hacecuentas.com/calculadora-conversor-kw-a-hp,AR,statistics,0.09,0.11,0.20,1.00,1.00,DATA_MISSING,MANUAL_REVIEW,alta similitud (formula=1.00 input=1.00) pero sin evidencia de merge — revisar a mano
https://hacecuentas.com/calculadora-conversor-calorias-a-joules,https://hacecuentas.com/calculadora-conversor-kwh-a-joules,AR,statistics,0.22,0.33,0.50,1.00,1.00,DATA_MISSING,MANUAL_REVIEW,alta similitud (formula=1.00 input=1.00) pero sin evidencia de merge — revisar a mano
https://hacecuentas.com/calculadora-conversor-calorias-a-joules,https://hacecuentas.com/calculadora-conversor-micrometros-a-milimetros,AR,statistics,0.18,0.00,0.20,1.00,1.00,DATA_MISSING,MANUAL_REVIEW,alta similitud (formula=1.00 input=1.00) pero sin evidencia de merge — revisar a mano
https://hacecuentas.com/calculadora-conversor-calorias-a-joules,https://hacecuentas.com/calculadora-conversor-milisegundos-a-segundos,AR,statistics,0.18,0.11,0.20,1.00,1.00,DATA_MISSING,MANUAL_REVIEW,alta similitud (formula=1.00 input=1.00) pero sin evidencia de merge — revisar a mano
https://hacecuentas.com/calculadora-conversor-calorias-a-joules,https://hacecuentas.com/calculadora-conversor-psi-a-bar,AR,statistics,0.08,0.00,0.20,1.00,1.00,DATA_MISSING,MANUAL_REVIEW,alta similitud (formula=1.00 input=1.00) pero sin evidencia de merge — revisar a mano
https://hacecuentas.com/calculadora-conversor-celsius-a-kelvin,https://hacecuentas.com/calculadora-conversor-kw-a-hp,AR,statistics,0.00,0.00,0.20,1.00,1.00,DATA_MISSING,MANUAL_REVIEW,alta similitud (formula=1.00 input=1.00) pero sin evidencia de merge — revisar a mano
https://hacecuentas.com/calculadora-conversor-celsius-a-kelvin,https://hacecuentas.com/calculadora-conversor-kwh-a-joules,AR,statistics,0.00,0.00,0.20,1.00,1.00,DATA_MISSING,MANUAL_REVIEW,alta similitud (formula=1.00 input=1.00) pero sin evidencia de merge — revisar a mano
https://hacecuentas.com/calculadora-conversor-celsius-a-kelvin,https://hacecuentas.com/calculadora-conversor-micrometros-a-milimetros,AR,statistics,0.10,0.13,0.20,1.00,1.00,DATA_MISSING,MANUAL_REVIEW,alta similitud (formula=1.00 input=1.00) pero sin evidencia de merge — revisar a mano
https://hacecuentas.com/calculadora-conversor-celsius-a-kelvin,https://hacecuentas.com/calculadora-conversor-milisegundos-a-segundos,AR,statistics,0.10,0.00,0.20,1.00,1.00,DATA_MISSING,MANUAL_REVIEW,alta similitud (formula=1.00 input=1.00) pero sin evidencia de merge — revisar a mano
https://hacecuentas.com/calculadora-conversor-celsius-a-kelvin,https://hacecuentas.com/calculadora-conversor-psi-a-bar,AR,statistics,0.22,0.13,0.20,1.00,1.00,DATA_MISSING,MANUAL_REVIEW,alta similitud (formula=1.00 input=1.00) pero sin evidencia de merge — revisar a mano
https://hacecuentas.com/calculadora-conversor-kw-a-hp,https://hacecuentas.com/calculadora-conversor-kwh-a-joules,AR,statistics,0.29,0.14,0.20,1.00,1.00,DATA_MISSING,MANUAL_REVIEW,alta similitud (formula=1.00 input=1.00) pero sin evidencia de merge — revisar a mano
https://hacecuentas.com/calculadora-conversor-kw-a-hp,https://hacecuentas.com/calculadora-conversor-micrometros-a-milimetros,AR,statistics,0.10,0.00,0.20,1.00,1.00,DATA_MISSING,MANUAL_REVIEW,alta similitud (formula=1.00 input=1.00) pero sin evidencia de merge — revisar a mano
https://hacecuentas.com/calculadora-conversor-kw-a-hp,https://hacecuentas.com/calculadora-conversor-milisegundos-a-segundos,AR,statistics,0.10,0.11,0.20,1.00,1.00,DATA_MISSING,MANUAL_REVIEW,alta similitud (formula=1.00 input=1.00) pero sin evidencia de merge — revisar a mano
https://hacecuentas.com/calculadora-conversor-kw-a-hp,https://hacecuentas.com/calculadora-conversor-psi-a-bar,AR,statistics,0.00,0.00,0.20,1.00,1.00,DATA_MISSING,MANUAL_REVIEW,alta similitud (formula=1.00 input=1.00) pero sin evidencia de merge — revisar a mano
https://hacecuentas.com/calculadora-conversor-kwh-a-joules,https://hacecuentas.com/calculadora-conversor-micrometros-a-milimetros,AR,statistics,0.11,0.00,0.20,1.00,1.00,DATA_MISSING,MANUAL_REVIEW,alta similitud (formula=1.00 input=1.00) pero sin evidencia de merge — revisar a mano
https://hacecuentas.com/calculadora-conversor-kwh-a-joules,https://hacecuentas.com/calculadora-conversor-milisegundos-a-segundos,AR,statistics,0.11,0.14,0.20,1.00,1.00,DATA_MISSING,MANUAL_REVIEW,alta similitud (formula=1.00 input=1.00) pero sin evidencia de merge — revisar a mano
https://hacecuentas.com/calculadora-conversor-kwh-a-joules,https://hacecuentas.com/calculadora-conversor-psi-a-bar,AR,statistics,0.00,0.00,0.20,1.00,1.00,DATA_MISSING,MANUAL_REVIEW,alta similitud (formula=1.00 input=1.00) pero sin evidencia de merge — revisar a mano
https://hacecuentas.com/calculadora-conversor-micrometros-a-milimetros,https://hacecuentas.com/calculadora-conversor-milisegundos-a-segundos,AR,statistics,0.20,0.00,0.20,1.00,1.00,DATA_MISSING,MANUAL_REVIEW,alta similitud (formula=1.00 input=1.00) pero sin evidencia de merge — revisar a mano
https://hacecuentas.com/calculadora-conversor-micrometros-a-milimetros,https://hacecuentas.com/calculadora-conversor-psi-a-bar,AR,statistics,0.09,0.11,0.20,1.00,1.00,DATA_MISSING,MANUAL_REVIEW,alta similitud (formula=1.00 input=1.00) pero sin evidencia de merge — revisar a mano
https://hacecuentas.com/calculadora-conversor-milisegundos-a-segundos,https://hacecuentas.com/calculadora-conversor-psi-a-bar,AR,statistics,0.09,0.00,0.20,1.00,1.00,DATA_MISSING,MANUAL_REVIEW,alta similitud (formula=1.00 input=1.00) pero sin evidencia de merge — revisar a mano
https://hacecuentas.com/calculadora-beca-promedio-minimo-requisito-universidades,https://hacecuentas.com/calculadora-duolingo-tiempo-dia-nivel-mcer-progreso,AR,education,0.10,0.00,0.00,1.00,1.00,DATA_MISSING,MANUAL_REVIEW,alta similitud (formula=1.00 input=1.00) pero sin evidencia de merge — revisar a mano
https://hacecuentas.com/calculadora-beca-promedio-minimo-requisito-universidades,https://hacecuentas.com/calculadora-gpa-promedio-americano-escala-4-0,AR,education,0.00,0.00,0.10,1.00,1.00,DATA_MISSING,MANUAL_REVIEW,alta similitud (formula=1.00 input=1.00) pero sin evidencia de merge — revisar a mano
https://hacecuentas.com/calculadora-beca-promedio-minimo-requisito-universidades,https://hacecuentas.com/calculadora-horas-maestria-curva-aprendizaje-80-20,AR,education,0.00,0.00,0.00,1.00,1.00,DATA_MISSING,MANUAL_REVIEW,alta similitud (formula=1.00 input=1.00) pero sin evidencia de merge — revisar a mano
https://hacecuentas.com/calculadora-beca-promedio-minimo-requisito-universidades,https://hacecuentas.com/calculadora-horas-practica-10000-maestria-gladwell,AR,education,0.10,0.00,0.00,1.00,1.00,DATA_MISSING,MANUAL_REVIEW,alta similitud (formula=1.00 input=1.00) pero sin evidencia de merge — revisar a mano
https://hacecuentas.com/calculadora-beca-promedio-minimo-requisito-universidades,https://hacecuentas.com/calculadora-ingles-nivel-mcer-horas-estudio-fsi,AR,education,0.00,0.00,0.00,1.00,1.00,DATA_MISSING,MANUAL_REVIEW,alta similitud (formula=1.00 input=1.00) pero sin evidencia de merge — revisar a mano
https://hacecuentas.com/calculadora-beca-promedio-minimo-requisito-universidades,https://hacecuentas.com/calculadora-tiempo-estudio-examen-dificultad-paginas,AR,education,0.08,0.00,0.00,1.00,1.00,DATA_MISSING,MANUAL_REVIEW,alta similitud (formula=1.00 input=1.00) pero sin evidencia de merge — revisar a mano
https://hacecuentas.com/calculadora-horas-aprender-aleman-c1,https://hacecuentas.com/calculadora-horas-aprender-ingles-nivel-c1,AR,education,0.43,0.57,0.50,1.00,1.00,DATA_MISSING,MANUAL_REVIEW,alta similitud (formula=1.00 input=1.00) pero sin evidencia de merge — revisar a mano
https://hacecuentas.com/calculadora-horas-aprender-aleman-c1,https://hacecuentas.com/calculadora-horas-aprender-italiano-b1,AR,education,0.43,0.43,0.33,1.00,1.00,DATA_MISSING,MANUAL_REVIEW,alta similitud (formula=1.00 input=1.00) pero sin evidencia de merge — revisar a mano
https://hacecuentas.com/calculadora-horas-aprender-aleman-c1,https://hacecuentas.com/calculadora-horas-aprender-portugues-b2,AR,education,0.10,0.11,0.33,1.00,1.00,DATA_MISSING,MANUAL_REVIEW,alta similitud (formula=1.00 input=1.00) pero sin evidencia de merge — revisar a mano
https://hacecuentas.com/calculadora-horas-aprender-ingles-nivel-c1,https://hacecuentas.com/calculadora-horas-aprender-italiano-b1,AR,education,0.25,0.38,0.29,1.00,1.00,DATA_MISSING,MANUAL_REVIEW,alta similitud (formula=1.00 input=1.00) pero sin evidencia de merge — revisar a mano
https://hacecuentas.com/calculadora-horas-aprender-ingles-nivel-c1,https://hacecuentas.com/calculadora-horas-aprender-portugues-b2,AR,education,0.22,0.10,0.29,1.00,1.00,DATA_MISSING,MANUAL_REVIEW,alta similitud (formula=1.00 input=1.00) pero sin evidencia de merge — revisar a mano
https://hacecuentas.com/calculadora-horas-aprender-italiano-b1,https://hacecuentas.com/calculadora-horas-aprender-portugues-b2,AR,education,0.10,0.11,0.33,1.00,1.00,DATA_MISSING,MANUAL_REVIEW,alta similitud (formula=1.00 input=1.00) pero sin evidencia de merge — revisar a mano
https://hacecuentas.com/calculadora-dictado-velocidad-palabras-escuchar-idioma,https://hacecuentas.com/calculadora-peliculas-sin-subtitulos-horas-idioma,AR,education,0.30,0.06,0.11,1.00,1.00,DATA_MISSING,MANUAL_REVIEW,alta similitud (formula=1.00 input=1.00) pero sin evidencia de merge — revisar a mano
https://hacecuentas.com/calculadora-dictado-velocidad-palabras-escuchar-idioma,https://hacecuentas.com/calculadora-vocabulario-nivel-mcer-a1-c2-palabras,AR,education,0.30,0.23,0.10,1.00,1.00,DATA_MISSING,MANUAL_REVIEW,alta similitud (formula=1.00 input=1.00) pero sin evidencia de merge — revisar a mano
https://hacecuentas.com/calculadora-duolingo-tiempo-dia-nivel-mcer-progreso,https://hacecuentas.com/calculadora-gpa-promedio-americano-escala-4-0,AR,education,0.00,0.00,0.00,1.00,1.00,DATA_MISSING,MANUAL_REVIEW,alta similitud (formula=1.00 input=1.00) pero sin evidencia de merge — revisar a mano
https://hacecuentas.com/calculadora-duolingo-tiempo-dia-nivel-mcer-progreso,https://hacecuentas.com/calculadora-horas-maestria-curva-aprendizaje-80-20,AR,education,0.00,0.00,0.00,1.00,1.00,DATA_MISSING,MANUAL_REVIEW,alta similitud (formula=1.00 input=1.00) pero sin evidencia de merge — revisar a mano
https://hacecuentas.com/calculadora-duolingo-tiempo-dia-nivel-mcer-progreso,https://hacecuentas.com/calculadora-horas-practica-10000-maestria-gladwell,AR,education,0.00,0.00,0.00,1.00,1.00,DATA_MISSING,MANUAL_REVIEW,alta similitud (formula=1.00 input=1.00) pero sin evidencia de merge — revisar a mano
https://hacecuentas.com/calculadora-duolingo-tiempo-dia-nivel-mcer-progreso,https://hacecuentas.com/calculadora-ingles-nivel-mcer-horas-estudio-fsi,AR,education,0.00,0.00,0.20,1.00,1.00,DATA_MISSING,MANUAL_REVIEW,alta similitud (formula=1.00 input=1.00) pero sin evidencia de merge — revisar a mano
https://hacecuentas.com/calculadora-duolingo-tiempo-dia-nivel-mcer-progreso,https://hacecuentas.com/calculadora-tiempo-estudio-examen-dificultad-paginas,AR,education,0.20,0.14,0.10,1.00,1.00,DATA_MISSING,MANUAL_REVIEW,alta similitud (formula=1.00 input=1.00) pero sin evidencia de merge — revisar a mano
https://hacecuentas.com/calculadora-gpa-promedio-americano-escala-4-0,https://hacecuentas.com/calculadora-horas-maestria-curva-aprendizaje-80-20,AR,education,0.00,0.00,0.00,1.00,1.00,DATA_MISSING,MANUAL_REVIEW,alta similitud (formula=1.00 input=1.00) pero sin evidencia de merge — revisar a mano
https://hacecuentas.com/calculadora-gpa-promedio-americano-escala-4-0,https://hacecuentas.com/calculadora-horas-practica-10000-maestria-gladwell,AR,education,0.00,0.00,0.00,1.00,1.00,DATA_MISSING,MANUAL_REVIEW,alta similitud (formula=1.00 input=1.00) pero sin evidencia de merge — revisar a mano
https://hacecuentas.com/calculadora-gpa-promedio-americano-escala-4-0,https://hacecuentas.com/calculadora-ingles-nivel-mcer-horas-estudio-fsi,AR,education,0.00,0.00,0.00,1.00,1.00,DATA_MISSING,MANUAL_REVIEW,alta similitud (formula=1.00 input=1.00) pero sin evidencia de merge — revisar a mano
https://hacecuentas.com/calculadora-gpa-promedio-americano-escala-4-0,https://hacecuentas.com/calculadora-tiempo-estudio-examen-dificultad-paginas,AR,education,0.00,0.00,0.00,1.00,1.00,DATA_MISSING,MANUAL_REVIEW,alta similitud (formula=1.00 input=1.00) pero sin evidencia de merge — revisar a mano
https://hacecuentas.com/calculadora-horas-maestria-curva-aprendizaje-80-20,https://hacecuentas.com/calculadora-horas-practica-10000-maestria-gladwell,AR,education,0.10,0.18,0.22,1.00,1.00,DATA_MISSING,MANUAL_REVIEW,alta similitud (formula=1.00 input=1.00) pero sin evidencia de merge — revisar a mano
https://hacecuentas.com/calculadora-horas-maestria-curva-aprendizaje-80-20,https://hacecuentas.com/calculadora-ingles-nivel-mcer-horas-estudio-fsi,AR,education,0.00,0.00,0.09,1.00,1.00,DATA_MISSING,MANUAL_REVIEW,alta similitud (formula=1.00 input=1.00) pero sin evidencia de merge — revisar a mano
https://hacecuentas.com/calculadora-horas-maestria-curva-aprendizaje-80-20,https://hacecuentas.com/calculadora-tiempo-estudio-examen-dificultad-paginas,AR,education,0.00,0.00,0.00,1.00,1.00,DATA_MISSING,MANUAL_REVIEW,alta similitud (formula=1.00 input=1.00) pero sin evidencia de merge — revisar a mano
https://hacecuentas.com/calculadora-horas-practica-10000-maestria-gladwell,https://hacecuentas.com/calculadora-ingles-nivel-mcer-horas-estudio-fsi,AR,education,0.00,0.00,0.10,1.00,1.00,DATA_MISSING,MANUAL_REVIEW,alta similitud (formula=1.00 input=1.00) pero sin evidencia de merge — revisar a mano
https://hacecuentas.com/calculadora-horas-practica-10000-maestria-gladwell,https://hacecuentas.com/calculadora-tiempo-estudio-examen-dificultad-paginas,AR,education,0.00,0.00,0.00,1.00,1.00,DATA_MISSING,MANUAL_REVIEW,alta similitud (formula=1.00 input=1.00) pero sin evidencia de merge — revisar a mano
https://hacecuentas.com/calculadora-ingles-nivel-mcer-horas-estudio-fsi,https://hacecuentas.com/calculadora-tiempo-estudio-examen-dificultad-paginas,AR,education,0.00,0.00,0.10,1.00,1.00,DATA_MISSING,MANUAL_REVIEW,alta similitud (formula=1.00 input=1.00) pero sin evidencia de merge — revisar a mano
https://hacecuentas.com/calculadora-peliculas-sin-subtitulos-horas-idioma,https://hacecuentas.com/calculadora-vocabulario-nivel-mcer-a1-c2-palabras,AR,education,0.17,0.08,0.00,1.00,1.00,DATA_MISSING,MANUAL_REVIEW,alta similitud (formula=1.00 input=1.00) pero sin evidencia de merge — revisar a mano
https://hacecuentas.com/calculadora-conversor-bolsas-cemento-por-metro-cubico,https://hacecuentas.com/calculadora-conversor-litros-pintura-por-metro-cuadrado,AR,construction,0.09,0.25,0.25,1.00,1.00,DATA_MISSING,MANUAL_REVIEW,alta similitud (formula=1.00 input=1.00) pero sin evidencia de merge — revisar a mano
https://hacecuentas.com/calculadora-conversor-bolsas-cemento-por-metro-cubico,https://hacecuentas.com/calculadora-conversor-pie-tabla-a-metro-cubico,AR,construction,0.20,0.43,0.43,1.00,1.00,DATA_MISSING,MANUAL_REVIEW,alta similitud (formula=1.00 input=1.00) pero sin evidencia de merge — revisar a mano
https://hacecuentas.com/calculadora-conversor-litros-pintura-por-metro-cuadrado,https://hacecuentas.com/calculadora-conversor-pie-tabla-a-metro-cubico,AR,construction,0.33,0.25,0.25,1.00,1.00,DATA_MISSING,MANUAL_REVIEW,alta similitud (formula=1.00 input=1.00) pero sin evidencia de merge — revisar a mano
https://hacecuentas.com/calculadora-millas-american-aa-destino,https://hacecuentas.com/calculadora-millas-avianca-lifemiles,AR,travel,0.25,0.29,0.17,1.00,1.00,DATA_MISSING,MANUAL_REVIEW,alta similitud (formula=1.00 input=1.00) pero sin evidencia de merge — revisar a mano
https://hacecuentas.com/calculadora-millas-american-aa-destino,https://hacecuentas.com/calculadora-millas-delta-skymiles,AR,travel,0.10,0.22,0.17,1.00,1.00,DATA_MISSING,MANUAL_REVIEW,alta similitud (formula=1.00 input=1.00) pero sin evidencia de merge — revisar a mano
https://hacecuentas.com/calculadora-millas-american-aa-destino,https://hacecuentas.com/calculadora-millas-latam-destino,AR,travel,0.33,0.29,0.40,1.00,1.00,DATA_MISSING,MANUAL_REVIEW,alta similitud (formula=1.00 input=1.00) pero sin evidencia de merge — revisar a mano
https://hacecuentas.com/calculadora-millas-american-aa-destino,https://hacecuentas.com/calculadora-millas-united-mileageplus,AR,travel,0.25,0.29,0.17,1.00,1.00,DATA_MISSING,MANUAL_REVIEW,alta similitud (formula=1.00 input=1.00) pero sin evidencia de merge — revisar a mano
https://hacecuentas.com/calculadora-millas-avianca-lifemiles,https://hacecuentas.com/calculadora-millas-delta-skymiles,AR,travel,0.13,0.25,0.20,1.00,1.00,DATA_MISSING,MANUAL_REVIEW,alta similitud (formula=1.00 input=1.00) pero sin evidencia de merge — revisar a mano
https://hacecuentas.com/calculadora-millas-avianca-lifemiles,https://hacecuentas.com/calculadora-millas-latam-destino,AR,travel,0.25,0.33,0.20,1.00,1.00,DATA_MISSING,MANUAL_REVIEW,alta similitud (formula=1.00 input=1.00) pero sin evidencia de merge — revisar a mano
https://hacecuentas.com/calculadora-millas-avianca-lifemiles,https://hacecuentas.com/calculadora-millas-united-mileageplus,AR,travel,0.33,0.33,0.20,1.00,1.00,DATA_MISSING,MANUAL_REVIEW,alta similitud (formula=1.00 input=1.00) pero sin evidencia de merge — revisar a mano
https://hacecuentas.com/calculadora-millas-delta-skymiles,https://hacecuentas.com/calculadora-millas-latam-destino,AR,travel,0.10,0.25,0.20,1.00,1.00,DATA_MISSING,MANUAL_REVIEW,alta similitud (formula=1.00 input=1.00) pero sin evidencia de merge — revisar a mano
https://hacecuentas.com/calculadora-millas-delta-skymiles,https://hacecuentas.com/calculadora-millas-united-mileageplus,AR,travel,0.13,0.25,0.20,1.00,1.00,DATA_MISSING,MANUAL_REVIEW,alta similitud (formula=1.00 input=1.00) pero sin evidencia de merge — revisar a mano
https://hacecuentas.com/calculadora-millas-latam-destino,https://hacecuentas.com/calculadora-millas-united-mileageplus,AR,travel,0.25,0.33,0.20,1.00,1.00,DATA_MISSING,MANUAL_REVIEW,alta similitud (formula=1.00 input=1.00) pero sin evidencia de merge — revisar a mano
https://hacecuentas.com/calculadora-presupuesto-viaje-dubai,https://hacecuentas.com/calculadora-presupuesto-viaje-lima-peru,AR,travel,0.25,0.17,0.40,1.00,1.00,DATA_MISSING,MANUAL_REVIEW,alta similitud (formula=1.00 input=1.00) pero sin evidencia de merge — revisar a mano
https://hacecuentas.com/calculadora-presupuesto-viaje-dubai,https://hacecuentas.com/calculadora-presupuesto-viaje-madrid,AR,travel,0.33,0.33,0.50,1.00,1.00,DATA_MISSING,DIFFERENTIATE,"fórmula parecida pero difieren en régimen/bruto-neto/período/rol → diferenciar, NO redirigir"
https://hacecuentas.com/calculadora-presupuesto-viaje-dubai,https://hacecuentas.com/calculadora-presupuesto-viaje-rio-janeiro,AR,travel,0.22,0.14,0.40,1.00,1.00,DATA_MISSING,MANUAL_REVIEW,alta similitud (formula=1.00 input=1.00) pero sin evidencia de merge — revisar a mano
https://hacecuentas.com/calculadora-presupuesto-viaje-dubai,https://hacecuentas.com/calculadora-presupuesto-viaje-santiago-chile,AR,travel,0.29,0.29,0.40,1.00,1.00,DATA_MISSING,MANUAL_REVIEW,alta similitud (formula=1.00 input=1.00) pero sin evidencia de merge — revisar a mano
https://hacecuentas.com/calculadora-presupuesto-viaje-lima-peru,https://hacecuentas.com/calculadora-presupuesto-viaje-madrid,AR,travel,0.43,0.40,0.40,1.00,1.00,DATA_MISSING,MANUAL_REVIEW,alta similitud (formula=1.00 input=1.00) pero sin evidencia de merge — revisar a mano
https://hacecuentas.com/calculadora-presupuesto-viaje-lima-peru,https://hacecuentas.com/calculadora-presupuesto-viaje-rio-janeiro,AR,travel,0.44,0.40,0.33,1.00,1.00,DATA_MISSING,MANUAL_REVIEW,alta similitud (formula=1.00 input=1.00) pero sin evidencia de merge — revisar a mano
https://hacecuentas.com/calculadora-presupuesto-viaje-lima-peru,https://hacecuentas.com/calculadora-presupuesto-viaje-santiago-chile,AR,travel,0.10,0.00,0.33,1.00,1.00,DATA_MISSING,MANUAL_REVIEW,alta similitud (formula=1.00 input=1.00) pero sin evidencia de merge — revisar a mano
https://hacecuentas.com/calculadora-presupuesto-viaje-madrid,https://hacecuentas.com/calculadora-presupuesto-viaje-rio-janeiro,AR,travel,0.38,0.33,0.40,1.00,1.00,DATA_MISSING,MANUAL_REVIEW,alta similitud (formula=1.00 input=1.00) pero sin evidencia de merge — revisar a mano
https://hacecuentas.com/calculadora-presupuesto-viaje-madrid,https://hacecuentas.com/calculadora-presupuesto-viaje-santiago-chile,AR,travel,0.13,0.13,0.40,1.00,1.00,DATA_MISSING,MANUAL_REVIEW,alta similitud (formula=1.00 input=1.00) pero sin evidencia de merge — revisar a mano
https://hacecuentas.com/calculadora-presupuesto-viaje-rio-janeiro,https://hacecuentas.com/calculadora-presupuesto-viaje-santiago-chile,AR,travel,0.09,0.00,0.33,1.00,1.00,DATA_MISSING,MANUAL_REVIEW,alta similitud (formula=1.00 input=1.00) pero sin evidencia de merge — revisar a mano
https://hacecuentas.com/calculadora-visa-japon-argentino,https://hacecuentas.com/calculadora-visa-schengen-europa-requisitos,AR,travel,0.18,0.22,0.17,1.00,1.00,DATA_MISSING,MANUAL_REVIEW,alta similitud (formula=1.00 input=1.00) pero sin evidencia de merge — revisar a mano
https://hacecuentas.com/calculadora-horas-luz-dia-fecha-latitud,https://hacecuentas.com/calculadora-retraso-amanecer-atardecer-minutos-dia,AR,other,0.08,0.17,0.11,1.00,1.00,DATA_MISSING,MANUAL_REVIEW,alta similitud (formula=1.00 input=1.00) pero sin evidencia de merge — revisar a mano
https://hacecuentas.com/calculadora-calendario-siembra-hemisferio-norte,https://hacecuentas.com/calculadora-calendario-siembra-hemisferio-sur,AR,other,0.27,0.20,0.60,1.00,1.00,DATA_MISSING,MANUAL_REVIEW,alta similitud (formula=1.00 input=1.00) pero sin evidencia de merge — revisar a mano
https://hacecuentas.com/calculadora-conversor-bits-a-bytes,https://hacecuentas.com/calculadora-conversor-kb-a-mb,AR,other,0.07,0.00,0.20,1.00,1.00,DATA_MISSING,MANUAL_REVIEW,alta similitud (formula=1.00 input=1.00) pero sin evidencia de merge — revisar a mano
https://hacecuentas.com/calculadora-conversor-bits-a-bytes,https://hacecuentas.com/calculadora-conversor-mb-a-gb,AR,other,0.13,0.00,0.20,1.00,1.00,DATA_MISSING,MANUAL_REVIEW,alta similitud (formula=1.00 input=1.00) pero sin evidencia de merge — revisar a mano
https://hacecuentas.com/calculadora-conversor-bits-a-bytes,https://hacecuentas.com/calculadora-conversor-mbps-a-mb-s,AR,other,0.00,0.00,0.17,1.00,1.00,DATA_MISSING,MANUAL_REVIEW,alta similitud (formula=1.00 input=1.00) pero sin evidencia de merge — revisar a mano
https://hacecuentas.com/calculadora-conversor-bits-a-bytes,https://hacecuentas.com/calculadora-conversor-tb-a-gb,AR,other,0.29,0.10,0.20,1.00,1.00,DATA_MISSING,MANUAL_REVIEW,alta similitud (formula=1.00 input=1.00) pero sin evidencia de merge — revisar a mano
https://hacecuentas.com/calculadora-conversor-kb-a-mb,https://hacecuentas.com/calculadora-conversor-mb-a-gb,AR,other,0.21,0.50,0.50,1.00,1.00,DATA_MISSING,MANUAL_REVIEW,alta similitud (formula=1.00 input=1.00) pero sin evidencia de merge — revisar a mano
https://hacecuentas.com/calculadora-conversor-kb-a-mb,https://hacecuentas.com/calculadora-conversor-mbps-a-mb-s,AR,other,0.06,0.40,0.40,1.00,1.00,DATA_MISSING,MANUAL_REVIEW,alta similitud (formula=1.00 input=1.00) pero sin evidencia de merge — revisar a mano
https://hacecuentas.com/calculadora-conversor-kb-a-mb,https://hacecuentas.com/calculadora-conversor-tb-a-gb,AR,other,0.13,0.00,0.20,1.00,1.00,DATA_MISSING,MANUAL_REVIEW,alta similitud (formula=1.00 input=1.00) pero sin evidencia de merge — revisar a mano
https://hacecuentas.com/calculadora-conversor-mb-a-gb,https://hacecuentas.com/calculadora-conversor-mbps-a-mb-s,AR,other,0.06,0.40,0.40,1.00,1.00,DATA_MISSING,MANUAL_REVIEW,alta similitud (formula=1.00 input=1.00) pero sin evidencia de merge — revisar a mano
https://hacecuentas.com/calculadora-conversor-mb-a-gb,https://hacecuentas.com/calculadora-conversor-tb-a-gb,AR,other,0.19,0.10,0.50,1.00,1.00,DATA_MISSING,MANUAL_REVIEW,alta similitud (formula=1.00 input=1.00) pero sin evidencia de merge — revisar a mano
https://hacecuentas.com/calculadora-conversor-mbps-a-mb-s,https://hacecuentas.com/calculadora-conversor-tb-a-gb,AR,other,0.06,0.00,0.17,1.00,1.00,DATA_MISSING,MANUAL_REVIEW,alta similitud (formula=1.00 input=1.00) pero sin evidencia de merge — revisar a mano
https://hacecuentas.com/calculadora-cosecha-esperada-huerta-kg,https://hacecuentas.com/calculadora-semillas-por-m2-huerta,AR,other,0.43,0.33,0.17,1.00,1.00,DATA_MISSING,MANUAL_REVIEW,alta similitud (formula=1.00 input=1.00) pero sin evidencia de merge — revisar a mano
https://hacecuentas.com/calculadora-hitos-desarrollo-bebe-edad-meses,https://hacecuentas.com/calculadora-vacunas-faltantes-bebe-edad-meses,AR,other,0.15,0.08,0.43,1.00,1.00,DATA_MISSING,MANUAL_REVIEW,alta similitud (formula=1.00 input=1.00) pero sin evidencia de merge — revisar a mano
https://hacecuentas.com/calculadora-presupuesto-casamiento-por-invitado,https://hacecuentas.com/calculadora-presupuesto-cumple-15-quinceanera,AR,food,0.29,0.33,0.17,1.00,1.00,DATA_MISSING,MANUAL_REVIEW,alta similitud (formula=1.00 input=1.00) pero sin evidencia de merge — revisar a mano
https://hacecuentas.com/calculadora-conversion-temperaturas-horno-gas-electrico,https://hacecuentas.com/calculadora-tiempos-coccion-verduras-al-vapor-hervido,AR,food,0.00,0.00,0.00,1.00,1.00,DATA_MISSING,MANUAL_REVIEW,alta similitud (formula=1.00 input=1.00) pero sin evidencia de merge — revisar a mano
https://hacecuentas.com/calculadora-conversor-fahrenheit-a-celsius-horno,https://hacecuentas.com/calculadora-conversor-tazas-a-mililitros,AR,food,0.25,0.17,0.17,1.00,1.00,DATA_MISSING,MANUAL_REVIEW,alta similitud (formula=1.00 input=1.00) pero sin evidencia de merge — revisar a mano
https://hacecuentas.com/calculadora-poder-adquisitivo-sueldo-real,https://hacecuentas.com/calculadora-salario-real-inflacion,AR,salary,0.22,0.13,0.17,1.00,1.00,DATA_MISSING,MANUAL_REVIEW,alta similitud (formula=1.00 input=1.00) pero sin evidencia de merge — revisar a mano
https://hacecuentas.com/calculadora-inversion-dolarizada-cocos-balanz-rendimiento,https://hacecuentas.com/calculadora-tarjeta-credito-pago-minimo-intereses,AR,loans,0.15,0.13,0.00,1.00,1.00,DATA_MISSING,MANUAL_REVIEW,alta similitud (formula=1.00 input=1.00) pero sin evidencia de merge — revisar a mano
https://hacecuentas.com/calculadora-irpf-cataluna-2026-asalariado,https://hacecuentas.com/calculadora-irpf-madrid-2026-asalariado,AR,taxes,0.67,0.50,0.60,1.00,1.00,DATA_MISSING,DIFFERENTIATE,"fórmula parecida pero difieren en régimen/bruto-neto/período/rol → diferenciar, NO redirigir"
https://hacecuentas.com/calculadora-impuesto-cheque-debitos-creditos,https://hacecuentas.com/calculadora-retencion-rg2616-proveedor-monotributo,AR,taxes,0.00,0.00,0.00,1.00,1.00,DATA_MISSING,MANUAL_REVIEW,alta similitud (formula=1.00 input=1.00) pero sin evidencia de merge — revisar a mano
https://hacecuentas.com/calculadora-area-triangulo-heron-tres-lados,https://hacecuentas.com/calculadora-ecuacion-cuadratica-raices-discriminante,AR,mathematics,0.00,0.00,0.00,1.00,1.00,DATA_MISSING,MANUAL_REVIEW,alta similitud (formula=1.00 input=1.00) pero sin evidencia de merge — revisar a mano
https://hacecuentas.com/calculadora-combinaciones-permutaciones-factorial,https://hacecuentas.com/calculadora-factorial-combinatoria-permutaciones,AR,mathematics,0.13,0.67,0.50,1.00,1.00,DATA_MISSING,DIFFERENTIATE,"fórmula parecida pero difieren en régimen/bruto-neto/período/rol → diferenciar, NO redirigir"
https://hacecuentas.com/calculadora-conversion-btu-kcal-aire-acondicionado,https://hacecuentas.com/calculadora-conversion-fahrenheit-celsius-clima,AR,mathematics,0.00,0.00,0.13,1.00,1.00,DATA_MISSING,MANUAL_REVIEW,alta similitud (formula=1.00 input=1.00) pero sin evidencia de merge — revisar a mano
https://hacecuentas.com/calculadora-conversion-btu-kcal-aire-acondicionado,https://hacecuentas.com/calculadora-conversion-kilo-libra-lb-kg-exacto,AR,mathematics,0.00,0.00,0.10,1.00,1.00,DATA_MISSING,MANUAL_REVIEW,alta similitud (formula=1.00 input=1.00) pero sin evidencia de merge — revisar a mano
https://hacecuentas.com/calculadora-conversion-btu-kcal-aire-acondicionado,https://hacecuentas.com/calculadora-conversion-metro-pie-feet-exacto,AR,mathematics,0.00,0.00,0.11,1.00,1.00,DATA_MISSING,MANUAL_REVIEW,alta similitud (formula=1.00 input=1.00) pero sin evidencia de merge — revisar a mano
https://hacecuentas.com/calculadora-conversion-btu-kcal-aire-acondicionado,https://hacecuentas.com/calculadora-conversion-milla-kilometro-ida-vuelta,AR,mathematics,0.00,0.00,0.11,1.00,1.00,DATA_MISSING,MANUAL_REVIEW,alta similitud (formula=1.00 input=1.00) pero sin evidencia de merge — revisar a mano
https://hacecuentas.com/calculadora-conversion-btu-kcal-aire-acondicionado,https://hacecuentas.com/calculadora-conversion-ppm-mg-l-quimica-agua,AR,mathematics,0.00,0.00,0.10,1.00,1.00,DATA_MISSING,MANUAL_REVIEW,alta similitud (formula=1.00 input=1.00) pero sin evidencia de merge — revisar a mano
https://hacecuentas.com/calculadora-conversion-btu-kcal-aire-acondicionado,https://hacecuentas.com/calculadora-conversion-quintal-tonelada-kg-agro,AR,mathematics,0.00,0.00,0.11,1.00,1.00,DATA_MISSING,MANUAL_REVIEW,alta similitud (formula=1.00 input=1.00) pero sin evidencia de merge — revisar a mano
https://hacecuentas.com/calculadora-conversion-btu-kcal-aire-acondicionado,https://hacecuentas.com/calculadora-conversion-radianes-grados-angulo,AR,mathematics,0.13,0.00,0.13,1.00,1.00,DATA_MISSING,MANUAL_REVIEW,alta similitud (formula=1.00 input=1.00) pero sin evidencia de merge — revisar a mano
https://hacecuentas.com/calculadora-conversion-fahrenheit-celsius-clima,https://hacecuentas.com/calculadora-conversion-kilo-libra-lb-kg-exacto,AR,mathematics,0.25,0.09,0.11,1.00,1.00,DATA_MISSING,MANUAL_REVIEW,alta similitud (formula=1.00 input=1.00) pero sin evidencia de merge — revisar a mano
https://hacecuentas.com/calculadora-conversion-fahrenheit-celsius-clima,https://hacecuentas.com/calculadora-conversion-metro-pie-feet-exacto,AR,mathematics,0.29,0.09,0.13,1.00,1.00,DATA_MISSING,MANUAL_REVIEW,alta similitud (formula=1.00 input=1.00) pero sin evidencia de merge — revisar a mano
https://hacecuentas.com/calculadora-conversion-fahrenheit-celsius-clima,https://hacecuentas.com/calculadora-conversion-milla-kilometro-ida-vuelta,AR,mathematics,0.33,0.10,0.13,1.00,1.00,DATA_MISSING,MANUAL_REVIEW,alta similitud (formula=1.00 input=1.00) pero sin evidencia de merge — revisar a mano
https://hacecuentas.com/calculadora-conversion-fahrenheit-celsius-clima,https://hacecuentas.com/calculadora-conversion-ppm-mg-l-quimica-agua,AR,mathematics,0.25,0.09,0.11,1.00,1.00,DATA_MISSING,MANUAL_REVIEW,alta similitud (formula=1.00 input=1.00) pero sin evidencia de merge — revisar a mano
https://hacecuentas.com/calculadora-conversion-fahrenheit-celsius-clima,https://hacecuentas.com/calculadora-conversion-quintal-tonelada-kg-agro,AR,mathematics,0.00,0.00,0.13,1.00,1.00,DATA_MISSING,MANUAL_REVIEW,alta similitud (formula=1.00 input=1.00) pero sin evidencia de merge — revisar a mano
https://hacecuentas.com/calculadora-conversion-fahrenheit-celsius-clima,https://hacecuentas.com/calculadora-conversion-radianes-grados-angulo,AR,mathematics,0.00,0.00,0.14,1.00,1.00,DATA_MISSING,MANUAL_REVIEW,alta similitud (formula=1.00 input=1.00) pero sin evidencia de merge — revisar a mano
https://hacecuentas.com/calculadora-conversion-kilo-libra-lb-kg-exacto,https://hacecuentas.com/calculadora-conversion-metro-pie-feet-exacto,AR,mathematics,0.22,0.43,0.22,1.00,1.00,DATA_MISSING,MANUAL_REVIEW,alta similitud (formula=1.00 input=1.00) pero sin evidencia de merge — revisar a mano
https://hacecuentas.com/calculadora-conversion-kilo-libra-lb-kg-exacto,https://hacecuentas.com/calculadora-conversion-milla-kilometro-ida-vuelta,AR,mathematics,0.25,0.13,0.10,1.00,1.00,DATA_MISSING,MANUAL_REVIEW,alta similitud (formula=1.00 input=1.00) pero sin evidencia de merge — revisar a mano
https://hacecuentas.com/calculadora-conversion-kilo-libra-lb-kg-exacto,https://hacecuentas.com/calculadora-conversion-ppm-mg-l-quimica-agua,AR,mathematics,0.20,0.11,0.09,1.00,1.00,DATA_MISSING,MANUAL_REVIEW,alta similitud (formula=1.00 input=1.00) pero sin evidencia de merge — revisar a mano
https://hacecuentas.com/calculadora-conversion-kilo-libra-lb-kg-exacto,https://hacecuentas.com/calculadora-conversion-quintal-tonelada-kg-agro,AR,mathematics,0.00,0.00,0.22,1.00,1.00,DATA_MISSING,MANUAL_REVIEW,alta similitud (formula=1.00 input=1.00) pero sin evidencia de merge — revisar a mano
https://hacecuentas.com/calculadora-conversion-kilo-libra-lb-kg-exacto,https://hacecuentas.com/calculadora-conversion-radianes-grados-angulo,AR,mathematics,0.00,0.00,0.11,1.00,1.00,DATA_MISSING,MANUAL_REVIEW,alta similitud (formula=1.00 input=1.00) pero sin evidencia de merge — revisar a mano
https://hacecuentas.com/calculadora-conversion-metro-pie-feet-exacto,https://hacecuentas.com/calculadora-conversion-milla-kilometro-ida-vuelta,AR,mathematics,0.29,0.13,0.11,1.00,1.00,DATA_MISSING,MANUAL_REVIEW,alta similitud (formula=1.00 input=1.00) pero sin evidencia de merge — revisar a mano
https://hacecuentas.com/calculadora-conversion-metro-pie-feet-exacto,https://hacecuentas.com/calculadora-conversion-ppm-mg-l-quimica-agua,AR,mathematics,0.22,0.11,0.10,1.00,1.00,DATA_MISSING,MANUAL_REVIEW,alta similitud (formula=1.00 input=1.00) pero sin evidencia de merge — revisar a mano
https://hacecuentas.com/calculadora-conversion-metro-pie-feet-exacto,https://hacecuentas.com/calculadora-conversion-quintal-tonelada-kg-agro,AR,mathematics,0.00,0.00,0.11,1.00,1.00,DATA_MISSING,MANUAL_REVIEW,alta similitud (formula=1.00 input=1.00) pero sin evidencia de merge — revisar a mano
https://hacecuentas.com/calculadora-conversion-metro-pie-feet-exacto,https://hacecuentas.com/calculadora-conversion-radianes-grados-angulo,AR,mathematics,0.00,0.00,0.13,1.00,1.00,DATA_MISSING,MANUAL_REVIEW,alta similitud (formula=1.00 input=1.00) pero sin evidencia de merge — revisar a mano
https://hacecuentas.com/calculadora-conversion-milla-kilometro-ida-vuelta,https://hacecuentas.com/calculadora-conversion-ppm-mg-l-quimica-agua,AR,mathematics,0.25,0.13,0.10,1.00,1.00,DATA_MISSING,MANUAL_REVIEW,alta similitud (formula=1.00 input=1.00) pero sin evidencia de merge — revisar a mano
https://hacecuentas.com/calculadora-conversion-milla-kilometro-ida-vuelta,https://hacecuentas.com/calculadora-conversion-quintal-tonelada-kg-agro,AR,mathematics,0.00,0.00,0.11,1.00,1.00,DATA_MISSING,MANUAL_REVIEW,alta similitud (formula=1.00 input=1.00) pero sin evidencia de merge — revisar a mano
https://hacecuentas.com/calculadora-conversion-milla-kilometro-ida-vuelta,https://hacecuentas.com/calculadora-conversion-radianes-grados-angulo,AR,mathematics,0.00,0.00,0.13,1.00,1.00,DATA_MISSING,MANUAL_REVIEW,alta similitud (formula=1.00 input=1.00) pero sin evidencia de merge — revisar a mano
https://hacecuentas.com/calculadora-conversion-ppm-mg-l-quimica-agua,https://hacecuentas.com/calculadora-conversion-quintal-tonelada-kg-agro,AR,mathematics,0.00,0.00,0.10,1.00,1.00,DATA_MISSING,MANUAL_REVIEW,alta similitud (formula=1.00 input=1.00) pero sin evidencia de merge — revisar a mano
https://hacecuentas.com/calculadora-conversion-ppm-mg-l-quimica-agua,https://hacecuentas.com/calculadora-conversion-radianes-grados-angulo,AR,mathematics,0.00,0.00,0.11,1.00,1.00,DATA_MISSING,MANUAL_REVIEW,alta similitud (formula=1.00 input=1.00) pero sin evidencia de merge — revisar a mano
https://hacecuentas.com/calculadora-conversion-quintal-tonelada-kg-agro,https://hacecuentas.com/calculadora-conversion-radianes-grados-angulo,AR,mathematics,0.00,0.00,0.13,1.00,1.00,DATA_MISSING,MANUAL_REVIEW,alta similitud (formula=1.00 input=1.00) pero sin evidencia de merge — revisar a mano
https://hacecuentas.com/calculadora-conversor-acres-a-hectareas,https://hacecuentas.com/calculadora-conversor-anos-a-dias,AR,mathematics,0.33,0.17,0.20,1.00,1.00,DATA_MISSING,MANUAL_REVIEW,alta similitud (formula=1.00 input=1.00) pero sin evidencia de merge — revisar a mano
https://hacecuentas.com/calculadora-conversor-acres-a-hectareas,https://hacecuentas.com/calculadora-conversor-brazas-a-metros,AR,mathematics,0.00,0.00,0.20,1.00,1.00,DATA_MISSING,MANUAL_REVIEW,alta similitud (formula=1.00 input=1.00) pero sin evidencia de merge — revisar a mano
https://hacecuentas.com/calculadora-conversor-acres-a-hectareas,https://hacecuentas.com/calculadora-conversor-dias-a-horas,AR,mathematics,0.14,0.20,0.20,1.00,1.00,DATA_MISSING,MANUAL_REVIEW,alta similitud (formula=1.00 input=1.00) pero sin evidencia de merge — revisar a mano
https://hacecuentas.com/calculadora-conversor-acres-a-hectareas,https://hacecuentas.com/calculadora-conversor-gramos-a-onzas,AR,mathematics,0.29,0.20,0.20,1.00,1.00,DATA_MISSING,MANUAL_REVIEW,alta similitud (formula=1.00 input=1.00) pero sin evidencia de merge — revisar a mano
https://hacecuentas.com/calculadora-conversor-acres-a-hectareas,https://hacecuentas.com/calculadora-conversor-hectareas-a-metros-cuadrados,AR,mathematics,0.13,0.17,0.40,1.00,1.00,DATA_MISSING,MANUAL_REVIEW,alta similitud (formula=1.00 input=1.00) pero sin evidencia de merge — revisar a mano
https://hacecuentas.com/calculadora-conversor-acres-a-hectareas,https://hacecuentas.com/calculadora-conversor-horas-a-minutos,AR,mathematics,0.33,0.20,0.20,1.00,1.00,DATA_MISSING,MANUAL_REVIEW,alta similitud (formula=1.00 input=1.00) pero sin evidencia de merge — revisar a mano
https://hacecuentas.com/calculadora-conversor-acres-a-hectareas,https://hacecuentas.com/calculadora-conversor-meses-a-semanas,AR,mathematics,0.33,0.20,0.20,1.00,1.00,DATA_MISSING,MANUAL_REVIEW,alta similitud (formula=1.00 input=1.00) pero sin evidencia de merge — revisar a mano
https://hacecuentas.com/calculadora-conversor-acres-a-hectareas,https://hacecuentas.com/calculadora-conversor-milimetros-a-pulgadas,AR,mathematics,0.29,0.20,0.20,1.00,1.00,DATA_MISSING,MANUAL_REVIEW,alta similitud (formula=1.00 input=1.00) pero sin evidencia de merge — revisar a mano
https://hacecuentas.com/calculadora-conversor-acres-a-hectareas,https://hacecuentas.com/calculadora-conversor-pies-a-metros,AR,mathematics,0.00,0.00,0.20,1.00,1.00,DATA_MISSING,MANUAL_REVIEW,alta similitud (formula=1.00 input=1.00) pero sin evidencia de merge — revisar a mano
https://hacecuentas.com/calculadora-conversor-acres-a-hectareas,https://hacecuentas.com/calculadora-conversor-pies-a-pulgadas,AR,mathematics,0.00,0.00,0.20,1.00,1.00,DATA_MISSING,MANUAL_REVIEW,alta similitud (formula=1.00 input=1.00) pero sin evidencia de merge — revisar a mano
https://hacecuentas.com/calculadora-conversor-acres-a-hectareas,https://hacecuentas.com/calculadora-conversor-pulgadas-cuadradas-a-centimetros-cuadrados,AR,mathematics,0.00,0.00,0.14,1.00,1.00,DATA_MISSING,MANUAL_REVIEW,alta similitud (formula=1.00 input=1.00) pero sin evidencia de merge — revisar a mano
https://hacecuentas.com/calculadora-conversor-acres-a-hectareas,https://hacecuentas.com/calculadora-conversor-radianes-a-grados,AR,mathematics,0.33,0.20,0.20,1.00,1.00,DATA_MISSING,MANUAL_REVIEW,alta similitud (formula=1.00 input=1.00) pero sin evidencia de merge — revisar a mano
https://hacecuentas.com/calculadora-conversor-acres-a-hectareas,https://hacecuentas.com/calculadora-conversor-semanas-a-dias,AR,mathematics,0.33,0.17,0.20,1.00,1.00,DATA_MISSING,MANUAL_REVIEW,alta similitud (formula=1.00 input=1.00) pero sin evidencia de merge — revisar a mano
https://hacecuentas.com/calculadora-conversor-acres-a-hectareas,https://hacecuentas.com/calculadora-conversor-toneladas-cortas-a-toneladas-metricas,AR,mathematics,0.29,0.17,0.17,1.00,1.00,DATA_MISSING,MANUAL_REVIEW,alta similitud (formula=1.00 input=1.00) pero sin evidencia de merge — revisar a mano
https://hacecuentas.com/calculadora-conversor-acres-a-hectareas,https://hacecuentas.com/calculadora-conversor-varas-a-metros,AR,mathematics,0.33,0.20,0.20,1.00,1.00,DATA_MISSING,MANUAL_REVIEW,alta similitud (formula=1.00 input=1.00) pero sin evidencia de merge — revisar a mano
https://hacecuentas.com/calculadora-conversor-anos-a-dias,https://hacecuentas.com/calculadora-conversor-brazas-a-metros,AR,mathematics,0.00,0.00,0.20,1.00,1.00,DATA_MISSING,MANUAL_REVIEW,alta similitud (formula=1.00 input=1.00) pero sin evidencia de merge — revisar a mano
https://hacecuentas.com/calculadora-conversor-anos-a-dias,https://hacecuentas.com/calculadora-conversor-dias-a-horas,AR,mathematics,0.33,0.40,0.50,1.00,1.00,DATA_MISSING,DIFFERENTIATE,"fórmula parecida pero difieren en régimen/bruto-neto/período/rol → diferenciar, NO redirigir"
https://hacecuentas.com/calculadora-conversor-anos-a-dias,https://hacecuentas.com/calculadora-conversor-gramos-a-onzas,AR,mathematics,0.29,0.17,0.20,1.00,1.00,DATA_MISSING,MANUAL_REVIEW,alta similitud (formula=1.00 input=1.00) pero sin evidencia de merge — revisar a mano
https://hacecuentas.com/calculadora-conversor-anos-a-dias,https://hacecuentas.com/calculadora-conversor-hectareas-a-metros-cuadrados,AR,mathematics,0.00,0.00,0.17,1.00,1.00,DATA_MISSING,MANUAL_REVIEW,alta similitud (formula=1.00 input=1.00) pero sin evidencia de merge — revisar a mano
https://hacecuentas.com/calculadora-conversor-anos-a-dias,https://hacecuentas.com/calculadora-conversor-horas-a-minutos,AR,mathematics,0.33,0.17,0.20,1.00,1.00,DATA_MISSING,MANUAL_REVIEW,alta similitud (formula=1.00 input=1.00) pero sin evidencia de merge — revisar a mano
https://hacecuentas.com/calculadora-conversor-anos-a-dias,https://hacecuentas.com/calculadora-conversor-meses-a-semanas,AR,mathematics,0.33,0.17,0.20,1.00,1.00,DATA_MISSING,MANUAL_REVIEW,alta similitud (formula=1.00 input=1.00) pero sin evidencia de merge — revisar a mano
https://hacecuentas.com/calculadora-conversor-anos-a-dias,https://hacecuentas.com/calculadora-conversor-milimetros-a-pulgadas,AR,mathematics,0.29,0.17,0.20,1.00,1.00,DATA_MISSING,MANUAL_REVIEW,alta similitud (formula=1.00 input=1.00) pero sin evidencia de merge — revisar a mano
https://hacecuentas.com/calculadora-conversor-anos-a-dias,https://hacecuentas.com/calculadora-conversor-pies-a-metros,AR,mathematics,0.00,0.00,0.20,1.00,1.00,DATA_MISSING,MANUAL_REVIEW,alta similitud (formula=1.00 input=1.00) pero sin evidencia de merge — revisar a mano
https://hacecuentas.com/calculadora-conversor-anos-a-dias,https://hacecuentas.com/calculadora-conversor-pies-a-pulgadas,AR,mathematics,0.00,0.00,0.20,1.00,1.00,DATA_MISSING,MANUAL_REVIEW,alta similitud (formula=1.00 input=1.00) pero sin evidencia de merge — revisar a mano
https://hacecuentas.com/calculadora-conversor-anos-a-dias,https://hacecuentas.com/calculadora-conversor-pulgadas-cuadradas-a-centimetros-cuadrados,AR,mathematics,0.00,0.00,0.14,1.00,1.00,DATA_MISSING,MANUAL_REVIEW,alta similitud (formula=1.00 input=1.00) pero sin evidencia de merge — revisar a mano
https://hacecuentas.com/calculadora-conversor-anos-a-dias,https://hacecuentas.com/calculadora-conversor-radianes-a-grados,AR,mathematics,0.33,0.17,0.20,1.00,1.00,DATA_MISSING,MANUAL_REVIEW,alta similitud (formula=1.00 input=1.00) pero sin evidencia de merge — revisar a mano
https://hacecuentas.com/calculadora-conversor-anos-a-dias,https://hacecuentas.com/calculadora-conversor-semanas-a-dias,AR,mathematics,0.60,0.60,0.50,1.00,1.00,DATA_MISSING,DIFFERENTIATE,"fórmula parecida pero difieren en régimen/bruto-neto/período/rol → diferenciar, NO redirigir"
https://hacecuentas.com/calculadora-conversor-anos-a-dias,https://hacecuentas.com/calculadora-conversor-toneladas-cortas-a-toneladas-metricas,AR,mathematics,0.29,0.14,0.17,1.00,1.00,DATA_MISSING,MANUAL_REVIEW,alta similitud (formula=1.00 input=1.00) pero sin evidencia de merge — revisar a mano
https://hacecuentas.com/calculadora-conversor-anos-a-dias,https://hacecuentas.com/calculadora-conversor-varas-a-metros,AR,mathematics,0.33,0.17,0.20,1.00,1.00,DATA_MISSING,MANUAL_REVIEW,alta similitud (formula=1.00 input=1.00) pero sin evidencia de merge — revisar a mano
https://hacecuentas.com/calculadora-conversor-brazas-a-metros,https://hacecuentas.com/calculadora-conversor-dias-a-horas,AR,mathematics,0.00,0.00,0.20,1.00,1.00,DATA_MISSING,MANUAL_REVIEW,alta similitud (formula=1.00 input=1.00) pero sin evidencia de merge — revisar a mano
https://hacecuentas.com/calculadora-conversor-brazas-a-metros,https://hacecuentas.com/calculadora-conversor-gramos-a-onzas,AR,mathematics,0.00,0.00,0.20,1.00,1.00,DATA_MISSING,MANUAL_REVIEW,alta similitud (formula=1.00 input=1.00) pero sin evidencia de merge — revisar a mano
https://hacecuentas.com/calculadora-conversor-brazas-a-metros,https://hacecuentas.com/calculadora-conversor-hectareas-a-metros-cuadrados,AR,mathematics,0.43,0.40,0.40,1.00,1.00,DATA_MISSING,MANUAL_REVIEW,alta similitud (formula=1.00 input=1.00) pero sin evidencia de merge — revisar a mano
https://hacecuentas.com/calculadora-conversor-brazas-a-metros,https://hacecuentas.com/calculadora-conversor-horas-a-minutos,AR,mathematics,0.00,0.00,0.20,1.00,1.00,DATA_MISSING,MANUAL_REVIEW,alta similitud (formula=1.00 input=1.00) pero sin evidencia de merge — revisar a mano
https://hacecuentas.com/calculadora-conversor-brazas-a-metros,https://hacecuentas.com/calculadora-conversor-meses-a-semanas,AR,mathematics,0.00,0.00,0.20,1.00,1.00,DATA_MISSING,MANUAL_REVIEW,alta similitud (formula=1.00 input=1.00) pero sin evidencia de merge — revisar a mano
https://hacecuentas.com/calculadora-conversor-brazas-a-metros,https://hacecuentas.com/calculadora-conversor-milimetros-a-pulgadas,AR,mathematics,0.00,0.00,0.20,1.00,1.00,DATA_MISSING,MANUAL_REVIEW,alta similitud (formula=1.00 input=1.00) pero sin evidencia de merge — revisar a mano
https://hacecuentas.com/calculadora-conversor-brazas-a-metros,https://hacecuentas.com/calculadora-conversor-pies-a-metros,AR,mathematics,0.67,0.50,0.50,1.00,1.00,DATA_MISSING,DIFFERENTIATE,"fórmula parecida pero difieren en régimen/bruto-neto/período/rol → diferenciar, NO redirigir"
https://hacecuentas.com/calculadora-conversor-brazas-a-metros,https://hacecuentas.com/calculadora-conversor-pies-a-pulgadas,AR,mathematics,0.43,0.20,0.20,1.00,1.00,DATA_MISSING,MANUAL_REVIEW,alta similitud (formula=1.00 input=1.00) pero sin evidencia de merge — revisar a mano
https://hacecuentas.com/calculadora-conversor-brazas-a-metros,https://hacecuentas.com/calculadora-conversor-pulgadas-cuadradas-a-centimetros-cuadrados,AR,mathematics,0.13,0.14,0.14,1.00,1.00,DATA_MISSING,MANUAL_REVIEW,alta similitud (formula=1.00 input=1.00) pero sin evidencia de merge — revisar a mano
https://hacecuentas.com/calculadora-conversor-brazas-a-metros,https://hacecuentas.com/calculadora-conversor-radianes-a-grados,AR,mathematics,0.00,0.00,0.20,1.00,1.00,DATA_MISSING,MANUAL_REVIEW,alta similitud (formula=1.00 input=1.00) pero sin evidencia de merge — revisar a mano
https://hacecuentas.com/calculadora-conversor-brazas-a-metros,https://hacecuentas.com/calculadora-conversor-semanas-a-dias,AR,mathematics,0.00,0.00,0.20,1.00,1.00,DATA_MISSING,MANUAL_REVIEW,alta similitud (formula=1.00 input=1.00) pero sin evidencia de merge — revisar a mano
https://hacecuentas.com/calculadora-conversor-brazas-a-metros,https://hacecuentas.com/calculadora-conversor-toneladas-cortas-a-toneladas-metricas,AR,mathematics,0.00,0.00,0.17,1.00,1.00,DATA_MISSING,MANUAL_REVIEW,alta similitud (formula=1.00 input=1.00) pero sin evidencia de merge — revisar a mano
https://hacecuentas.com/calculadora-conversor-brazas-a-metros,https://hacecuentas.com/calculadora-conversor-varas-a-metros,AR,mathematics,0.13,0.20,0.50,1.00,1.00,DATA_MISSING,DIFFERENTIATE,"fórmula parecida pero difieren en régimen/bruto-neto/período/rol → diferenciar, NO redirigir"
https://hacecuentas.com/calculadora-conversor-dias-a-horas,https://hacecuentas.com/calculadora-conversor-gramos-a-onzas,AR,mathematics,0.13,0.20,0.20,1.00,1.00,DATA_MISSING,MANUAL_REVIEW,alta similitud (formula=1.00 input=1.00) pero sin evidencia de merge — revisar a mano
https://hacecuentas.com/calculadora-conversor-dias-a-horas,https://hacecuentas.com/calculadora-conversor-hectareas-a-metros-cuadrados,AR,mathematics,0.00,0.00,0.17,1.00,1.00,DATA_MISSING,MANUAL_REVIEW,alta similitud (formula=1.00 input=1.00) pero sin evidencia de merge — revisar a mano
https://hacecuentas.com/calculadora-conversor-dias-a-horas,https://hacecuentas.com/calculadora-conversor-horas-a-minutos,AR,mathematics,0.33,0.50,0.50,1.00,1.00,DATA_MISSING,DIFFERENTIATE,"fórmula parecida pero difieren en régimen/bruto-neto/período/rol → diferenciar, NO redirigir"
https://hacecuentas.com/calculadora-conversor-dias-a-horas,https://hacecuentas.com/calculadora-conversor-meses-a-semanas,AR,mathematics,0.14,0.20,0.20,1.00,1.00,DATA_MISSING,MANUAL_REVIEW,alta similitud (formula=1.00 input=1.00) pero sin evidencia de merge — revisar a mano
https://hacecuentas.com/calculadora-conversor-dias-a-horas,https://hacecuentas.com/calculadora-conversor-milimetros-a-pulgadas,AR,mathematics,0.29,0.20,0.20,1.00,1.00,DATA_MISSING,MANUAL_REVIEW,alta similitud (formula=1.00 input=1.00) pero sin evidencia de merge — revisar a mano
https://hacecuentas.com/calculadora-conversor-dias-a-horas,https://hacecuentas.com/calculadora-conversor-pies-a-metros,AR,mathematics,0.00,0.00,0.20,1.00,1.00,DATA_MISSING,MANUAL_REVIEW,alta similitud (formula=1.00 input=1.00) pero sin evidencia de merge — revisar a mano
https://hacecuentas.com/calculadora-conversor-dias-a-horas,https://hacecuentas.com/calculadora-conversor-pies-a-pulgadas,AR,mathematics,0.00,0.00,0.20,1.00,1.00,DATA_MISSING,MANUAL_REVIEW,alta similitud (formula=1.00 input=1.00) pero sin evidencia de merge — revisar a mano
https://hacecuentas.com/calculadora-conversor-dias-a-horas,https://hacecuentas.com/calculadora-conversor-pulgadas-cuadradas-a-centimetros-cuadrados,AR,mathematics,0.00,0.00,0.14,1.00,1.00,DATA_MISSING,MANUAL_REVIEW,alta similitud (formula=1.00 input=1.00) pero sin evidencia de merge — revisar a mano
https://hacecuentas.com/calculadora-conversor-dias-a-horas,https://hacecuentas.com/calculadora-conversor-radianes-a-grados,AR,mathematics,0.14,0.20,0.20,1.00,1.00,DATA_MISSING,MANUAL_REVIEW,alta similitud (formula=1.00 input=1.00) pero sin evidencia de merge — revisar a mano
https://hacecuentas.com/calculadora-conversor-dias-a-horas,https://hacecuentas.com/calculadora-conversor-semanas-a-dias,AR,mathematics,0.33,0.40,0.50,1.00,1.00,DATA_MISSING,DIFFERENTIATE,"fórmula parecida pero difieren en régimen/bruto-neto/período/rol → diferenciar, NO redirigir"
https://hacecuentas.com/calculadora-conversor-dias-a-horas,https://hacecuentas.com/calculadora-conversor-toneladas-cortas-a-toneladas-metricas,AR,mathematics,0.13,0.17,0.17,1.00,1.00,DATA_MISSING,MANUAL_REVIEW,alta similitud (formula=1.00 input=1.00) pero sin evidencia de merge — revisar a mano
https://hacecuentas.com/calculadora-conversor-dias-a-horas,https://hacecuentas.com/calculadora-conversor-varas-a-metros,AR,mathematics,0.14,0.20,0.20,1.00,1.00,DATA_MISSING,MANUAL_REVIEW,alta similitud (formula=1.00 input=1.00) pero sin evidencia de merge — revisar a mano
https://hacecuentas.com/calculadora-conversor-gramos-a-onzas,https://hacecuentas.com/calculadora-conversor-hectareas-a-metros-cuadrados,AR,mathematics,0.00,0.00,0.17,1.00,1.00,DATA_MISSING,MANUAL_REVIEW,alta similitud (formula=1.00 input=1.00) pero sin evidencia de merge — revisar a mano
https://hacecuentas.com/calculadora-conversor-gramos-a-onzas,https://hacecuentas.com/calculadora-conversor-horas-a-minutos,AR,mathematics,0.29,0.20,0.20,1.00,1.00,DATA_MISSING,MANUAL_REVIEW,alta similitud (formula=1.00 input=1.00) pero sin evidencia de merge — revisar a mano
https://hacecuentas.com/calculadora-conversor-gramos-a-onzas,https://hacecuentas.com/calculadora-conversor-meses-a-semanas,AR,mathematics,0.29,0.20,0.20,1.00,1.00,DATA_MISSING,MANUAL_REVIEW,alta similitud (formula=1.00 input=1.00) pero sin evidencia de merge — revisar a mano
https://hacecuentas.com/calculadora-conversor-gramos-a-onzas,https://hacecuentas.com/calculadora-conversor-milimetros-a-pulgadas,AR,mathematics,0.25,0.20,0.20,1.00,1.00,DATA_MISSING,MANUAL_REVIEW,alta similitud (formula=1.00 input=1.00) pero sin evidencia de merge — revisar a mano
https://hacecuentas.com/calculadora-conversor-gramos-a-onzas,https://hacecuentas.com/calculadora-conversor-pies-a-metros,AR,mathematics,0.00,0.00,0.20,1.00,1.00,DATA_MISSING,MANUAL_REVIEW,alta similitud (formula=1.00 input=1.00) pero sin evidencia de merge — revisar a mano
https://hacecuentas.com/calculadora-conversor-gramos-a-onzas,https://hacecuentas.com/calculadora-conversor-pies-a-pulgadas,AR,mathematics,0.00,0.00,0.20,1.00,1.00,DATA_MISSING,MANUAL_REVIEW,alta similitud (formula=1.00 input=1.00) pero sin evidencia de merge — revisar a mano
https://hacecuentas.com/calculadora-conversor-gramos-a-onzas,https://hacecuentas.com/calculadora-conversor-pulgadas-cuadradas-a-centimetros-cuadrados,AR,mathematics,0.00,0.00,0.14,1.00,1.00,DATA_MISSING,MANUAL_REVIEW,alta similitud (formula=1.00 input=1.00) pero sin evidencia de merge — revisar a mano
https://hacecuentas.com/calculadora-conversor-gramos-a-onzas,https://hacecuentas.com/calculadora-conversor-radianes-a-grados,AR,mathematics,0.29,0.20,0.20,1.00,1.00,DATA_MISSING,MANUAL_REVIEW,alta similitud (formula=1.00 input=1.00) pero sin evidencia de merge — revisar a mano
https://hacecuentas.com/calculadora-conversor-gramos-a-onzas,https://hacecuentas.com/calculadora-conversor-semanas-a-dias,AR,mathematics,0.29,0.17,0.20,1.00,1.00,DATA_MISSING,MANUAL_REVIEW,alta similitud (formula=1.00 input=1.00) pero sin evidencia de merge — revisar a mano
https://hacecuentas.com/calculadora-conversor-gramos-a-onzas,https://hacecuentas.com/calculadora-conversor-toneladas-cortas-a-toneladas-metricas,AR,mathematics,0.25,0.17,0.17,1.00,1.00,DATA_MISSING,MANUAL_REVIEW,alta similitud (formula=1.00 input=1.00) pero sin evidencia de merge — revisar a mano
https://hacecuentas.com/calculadora-conversor-gramos-a-onzas,https://hacecuentas.com/calculadora-conversor-varas-a-metros,AR,mathematics,0.29,0.20,0.20,1.00,1.00,DATA_MISSING,MANUAL_REVIEW,alta similitud (formula=1.00 input=1.00) pero sin evidencia de merge — revisar a mano
https://hacecuentas.com/calculadora-conversor-hectareas-a-metros-cuadrados,https://hacecuentas.com/calculadora-conversor-horas-a-minutos,AR,mathematics,0.00,0.00,0.17,1.00,1.00,DATA_MISSING,MANUAL_REVIEW,alta similitud (formula=1.00 input=1.00) pero sin evidencia de merge — revisar a mano
https://hacecuentas.com/calculadora-conversor-hectareas-a-metros-cuadrados,https://hacecuentas.com/calculadora-conversor-meses-a-semanas,AR,mathematics,0.00,0.00,0.17,1.00,1.00,DATA_MISSING,MANUAL_REVIEW,alta similitud (formula=1.00 input=1.00) pero sin evidencia de merge — revisar a mano
https://hacecuentas.com/calculadora-conversor-hectareas-a-metros-cuadrados,https://hacecuentas.com/calculadora-conversor-milimetros-a-pulgadas,AR,mathematics,0.00,0.00,0.17,1.00,1.00,DATA_MISSING,MANUAL_REVIEW,alta similitud (formula=1.00 input=1.00) pero sin evidencia de merge — revisar a mano
https://hacecuentas.com/calculadora-conversor-hectareas-a-metros-cuadrados,https://hacecuentas.com/calculadora-conversor-pies-a-metros,AR,mathematics,0.43,0.40,0.40,1.00,1.00,DATA_MISSING,MANUAL_REVIEW,alta similitud (formula=1.00 input=1.00) pero sin evidencia de merge — revisar a mano
https://hacecuentas.com/calculadora-conversor-hectareas-a-metros-cuadrados,https://hacecuentas.com/calculadora-conversor-pies-a-pulgadas,AR,mathematics,0.25,0.17,0.17,1.00,1.00,DATA_MISSING,MANUAL_REVIEW,alta similitud (formula=1.00 input=1.00) pero sin evidencia de merge — revisar a mano
https://hacecuentas.com/calculadora-conversor-hectareas-a-metros-cuadrados,https://hacecuentas.com/calculadora-conversor-pulgadas-cuadradas-a-centimetros-cuadrados,AR,mathematics,0.13,0.29,0.29,1.00,1.00,DATA_MISSING,MANUAL_REVIEW,alta similitud (formula=1.00 input=1.00) pero sin evidencia de merge — revisar a mano
https://hacecuentas.com/calculadora-conversor-hectareas-a-metros-cuadrados,https://hacecuentas.com/calculadora-conversor-radianes-a-grados,AR,mathematics,0.00,0.00,0.17,1.00,1.00,DATA_MISSING,MANUAL_REVIEW,alta similitud (formula=1.00 input=1.00) pero sin evidencia de merge — revisar a mano
https://hacecuentas.com/calculadora-conversor-hectareas-a-metros-cuadrados,https://hacecuentas.com/calculadora-conversor-semanas-a-dias,AR,mathematics,0.00,0.00,0.17,1.00,1.00,DATA_MISSING,MANUAL_REVIEW,alta similitud (formula=1.00 input=1.00) pero sin evidencia de merge — revisar a mano
https://hacecuentas.com/calculadora-conversor-hectareas-a-metros-cuadrados,https://hacecuentas.com/calculadora-conversor-toneladas-cortas-a-toneladas-metricas,AR,mathematics,0.00,0.00,0.14,1.00,1.00,DATA_MISSING,MANUAL_REVIEW,alta similitud (formula=1.00 input=1.00) pero sin evidencia de merge — revisar a mano
https://hacecuentas.com/calculadora-conversor-hectareas-a-metros-cuadrados,https://hacecuentas.com/calculadora-conversor-varas-a-metros,AR,mathematics,0.13,0.17,0.40,1.00,1.00,DATA_MISSING,MANUAL_REVIEW,alta similitud (formula=1.00 input=1.00) pero sin evidencia de merge — revisar a mano
https://hacecuentas.com/calculadora-conversor-horas-a-minutos,https://hacecuentas.com/calculadora-conversor-meses-a-semanas,AR,mathematics,0.33,0.20,0.20,1.00,1.00,DATA_MISSING,MANUAL_REVIEW,alta similitud (formula=1.00 input=1.00) pero sin evidencia de merge — revisar a mano
https://hacecuentas.com/calculadora-conversor-horas-a-minutos,https://hacecuentas.com/calculadora-conversor-milimetros-a-pulgadas,AR,mathematics,0.29,0.20,0.20,1.00,1.00,DATA_MISSING,MANUAL_REVIEW,alta similitud (formula=1.00 input=1.00) pero sin evidencia de merge — revisar a mano
https://hacecuentas.com/calculadora-conversor-horas-a-minutos,https://hacecuentas.com/calculadora-conversor-pies-a-metros,AR,mathematics,0.00,0.00,0.20,1.00,1.00,DATA_MISSING,MANUAL_REVIEW,alta similitud (formula=1.00 input=1.00) pero sin evidencia de merge — revisar a mano
https://hacecuentas.com/calculadora-conversor-horas-a-minutos,https://hacecuentas.com/calculadora-conversor-pies-a-pulgadas,AR,mathematics,0.00,0.00,0.20,1.00,1.00,DATA_MISSING,MANUAL_REVIEW,alta similitud (formula=1.00 input=1.00) pero sin evidencia de merge — revisar a mano
https://hacecuentas.com/calculadora-conversor-horas-a-minutos,https://hacecuentas.com/calculadora-conversor-pulgadas-cuadradas-a-centimetros-cuadrados,AR,mathematics,0.00,0.00,0.14,1.00,1.00,DATA_MISSING,MANUAL_REVIEW,alta similitud (formula=1.00 input=1.00) pero sin evidencia de merge — revisar a mano
https://hacecuentas.com/calculadora-conversor-horas-a-minutos,https://hacecuentas.com/calculadora-conversor-radianes-a-grados,AR,mathematics,0.33,0.20,0.20,1.00,1.00,DATA_MISSING,MANUAL_REVIEW,alta similitud (formula=1.00 input=1.00) pero sin evidencia de merge — revisar a mano
https://hacecuentas.com/calculadora-conversor-horas-a-minutos,https://hacecuentas.com/calculadora-conversor-semanas-a-dias,AR,mathematics,0.33,0.17,0.20,1.00,1.00,DATA_MISSING,MANUAL_REVIEW,alta similitud (formula=1.00 input=1.00) pero sin evidencia de merge — revisar a mano
https://hacecuentas.com/calculadora-conversor-horas-a-minutos,https://hacecuentas.com/calculadora-conversor-toneladas-cortas-a-toneladas-metricas,AR,mathematics,0.29,0.17,0.17,1.00,1.00,DATA_MISSING,MANUAL_REVIEW,alta similitud (formula=1.00 input=1.00) pero sin evidencia de merge — revisar a mano
https://hacecuentas.com/calculadora-conversor-horas-a-minutos,https://hacecuentas.com/calculadora-conversor-varas-a-metros,AR,mathematics,0.33,0.20,0.20,1.00,1.00,DATA_MISSING,MANUAL_REVIEW,alta similitud (formula=1.00 input=1.00) pero sin evidencia de merge — revisar a mano
https://hacecuentas.com/calculadora-conversor-meses-a-semanas,https://hacecuentas.com/calculadora-conversor-milimetros-a-pulgadas,AR,mathematics,0.29,0.20,0.20,1.00,1.00,DATA_MISSING,MANUAL_REVIEW,alta similitud (formula=1.00 input=1.00) pero sin evidencia de merge — revisar a mano
https://hacecuentas.com/calculadora-conversor-meses-a-semanas,https://hacecuentas.com/calculadora-conversor-pies-a-metros,AR,mathematics,0.00,0.00,0.20,1.00,1.00,DATA_MISSING,MANUAL_REVIEW,alta similitud (formula=1.00 input=1.00) pero sin evidencia de merge — revisar a mano
https://hacecuentas.com/calculadora-conversor-meses-a-semanas,https://hacecuentas.com/calculadora-conversor-pies-a-pulgadas,AR,mathematics,0.00,0.00,0.20,1.00,1.00,DATA_MISSING,MANUAL_REVIEW,alta similitud (formula=1.00 input=1.00) pero sin evidencia de merge — revisar a mano
https://hacecuentas.com/calculadora-conversor-meses-a-semanas,https://hacecuentas.com/calculadora-conversor-pulgadas-cuadradas-a-centimetros-cuadrados,AR,mathematics,0.00,0.00,0.14,1.00,1.00,DATA_MISSING,MANUAL_REVIEW,alta similitud (formula=1.00 input=1.00) pero sin evidencia de merge — revisar a mano
https://hacecuentas.com/calculadora-conversor-meses-a-semanas,https://hacecuentas.com/calculadora-conversor-radianes-a-grados,AR,mathematics,0.33,0.20,0.20,1.00,1.00,DATA_MISSING,MANUAL_REVIEW,alta similitud (formula=1.00 input=1.00) pero sin evidencia de merge — revisar a mano
https://hacecuentas.com/calculadora-conversor-meses-a-semanas,https://hacecuentas.com/calculadora-conversor-semanas-a-dias,AR,mathematics,0.60,0.40,0.50,1.00,1.00,DATA_MISSING,DIFFERENTIATE,"fórmula parecida pero difieren en régimen/bruto-neto/período/rol → diferenciar, NO redirigir"
https://hacecuentas.com/calculadora-conversor-meses-a-semanas,https://hacecuentas.com/calculadora-conversor-toneladas-cortas-a-toneladas-metricas,AR,mathematics,0.29,0.17,0.17,1.00,1.00,DATA_MISSING,MANUAL_REVIEW,alta similitud (formula=1.00 input=1.00) pero sin evidencia de merge — revisar a mano
https://hacecuentas.com/calculadora-conversor-meses-a-semanas,https://hacecuentas.com/calculadora-conversor-varas-a-metros,AR,mathematics,0.33,0.20,0.20,1.00,1.00,DATA_MISSING,MANUAL_REVIEW,alta similitud (formula=1.00 input=1.00) pero sin evidencia de merge — revisar a mano
https://hacecuentas.com/calculadora-conversor-milimetros-a-pulgadas,https://hacecuentas.com/calculadora-conversor-pies-a-metros,AR,mathematics,0.00,0.00,0.20,1.00,1.00,DATA_MISSING,MANUAL_REVIEW,alta similitud (formula=1.00 input=1.00) pero sin evidencia de merge — revisar a mano
https://hacecuentas.com/calculadora-conversor-milimetros-a-pulgadas,https://hacecuentas.com/calculadora-conversor-pies-a-pulgadas,AR,mathematics,0.11,0.20,0.50,1.00,1.00,DATA_MISSING,DIFFERENTIATE,"fórmula parecida pero difieren en régimen/bruto-neto/período/rol → diferenciar, NO redirigir"
https://hacecuentas.com/calculadora-conversor-milimetros-a-pulgadas,https://hacecuentas.com/calculadora-conversor-pulgadas-cuadradas-a-centimetros-cuadrados,AR,mathematics,0.13,0.14,0.33,1.00,1.00,DATA_MISSING,MANUAL_REVIEW,alta similitud (formula=1.00 input=1.00) pero sin evidencia de merge — revisar a mano
https://hacecuentas.com/calculadora-conversor-milimetros-a-pulgadas,https://hacecuentas.com/calculadora-conversor-radianes-a-grados,AR,mathematics,0.29,0.20,0.20,1.00,1.00,DATA_MISSING,MANUAL_REVIEW,alta similitud (formula=1.00 input=1.00) pero sin evidencia de merge — revisar a mano
https://hacecuentas.com/calculadora-conversor-milimetros-a-pulgadas,https://hacecuentas.com/calculadora-conversor-semanas-a-dias,AR,mathematics,0.29,0.17,0.20,1.00,1.00,DATA_MISSING,MANUAL_REVIEW,alta similitud (formula=1.00 input=1.00) pero sin evidencia de merge — revisar a mano
https://hacecuentas.com/calculadora-conversor-milimetros-a-pulgadas,https://hacecuentas.com/calculadora-conversor-toneladas-cortas-a-toneladas-metricas,AR,mathematics,0.25,0.17,0.17,1.00,1.00,DATA_MISSING,MANUAL_REVIEW,alta similitud (formula=1.00 input=1.00) pero sin evidencia de merge — revisar a mano
https://hacecuentas.com/calculadora-conversor-milimetros-a-pulgadas,https://hacecuentas.com/calculadora-conversor-varas-a-metros,AR,mathematics,0.29,0.20,0.20,1.00,1.00,DATA_MISSING,MANUAL_REVIEW,alta similitud (formula=1.00 input=1.00) pero sin evidencia de merge — revisar a mano
https://hacecuentas.com/calculadora-conversor-pies-a-metros,https://hacecuentas.com/calculadora-conversor-pies-a-pulgadas,AR,mathematics,0.67,0.50,0.50,1.00,1.00,DATA_MISSING,DIFFERENTIATE,"fórmula parecida pero difieren en régimen/bruto-neto/período/rol → diferenciar, NO redirigir"
https://hacecuentas.com/calculadora-conversor-pies-a-metros,https://hacecuentas.com/calculadora-conversor-pulgadas-cuadradas-a-centimetros-cuadrados,AR,mathematics,0.13,0.14,0.14,1.00,1.00,DATA_MISSING,MANUAL_REVIEW,alta similitud (formula=1.00 input=1.00) pero sin evidencia de merge — revisar a mano
https://hacecuentas.com/calculadora-conversor-pies-a-metros,https://hacecuentas.com/calculadora-conversor-radianes-a-grados,AR,mathematics,0.00,0.00,0.20,1.00,1.00,DATA_MISSING,MANUAL_REVIEW,alta similitud (formula=1.00 input=1.00) pero sin evidencia de merge — revisar a mano
https://hacecuentas.com/calculadora-conversor-pies-a-metros,https://hacecuentas.com/calculadora-conversor-semanas-a-dias,AR,mathematics,0.00,0.00,0.20,1.00,1.00,DATA_MISSING,MANUAL_REVIEW,alta similitud (formula=1.00 input=1.00) pero sin evidencia de merge — revisar a mano
https://hacecuentas.com/calculadora-conversor-pies-a-metros,https://hacecuentas.com/calculadora-conversor-toneladas-cortas-a-toneladas-metricas,AR,mathematics,0.00,0.00,0.17,1.00,1.00,DATA_MISSING,MANUAL_REVIEW,alta similitud (formula=1.00 input=1.00) pero sin evidencia de merge — revisar a mano
https://hacecuentas.com/calculadora-conversor-pies-a-metros,https://hacecuentas.com/calculadora-conversor-varas-a-metros,AR,mathematics,0.13,0.20,0.50,1.00,1.00,DATA_MISSING,DIFFERENTIATE,"fórmula parecida pero difieren en régimen/bruto-neto/período/rol → diferenciar, NO redirigir"
https://hacecuentas.com/calculadora-conversor-pies-a-pulgadas,https://hacecuentas.com/calculadora-conversor-pulgadas-cuadradas-a-centimetros-cuadrados,AR,mathematics,0.29,0.33,0.33,1.00,1.00,DATA_MISSING,MANUAL_REVIEW,alta similitud (formula=1.00 input=1.00) pero sin evidencia de merge — revisar a mano
https://hacecuentas.com/calculadora-conversor-pies-a-pulgadas,https://hacecuentas.com/calculadora-conversor-radianes-a-grados,AR,mathematics,0.00,0.00,0.20,1.00,1.00,DATA_MISSING,MANUAL_REVIEW,alta similitud (formula=1.00 input=1.00) pero sin evidencia de merge — revisar a mano
https://hacecuentas.com/calculadora-conversor-pies-a-pulgadas,https://hacecuentas.com/calculadora-conversor-semanas-a-dias,AR,mathematics,0.00,0.00,0.20,1.00,1.00,DATA_MISSING,MANUAL_REVIEW,alta similitud (formula=1.00 input=1.00) pero sin evidencia de merge — revisar a mano
https://hacecuentas.com/calculadora-conversor-pies-a-pulgadas,https://hacecuentas.com/calculadora-conversor-toneladas-cortas-a-toneladas-metricas,AR,mathematics,0.00,0.00,0.17,1.00,1.00,DATA_MISSING,MANUAL_REVIEW,alta similitud (formula=1.00 input=1.00) pero sin evidencia de merge — revisar a mano
https://hacecuentas.com/calculadora-conversor-pies-a-pulgadas,https://hacecuentas.com/calculadora-conversor-varas-a-metros,AR,mathematics,0.00,0.00,0.20,1.00,1.00,DATA_MISSING,MANUAL_REVIEW,alta similitud (formula=1.00 input=1.00) pero sin evidencia de merge — revisar a mano
https://hacecuentas.com/calculadora-conversor-pulgadas-cuadradas-a-centimetros-cuadrados,https://hacecuentas.com/calculadora-conversor-radianes-a-grados,AR,mathematics,0.00,0.00,0.14,1.00,1.00,DATA_MISSING,MANUAL_REVIEW,alta similitud (formula=1.00 input=1.00) pero sin evidencia de merge — revisar a mano
https://hacecuentas.com/calculadora-conversor-pulgadas-cuadradas-a-centimetros-cuadrados,https://hacecuentas.com/calculadora-conversor-semanas-a-dias,AR,mathematics,0.00,0.00,0.14,1.00,1.00,DATA_MISSING,MANUAL_REVIEW,alta similitud (formula=1.00 input=1.00) pero sin evidencia de merge — revisar a mano
https://hacecuentas.com/calculadora-conversor-pulgadas-cuadradas-a-centimetros-cuadrados,https://hacecuentas.com/calculadora-conversor-toneladas-cortas-a-toneladas-metricas,AR,mathematics,0.00,0.00,0.13,1.00,1.00,DATA_MISSING,MANUAL_REVIEW,alta similitud (formula=1.00 input=1.00) pero sin evidencia de merge — revisar a mano
https://hacecuentas.com/calculadora-conversor-pulgadas-cuadradas-a-centimetros-cuadrados,https://hacecuentas.com/calculadora-conversor-varas-a-metros,AR,mathematics,0.00,0.00,0.14,1.00,1.00,DATA_MISSING,MANUAL_REVIEW,alta similitud (formula=1.00 input=1.00) pero sin evidencia de merge — revisar a mano
https://hacecuentas.com/calculadora-conversor-radianes-a-grados,https://hacecuentas.com/calculadora-conversor-semanas-a-dias,AR,mathematics,0.33,0.17,0.20,1.00,1.00,DATA_MISSING,MANUAL_REVIEW,alta similitud (formula=1.00 input=1.00) pero sin evidencia de merge — revisar a mano
https://hacecuentas.com/calculadora-conversor-radianes-a-grados,https://hacecuentas.com/calculadora-conversor-toneladas-cortas-a-toneladas-metricas,AR,mathematics,0.29,0.17,0.17,1.00,1.00,DATA_MISSING,MANUAL_REVIEW,alta similitud (formula=1.00 input=1.00) pero sin evidencia de merge — revisar a mano
https://hacecuentas.com/calculadora-conversor-radianes-a-grados,https://hacecuentas.com/calculadora-conversor-varas-a-metros,AR,mathematics,0.33,0.20,0.20,1.00,1.00,DATA_MISSING,MANUAL_REVIEW,alta similitud (formula=1.00 input=1.00) pero sin evidencia de merge — revisar a mano
https://hacecuentas.com/calculadora-conversor-semanas-a-dias,https://hacecuentas.com/calculadora-conversor-toneladas-cortas-a-toneladas-metricas,AR,mathematics,0.29,0.14,0.17,1.00,1.00,DATA_MISSING,MANUAL_REVIEW,alta similitud (formula=1.00 input=1.00) pero sin evidencia de merge — revisar a mano
https://hacecuentas.com/calculadora-conversor-semanas-a-dias,https://hacecuentas.com/calculadora-conversor-varas-a-metros,AR,mathematics,0.33,0.17,0.20,1.00,1.00,DATA_MISSING,MANUAL_REVIEW,alta similitud (formula=1.00 input=1.00) pero sin evidencia de merge — revisar a mano
https://hacecuentas.com/calculadora-conversor-toneladas-cortas-a-toneladas-metricas,https://hacecuentas.com/calculadora-conversor-varas-a-metros,AR,mathematics,0.29,0.17,0.17,1.00,1.00,DATA_MISSING,MANUAL_REVIEW,alta similitud (formula=1.00 input=1.00) pero sin evidencia de merge — revisar a mano
https://hacecuentas.com/calculadora-correlacion-pearson,https://hacecuentas.com/calculadora-regresion-lineal-simple,AR,mathematics,0.08,0.08,0.00,1.00,1.00,DATA_MISSING,MANUAL_REVIEW,alta similitud (formula=1.00 input=1.00) pero sin evidencia de merge — revisar a mano
https://hacecuentas.com/calculadora-costo-hora-consultor-marketing,https://hacecuentas.com/calculadora-costo-hora-desarrollador-senior,AR,business,0.33,0.25,0.33,1.00,1.00,DATA_MISSING,MANUAL_REVIEW,alta similitud (formula=1.00 input=1.00) pero sin evidencia de merge — revisar a mano
https://hacecuentas.com/calculadora-costo-hora-consultor-marketing,https://hacecuentas.com/calculadora-costo-hora-disenador-grafico,AR,business,0.38,0.25,0.33,1.00,1.00,DATA_MISSING,MANUAL_REVIEW,alta similitud (formula=1.00 input=1.00) pero sin evidencia de merge — revisar a mano
https://hacecuentas.com/calculadora-costo-hora-consultor-marketing,https://hacecuentas.com/calculadora-costo-hora-ilustrador-digital,AR,business,0.50,0.22,0.33,1.00,1.00,DATA_MISSING,MANUAL_REVIEW,alta similitud (formula=1.00 input=1.00) pero sin evidencia de merge — revisar a mano
https://hacecuentas.com/calculadora-costo-hora-consultor-marketing,https://hacecuentas.com/calculadora-costo-hora-redactor-copywriter,AR,business,0.22,0.43,0.33,1.00,1.00,DATA_MISSING,MANUAL_REVIEW,alta similitud (formula=1.00 input=1.00) pero sin evidencia de merge — revisar a mano
https://hacecuentas.com/calculadora-costo-hora-desarrollador-senior,https://hacecuentas.com/calculadora-costo-hora-disenador-grafico,AR,business,0.38,0.43,0.33,1.00,1.00,DATA_MISSING,MANUAL_REVIEW,alta similitud (formula=1.00 input=1.00) pero sin evidencia de merge — revisar a mano
https://hacecuentas.com/calculadora-costo-hora-desarrollador-senior,https://hacecuentas.com/calculadora-costo-hora-ilustrador-digital,AR,business,0.33,0.22,0.33,1.00,1.00,DATA_MISSING,MANUAL_REVIEW,alta similitud (formula=1.00 input=1.00) pero sin evidencia de merge — revisar a mano
https://hacecuentas.com/calculadora-costo-hora-desarrollador-senior,https://hacecuentas.com/calculadora-costo-hora-redactor-copywriter,AR,business,0.22,0.25,0.33,1.00,1.00,DATA_MISSING,MANUAL_REVIEW,alta similitud (formula=1.00 input=1.00) pero sin evidencia de merge — revisar a mano
https://hacecuentas.com/calculadora-costo-hora-disenador-grafico,https://hacecuentas.com/calculadora-costo-hora-ilustrador-digital,AR,business,0.38,0.22,0.33,1.00,1.00,DATA_MISSING,MANUAL_REVIEW,alta similitud (formula=1.00 input=1.00) pero sin evidencia de merge — revisar a mano
https://hacecuentas.com/calculadora-costo-hora-disenador-grafico,https://hacecuentas.com/calculadora-costo-hora-redactor-copywriter,AR,business,0.25,0.25,0.33,1.00,1.00,DATA_MISSING,MANUAL_REVIEW,alta similitud (formula=1.00 input=1.00) pero sin evidencia de merge — revisar a mano
https://hacecuentas.com/calculadora-costo-hora-ilustrador-digital,https://hacecuentas.com/calculadora-costo-hora-redactor-copywriter,AR,business,0.22,0.22,0.33,1.00,1.00,DATA_MISSING,MANUAL_REVIEW,alta similitud (formula=1.00 input=1.00) pero sin evidencia de merge — revisar a mano
https://hacecuentas.com/calculadora-peso-ideal-beagle,https://hacecuentas.com/calculadora-peso-ideal-boxer,AR,pets_non_medical,0.30,0.60,0.50,1.00,1.00,DATA_MISSING,DIFFERENTIATE,"fórmula parecida pero difieren en régimen/bruto-neto/período/rol → diferenciar, NO redirigir"
https://hacecuentas.com/calculadora-peso-ideal-beagle,https://hacecuentas.com/calculadora-peso-ideal-bulldog-frances,AR,pets_non_medical,0.27,0.50,0.40,1.00,1.00,DATA_MISSING,MANUAL_REVIEW,alta similitud (formula=1.00 input=1.00) pero sin evidencia de merge — revisar a mano
https://hacecuentas.com/calculadora-peso-ideal-beagle,https://hacecuentas.com/calculadora-peso-ideal-bulldog-ingles,AR,pets_non_medical,0.08,0.50,0.40,1.00,1.00,DATA_MISSING,MANUAL_REVIEW,alta similitud (formula=1.00 input=1.00) pero sin evidencia de merge — revisar a mano
https://hacecuentas.com/calculadora-peso-ideal-beagle,https://hacecuentas.com/calculadora-peso-ideal-dachshund-salchicha,AR,pets_non_medical,0.27,0.60,0.40,1.00,1.00,DATA_MISSING,MANUAL_REVIEW,alta similitud (formula=1.00 input=1.00) pero sin evidencia de merge — revisar a mano
https://hacecuentas.com/calculadora-peso-ideal-beagle,https://hacecuentas.com/calculadora-peso-ideal-golden-retriever,AR,pets_non_medical,0.27,0.13,0.40,1.00,1.00,DATA_MISSING,MANUAL_REVIEW,alta similitud (formula=1.00 input=1.00) pero sin evidencia de merge — revisar a mano
https://hacecuentas.com/calculadora-peso-ideal-beagle,https://hacecuentas.com/calculadora-peso-ideal-husky-siberiano,AR,pets_non_medical,0.27,0.50,0.40,1.00,1.00,DATA_MISSING,MANUAL_REVIEW,alta similitud (formula=1.00 input=1.00) pero sin evidencia de merge — revisar a mano
https://hacecuentas.com/calculadora-peso-ideal-beagle,https://hacecuentas.com/calculadora-peso-ideal-labrador-retriever,AR,pets_non_medical,0.20,0.60,0.40,1.00,1.00,DATA_MISSING,MANUAL_REVIEW,alta similitud (formula=1.00 input=1.00) pero sin evidencia de merge — revisar a mano
https://hacecuentas.com/calculadora-peso-ideal-beagle,https://hacecuentas.com/calculadora-peso-ideal-pastor-aleman,AR,pets_non_medical,0.33,0.25,0.40,1.00,1.00,DATA_MISSING,MANUAL_REVIEW,alta similitud (formula=1.00 input=1.00) pero sin evidencia de merge — revisar a mano
https://hacecuentas.com/calculadora-peso-ideal-beagle,https://hacecuentas.com/calculadora-peso-ideal-pitbull,AR,pets_non_medical,0.18,0.60,0.50,1.00,1.00,DATA_MISSING,DIFFERENTIATE,"fórmula parecida pero difieren en régimen/bruto-neto/período/rol → diferenciar, NO redirigir"
https://hacecuentas.com/calculadora-peso-ideal-beagle,https://hacecuentas.com/calculadora-peso-ideal-rottweiler,AR,pets_non_medical,0.30,0.60,0.50,1.00,1.00,DATA_MISSING,DIFFERENTIATE,"fórmula parecida pero difieren en régimen/bruto-neto/período/rol → diferenciar, NO redirigir"
https://hacecuentas.com/calculadora-peso-ideal-beagle,https://hacecuentas.com/calculadora-peso-ideal-yorkshire-terrier,AR,pets_non_medical,0.30,0.60,0.40,1.00,1.00,DATA_MISSING,MANUAL_REVIEW,alta similitud (formula=1.00 input=1.00) pero sin evidencia de merge — revisar a mano
https://hacecuentas.com/calculadora-peso-ideal-boxer,https://hacecuentas.com/calculadora-peso-ideal-bulldog-frances,AR,pets_non_medical,0.30,0.50,0.40,1.00,1.00,DATA_MISSING,MANUAL_REVIEW,alta similitud (formula=1.00 input=1.00) pero sin evidencia de merge — revisar a mano
https://hacecuentas.com/calculadora-peso-ideal-boxer,https://hacecuentas.com/calculadora-peso-ideal-bulldog-ingles,AR,pets_non_medical,0.20,0.50,0.40,1.00,1.00,DATA_MISSING,MANUAL_REVIEW,alta similitud (formula=1.00 input=1.00) pero sin evidencia de merge — revisar a mano
https://hacecuentas.com/calculadora-peso-ideal-boxer,https://hacecuentas.com/calculadora-peso-ideal-dachshund-salchicha,AR,pets_non_medical,0.18,0.60,0.40,1.00,1.00,DATA_MISSING,MANUAL_REVIEW,alta similitud (formula=1.00 input=1.00) pero sin evidencia de merge — revisar a mano
https://hacecuentas.com/calculadora-peso-ideal-boxer,https://hacecuentas.com/calculadora-peso-ideal-golden-retriever,AR,pets_non_medical,0.08,0.13,0.40,1.00,1.00,DATA_MISSING,MANUAL_REVIEW,alta similitud (formula=1.00 input=1.00) pero sin evidencia de merge — revisar a mano
https://hacecuentas.com/calculadora-peso-ideal-boxer,https://hacecuentas.com/calculadora-peso-ideal-husky-siberiano,AR,pets_non_medical,0.30,0.50,0.40,1.00,1.00,DATA_MISSING,MANUAL_REVIEW,alta similitud (formula=1.00 input=1.00) pero sin evidencia de merge — revisar a mano
https://hacecuentas.com/calculadora-peso-ideal-boxer,https://hacecuentas.com/calculadora-peso-ideal-labrador-retriever,AR,pets_non_medical,0.22,0.60,0.40,1.00,1.00,DATA_MISSING,MANUAL_REVIEW,alta similitud (formula=1.00 input=1.00) pero sin evidencia de merge — revisar a mano
https://hacecuentas.com/calculadora-peso-ideal-boxer,https://hacecuentas.com/calculadora-peso-ideal-pastor-aleman,AR,pets_non_medical,0.00,0.25,0.40,1.00,1.00,DATA_MISSING,MANUAL_REVIEW,alta similitud (formula=1.00 input=1.00) pero sin evidencia de merge — revisar a mano
https://hacecuentas.com/calculadora-peso-ideal-boxer,https://hacecuentas.com/calculadora-peso-ideal-pitbull,AR,pets_non_medical,0.20,0.60,0.50,1.00,1.00,DATA_MISSING,DIFFERENTIATE,"fórmula parecida pero difieren en régimen/bruto-neto/período/rol → diferenciar, NO redirigir"
https://hacecuentas.com/calculadora-peso-ideal-boxer,https://hacecuentas.com/calculadora-peso-ideal-rottweiler,AR,pets_non_medical,0.20,0.60,0.50,1.00,1.00,DATA_MISSING,DIFFERENTIATE,"fórmula parecida pero difieren en régimen/bruto-neto/período/rol → diferenciar, NO redirigir"
https://hacecuentas.com/calculadora-peso-ideal-boxer,https://hacecuentas.com/calculadora-peso-ideal-yorkshire-terrier,AR,pets_non_medical,0.09,0.60,0.40,1.00,1.00,DATA_MISSING,MANUAL_REVIEW,alta similitud (formula=1.00 input=1.00) pero sin evidencia de merge — revisar a mano
https://hacecuentas.com/calculadora-peso-ideal-bulldog-frances,https://hacecuentas.com/calculadora-peso-ideal-bulldog-ingles,AR,pets_non_medical,0.44,0.67,0.60,1.00,1.00,DATA_MISSING,DIFFERENTIATE,"fórmula parecida pero difieren en régimen/bruto-neto/período/rol → diferenciar, NO redirigir"
https://hacecuentas.com/calculadora-peso-ideal-bulldog-frances,https://hacecuentas.com/calculadora-peso-ideal-dachshund-salchicha,AR,pets_non_medical,0.27,0.50,0.33,1.00,1.00,DATA_MISSING,MANUAL_REVIEW,alta similitud (formula=1.00 input=1.00) pero sin evidencia de merge — revisar a mano
https://hacecuentas.com/calculadora-peso-ideal-bulldog-frances,https://hacecuentas.com/calculadora-peso-ideal-golden-retriever,AR,pets_non_medical,0.27,0.11,0.33,1.00,1.00,DATA_MISSING,MANUAL_REVIEW,alta similitud (formula=1.00 input=1.00) pero sin evidencia de merge — revisar a mano
https://hacecuentas.com/calculadora-peso-ideal-bulldog-frances,https://hacecuentas.com/calculadora-peso-ideal-husky-siberiano,AR,pets_non_medical,0.56,0.43,0.33,1.00,1.00,DATA_MISSING,MANUAL_REVIEW,alta similitud (formula=1.00 input=1.00) pero sin evidencia de merge — revisar a mano
https://hacecuentas.com/calculadora-peso-ideal-bulldog-frances,https://hacecuentas.com/calculadora-peso-ideal-labrador-retriever,AR,pets_non_medical,0.33,0.50,0.33,1.00,1.00,DATA_MISSING,MANUAL_REVIEW,alta similitud (formula=1.00 input=1.00) pero sin evidencia de merge — revisar a mano
https://hacecuentas.com/calculadora-peso-ideal-bulldog-frances,https://hacecuentas.com/calculadora-peso-ideal-pastor-aleman,AR,pets_non_medical,0.09,0.22,0.33,1.00,1.00,DATA_MISSING,MANUAL_REVIEW,alta similitud (formula=1.00 input=1.00) pero sin evidencia de merge — revisar a mano
https://hacecuentas.com/calculadora-peso-ideal-bulldog-frances,https://hacecuentas.com/calculadora-peso-ideal-pitbull,AR,pets_non_medical,0.18,0.50,0.40,1.00,1.00,DATA_MISSING,MANUAL_REVIEW,alta similitud (formula=1.00 input=1.00) pero sin evidencia de merge — revisar a mano
https://hacecuentas.com/calculadora-peso-ideal-bulldog-frances,https://hacecuentas.com/calculadora-peso-ideal-rottweiler,AR,pets_non_medical,0.30,0.50,0.40,1.00,1.00,DATA_MISSING,MANUAL_REVIEW,alta similitud (formula=1.00 input=1.00) pero sin evidencia de merge — revisar a mano
https://hacecuentas.com/calculadora-peso-ideal-bulldog-frances,https://hacecuentas.com/calculadora-peso-ideal-yorkshire-terrier,AR,pets_non_medical,0.30,0.50,0.33,1.00,1.00,DATA_MISSING,MANUAL_REVIEW,alta similitud (formula=1.00 input=1.00) pero sin evidencia de merge — revisar a mano
https://hacecuentas.com/calculadora-peso-ideal-bulldog-ingles,https://hacecuentas.com/calculadora-peso-ideal-dachshund-salchicha,AR,pets_non_medical,0.08,0.50,0.33,1.00,1.00,DATA_MISSING,MANUAL_REVIEW,alta similitud (formula=1.00 input=1.00) pero sin evidencia de merge — revisar a mano
https://hacecuentas.com/calculadora-peso-ideal-bulldog-ingles,https://hacecuentas.com/calculadora-peso-ideal-golden-retriever,AR,pets_non_medical,0.30,0.11,0.33,1.00,1.00,DATA_MISSING,MANUAL_REVIEW,alta similitud (formula=1.00 input=1.00) pero sin evidencia de merge — revisar a mano
https://hacecuentas.com/calculadora-peso-ideal-bulldog-ingles,https://hacecuentas.com/calculadora-peso-ideal-husky-siberiano,AR,pets_non_medical,0.30,0.43,0.33,1.00,1.00,DATA_MISSING,MANUAL_REVIEW,alta similitud (formula=1.00 input=1.00) pero sin evidencia de merge — revisar a mano
https://hacecuentas.com/calculadora-peso-ideal-bulldog-ingles,https://hacecuentas.com/calculadora-peso-ideal-labrador-retriever,AR,pets_non_medical,0.38,0.50,0.33,1.00,1.00,DATA_MISSING,MANUAL_REVIEW,alta similitud (formula=1.00 input=1.00) pero sin evidencia de merge — revisar a mano
https://hacecuentas.com/calculadora-peso-ideal-bulldog-ingles,https://hacecuentas.com/calculadora-peso-ideal-pastor-aleman,AR,pets_non_medical,0.10,0.22,0.33,1.00,1.00,DATA_MISSING,MANUAL_REVIEW,alta similitud (formula=1.00 input=1.00) pero sin evidencia de merge — revisar a mano
https://hacecuentas.com/calculadora-peso-ideal-bulldog-ingles,https://hacecuentas.com/calculadora-peso-ideal-pitbull,AR,pets_non_medical,0.33,0.50,0.40,1.00,1.00,DATA_MISSING,MANUAL_REVIEW,alta similitud (formula=1.00 input=1.00) pero sin evidencia de merge — revisar a mano
https://hacecuentas.com/calculadora-peso-ideal-bulldog-ingles,https://hacecuentas.com/calculadora-peso-ideal-rottweiler,AR,pets_non_medical,0.20,0.50,0.40,1.00,1.00,DATA_MISSING,MANUAL_REVIEW,alta similitud (formula=1.00 input=1.00) pero sin evidencia de merge — revisar a mano
https://hacecuentas.com/calculadora-peso-ideal-bulldog-ingles,https://hacecuentas.com/calculadora-peso-ideal-yorkshire-terrier,AR,pets_non_medical,0.33,0.50,0.33,1.00,1.00,DATA_MISSING,MANUAL_REVIEW,alta similitud (formula=1.00 input=1.00) pero sin evidencia de merge — revisar a mano
https://hacecuentas.com/calculadora-peso-ideal-dachshund-salchicha,https://hacecuentas.com/calculadora-peso-ideal-golden-retriever,AR,pets_non_medical,0.08,0.13,0.33,1.00,1.00,DATA_MISSING,MANUAL_REVIEW,alta similitud (formula=1.00 input=1.00) pero sin evidencia de merge — revisar a mano
https://hacecuentas.com/calculadora-peso-ideal-dachshund-salchicha,https://hacecuentas.com/calculadora-peso-ideal-husky-siberiano,AR,pets_non_medical,0.27,0.50,0.33,1.00,1.00,DATA_MISSING,MANUAL_REVIEW,alta similitud (formula=1.00 input=1.00) pero sin evidencia de merge — revisar a mano
https://hacecuentas.com/calculadora-peso-ideal-dachshund-salchicha,https://hacecuentas.com/calculadora-peso-ideal-labrador-retriever,AR,pets_non_medical,0.20,0.60,0.33,1.00,1.00,DATA_MISSING,MANUAL_REVIEW,alta similitud (formula=1.00 input=1.00) pero sin evidencia de merge — revisar a mano
https://hacecuentas.com/calculadora-peso-ideal-dachshund-salchicha,https://hacecuentas.com/calculadora-peso-ideal-pastor-aleman,AR,pets_non_medical,0.09,0.25,0.33,1.00,1.00,DATA_MISSING,MANUAL_REVIEW,alta similitud (formula=1.00 input=1.00) pero sin evidencia de merge — revisar a mano
https://hacecuentas.com/calculadora-peso-ideal-dachshund-salchicha,https://hacecuentas.com/calculadora-peso-ideal-pitbull,AR,pets_non_medical,0.08,0.60,0.40,1.00,1.00,DATA_MISSING,MANUAL_REVIEW,alta similitud (formula=1.00 input=1.00) pero sin evidencia de merge — revisar a mano
https://hacecuentas.com/calculadora-peso-ideal-dachshund-salchicha,https://hacecuentas.com/calculadora-peso-ideal-rottweiler,AR,pets_non_medical,0.18,0.60,0.40,1.00,1.00,DATA_MISSING,MANUAL_REVIEW,alta similitud (formula=1.00 input=1.00) pero sin evidencia de merge — revisar a mano
https://hacecuentas.com/calculadora-peso-ideal-dachshund-salchicha,https://hacecuentas.com/calculadora-peso-ideal-yorkshire-terrier,AR,pets_non_medical,0.08,0.60,0.33,1.00,1.00,DATA_MISSING,MANUAL_REVIEW,alta similitud (formula=1.00 input=1.00) pero sin evidencia de merge — revisar a mano
https://hacecuentas.com/calculadora-peso-ideal-golden-retriever,https://hacecuentas.com/calculadora-peso-ideal-husky-siberiano,AR,pets_non_medical,0.27,0.11,0.33,1.00,1.00,DATA_MISSING,MANUAL_REVIEW,alta similitud (formula=1.00 input=1.00) pero sin evidencia de merge — revisar a mano
https://hacecuentas.com/calculadora-peso-ideal-golden-retriever,https://hacecuentas.com/calculadora-peso-ideal-labrador-retriever,AR,pets_non_medical,0.20,0.13,0.60,1.00,1.00,DATA_MISSING,DIFFERENTIATE,"fórmula parecida pero difieren en régimen/bruto-neto/período/rol → diferenciar, NO redirigir"
https://hacecuentas.com/calculadora-peso-ideal-golden-retriever,https://hacecuentas.com/calculadora-peso-ideal-pastor-aleman,AR,pets_non_medical,0.33,0.22,0.33,1.00,1.00,DATA_MISSING,MANUAL_REVIEW,alta similitud (formula=1.00 input=1.00) pero sin evidencia de merge — revisar a mano
https://hacecuentas.com/calculadora-peso-ideal-golden-retriever,https://hacecuentas.com/calculadora-peso-ideal-pitbull,AR,pets_non_medical,0.18,0.13,0.40,1.00,1.00,DATA_MISSING,MANUAL_REVIEW,alta similitud (formula=1.00 input=1.00) pero sin evidencia de merge — revisar a mano
https://hacecuentas.com/calculadora-peso-ideal-golden-retriever,https://hacecuentas.com/calculadora-peso-ideal-rottweiler,AR,pets_non_medical,0.18,0.13,0.40,1.00,1.00,DATA_MISSING,MANUAL_REVIEW,alta similitud (formula=1.00 input=1.00) pero sin evidencia de merge — revisar a mano
https://hacecuentas.com/calculadora-peso-ideal-golden-retriever,https://hacecuentas.com/calculadora-peso-ideal-yorkshire-terrier,AR,pets_non_medical,0.63,0.13,0.33,1.00,1.00,DATA_MISSING,MANUAL_REVIEW,alta similitud (formula=1.00 input=1.00) pero sin evidencia de merge — revisar a mano
https://hacecuentas.com/calculadora-peso-ideal-husky-siberiano,https://hacecuentas.com/calculadora-peso-ideal-labrador-retriever,AR,pets_non_medical,0.33,0.50,0.33,1.00,1.00,DATA_MISSING,MANUAL_REVIEW,alta similitud (formula=1.00 input=1.00) pero sin evidencia de merge — revisar a mano
https://hacecuentas.com/calculadora-peso-ideal-husky-siberiano,https://hacecuentas.com/calculadora-peso-ideal-pastor-aleman,AR,pets_non_medical,0.09,0.22,0.33,1.00,1.00,DATA_MISSING,MANUAL_REVIEW,alta similitud (formula=1.00 input=1.00) pero sin evidencia de merge — revisar a mano
https://hacecuentas.com/calculadora-peso-ideal-husky-siberiano,https://hacecuentas.com/calculadora-peso-ideal-pitbull,AR,pets_non_medical,0.18,0.50,0.40,1.00,1.00,DATA_MISSING,MANUAL_REVIEW,alta similitud (formula=1.00 input=1.00) pero sin evidencia de merge — revisar a mano
https://hacecuentas.com/calculadora-peso-ideal-husky-siberiano,https://hacecuentas.com/calculadora-peso-ideal-rottweiler,AR,pets_non_medical,0.30,0.50,0.40,1.00,1.00,DATA_MISSING,MANUAL_REVIEW,alta similitud (formula=1.00 input=1.00) pero sin evidencia de merge — revisar a mano
https://hacecuentas.com/calculadora-peso-ideal-husky-siberiano,https://hacecuentas.com/calculadora-peso-ideal-yorkshire-terrier,AR,pets_non_medical,0.30,0.50,0.33,1.00,1.00,DATA_MISSING,MANUAL_REVIEW,alta similitud (formula=1.00 input=1.00) pero sin evidencia de merge — revisar a mano
https://hacecuentas.com/calculadora-peso-ideal-labrador-retriever,https://hacecuentas.com/calculadora-peso-ideal-pastor-aleman,AR,pets_non_medical,0.11,0.25,0.33,1.00,1.00,DATA_MISSING,MANUAL_REVIEW,alta similitud (formula=1.00 input=1.00) pero sin evidencia de merge — revisar a mano
https://hacecuentas.com/calculadora-peso-ideal-labrador-retriever,https://hacecuentas.com/calculadora-peso-ideal-pitbull,AR,pets_non_medical,0.38,0.60,0.40,1.00,1.00,DATA_MISSING,MANUAL_REVIEW,alta similitud (formula=1.00 input=1.00) pero sin evidencia de merge — revisar a mano
https://hacecuentas.com/calculadora-peso-ideal-labrador-retriever,https://hacecuentas.com/calculadora-peso-ideal-rottweiler,AR,pets_non_medical,0.38,0.60,0.40,1.00,1.00,DATA_MISSING,MANUAL_REVIEW,alta similitud (formula=1.00 input=1.00) pero sin evidencia de merge — revisar a mano
https://hacecuentas.com/calculadora-peso-ideal-labrador-retriever,https://hacecuentas.com/calculadora-peso-ideal-yorkshire-terrier,AR,pets_non_medical,0.22,0.60,0.33,1.00,1.00,DATA_MISSING,MANUAL_REVIEW,alta similitud (formula=1.00 input=1.00) pero sin evidencia de merge — revisar a mano
https://hacecuentas.com/calculadora-peso-ideal-pastor-aleman,https://hacecuentas.com/calculadora-peso-ideal-pitbull,AR,pets_non_medical,0.10,0.25,0.40,1.00,1.00,DATA_MISSING,MANUAL_REVIEW,alta similitud (formula=1.00 input=1.00) pero sin evidencia de merge — revisar a mano
https://hacecuentas.com/calculadora-peso-ideal-pastor-aleman,https://hacecuentas.com/calculadora-peso-ideal-rottweiler,AR,pets_non_medical,0.10,0.25,0.40,1.00,1.00,DATA_MISSING,MANUAL_REVIEW,alta similitud (formula=1.00 input=1.00) pero sin evidencia de merge — revisar a mano
https://hacecuentas.com/calculadora-peso-ideal-pastor-aleman,https://hacecuentas.com/calculadora-peso-ideal-yorkshire-terrier,AR,pets_non_medical,0.38,0.25,0.33,1.00,1.00,DATA_MISSING,MANUAL_REVIEW,alta similitud (formula=1.00 input=1.00) pero sin evidencia de merge — revisar a mano
https://hacecuentas.com/calculadora-peso-ideal-pitbull,https://hacecuentas.com/calculadora-peso-ideal-rottweiler,AR,pets_non_medical,0.50,0.60,0.50,1.00,1.00,DATA_MISSING,DIFFERENTIATE,"fórmula parecida pero difieren en régimen/bruto-neto/período/rol → diferenciar, NO redirigir"
https://hacecuentas.com/calculadora-peso-ideal-pitbull,https://hacecuentas.com/calculadora-peso-ideal-yorkshire-terrier,AR,pets_non_medical,0.20,0.60,0.40,1.00,1.00,DATA_MISSING,MANUAL_REVIEW,alta similitud (formula=1.00 input=1.00) pero sin evidencia de merge — revisar a mano
https://hacecuentas.com/calculadora-peso-ideal-rottweiler,https://hacecuentas.com/calculadora-peso-ideal-yorkshire-terrier,AR,pets_non_medical,0.20,0.60,0.40,1.00,1.00,DATA_MISSING,MANUAL_REVIEW,alta similitud (formula=1.00 input=1.00) pero sin evidencia de merge — revisar a mano
https://hacecuentas.com/ve/cuanto-es-bolivares-en-dolares,https://hacecuentas.com/ve/cuanto-es-dolares-en-bolivares,VE,taxes,0.86,1.00,1.00,1.00,1.00,DATA_MISSING,DIFFERENTIATE,"fórmula parecida pero difieren en régimen/bruto-neto/período/rol → diferenciar, NO redirigir"
https://hacecuentas.com/py/cuanto-es-en-guaranies-peso-argentino,https://hacecuentas.com/py/cuanto-es-en-guaranies-real-brasileno,PY,savings,0.44,0.44,0.33,1.00,1.00,DATA_MISSING,MANUAL_REVIEW,alta similitud (formula=1.00 input=1.00) pero sin evidencia de merge — revisar a mano
https://hacecuentas.com/en/10000-hours-mastery-gladwell,https://hacecuentas.com/en/80-20-learning-curve-hours-mastery,EN,education,0.27,0.27,0.25,1.00,1.00,DATA_MISSING,MANUAL_REVIEW,alta similitud (formula=1.00 input=1.00) pero sin evidencia de merge — revisar a mano
https://hacecuentas.com/en/10000-hours-mastery-gladwell,https://hacecuentas.com/en/anki-daily-flashcards-memorization-vocabulary,EN,education,0.06,0.07,0.00,1.00,1.00,DATA_MISSING,MANUAL_REVIEW,alta similitud (formula=1.00 input=1.00) pero sin evidencia de merge — revisar a mano
https://hacecuentas.com/en/10000-hours-mastery-gladwell,https://hacecuentas.com/en/duolingo-time-cefr-level-progress,EN,education,0.07,0.00,0.00,1.00,1.00,DATA_MISSING,MANUAL_REVIEW,alta similitud (formula=1.00 input=1.00) pero sin evidencia de merge — revisar a mano
https://hacecuentas.com/en/10000-hours-mastery-gladwell,https://hacecuentas.com/en/ebbinghaus-forgetting-curve-spaced-repetition,EN,education,0.08,0.00,0.00,1.00,1.00,DATA_MISSING,MANUAL_REVIEW,alta similitud (formula=1.00 input=1.00) pero sin evidencia de merge — revisar a mano
https://hacecuentas.com/en/10000-hours-mastery-gladwell,https://hacecuentas.com/en/english-mcer-level-hours-fsi,EN,education,0.05,0.20,0.13,1.00,1.00,DATA_MISSING,MANUAL_REVIEW,alta similitud (formula=1.00 input=1.00) pero sin evidencia de merge — revisar a mano
https://hacecuentas.com/en/10000-hours-mastery-gladwell,https://hacecuentas.com/en/exam-study-time-pages-difficulty,EN,education,0.07,0.17,0.00,1.00,1.00,DATA_MISSING,MANUAL_REVIEW,alta similitud (formula=1.00 input=1.00) pero sin evidencia de merge — revisar a mano
https://hacecuentas.com/en/10000-hours-mastery-gladwell,https://hacecuentas.com/en/flashcards-daily-goal-retention,EN,education,0.07,0.11,0.00,1.00,1.00,DATA_MISSING,MANUAL_REVIEW,alta similitud (formula=1.00 input=1.00) pero sin evidencia de merge — revisar a mano
https://hacecuentas.com/en/10000-hours-mastery-gladwell,https://hacecuentas.com/en/gpa-4-0-american-scale-calculator,EN,education,0.19,0.12,0.00,1.00,1.00,DATA_MISSING,MANUAL_REVIEW,alta similitud (formula=1.00 input=1.00) pero sin evidencia de merge — revisar a mano
https://hacecuentas.com/en/10000-hours-mastery-gladwell,https://hacecuentas.com/en/scholarship-minimum-gpa-requirement,EN,education,0.07,0.08,0.00,1.00,1.00,DATA_MISSING,MANUAL_REVIEW,alta similitud (formula=1.00 input=1.00) pero sin evidencia de merge — revisar a mano
https://hacecuentas.com/en/10000-hours-mastery-gladwell,https://hacecuentas.com/en/speed-reading-progress-improvement,EN,education,0.07,0.12,0.00,1.00,1.00,DATA_MISSING,MANUAL_REVIEW,alta similitud (formula=1.00 input=1.00) pero sin evidencia de merge — revisar a mano
https://hacecuentas.com/en/10000-hours-mastery-gladwell,https://hacecuentas.com/en/vocabulary-active-words-language-level,EN,education,0.06,0.07,0.00,1.00,1.00,DATA_MISSING,MANUAL_REVIEW,alta similitud (formula=1.00 input=1.00) pero sin evidencia de merge — revisar a mano
https://hacecuentas.com/en/10000-hours-mastery-gladwell,https://hacecuentas.com/en/weighted-average-calculator,EN,education,0.07,0.08,0.00,1.00,1.00,DATA_MISSING,MANUAL_REVIEW,alta similitud (formula=1.00 input=1.00) pero sin evidencia de merge — revisar a mano
https://hacecuentas.com/en/80-20-learning-curve-hours-mastery,https://hacecuentas.com/en/anki-daily-flashcards-memorization-vocabulary,EN,education,0.06,0.07,0.00,1.00,1.00,DATA_MISSING,MANUAL_REVIEW,alta similitud (formula=1.00 input=1.00) pero sin evidencia de merge — revisar a mano
https://hacecuentas.com/en/80-20-learning-curve-hours-mastery,https://hacecuentas.com/en/duolingo-time-cefr-level-progress,EN,education,0.08,0.00,0.00,1.00,1.00,DATA_MISSING,MANUAL_REVIEW,alta similitud (formula=1.00 input=1.00) pero sin evidencia de merge — revisar a mano
https://hacecuentas.com/en/80-20-learning-curve-hours-mastery,https://hacecuentas.com/en/ebbinghaus-forgetting-curve-spaced-repetition,EN,education,0.18,0.09,0.10,1.00,1.00,DATA_MISSING,MANUAL_REVIEW,alta similitud (formula=1.00 input=1.00) pero sin evidencia de merge — revisar a mano
https://hacecuentas.com/en/80-20-learning-curve-hours-mastery,https://hacecuentas.com/en/english-mcer-level-hours-fsi,EN,education,0.05,0.10,0.10,1.00,1.00,DATA_MISSING,MANUAL_REVIEW,alta similitud (formula=1.00 input=1.00) pero sin evidencia de merge — revisar a mano
https://hacecuentas.com/en/80-20-learning-curve-hours-mastery,https://hacecuentas.com/en/exam-study-time-pages-difficulty,EN,education,0.17,0.11,0.00,1.00,1.00,DATA_MISSING,MANUAL_REVIEW,alta similitud (formula=1.00 input=1.00) pero sin evidencia de merge — revisar a mano
https://hacecuentas.com/en/80-20-learning-curve-hours-mastery,https://hacecuentas.com/en/flashcards-daily-goal-retention,EN,education,0.08,0.06,0.00,1.00,1.00,DATA_MISSING,MANUAL_REVIEW,alta similitud (formula=1.00 input=1.00) pero sin evidencia de merge — revisar a mano
https://hacecuentas.com/en/80-20-learning-curve-hours-mastery,https://hacecuentas.com/en/gpa-4-0-american-scale-calculator,EN,education,0.13,0.13,0.00,1.00,1.00,DATA_MISSING,MANUAL_REVIEW,alta similitud (formula=1.00 input=1.00) pero sin evidencia de merge — revisar a mano
https://hacecuentas.com/en/80-20-learning-curve-hours-mastery,https://hacecuentas.com/en/scholarship-minimum-gpa-requirement,EN,education,0.08,0.08,0.00,1.00,1.00,DATA_MISSING,MANUAL_REVIEW,alta similitud (formula=1.00 input=1.00) pero sin evidencia de merge — revisar a mano
https://hacecuentas.com/en/80-20-learning-curve-hours-mastery,https://hacecuentas.com/en/speed-reading-progress-improvement,EN,education,0.08,0.06,0.00,1.00,1.00,DATA_MISSING,MANUAL_REVIEW,alta similitud (formula=1.00 input=1.00) pero sin evidencia de merge — revisar a mano
https://hacecuentas.com/en/80-20-learning-curve-hours-mastery,https://hacecuentas.com/en/vocabulary-active-words-language-level,EN,education,0.06,0.07,0.00,1.00,1.00,DATA_MISSING,MANUAL_REVIEW,alta similitud (formula=1.00 input=1.00) pero sin evidencia de merge — revisar a mano
https://hacecuentas.com/en/80-20-learning-curve-hours-mastery,https://hacecuentas.com/en/weighted-average-calculator,EN,education,0.15,0.08,0.00,1.00,1.00,DATA_MISSING,MANUAL_REVIEW,alta similitud (formula=1.00 input=1.00) pero sin evidencia de merge — revisar a mano
https://hacecuentas.com/en/anki-daily-flashcards-memorization-vocabulary,https://hacecuentas.com/en/duolingo-time-cefr-level-progress,EN,education,0.08,0.00,0.00,1.00,1.00,DATA_MISSING,MANUAL_REVIEW,alta similitud (formula=1.00 input=1.00) pero sin evidencia de merge — revisar a mano
https://hacecuentas.com/en/anki-daily-flashcards-memorization-vocabulary,https://hacecuentas.com/en/ebbinghaus-forgetting-curve-spaced-repetition,EN,education,0.08,0.00,0.00,1.00,1.00,DATA_MISSING,MANUAL_REVIEW,alta similitud (formula=1.00 input=1.00) pero sin evidencia de merge — revisar a mano
https://hacecuentas.com/en/anki-daily-flashcards-memorization-vocabulary,https://hacecuentas.com/en/english-mcer-level-hours-fsi,EN,education,0.11,0.05,0.00,1.00,1.00,DATA_MISSING,MANUAL_REVIEW,alta similitud (formula=1.00 input=1.00) pero sin evidencia de merge — revisar a mano
https://hacecuentas.com/en/anki-daily-flashcards-memorization-vocabulary,https://hacecuentas.com/en/exam-study-time-pages-difficulty,EN,education,0.08,0.06,0.00,1.00,1.00,DATA_MISSING,MANUAL_REVIEW,alta similitud (formula=1.00 input=1.00) pero sin evidencia de merge — revisar a mano
https://hacecuentas.com/en/anki-daily-flashcards-memorization-vocabulary,https://hacecuentas.com/en/flashcards-daily-goal-retention,EN,education,0.08,0.14,0.29,1.00,1.00,DATA_MISSING,MANUAL_REVIEW,alta similitud (formula=1.00 input=1.00) pero sin evidencia de merge — revisar a mano
https://hacecuentas.com/en/anki-daily-flashcards-memorization-vocabulary,https://hacecuentas.com/en/gpa-4-0-american-scale-calculator,EN,education,0.06,0.07,0.00,1.00,1.00,DATA_MISSING,MANUAL_REVIEW,alta similitud (formula=1.00 input=1.00) pero sin evidencia de merge — revisar a mano
https://hacecuentas.com/en/anki-daily-flashcards-memorization-vocabulary,https://hacecuentas.com/en/scholarship-minimum-gpa-requirement,EN,education,0.08,0.11,0.00,1.00,1.00,DATA_MISSING,MANUAL_REVIEW,alta similitud (formula=1.00 input=1.00) pero sin evidencia de merge — revisar a mano
https://hacecuentas.com/en/anki-daily-flashcards-memorization-vocabulary,https://hacecuentas.com/en/speed-reading-progress-improvement,EN,education,0.08,0.00,0.00,1.00,1.00,DATA_MISSING,MANUAL_REVIEW,alta similitud (formula=1.00 input=1.00) pero sin evidencia de merge — revisar a mano
https://hacecuentas.com/en/anki-daily-flashcards-memorization-vocabulary,https://hacecuentas.com/en/vocabulary-active-words-language-level,EN,education,0.13,0.09,0.11,1.00,1.00,DATA_MISSING,MANUAL_REVIEW,alta similitud (formula=1.00 input=1.00) pero sin evidencia de merge — revisar a mano
https://hacecuentas.com/en/anki-daily-flashcards-memorization-vocabulary,https://hacecuentas.com/en/weighted-average-calculator,EN,education,0.07,0.11,0.00,1.00,1.00,DATA_MISSING,MANUAL_REVIEW,alta similitud (formula=1.00 input=1.00) pero sin evidencia de merge — revisar a mano
https://hacecuentas.com/en/duolingo-time-cefr-level-progress,https://hacecuentas.com/en/ebbinghaus-forgetting-curve-spaced-repetition,EN,education,0.13,0.00,0.00,1.00,1.00,DATA_MISSING,MANUAL_REVIEW,alta similitud (formula=1.00 input=1.00) pero sin evidencia de merge — revisar a mano
https://hacecuentas.com/en/duolingo-time-cefr-level-progress,https://hacecuentas.com/en/english-mcer-level-hours-fsi,EN,education,0.00,0.17,0.11,1.00,1.00,DATA_MISSING,MANUAL_REVIEW,alta similitud (formula=1.00 input=1.00) pero sin evidencia de merge — revisar a mano
https://hacecuentas.com/en/duolingo-time-cefr-level-progress,https://hacecuentas.com/en/exam-study-time-pages-difficulty,EN,education,0.25,0.06,0.11,1.00,1.00,DATA_MISSING,MANUAL_REVIEW,alta similitud (formula=1.00 input=1.00) pero sin evidencia de merge — revisar a mano
https://hacecuentas.com/en/duolingo-time-cefr-level-progress,https://hacecuentas.com/en/flashcards-daily-goal-retention,EN,education,0.25,0.00,0.00,1.00,1.00,DATA_MISSING,MANUAL_REVIEW,alta similitud (formula=1.00 input=1.00) pero sin evidencia de merge — revisar a mano
https://hacecuentas.com/en/duolingo-time-cefr-level-progress,https://hacecuentas.com/en/gpa-4-0-american-scale-calculator,EN,education,0.08,0.00,0.00,1.00,1.00,DATA_MISSING,MANUAL_REVIEW,alta similitud (formula=1.00 input=1.00) pero sin evidencia de merge — revisar a mano
https://hacecuentas.com/en/duolingo-time-cefr-level-progress,https://hacecuentas.com/en/scholarship-minimum-gpa-requirement,EN,education,0.11,0.00,0.00,1.00,1.00,DATA_MISSING,MANUAL_REVIEW,alta similitud (formula=1.00 input=1.00) pero sin evidencia de merge — revisar a mano
https://hacecuentas.com/en/duolingo-time-cefr-level-progress,https://hacecuentas.com/en/speed-reading-progress-improvement,EN,education,0.11,0.00,0.13,1.00,1.00,DATA_MISSING,MANUAL_REVIEW,alta similitud (formula=1.00 input=1.00) pero sin evidencia de merge — revisar a mano
https://hacecuentas.com/en/duolingo-time-cefr-level-progress,https://hacecuentas.com/en/vocabulary-active-words-language-level,EN,education,0.08,0.00,0.11,1.00,1.00,DATA_MISSING,MANUAL_REVIEW,alta similitud (formula=1.00 input=1.00) pero sin evidencia de merge — revisar a mano
https://hacecuentas.com/en/duolingo-time-cefr-level-progress,https://hacecuentas.com/en/weighted-average-calculator,EN,education,0.10,0.00,0.00,1.00,1.00,DATA_MISSING,MANUAL_REVIEW,alta similitud (formula=1.00 input=1.00) pero sin evidencia de merge — revisar a mano
https://hacecuentas.com/en/ebbinghaus-forgetting-curve-spaced-repetition,https://hacecuentas.com/en/english-mcer-level-hours-fsi,EN,education,0.00,0.00,0.00,1.00,1.00,DATA_MISSING,MANUAL_REVIEW,alta similitud (formula=1.00 input=1.00) pero sin evidencia de merge — revisar a mano
https://hacecuentas.com/en/ebbinghaus-forgetting-curve-spaced-repetition,https://hacecuentas.com/en/exam-study-time-pages-difficulty,EN,education,0.13,0.00,0.00,1.00,1.00,DATA_MISSING,MANUAL_REVIEW,alta similitud (formula=1.00 input=1.00) pero sin evidencia de merge — revisar a mano
https://hacecuentas.com/en/ebbinghaus-forgetting-curve-spaced-repetition,https://hacecuentas.com/en/flashcards-daily-goal-retention,EN,education,0.13,0.00,0.00,1.00,1.00,DATA_MISSING,MANUAL_REVIEW,alta similitud (formula=1.00 input=1.00) pero sin evidencia de merge — revisar a mano
https://hacecuentas.com/en/ebbinghaus-forgetting-curve-spaced-repetition,https://hacecuentas.com/en/gpa-4-0-american-scale-calculator,EN,education,0.08,0.00,0.00,1.00,1.00,DATA_MISSING,MANUAL_REVIEW,alta similitud (formula=1.00 input=1.00) pero sin evidencia de merge — revisar a mano
https://hacecuentas.com/en/ebbinghaus-forgetting-curve-spaced-repetition,https://hacecuentas.com/en/scholarship-minimum-gpa-requirement,EN,education,0.13,0.00,0.00,1.00,1.00,DATA_MISSING,MANUAL_REVIEW,alta similitud (formula=1.00 input=1.00) pero sin evidencia de merge — revisar a mano
https://hacecuentas.com/en/ebbinghaus-forgetting-curve-spaced-repetition,https://hacecuentas.com/en/speed-reading-progress-improvement,EN,education,0.13,0.00,0.00,1.00,1.00,DATA_MISSING,MANUAL_REVIEW,alta similitud (formula=1.00 input=1.00) pero sin evidencia de merge — revisar a mano
https://hacecuentas.com/en/ebbinghaus-forgetting-curve-spaced-repetition,https://hacecuentas.com/en/vocabulary-active-words-language-level,EN,education,0.09,0.00,0.00,1.00,1.00,DATA_MISSING,MANUAL_REVIEW,alta similitud (formula=1.00 input=1.00) pero sin evidencia de merge — revisar a mano
https://hacecuentas.com/en/ebbinghaus-forgetting-curve-spaced-repetition,https://hacecuentas.com/en/weighted-average-calculator,EN,education,0.11,0.00,0.00,1.00,1.00,DATA_MISSING,MANUAL_REVIEW,alta similitud (formula=1.00 input=1.00) pero sin evidencia de merge — revisar a mano
https://hacecuentas.com/en/english-mcer-level-hours-fsi,https://hacecuentas.com/en/exam-study-time-pages-difficulty,EN,education,0.00,0.09,0.00,1.00,1.00,DATA_MISSING,MANUAL_REVIEW,alta similitud (formula=1.00 input=1.00) pero sin evidencia de merge — revisar a mano
https://hacecuentas.com/en/english-mcer-level-hours-fsi,https://hacecuentas.com/en/flashcards-daily-goal-retention,EN,education,0.00,0.09,0.00,1.00,1.00,DATA_MISSING,MANUAL_REVIEW,alta similitud (formula=1.00 input=1.00) pero sin evidencia de merge — revisar a mano
https://hacecuentas.com/en/english-mcer-level-hours-fsi,https://hacecuentas.com/en/gpa-4-0-american-scale-calculator,EN,education,0.05,0.10,0.00,1.00,1.00,DATA_MISSING,MANUAL_REVIEW,alta similitud (formula=1.00 input=1.00) pero sin evidencia de merge — revisar a mano
https://hacecuentas.com/en/english-mcer-level-hours-fsi,https://hacecuentas.com/en/scholarship-minimum-gpa-requirement,EN,education,0.00,0.06,0.00,1.00,1.00,DATA_MISSING,MANUAL_REVIEW,alta similitud (formula=1.00 input=1.00) pero sin evidencia de merge — revisar a mano
https://hacecuentas.com/en/english-mcer-level-hours-fsi,https://hacecuentas.com/en/speed-reading-progress-improvement,EN,education,0.00,0.10,0.00,1.00,1.00,DATA_MISSING,MANUAL_REVIEW,alta similitud (formula=1.00 input=1.00) pero sin evidencia de merge — revisar a mano
https://hacecuentas.com/en/english-mcer-level-hours-fsi,https://hacecuentas.com/en/vocabulary-active-words-language-level,EN,education,0.06,0.05,0.11,1.00,1.00,DATA_MISSING,MANUAL_REVIEW,alta similitud (formula=1.00 input=1.00) pero sin evidencia de merge — revisar a mano
https://hacecuentas.com/en/english-mcer-level-hours-fsi,https://hacecuentas.com/en/weighted-average-calculator,EN,education,0.00,0.06,0.00,1.00,1.00,DATA_MISSING,MANUAL_REVIEW,alta similitud (formula=1.00 input=1.00) pero sin evidencia de merge — revisar a mano
https://hacecuentas.com/en/exam-study-time-pages-difficulty,https://hacecuentas.com/en/flashcards-daily-goal-retention,EN,education,0.25,0.24,0.00,1.00,1.00,DATA_MISSING,MANUAL_REVIEW,alta similitud (formula=1.00 input=1.00) pero sin evidencia de merge — revisar a mano
https://hacecuentas.com/en/exam-study-time-pages-difficulty,https://hacecuentas.com/en/gpa-4-0-american-scale-calculator,EN,education,0.08,0.05,0.00,1.00,1.00,DATA_MISSING,MANUAL_REVIEW,alta similitud (formula=1.00 input=1.00) pero sin evidencia de merge — revisar a mano
https://hacecuentas.com/en/exam-study-time-pages-difficulty,https://hacecuentas.com/en/scholarship-minimum-gpa-requirement,EN,education,0.25,0.00,0.00,1.00,1.00,DATA_MISSING,MANUAL_REVIEW,alta similitud (formula=1.00 input=1.00) pero sin evidencia de merge — revisar a mano
https://hacecuentas.com/en/exam-study-time-pages-difficulty,https://hacecuentas.com/en/speed-reading-progress-improvement,EN,education,0.25,0.18,0.00,1.00,1.00,DATA_MISSING,MANUAL_REVIEW,alta similitud (formula=1.00 input=1.00) pero sin evidencia de merge — revisar a mano
https://hacecuentas.com/en/exam-study-time-pages-difficulty,https://hacecuentas.com/en/vocabulary-active-words-language-level,EN,education,0.08,0.00,0.00,1.00,1.00,DATA_MISSING,MANUAL_REVIEW,alta similitud (formula=1.00 input=1.00) pero sin evidencia de merge — revisar a mano
https://hacecuentas.com/en/exam-study-time-pages-difficulty,https://hacecuentas.com/en/weighted-average-calculator,EN,education,0.22,0.00,0.00,1.00,1.00,DATA_MISSING,MANUAL_REVIEW,alta similitud (formula=1.00 input=1.00) pero sin evidencia de merge — revisar a mano
https://hacecuentas.com/en/flashcards-daily-goal-retention,https://hacecuentas.com/en/gpa-4-0-american-scale-calculator,EN,education,0.08,0.06,0.00,1.00,1.00,DATA_MISSING,MANUAL_REVIEW,alta similitud (formula=1.00 input=1.00) pero sin evidencia de merge — revisar a mano
https://hacecuentas.com/en/flashcards-daily-goal-retention,https://hacecuentas.com/en/scholarship-minimum-gpa-requirement,EN,education,0.25,0.00,0.00,1.00,1.00,DATA_MISSING,MANUAL_REVIEW,alta similitud (formula=1.00 input=1.00) pero sin evidencia de merge — revisar a mano
https://hacecuentas.com/en/flashcards-daily-goal-retention,https://hacecuentas.com/en/speed-reading-progress-improvement,EN,education,0.25,0.27,0.00,1.00,1.00,DATA_MISSING,MANUAL_REVIEW,alta similitud (formula=1.00 input=1.00) pero sin evidencia de merge — revisar a mano
https://hacecuentas.com/en/flashcards-daily-goal-retention,https://hacecuentas.com/en/vocabulary-active-words-language-level,EN,education,0.08,0.00,0.00,1.00,1.00,DATA_MISSING,MANUAL_REVIEW,alta similitud (formula=1.00 input=1.00) pero sin evidencia de merge — revisar a mano
https://hacecuentas.com/en/flashcards-daily-goal-retention,https://hacecuentas.com/en/weighted-average-calculator,EN,education,0.10,0.00,0.00,1.00,1.00,DATA_MISSING,MANUAL_REVIEW,alta similitud (formula=1.00 input=1.00) pero sin evidencia de merge — revisar a mano
https://hacecuentas.com/en/gpa-4-0-american-scale-calculator,https://hacecuentas.com/en/scholarship-minimum-gpa-requirement,EN,education,0.17,0.18,0.11,1.00,1.00,DATA_MISSING,MANUAL_REVIEW,alta similitud (formula=1.00 input=1.00) pero sin evidencia de merge — revisar a mano
https://hacecuentas.com/en/gpa-4-0-american-scale-calculator,https://hacecuentas.com/en/speed-reading-progress-improvement,EN,education,0.08,0.06,0.00,1.00,1.00,DATA_MISSING,MANUAL_REVIEW,alta similitud (formula=1.00 input=1.00) pero sin evidencia de merge — revisar a mano
https://hacecuentas.com/en/gpa-4-0-american-scale-calculator,https://hacecuentas.com/en/vocabulary-active-words-language-level,EN,education,0.06,0.07,0.00,1.00,1.00,DATA_MISSING,MANUAL_REVIEW,alta similitud (formula=1.00 input=1.00) pero sin evidencia de merge — revisar a mano
https://hacecuentas.com/en/gpa-4-0-american-scale-calculator,https://hacecuentas.com/en/weighted-average-calculator,EN,education,0.15,0.08,0.13,1.00,1.00,DATA_MISSING,MANUAL_REVIEW,alta similitud (formula=1.00 input=1.00) pero sin evidencia de merge — revisar a mano
https://hacecuentas.com/en/scholarship-minimum-gpa-requirement,https://hacecuentas.com/en/speed-reading-progress-improvement,EN,education,0.25,0.00,0.00,1.00,1.00,DATA_MISSING,MANUAL_REVIEW,alta similitud (formula=1.00 input=1.00) pero sin evidencia de merge — revisar a mano
https://hacecuentas.com/en/scholarship-minimum-gpa-requirement,https://hacecuentas.com/en/vocabulary-active-words-language-level,EN,education,0.08,0.11,0.00,1.00,1.00,DATA_MISSING,MANUAL_REVIEW,alta similitud (formula=1.00 input=1.00) pero sin evidencia de merge — revisar a mano
https://hacecuentas.com/en/scholarship-minimum-gpa-requirement,https://hacecuentas.com/en/weighted-average-calculator,EN,education,0.10,0.14,0.00,1.00,1.00,DATA_MISSING,MANUAL_REVIEW,alta similitud (formula=1.00 input=1.00) pero sin evidencia de merge — revisar a mano
https://hacecuentas.com/en/speed-reading-progress-improvement,https://hacecuentas.com/en/vocabulary-active-words-language-level,EN,education,0.08,0.00,0.00,1.00,1.00,DATA_MISSING,MANUAL_REVIEW,alta similitud (formula=1.00 input=1.00) pero sin evidencia de merge — revisar a mano
https://hacecuentas.com/en/speed-reading-progress-improvement,https://hacecuentas.com/en/weighted-average-calculator,EN,education,0.10,0.00,0.00,1.00,1.00,DATA_MISSING,MANUAL_REVIEW,alta similitud (formula=1.00 input=1.00) pero sin evidencia de merge — revisar a mano
https://hacecuentas.com/en/vocabulary-active-words-language-level,https://hacecuentas.com/en/weighted-average-calculator,EN,education,0.08,0.11,0.00,1.00,1.00,DATA_MISSING,MANUAL_REVIEW,alta similitud (formula=1.00 input=1.00) pero sin evidencia de merge — revisar a mano
https://hacecuentas.com/en/10k-training-plan-weeks,https://hacecuentas.com/en/21k-training-plan-weeks,EN,sports_non_medical,0.17,0.15,0.60,1.00,1.00,DATA_MISSING,MANUAL_REVIEW,alta similitud (formula=1.00 input=1.00) pero sin evidencia de merge — revisar a mano
https://hacecuentas.com/en/10k-training-plan-weeks,https://hacecuentas.com/en/5k-training-plan-weeks,EN,sports_non_medical,0.22,0.57,0.60,1.00,1.00,DATA_MISSING,MANUAL_REVIEW,alta similitud (formula=1.00 input=1.00) pero sin evidencia de merge — revisar a mano
https://hacecuentas.com/en/10k-training-plan-weeks,https://hacecuentas.com/en/marathon-42k-training-plan-weeks,EN,sports_non_medical,0.25,0.40,0.50,1.00,1.00,DATA_MISSING,MANUAL_REVIEW,alta similitud (formula=1.00 input=1.00) pero sin evidencia de merge — revisar a mano
https://hacecuentas.com/en/21k-training-plan-weeks,https://hacecuentas.com/en/5k-training-plan-weeks,EN,sports_non_medical,0.25,0.14,0.60,1.00,1.00,DATA_MISSING,MANUAL_REVIEW,alta similitud (formula=1.00 input=1.00) pero sin evidencia de merge — revisar a mano
https://hacecuentas.com/en/21k-training-plan-weeks,https://hacecuentas.com/en/marathon-42k-training-plan-weeks,EN,sports_non_medical,0.40,0.19,0.50,1.00,1.00,DATA_MISSING,MANUAL_REVIEW,alta similitud (formula=1.00 input=1.00) pero sin evidencia de merge — revisar a mano
https://hacecuentas.com/en/5k-training-plan-weeks,https://hacecuentas.com/en/marathon-42k-training-plan-weeks,EN,sports_non_medical,0.38,0.36,0.50,1.00,1.00,DATA_MISSING,MANUAL_REVIEW,alta similitud (formula=1.00 input=1.00) pero sin evidencia de merge — revisar a mano
https://hacecuentas.com/en/1rm-deadlift-estimator,https://hacecuentas.com/en/1rm-squat-estimator,EN,food,0.75,0.40,0.50,1.00,1.00,DATA_MISSING,DIFFERENTIATE,"fórmula parecida pero difieren en régimen/bruto-neto/período/rol → diferenciar, NO redirigir"
https://hacecuentas.com/en/comida-gato-gramos-peso-ideal-racion,https://hacecuentas.com/en/oven-temperature-gas-electric-conversion,EN,food,0.12,0.00,0.00,1.00,1.00,DATA_MISSING,MANUAL_REVIEW,alta similitud (formula=1.00 input=1.00) pero sin evidencia de merge — revisar a mano
https://hacecuentas.com/en/comida-gato-gramos-peso-ideal-racion,https://hacecuentas.com/en/scale-vanilla-pound-cake-recipe,EN,food,0.00,0.00,0.00,1.00,1.00,DATA_MISSING,MANUAL_REVIEW,alta similitud (formula=1.00 input=1.00) pero sin evidencia de merge — revisar a mano
https://hacecuentas.com/en/comida-gato-gramos-peso-ideal-racion,https://hacecuentas.com/en/vegetable-cooking-times-steamed-boiled,EN,food,0.13,0.00,0.00,1.00,1.00,DATA_MISSING,MANUAL_REVIEW,alta similitud (formula=1.00 input=1.00) pero sin evidencia de merge — revisar a mano
https://hacecuentas.com/en/oven-temperature-gas-electric-conversion,https://hacecuentas.com/en/scale-vanilla-pound-cake-recipe,EN,food,0.06,0.00,0.00,1.00,1.00,DATA_MISSING,MANUAL_REVIEW,alta similitud (formula=1.00 input=1.00) pero sin evidencia de merge — revisar a mano
https://hacecuentas.com/en/oven-temperature-gas-electric-conversion,https://hacecuentas.com/en/vegetable-cooking-times-steamed-boiled,EN,food,0.06,0.00,0.00,1.00,1.00,DATA_MISSING,MANUAL_REVIEW,alta similitud (formula=1.00 input=1.00) pero sin evidencia de merge — revisar a mano
https://hacecuentas.com/en/scale-vanilla-pound-cake-recipe,https://hacecuentas.com/en/vegetable-cooking-times-steamed-boiled,EN,food,0.00,0.00,0.00,1.00,1.00,DATA_MISSING,MANUAL_REVIEW,alta similitud (formula=1.00 input=1.00) pero sin evidencia de merge — revisar a mano
https://hacecuentas.com/en/combinations-n-choose-k,https://hacecuentas.com/en/permutaciones-n-tomados-k-pnk,EN,mathematics,0.33,0.30,0.29,1.00,1.00,DATA_MISSING,MANUAL_REVIEW,alta similitud (formula=1.00 input=1.00) pero sin evidencia de merge — revisar a mano
https://hacecuentas.com/en/conversion-btu-kcal-air-conditioning,https://hacecuentas.com/en/conversion-gallons-to-liters-us-uk,EN,mathematics,0.23,0.17,0.10,1.00,1.00,DATA_MISSING,MANUAL_REVIEW,alta similitud (formula=1.00 input=1.00) pero sin evidencia de merge — revisar a mano
https://hacecuentas.com/en/conversion-btu-kcal-air-conditioning,https://hacecuentas.com/en/conversion-meters-to-feet,EN,mathematics,0.25,0.07,0.13,1.00,1.00,DATA_MISSING,MANUAL_REVIEW,alta similitud (formula=1.00 input=1.00) pero sin evidencia de merge — revisar a mano
https://hacecuentas.com/en/conversion-btu-kcal-air-conditioning,https://hacecuentas.com/en/conversion-miles-kilometers,EN,mathematics,0.27,0.20,0.14,1.00,1.00,DATA_MISSING,MANUAL_REVIEW,alta similitud (formula=1.00 input=1.00) pero sin evidencia de merge — revisar a mano
https://hacecuentas.com/en/conversion-btu-kcal-air-conditioning,https://hacecuentas.com/en/conversion-ounce-gram-cooking,EN,mathematics,0.27,0.18,0.13,1.00,1.00,DATA_MISSING,MANUAL_REVIEW,alta similitud (formula=1.00 input=1.00) pero sin evidencia de merge — revisar a mano
https://hacecuentas.com/en/conversion-btu-kcal-air-conditioning,https://hacecuentas.com/en/conversion-ppm-mg-l-quimica-agua,EN,mathematics,0.23,0.17,0.10,1.00,1.00,DATA_MISSING,MANUAL_REVIEW,alta similitud (formula=1.00 input=1.00) pero sin evidencia de merge — revisar a mano
https://hacecuentas.com/en/conversion-btu-kcal-air-conditioning,https://hacecuentas.com/en/inches-to-cm-screen-converter,EN,mathematics,0.23,0.07,0.00,1.00,1.00,DATA_MISSING,MANUAL_REVIEW,alta similitud (formula=1.00 input=1.00) pero sin evidencia de merge — revisar a mano
https://hacecuentas.com/en/conversion-btu-kcal-air-conditioning,https://hacecuentas.com/en/kilos-to-pounds-converter,EN,mathematics,0.14,0.15,0.00,1.00,1.00,DATA_MISSING,MANUAL_REVIEW,alta similitud (formula=1.00 input=1.00) pero sin evidencia de merge — revisar a mano
https://hacecuentas.com/en/conversion-btu-kcal-air-conditioning,https://hacecuentas.com/en/quintal-to-metric-ton-converter,EN,mathematics,0.31,0.09,0.00,1.00,1.00,DATA_MISSING,MANUAL_REVIEW,alta similitud (formula=1.00 input=1.00) pero sin evidencia de merge — revisar a mano
https://hacecuentas.com/en/conversion-btu-kcal-air-conditioning,https://hacecuentas.com/en/radians-to-degrees-angle,EN,mathematics,0.27,0.18,0.00,1.00,1.00,DATA_MISSING,MANUAL_REVIEW,alta similitud (formula=1.00 input=1.00) pero sin evidencia de merge — revisar a mano
https://hacecuentas.com/en/conversion-btu-kcal-air-conditioning,https://hacecuentas.com/en/square-feet-to-square-meters-real-estate,EN,mathematics,0.17,0.17,0.00,1.00,1.00,DATA_MISSING,MANUAL_REVIEW,alta similitud (formula=1.00 input=1.00) pero sin evidencia de merge — revisar a mano
https://hacecuentas.com/en/conversion-celsius-fahrenheit-kelvin,https://hacecuentas.com/en/conversion-degrees-radians-gradians,EN,mathematics,0.44,0.25,0.14,1.00,1.00,DATA_MISSING,MANUAL_REVIEW,alta similitud (formula=1.00 input=1.00) pero sin evidencia de merge — revisar a mano
https://hacecuentas.com/en/conversion-gallons-to-liters-us-uk,https://hacecuentas.com/en/conversion-meters-to-feet,EN,mathematics,0.25,0.07,0.25,1.00,1.00,DATA_MISSING,MANUAL_REVIEW,alta similitud (formula=1.00 input=1.00) pero sin evidencia de merge — revisar a mano
https://hacecuentas.com/en/conversion-gallons-to-liters-us-uk,https://hacecuentas.com/en/conversion-miles-kilometers,EN,mathematics,0.40,0.20,0.13,1.00,1.00,DATA_MISSING,MANUAL_REVIEW,alta similitud (formula=1.00 input=1.00) pero sin evidencia de merge — revisar a mano
https://hacecuentas.com/en/conversion-gallons-to-liters-us-uk,https://hacecuentas.com/en/conversion-ounce-gram-cooking,EN,mathematics,0.27,0.08,0.11,1.00,1.00,DATA_MISSING,MANUAL_REVIEW,alta similitud (formula=1.00 input=1.00) pero sin evidencia de merge — revisar a mano
https://hacecuentas.com/en/conversion-gallons-to-liters-us-uk,https://hacecuentas.com/en/conversion-ppm-mg-l-quimica-agua,EN,mathematics,0.33,0.17,0.09,1.00,1.00,DATA_MISSING,MANUAL_REVIEW,alta similitud (formula=1.00 input=1.00) pero sin evidencia de merge — revisar a mano
https://hacecuentas.com/en/conversion-gallons-to-liters-us-uk,https://hacecuentas.com/en/inches-to-cm-screen-converter,EN,mathematics,0.33,0.07,0.10,1.00,1.00,DATA_MISSING,MANUAL_REVIEW,alta similitud (formula=1.00 input=1.00) pero sin evidencia de merge — revisar a mano
https://hacecuentas.com/en/conversion-gallons-to-liters-us-uk,https://hacecuentas.com/en/kilos-to-pounds-converter,EN,mathematics,0.23,0.15,0.11,1.00,1.00,DATA_MISSING,MANUAL_REVIEW,alta similitud (formula=1.00 input=1.00) pero sin evidencia de merge — revisar a mano
https://hacecuentas.com/en/conversion-gallons-to-liters-us-uk,https://hacecuentas.com/en/quintal-to-metric-ton-converter,EN,mathematics,0.21,0.09,0.10,1.00,1.00,DATA_MISSING,MANUAL_REVIEW,alta similitud (formula=1.00 input=1.00) pero sin evidencia de merge — revisar a mano
https://hacecuentas.com/en/conversion-gallons-to-liters-us-uk,https://hacecuentas.com/en/radians-to-degrees-angle,EN,mathematics,0.40,0.18,0.11,1.00,1.00,DATA_MISSING,MANUAL_REVIEW,alta similitud (formula=1.00 input=1.00) pero sin evidencia de merge — revisar a mano
https://hacecuentas.com/en/conversion-gallons-to-liters-us-uk,https://hacecuentas.com/en/square-feet-to-square-meters-real-estate,EN,mathematics,0.27,0.17,0.09,1.00,1.00,DATA_MISSING,MANUAL_REVIEW,alta similitud (formula=1.00 input=1.00) pero sin evidencia de merge — revisar a mano
https://hacecuentas.com/en/conversion-meters-to-feet,https://hacecuentas.com/en/conversion-miles-kilometers,EN,mathematics,0.30,0.08,0.17,1.00,1.00,DATA_MISSING,MANUAL_REVIEW,alta similitud (formula=1.00 input=1.00) pero sin evidencia de merge — revisar a mano
https://hacecuentas.com/en/conversion-meters-to-feet,https://hacecuentas.com/en/conversion-ounce-gram-cooking,EN,mathematics,0.30,0.08,0.14,1.00,1.00,DATA_MISSING,MANUAL_REVIEW,alta similitud (formula=1.00 input=1.00) pero sin evidencia de merge — revisar a mano
https://hacecuentas.com/en/conversion-meters-to-feet,https://hacecuentas.com/en/conversion-ppm-mg-l-quimica-agua,EN,mathematics,0.25,0.07,0.11,1.00,1.00,DATA_MISSING,MANUAL_REVIEW,alta similitud (formula=1.00 input=1.00) pero sin evidencia de merge — revisar a mano
https://hacecuentas.com/en/conversion-meters-to-feet,https://hacecuentas.com/en/inches-to-cm-screen-converter,EN,mathematics,0.25,0.06,0.13,1.00,1.00,DATA_MISSING,MANUAL_REVIEW,alta similitud (formula=1.00 input=1.00) pero sin evidencia de merge — revisar a mano
https://hacecuentas.com/en/conversion-meters-to-feet,https://hacecuentas.com/en/kilos-to-pounds-converter,EN,mathematics,0.15,0.07,0.14,1.00,1.00,DATA_MISSING,MANUAL_REVIEW,alta similitud (formula=1.00 input=1.00) pero sin evidencia de merge — revisar a mano
https://hacecuentas.com/en/conversion-meters-to-feet,https://hacecuentas.com/en/quintal-to-metric-ton-converter,EN,mathematics,0.23,0.18,0.13,1.00,1.00,DATA_MISSING,MANUAL_REVIEW,alta similitud (formula=1.00 input=1.00) pero sin evidencia de merge — revisar a mano
https://hacecuentas.com/en/conversion-meters-to-feet,https://hacecuentas.com/en/radians-to-degrees-angle,EN,mathematics,0.30,0.27,0.14,1.00,1.00,DATA_MISSING,MANUAL_REVIEW,alta similitud (formula=1.00 input=1.00) pero sin evidencia de merge — revisar a mano
https://hacecuentas.com/en/conversion-meters-to-feet,https://hacecuentas.com/en/square-feet-to-square-meters-real-estate,EN,mathematics,0.44,0.25,0.43,1.00,1.00,DATA_MISSING,MANUAL_REVIEW,alta similitud (formula=1.00 input=1.00) pero sin evidencia de merge — revisar a mano
https://hacecuentas.com/en/conversion-miles-kilometers,https://hacecuentas.com/en/conversion-ounce-gram-cooking,EN,mathematics,0.33,0.10,0.17,1.00,1.00,DATA_MISSING,MANUAL_REVIEW,alta similitud (formula=1.00 input=1.00) pero sin evidencia de merge — revisar a mano
https://hacecuentas.com/en/conversion-miles-kilometers,https://hacecuentas.com/en/conversion-ppm-mg-l-quimica-agua,EN,mathematics,0.40,0.20,0.13,1.00,1.00,DATA_MISSING,MANUAL_REVIEW,alta similitud (formula=1.00 input=1.00) pero sin evidencia de merge — revisar a mano
https://hacecuentas.com/en/conversion-miles-kilometers,https://hacecuentas.com/en/inches-to-cm-screen-converter,EN,mathematics,0.40,0.08,0.00,1.00,1.00,DATA_MISSING,MANUAL_REVIEW,alta similitud (formula=1.00 input=1.00) pero sin evidencia de merge — revisar a mano
https://hacecuentas.com/en/conversion-miles-kilometers,https://hacecuentas.com/en/kilos-to-pounds-converter,EN,mathematics,0.27,0.18,0.00,1.00,1.00,DATA_MISSING,MANUAL_REVIEW,alta similitud (formula=1.00 input=1.00) pero sin evidencia de merge — revisar a mano
https://hacecuentas.com/en/conversion-miles-kilometers,https://hacecuentas.com/en/quintal-to-metric-ton-converter,EN,mathematics,0.25,0.11,0.00,1.00,1.00,DATA_MISSING,MANUAL_REVIEW,alta similitud (formula=1.00 input=1.00) pero sin evidencia de merge — revisar a mano
https://hacecuentas.com/en/conversion-miles-kilometers,https://hacecuentas.com/en/radians-to-degrees-angle,EN,mathematics,0.50,0.22,0.00,1.00,1.00,DATA_MISSING,MANUAL_REVIEW,alta similitud (formula=1.00 input=1.00) pero sin evidencia de merge — revisar a mano
https://hacecuentas.com/en/conversion-miles-kilometers,https://hacecuentas.com/en/square-feet-to-square-meters-real-estate,EN,mathematics,0.33,0.20,0.00,1.00,1.00,DATA_MISSING,MANUAL_REVIEW,alta similitud (formula=1.00 input=1.00) pero sin evidencia de merge — revisar a mano
https://hacecuentas.com/en/conversion-ounce-gram-cooking,https://hacecuentas.com/en/conversion-ppm-mg-l-quimica-agua,EN,mathematics,0.27,0.08,0.11,1.00,1.00,DATA_MISSING,MANUAL_REVIEW,alta similitud (formula=1.00 input=1.00) pero sin evidencia de merge — revisar a mano
https://hacecuentas.com/en/conversion-ounce-gram-cooking,https://hacecuentas.com/en/inches-to-cm-screen-converter,EN,mathematics,0.27,0.15,0.00,1.00,1.00,DATA_MISSING,MANUAL_REVIEW,alta similitud (formula=1.00 input=1.00) pero sin evidencia de merge — revisar a mano
https://hacecuentas.com/en/conversion-ounce-gram-cooking,https://hacecuentas.com/en/kilos-to-pounds-converter,EN,mathematics,0.17,0.08,0.00,1.00,1.00,DATA_MISSING,MANUAL_REVIEW,alta similitud (formula=1.00 input=1.00) pero sin evidencia de merge — revisar a mano
https://hacecuentas.com/en/conversion-ounce-gram-cooking,https://hacecuentas.com/en/quintal-to-metric-ton-converter,EN,mathematics,0.25,0.10,0.00,1.00,1.00,DATA_MISSING,MANUAL_REVIEW,alta similitud (formula=1.00 input=1.00) pero sin evidencia de merge — revisar a mano
https://hacecuentas.com/en/conversion-ounce-gram-cooking,https://hacecuentas.com/en/radians-to-degrees-angle,EN,mathematics,0.33,0.09,0.00,1.00,1.00,DATA_MISSING,MANUAL_REVIEW,alta similitud (formula=1.00 input=1.00) pero sin evidencia de merge — revisar a mano
https://hacecuentas.com/en/conversion-ounce-gram-cooking,https://hacecuentas.com/en/square-feet-to-square-meters-real-estate,EN,mathematics,0.20,0.08,0.00,1.00,1.00,DATA_MISSING,MANUAL_REVIEW,alta similitud (formula=1.00 input=1.00) pero sin evidencia de merge — revisar a mano
https://hacecuentas.com/en/conversion-ppm-mg-l-quimica-agua,https://hacecuentas.com/en/inches-to-cm-screen-converter,EN,mathematics,0.33,0.07,0.00,1.00,1.00,DATA_MISSING,MANUAL_REVIEW,alta similitud (formula=1.00 input=1.00) pero sin evidencia de merge — revisar a mano
https://hacecuentas.com/en/conversion-ppm-mg-l-quimica-agua,https://hacecuentas.com/en/kilos-to-pounds-converter,EN,mathematics,0.33,0.15,0.00,1.00,1.00,DATA_MISSING,MANUAL_REVIEW,alta similitud (formula=1.00 input=1.00) pero sin evidencia de merge — revisar a mano
https://hacecuentas.com/en/conversion-ppm-mg-l-quimica-agua,https://hacecuentas.com/en/quintal-to-metric-ton-converter,EN,mathematics,0.21,0.09,0.00,1.00,1.00,DATA_MISSING,MANUAL_REVIEW,alta similitud (formula=1.00 input=1.00) pero sin evidencia de merge — revisar a mano
https://hacecuentas.com/en/conversion-ppm-mg-l-quimica-agua,https://hacecuentas.com/en/radians-to-degrees-angle,EN,mathematics,0.40,0.18,0.00,1.00,1.00,DATA_MISSING,MANUAL_REVIEW,alta similitud (formula=1.00 input=1.00) pero sin evidencia de merge — revisar a mano
https://hacecuentas.com/en/conversion-ppm-mg-l-quimica-agua,https://hacecuentas.com/en/square-feet-to-square-meters-real-estate,EN,mathematics,0.27,0.17,0.00,1.00,1.00,DATA_MISSING,MANUAL_REVIEW,alta similitud (formula=1.00 input=1.00) pero sin evidencia de merge — revisar a mano
https://hacecuentas.com/en/inches-to-cm-screen-converter,https://hacecuentas.com/en/kilos-to-pounds-converter,EN,mathematics,0.23,0.06,0.29,1.00,1.00,DATA_MISSING,MANUAL_REVIEW,alta similitud (formula=1.00 input=1.00) pero sin evidencia de merge — revisar a mano
https://hacecuentas.com/en/inches-to-cm-screen-converter,https://hacecuentas.com/en/quintal-to-metric-ton-converter,EN,mathematics,0.21,0.08,0.25,1.00,1.00,DATA_MISSING,MANUAL_REVIEW,alta similitud (formula=1.00 input=1.00) pero sin evidencia de merge — revisar a mano
https://hacecuentas.com/en/inches-to-cm-screen-converter,https://hacecuentas.com/en/radians-to-degrees-angle,EN,mathematics,0.40,0.07,0.13,1.00,1.00,DATA_MISSING,MANUAL_REVIEW,alta similitud (formula=1.00 input=1.00) pero sin evidencia de merge — revisar a mano
https://hacecuentas.com/en/inches-to-cm-screen-converter,https://hacecuentas.com/en/square-feet-to-square-meters-real-estate,EN,mathematics,0.27,0.07,0.10,1.00,1.00,DATA_MISSING,MANUAL_REVIEW,alta similitud (formula=1.00 input=1.00) pero sin evidencia de merge — revisar a mano
https://hacecuentas.com/en/kilos-to-pounds-converter,https://hacecuentas.com/en/quintal-to-metric-ton-converter,EN,mathematics,0.13,0.08,0.29,1.00,1.00,DATA_MISSING,MANUAL_REVIEW,alta similitud (formula=1.00 input=1.00) pero sin evidencia de merge — revisar a mano
https://hacecuentas.com/en/kilos-to-pounds-converter,https://hacecuentas.com/en/radians-to-degrees-angle,EN,mathematics,0.27,0.17,0.14,1.00,1.00,DATA_MISSING,MANUAL_REVIEW,alta similitud (formula=1.00 input=1.00) pero sin evidencia de merge — revisar a mano
https://hacecuentas.com/en/kilos-to-pounds-converter,https://hacecuentas.com/en/square-feet-to-square-meters-real-estate,EN,mathematics,0.27,0.15,0.11,1.00,1.00,DATA_MISSING,MANUAL_REVIEW,alta similitud (formula=1.00 input=1.00) pero sin evidencia de merge — revisar a mano
https://hacecuentas.com/en/quadratic-equation-roots-discriminant,https://hacecuentas.com/en/triangle-area-herons-formula,EN,mathematics,0.18,0.06,0.00,1.00,1.00,DATA_MISSING,MANUAL_REVIEW,alta similitud (formula=1.00 input=1.00) pero sin evidencia de merge — revisar a mano
https://hacecuentas.com/en/quintal-to-metric-ton-converter,https://hacecuentas.com/en/radians-to-degrees-angle,EN,mathematics,0.25,0.10,0.13,1.00,1.00,DATA_MISSING,MANUAL_REVIEW,alta similitud (formula=1.00 input=1.00) pero sin evidencia de merge — revisar a mano
https://hacecuentas.com/en/quintal-to-metric-ton-converter,https://hacecuentas.com/en/square-feet-to-square-meters-real-estate,EN,mathematics,0.15,0.09,0.10,1.00,1.00,DATA_MISSING,MANUAL_REVIEW,alta similitud (formula=1.00 input=1.00) pero sin evidencia de merge — revisar a mano
https://hacecuentas.com/en/radians-to-degrees-angle,https://hacecuentas.com/en/square-feet-to-square-meters-real-estate,EN,mathematics,0.33,0.18,0.11,1.00,1.00,DATA_MISSING,MANUAL_REVIEW,alta similitud (formula=1.00 input=1.00) pero sin evidencia de merge — revisar a mano
https://hacecuentas.com/en/baby-sleep-hours-by-age-chart,https://hacecuentas.com/en/blw-introduction-6-months,EN,other,0.21,0.14,0.00,1.00,1.00,DATA_MISSING,MANUAL_REVIEW,alta similitud (formula=1.00 input=1.00) pero sin evidencia de merge — revisar a mano
https://hacecuentas.com/en/garden-harvest-expected-kg,https://hacecuentas.com/en/semillas-por-m2-huerta,EN,other,0.13,0.06,0.00,1.00,1.00,DATA_MISSING,MANUAL_REVIEW,alta similitud (formula=1.00 input=1.00) pero sin evidencia de merge — revisar a mano
https://hacecuentas.com/en/planting-calendar-northern-hemisphere,https://hacecuentas.com/en/planting-calendar-southern-hemisphere,EN,other,0.70,0.80,0.60,1.00,1.00,DATA_MISSING,DIFFERENTIATE,"fórmula parecida pero difieren en régimen/bruto-neto/período/rol → diferenciar, NO redirigir"
https://hacecuentas.com/en/recommended-sleep-hours-by-age,https://hacecuentas.com/en/screen-time-recommendations-by-age,EN,other,0.25,0.27,0.25,1.00,1.00,DATA_MISSING,MANUAL_REVIEW,alta similitud (formula=1.00 input=1.00) pero sin evidencia de merge — revisar a mano
https://hacecuentas.com/en/bogleheads-3-fund-portfolio-calculator,https://hacecuentas.com/en/emergency-fund-calculator-months-expenses,EN,savings,0.17,0.25,0.25,1.00,1.00,DATA_MISSING,MANUAL_REVIEW,alta similitud (formula=1.00 input=1.00) pero sin evidencia de merge — revisar a mano
https://hacecuentas.com/en/bogleheads-3-fund-portfolio-calculator,https://hacecuentas.com/en/money-market-fund-yield,EN,savings,0.33,0.22,0.13,1.00,1.00,DATA_MISSING,MANUAL_REVIEW,alta similitud (formula=1.00 input=1.00) pero sin evidencia de merge — revisar a mano
https://hacecuentas.com/en/bogleheads-3-fund-portfolio-calculator,https://hacecuentas.com/en/stock-options-vesting-tech-startup,EN,savings,0.08,0.07,0.00,1.00,1.00,DATA_MISSING,MANUAL_REVIEW,alta similitud (formula=1.00 input=1.00) pero sin evidencia de merge — revisar a mano
https://hacecuentas.com/en/bogleheads-3-fund-portfolio-calculator,https://hacecuentas.com/en/usd-broker-investment-calculator,EN,savings,0.22,0.10,0.13,1.00,1.00,DATA_MISSING,MANUAL_REVIEW,alta similitud (formula=1.00 input=1.00) pero sin evidencia de merge — revisar a mano
https://hacecuentas.com/en/emergency-fund-calculator-months-expenses,https://hacecuentas.com/en/money-market-fund-yield,EN,savings,0.17,0.17,0.13,1.00,1.00,DATA_MISSING,MANUAL_REVIEW,alta similitud (formula=1.00 input=1.00) pero sin evidencia de merge — revisar a mano
https://hacecuentas.com/en/emergency-fund-calculator-months-expenses,https://hacecuentas.com/en/stock-options-vesting-tech-startup,EN,savings,0.07,0.06,0.00,1.00,1.00,DATA_MISSING,MANUAL_REVIEW,alta similitud (formula=1.00 input=1.00) pero sin evidencia de merge — revisar a mano
https://hacecuentas.com/en/emergency-fund-calculator-months-expenses,https://hacecuentas.com/en/usd-broker-investment-calculator,EN,savings,0.08,0.08,0.13,1.00,1.00,DATA_MISSING,MANUAL_REVIEW,alta similitud (formula=1.00 input=1.00) pero sin evidencia de merge — revisar a mano
https://hacecuentas.com/en/money-market-fund-yield,https://hacecuentas.com/en/stock-options-vesting-tech-startup,EN,savings,0.08,0.08,0.00,1.00,1.00,DATA_MISSING,MANUAL_REVIEW,alta similitud (formula=1.00 input=1.00) pero sin evidencia de merge — revisar a mano
https://hacecuentas.com/en/money-market-fund-yield,https://hacecuentas.com/en/usd-broker-investment-calculator,EN,savings,0.22,0.25,0.00,1.00,1.00,DATA_MISSING,MANUAL_REVIEW,alta similitud (formula=1.00 input=1.00) pero sin evidencia de merge — revisar a mano
https://hacecuentas.com/en/stock-options-vesting-tech-startup,https://hacecuentas.com/en/usd-broker-investment-calculator,EN,savings,0.08,0.08,0.00,1.00,1.00,DATA_MISSING,MANUAL_REVIEW,alta similitud (formula=1.00 input=1.00) pero sin evidencia de merge — revisar a mano
https://hacecuentas.com/en/basal-metabolic-rate-calculator,https://hacecuentas.com/en/tdee-calorie-calculator,EN,health_low_risk,0.17,0.17,0.17,1.00,1.00,DATA_MISSING,MANUAL_REVIEW,alta similitud (formula=1.00 input=1.00) pero sin evidencia de merge — revisar a mano
https://hacecuentas.com/en/celiac-gluten-free-tacc-foods,https://hacecuentas.com/en/fodmap-foods-intolerance-chart,EN,health_low_risk,0.13,0.07,0.13,1.00,1.00,DATA_MISSING,MANUAL_REVIEW,alta similitud (formula=1.00 input=1.00) pero sin evidencia de merge — revisar a mano
https://hacecuentas.com/en/celiac-gluten-free-tacc-foods,https://hacecuentas.com/en/food-ph-acidity-calculator,EN,health_low_risk,0.00,0.00,0.00,1.00,1.00,DATA_MISSING,MANUAL_REVIEW,alta similitud (formula=1.00 input=1.00) pero sin evidencia de merge — revisar a mano
https://hacecuentas.com/en/celiac-gluten-free-tacc-foods,https://hacecuentas.com/en/food-satiety-index,EN,health_low_risk,0.00,0.00,0.00,1.00,1.00,DATA_MISSING,MANUAL_REVIEW,alta similitud (formula=1.00 input=1.00) pero sin evidencia de merge — revisar a mano
https://hacecuentas.com/en/flexitarian-diet-weekly-macros,https://hacecuentas.com/en/macros-dash-hypertension,EN,health_low_risk,0.08,0.25,0.17,1.00,1.00,DATA_MISSING,MANUAL_REVIEW,alta similitud (formula=1.00 input=1.00) pero sin evidencia de merge — revisar a mano
https://hacecuentas.com/en/flexitarian-diet-weekly-macros,https://hacecuentas.com/en/macros-iifym-flexible,EN,health_low_risk,0.25,0.13,0.17,1.00,1.00,DATA_MISSING,MANUAL_REVIEW,alta similitud (formula=1.00 input=1.00) pero sin evidencia de merge — revisar a mano
https://hacecuentas.com/en/fodmap-foods-intolerance-chart,https://hacecuentas.com/en/food-ph-acidity-calculator,EN,health_low_risk,0.08,0.00,0.00,1.00,1.00,DATA_MISSING,MANUAL_REVIEW,alta similitud (formula=1.00 input=1.00) pero sin evidencia de merge — revisar a mano
https://hacecuentas.com/en/fodmap-foods-intolerance-chart,https://hacecuentas.com/en/food-satiety-index,EN,health_low_risk,0.00,0.00,0.00,1.00,1.00,DATA_MISSING,MANUAL_REVIEW,alta similitud (formula=1.00 input=1.00) pero sin evidencia de merge — revisar a mano
https://hacecuentas.com/en/food-ph-acidity-calculator,https://hacecuentas.com/en/food-satiety-index,EN,health_low_risk,0.20,0.29,0.17,1.00,1.00,DATA_MISSING,MANUAL_REVIEW,alta similitud (formula=1.00 input=1.00) pero sin evidencia de merge — revisar a mano
https://hacecuentas.com/en/gestational-age-calculator,https://hacecuentas.com/en/pregnancy-due-date-calculator,EN,health_low_risk,0.07,0.10,0.17,1.00,1.00,DATA_MISSING,MANUAL_REVIEW,alta similitud (formula=1.00 input=1.00) pero sin evidencia de merge — revisar a mano
https://hacecuentas.com/en/gestational-age-calculator,https://hacecuentas.com/en/pregnancy-week-calculator,EN,health_low_risk,0.27,0.17,0.20,1.00,1.00,DATA_MISSING,MANUAL_REVIEW,alta similitud (formula=1.00 input=1.00) pero sin evidencia de merge — revisar a mano
https://hacecuentas.com/en/macros-dash-hypertension,https://hacecuentas.com/en/macros-iifym-flexible,EN,health_low_risk,0.08,0.14,0.20,1.00,1.00,DATA_MISSING,MANUAL_REVIEW,alta similitud (formula=1.00 input=1.00) pero sin evidencia de merge — revisar a mano
https://hacecuentas.com/en/macros-low-fodmap-sibo,https://hacecuentas.com/en/macros-mediterranea,EN,health_low_risk,0.13,0.17,0.20,1.00,1.00,DATA_MISSING,MANUAL_REVIEW,alta similitud (formula=1.00 input=1.00) pero sin evidencia de merge — revisar a mano
https://hacecuentas.com/en/macros-low-fodmap-sibo,https://hacecuentas.com/en/vegan-diet-macros,EN,health_low_risk,0.08,0.10,0.17,1.00,1.00,DATA_MISSING,MANUAL_REVIEW,alta similitud (formula=1.00 input=1.00) pero sin evidencia de merge — revisar a mano
https://hacecuentas.com/en/macros-mediterranea,https://hacecuentas.com/en/vegan-diet-macros,EN,health_low_risk,0.18,0.22,0.25,1.00,1.00,DATA_MISSING,MANUAL_REVIEW,alta similitud (formula=1.00 input=1.00) pero sin evidencia de merge — revisar a mano
https://hacecuentas.com/en/magnesio-dosis-deficiencia-sintomas,https://hacecuentas.com/en/magnesium-daily-requirement,EN,health_low_risk,0.36,0.70,0.00,1.00,1.00,DATA_MISSING,MANUAL_REVIEW,alta similitud (formula=1.00 input=1.00) pero sin evidencia de merge — revisar a mano
https://hacecuentas.com/en/pregnancy-due-date-calculator,https://hacecuentas.com/en/pregnancy-week-calculator,EN,health_low_risk,0.18,0.18,0.40,1.00,1.00,DATA_MISSING,MANUAL_REVIEW,alta similitud (formula=1.00 input=1.00) pero sin evidencia de merge — revisar a mano
https://hacecuentas.com/en/conversion-torque-nm-lb-ft-kgm,https://hacecuentas.com/en/tire-pressure-psi-bar-conversion,EN,automotive,0.17,0.00,0.10,1.00,1.00,DATA_MISSING,MANUAL_REVIEW,alta similitud (formula=1.00 input=1.00) pero sin evidencia de merge — revisar a mano
https://hacecuentas.com/en/free-fall-distance,https://hacecuentas.com/en/free-fall-velocity-by-time,EN,statistics,0.30,0.15,0.33,1.00,1.00,DATA_MISSING,MANUAL_REVIEW,alta similitud (formula=1.00 input=1.00) pero sin evidencia de merge — revisar a mano
https://hacecuentas.com/en/dog-food-calculator-by-weight,https://hacecuentas.com/en/dog-shedding-by-season-calculator,EN,pets_non_medical,0.25,0.21,0.43,1.00,1.00,DATA_MISSING,MANUAL_REVIEW,alta similitud (formula=1.00 input=1.00) pero sin evidencia de merge — revisar a mano
https://hacecuentas.com/en/dog-food-calculator-by-weight,https://hacecuentas.com/en/female-dog-cat-spaying-age,EN,pets_non_medical,0.11,0.10,0.11,1.00,1.00,DATA_MISSING,MANUAL_REVIEW,alta similitud (formula=1.00 input=1.00) pero sin evidencia de merge — revisar a mano
https://hacecuentas.com/en/dog-food-calculator-by-weight,https://hacecuentas.com/en/guinea-pig-vitamin-c-daily-dosage,EN,pets_non_medical,0.11,0.12,0.00,1.00,1.00,DATA_MISSING,MANUAL_REVIEW,alta similitud (formula=1.00 input=1.00) pero sin evidencia de merge — revisar a mano
https://hacecuentas.com/en/dog-food-calculator-by-weight,https://hacecuentas.com/en/huron-ferret-dieta-proteina-animal,EN,pets_non_medical,0.13,0.64,0.00,1.00,1.00,DATA_MISSING,MANUAL_REVIEW,alta similitud (formula=1.00 input=1.00) pero sin evidencia de merge — revisar a mano
https://hacecuentas.com/en/dog-shedding-by-season-calculator,https://hacecuentas.com/en/female-dog-cat-spaying-age,EN,pets_non_medical,0.15,0.16,0.11,1.00,1.00,DATA_MISSING,MANUAL_REVIEW,alta similitud (formula=1.00 input=1.00) pero sin evidencia de merge — revisar a mano
https://hacecuentas.com/en/dog-shedding-by-season-calculator,https://hacecuentas.com/en/guinea-pig-vitamin-c-daily-dosage,EN,pets_non_medical,0.10,0.00,0.00,1.00,1.00,DATA_MISSING,MANUAL_REVIEW,alta similitud (formula=1.00 input=1.00) pero sin evidencia de merge — revisar a mano
https://hacecuentas.com/en/dog-shedding-by-season-calculator,https://hacecuentas.com/en/huron-ferret-dieta-proteina-animal,EN,pets_non_medical,0.11,0.10,0.00,1.00,1.00,DATA_MISSING,MANUAL_REVIEW,alta similitud (formula=1.00 input=1.00) pero sin evidencia de merge — revisar a mano
https://hacecuentas.com/en/female-dog-cat-spaying-age,https://hacecuentas.com/en/guinea-pig-vitamin-c-daily-dosage,EN,pets_non_medical,0.10,0.00,0.00,1.00,1.00,DATA_MISSING,MANUAL_REVIEW,alta similitud (formula=1.00 input=1.00) pero sin evidencia de merge — revisar a mano
https://hacecuentas.com/en/female-dog-cat-spaying-age,https://hacecuentas.com/en/huron-ferret-dieta-proteina-animal,EN,pets_non_medical,0.05,0.00,0.00,1.00,1.00,DATA_MISSING,MANUAL_REVIEW,alta similitud (formula=1.00 input=1.00) pero sin evidencia de merge — revisar a mano
https://hacecuentas.com/en/guinea-pig-vitamin-c-daily-dosage,https://hacecuentas.com/en/huron-ferret-dieta-proteina-animal,EN,pets_non_medical,0.18,0.13,0.00,1.00,1.00,DATA_MISSING,MANUAL_REVIEW,alta similitud (formula=1.00 input=1.00) pero sin evidencia de merge — revisar a mano
https://hacecuentas.com/pt/1rm-agachamento-estimador,https://hacecuentas.com/pt/1rm-levantamento-terra-estimador,PT,sports_non_medical,0.36,0.50,0.40,1.00,1.00,DATA_MISSING,MANUAL_REVIEW,alta similitud (formula=1.00 input=1.00) pero sin evidencia de merge — revisar a mano
https://hacecuentas.com/pt/1rm-agachamento-estimador,https://hacecuentas.com/pt/1rm-supino-estimador,PT,sports_non_medical,0.18,0.17,0.50,1.00,1.00,DATA_MISSING,DIFFERENTIATE,"fórmula parecida pero difieren en régimen/bruto-neto/período/rol → diferenciar, NO redirigir"
https://hacecuentas.com/pt/1rm-levantamento-terra-estimador,https://hacecuentas.com/pt/1rm-supino-estimador,PT,sports_non_medical,0.07,0.13,0.40,1.00,1.00,DATA_MISSING,MANUAL_REVIEW,alta similitud (formula=1.00 input=1.00) pero sin evidencia de merge — revisar a mano
https://hacecuentas.com/pt/claude-gemini-tokens-comparacao-preco-uso,https://hacecuentas.com/pt/tokens-openai-gpt-custo-mensal,PT,other,0.13,0.07,0.10,1.00,1.00,DATA_MISSING,MANUAL_REVIEW,alta similitud (formula=1.00 input=1.00) pero sin evidencia de merge — revisar a mano
https://hacecuentas.com/pt/fator-r-simples-nacional-anexo-iii-vs-v,https://hacecuentas.com/pt/simples-nacional-anexo-iii-servicos,PT,taxes,0.38,0.54,0.44,1.00,1.00,DATA_MISSING,MANUAL_REVIEW,alta similitud (formula=1.00 input=1.00) pero sin evidencia de merge — revisar a mano
https://hacecuentas.com/pt/mei-das-mensal-comercio-industria,https://hacecuentas.com/pt/mei-das-mensal-prestador-servicos,PT,taxes,0.29,0.27,0.43,1.00,1.00,DATA_MISSING,MANUAL_REVIEW,alta similitud (formula=1.00 input=1.00) pero sin evidencia de merge — revisar a mano
https://hacecuentas.com/pt/simples-nacional-anexo-i-comercio,https://hacecuentas.com/pt/simples-nacional-anexo-ii-industria,PT,taxes,0.36,0.36,0.43,1.00,1.00,DATA_MISSING,MANUAL_REVIEW,alta similitud (formula=1.00 input=1.00) pero sin evidencia de merge — revisar a mano
https://hacecuentas.com/pt/simples-nacional-anexo-i-comercio,https://hacecuentas.com/pt/simples-nacional-anexo-iv-servicos-construcao,PT,taxes,0.38,0.38,0.38,1.00,1.00,DATA_MISSING,MANUAL_REVIEW,alta similitud (formula=1.00 input=1.00) pero sin evidencia de merge — revisar a mano
https://hacecuentas.com/pt/simples-nacional-anexo-ii-industria,https://hacecuentas.com/pt/simples-nacional-anexo-iv-servicos-construcao,PT,taxes,0.36,0.36,0.38,1.00,1.00,DATA_MISSING,MANUAL_REVIEW,alta similitud (formula=1.00 input=1.00) pero sin evidencia de merge — revisar a mano
https://hacecuentas.com/pt/cobaia-vitamina-c-dosagem-diaria,https://hacecuentas.com/pt/furao-dieta-proteina-animal,PT,pets_non_medical,0.14,0.14,0.00,1.00,1.00,DATA_MISSING,MANUAL_REVIEW,alta similitud (formula=1.00 input=1.00) pero sin evidencia de merge — revisar a mano
https://hacecuentas.com/pt/combinacoes-n-tomados-k-cnk,https://hacecuentas.com/pt/permutacoes-n-escolhidos-k,PT,mathematics,0.56,0.20,0.29,1.00,1.00,DATA_MISSING,MANUAL_REVIEW,alta similitud (formula=1.00 input=1.00) pero sin evidencia de merge — revisar a mano
https://hacecuentas.com/pt/conversao-torque-nm-lb-ft-kgm,https://hacecuentas.com/pt/pressao-pneu-psi-bar-auto,PT,automotive,0.00,0.08,0.00,1.00,1.00,DATA_MISSING,MANUAL_REVIEW,alta similitud (formula=1.00 input=1.00) pero sin evidencia de merge — revisar a mano
https://hacecuentas.com/pt/ipva-minas-gerais-4-porcento-autos,https://hacecuentas.com/pt/ipva-rio-de-janeiro-4-porcento-autos,PT,automotive,0.33,0.13,0.50,1.00,1.00,DATA_MISSING,MANUAL_REVIEW,alta similitud (formula=1.00 input=1.00) pero sin evidencia de merge — revisar a mano
https://hacecuentas.com/pt-pt/calculadora-subsidio-ferias-portugal,https://hacecuentas.com/pt-pt/calculadora-subsidio-natal-portugal,PT,salary,0.67,0.63,0.50,1.00,1.00,DATA_MISSING,DIFFERENTIATE,"fórmula parecida pero difieren en régimen/bruto-neto/período/rol → diferenciar, NO redirigir"
https://hacecuentas.com/pt/conversao-temperaturas-forno-gas-eletrico,https://hacecuentas.com/pt/tempos-cozimento-verduras-vapor-cozido,PT,food,0.13,0.06,0.00,1.00,1.00,DATA_MISSING,MANUAL_REVIEW,alta similitud (formula=1.00 input=1.00) pero sin evidencia de merge — revisar a mano
https://hacecuentas.com/calculadora-comida-gato-diaria-gramos,https://hacecuentas.com/calculadora-comida-perro-diaria-gramos,AR,food,0.36,0.78,0.60,0.80,1.00,DATA_MISSING,KEEP_SEPARATE,títulos parecidos pero fórmula/inputs distintos
https://hacecuentas.com/calculadora-volumen-cilindro-radio-altura,https://hacecuentas.com/calculadora-volumen-cono-radio-altura,AR,mathematics,0.60,0.33,0.60,0.80,1.00,DATA_MISSING,KEEP_SEPARATE,títulos parecidos pero fórmula/inputs distintos
https://hacecuentas.com/en/1rm-calculator,https://hacecuentas.com/en/one-rep-max-calculator,EN,sports_non_medical,0.88,1.00,0.20,0.80,1.00,DATA_MISSING,KEEP_SEPARATE,títulos parecidos pero fórmula/inputs distintos
https://hacecuentas.com/en/cone-volume-radius-height,https://hacecuentas.com/en/cylinder-volume-radius-height,EN,mathematics,0.30,0.56,0.60,0.80,1.00,DATA_MISSING,KEEP_SEPARATE,títulos parecidos pero fórmula/inputs distintos
https://hacecuentas.com/pt/fator-r-simples-nacional-anexo-iii-vs-v,https://hacecuentas.com/pt/simples-nacional-anexo-v-profissional-liberal,PT,taxes,0.64,0.64,0.40,0.80,1.00,DATA_MISSING,KEEP_SEPARATE,títulos parecidos pero fórmula/inputs distintos
https://hacecuentas.com/calculadora-conversor-talles-calzado-us-ar-eu,https://hacecuentas.com/calculadora-conversor-talles-ropa-us-ar-eu,AR,utilities,0.40,0.71,0.71,0.67,0.67,DATA_MISSING,KEEP_SEPARATE,títulos parecidos pero fórmula/inputs distintos
https://hacecuentas.com/pt/aposentadoria-inss-transicao-pedagio-100,https://hacecuentas.com/pt/aposentadoria-inss-transicao-pedagio-50,PT,savings,0.67,0.75,0.67,0.60,0.75,DATA_MISSING,KEEP_SEPARATE,títulos parecidos pero fórmula/inputs distintos
https://hacecuentas.com/calculadora-vacunas-perro-calendario-cachorro,https://hacecuentas.com/calculadora-vacunas-perro-calendario,AR,pets_non_medical,0.43,0.29,0.75,0.53,0.67,DATA_MISSING,KEEP_SEPARATE,títulos parecidos pero fórmula/inputs distintos
https://hacecuentas.com/pt/simples-nacional-anexo-i-comercio,https://hacecuentas.com/pt/simples-nacional-anexo-iii-servicos,PT,taxes,0.64,0.54,0.43,0.53,0.67,DATA_MISSING,KEEP_SEPARATE,títulos parecidos pero fórmula/inputs distintos
https://hacecuentas.com/pt/aposentadoria-inss-idade-65-mulher-62-homem,https://hacecuentas.com/pt/aposentadoria-inss-professor-redutor-5-anos,PT,savings,0.60,0.09,0.18,0.48,0.60,DATA_MISSING,KEEP_SEPARATE,títulos parecidos pero fórmula/inputs distintos
