url_a,url_b,cluster,formula_similarity,input_similarity,recommended_action,reason
https://hacecuentas.com/calculadora-1rm-press-banca-estimador,https://hacecuentas.com/calculadora-1rm-sentadilla-estimador,sports_non_medical,1.00,1.00,MANUAL_REVIEW,"alta similitud (formula=1.00 input=1.00) pero sin evidencia de merge — revisar a mano"
https://hacecuentas.com/calculadora-calorias-saltar-cuerda-minutos,https://hacecuentas.com/calculadora-calorias-remo-indoor-ergometro,sports_non_medical,1.00,1.00,MANUAL_REVIEW,"alta similitud (formula=1.00 input=1.00) pero sin evidencia de merge — revisar a mano"
https://hacecuentas.com/calculadora-calorias-quemadas-deporte,https://hacecuentas.com/calculadora-calorias-ski-snowboard-montana,sports_non_medical,1.00,1.00,MANUAL_REVIEW,"alta similitud (formula=1.00 input=1.00) pero sin evidencia de merge — revisar a mano"
https://hacecuentas.com/calculadora-plan-entrenamiento-21k-semi-maraton-semanas,https://hacecuentas.com/calculadora-plan-entrenamiento-5k-semanas,sports_non_medical,1.00,1.00,MANUAL_REVIEW,"alta similitud (formula=1.00 input=1.00) pero sin evidencia de merge — revisar a mano"
https://hacecuentas.com/calculadora-plan-entrenamiento-21k-semi-maraton-semanas,https://hacecuentas.com/calculadora-plan-entrenamiento-maraton-42k-semanas,sports_non_medical,1.00,1.00,MANUAL_REVIEW,"alta similitud (formula=1.00 input=1.00) pero sin evidencia de merge — revisar a mano"
https://hacecuentas.com/calculadora-plan-entrenamiento-5k-semanas,https://hacecuentas.com/calculadora-plan-entrenamiento-maraton-42k-semanas,sports_non_medical,1.00,1.00,MANUAL_REVIEW,"alta similitud (formula=1.00 input=1.00) pero sin evidencia de merge — revisar a mano"
https://hacecuentas.com/calculadora-fructosa-malabsorcion,https://hacecuentas.com/calculadora-lactosa-alimento-intolerancia,health_low_risk,1.00,1.00,MANUAL_REVIEW,"alta similitud (formula=1.00 input=1.00) pero sin evidencia de merge — revisar a mano"
https://hacecuentas.com/calculadora-fructosa-malabsorcion,https://hacecuentas.com/calculadora-oxalatos-calculos-renales,health_low_risk,1.00,1.00,MANUAL_REVIEW,"alta similitud (formula=1.00 input=1.00) pero sin evidencia de merge — revisar a mano"
https://hacecuentas.com/calculadora-indice-glucemico-por-alimento,https://hacecuentas.com/calculadora-indice-saciedad-alimento,health_low_risk,1.00,1.00,DIFFERENTIATE,"fórmula parecida pero difieren en régimen/bruto-neto/período/rol → diferenciar, NO redirigir"
https://hacecuentas.com/calculadora-indice-glucemico-por-alimento,https://hacecuentas.com/calculadora-pH-alimento-alcalinidad,health_low_risk,1.00,1.00,MANUAL_REVIEW,"alta similitud (formula=1.00 input=1.00) pero sin evidencia de merge — revisar a mano"
https://hacecuentas.com/calculadora-indice-saciedad-alimento,https://hacecuentas.com/calculadora-pH-alimento-alcalinidad,health_low_risk,1.00,1.00,MANUAL_REVIEW,"alta similitud (formula=1.00 input=1.00) pero sin evidencia de merge — revisar a mano"
https://hacecuentas.com/calculadora-lactosa-alimento-intolerancia,https://hacecuentas.com/calculadora-oxalatos-calculos-renales,health_low_risk,1.00,1.00,MANUAL_REVIEW,"alta similitud (formula=1.00 input=1.00) pero sin evidencia de merge — revisar a mano"
https://hacecuentas.com/calculadora-macros-mediterranea,https://hacecuentas.com/calculadora-macros-paleo-dieta,health_low_risk,1.00,1.00,MANUAL_REVIEW,"alta similitud (formula=1.00 input=1.00) pero sin evidencia de merge — revisar a mano"
https://hacecuentas.com/calculadora-angel-guardian-fecha,https://hacecuentas.com/calculadora-biorhythm,utilities,1.00,1.00,MANUAL_REVIEW,"alta similitud (formula=1.00 input=1.00) pero sin evidencia de merge — revisar a mano"
https://hacecuentas.com/calculadora-que-generacion-sos,https://hacecuentas.com/calculadora-generacion-perteneces,utilities,1.00,1.00,MANUAL_REVIEW,"alta similitud (formula=1.00 input=1.00) pero sin evidencia de merge — revisar a mano"
https://hacecuentas.com/calculadora-deep-work-cal-newport-horas-maximo-diario,https://hacecuentas.com/calculadora-scrum-sprint-velocity-story-points,utilities,1.00,1.00,MANUAL_REVIEW,"alta similitud (formula=1.00 input=1.00) pero sin evidencia de merge — revisar a mano"
https://hacecuentas.com/calculadora-deep-work-cal-newport-horas-maximo-diario,https://hacecuentas.com/calculadora-smart-goals-objetivos-metodologia-meta,utilities,1.00,1.00,MANUAL_REVIEW,"alta similitud (formula=1.00 input=1.00) pero sin evidencia de merge — revisar a mano"
https://hacecuentas.com/calculadora-dia-nacimiento-semana,https://hacecuentas.com/calculadora-edad-en-dias,utilities,1.00,1.00,MANUAL_REVIEW,"alta similitud (formula=1.00 input=1.00) pero sin evidencia de merge — revisar a mano"
https://hacecuentas.com/calculadora-dia-nacimiento-semana,https://hacecuentas.com/calculadora-edad-planeta,utilities,1.00,1.00,MANUAL_REVIEW,"alta similitud (formula=1.00 input=1.00) pero sin evidencia de merge — revisar a mano"
https://hacecuentas.com/calculadora-edad-en-dias,https://hacecuentas.com/calculadora-edad-planeta,utilities,1.00,1.00,DIFFERENTIATE,"fórmula parecida pero difieren en régimen/bruto-neto/período/rol → diferenciar, NO redirigir"
https://hacecuentas.com/calculadora-edad-en-semanas,https://hacecuentas.com/calculadora-fecha-10000-dias,utilities,1.00,1.00,MANUAL_REVIEW,"alta similitud (formula=1.00 input=1.00) pero sin evidencia de merge — revisar a mano"
https://hacecuentas.com/calculadora-scrum-sprint-velocity-story-points,https://hacecuentas.com/calculadora-smart-goals-objetivos-metodologia-meta,utilities,1.00,1.00,MANUAL_REVIEW,"alta similitud (formula=1.00 input=1.00) pero sin evidencia de merge — revisar a mano"
https://hacecuentas.com/calculadora-conversion-torque-nm-lb-ft-kgm,https://hacecuentas.com/calculadora-presion-neumatico-psi-bar-auto,automotive,1.00,1.00,MANUAL_REVIEW,"alta similitud (formula=1.00 input=1.00) pero sin evidencia de merge — revisar a mano"
https://hacecuentas.com/calculadora-conversor-btu-a-joules,https://hacecuentas.com/calculadora-conversor-calorias-a-joules,statistics,1.00,1.00,MANUAL_REVIEW,"alta similitud (formula=1.00 input=1.00) pero sin evidencia de merge — revisar a mano"
https://hacecuentas.com/calculadora-conversor-btu-a-joules,https://hacecuentas.com/calculadora-conversor-celsius-a-kelvin,statistics,1.00,1.00,MANUAL_REVIEW,"alta similitud (formula=1.00 input=1.00) pero sin evidencia de merge — revisar a mano"
https://hacecuentas.com/calculadora-conversor-btu-a-joules,https://hacecuentas.com/calculadora-conversor-kw-a-hp,statistics,1.00,1.00,MANUAL_REVIEW,"alta similitud (formula=1.00 input=1.00) pero sin evidencia de merge — revisar a mano"
https://hacecuentas.com/calculadora-conversor-btu-a-joules,https://hacecuentas.com/calculadora-conversor-kwh-a-joules,statistics,1.00,1.00,MANUAL_REVIEW,"alta similitud (formula=1.00 input=1.00) pero sin evidencia de merge — revisar a mano"
https://hacecuentas.com/calculadora-conversor-btu-a-joules,https://hacecuentas.com/calculadora-conversor-micrometros-a-milimetros,statistics,1.00,1.00,MANUAL_REVIEW,"alta similitud (formula=1.00 input=1.00) pero sin evidencia de merge — revisar a mano"
https://hacecuentas.com/calculadora-conversor-btu-a-joules,https://hacecuentas.com/calculadora-conversor-milisegundos-a-segundos,statistics,1.00,1.00,MANUAL_REVIEW,"alta similitud (formula=1.00 input=1.00) pero sin evidencia de merge — revisar a mano"
https://hacecuentas.com/calculadora-conversor-btu-a-joules,https://hacecuentas.com/calculadora-conversor-psi-a-bar,statistics,1.00,1.00,MANUAL_REVIEW,"alta similitud (formula=1.00 input=1.00) pero sin evidencia de merge — revisar a mano"
https://hacecuentas.com/calculadora-conversor-calorias-a-joules,https://hacecuentas.com/calculadora-conversor-celsius-a-kelvin,statistics,1.00,1.00,MANUAL_REVIEW,"alta similitud (formula=1.00 input=1.00) pero sin evidencia de merge — revisar a mano"
https://hacecuentas.com/calculadora-conversor-calorias-a-joules,https://hacecuentas.com/calculadora-conversor-kw-a-hp,statistics,1.00,1.00,MANUAL_REVIEW,"alta similitud (formula=1.00 input=1.00) pero sin evidencia de merge — revisar a mano"
https://hacecuentas.com/calculadora-conversor-calorias-a-joules,https://hacecuentas.com/calculadora-conversor-kwh-a-joules,statistics,1.00,1.00,MANUAL_REVIEW,"alta similitud (formula=1.00 input=1.00) pero sin evidencia de merge — revisar a mano"
https://hacecuentas.com/calculadora-conversor-calorias-a-joules,https://hacecuentas.com/calculadora-conversor-micrometros-a-milimetros,statistics,1.00,1.00,MANUAL_REVIEW,"alta similitud (formula=1.00 input=1.00) pero sin evidencia de merge — revisar a mano"
https://hacecuentas.com/calculadora-conversor-calorias-a-joules,https://hacecuentas.com/calculadora-conversor-milisegundos-a-segundos,statistics,1.00,1.00,MANUAL_REVIEW,"alta similitud (formula=1.00 input=1.00) pero sin evidencia de merge — revisar a mano"
https://hacecuentas.com/calculadora-conversor-calorias-a-joules,https://hacecuentas.com/calculadora-conversor-psi-a-bar,statistics,1.00,1.00,MANUAL_REVIEW,"alta similitud (formula=1.00 input=1.00) pero sin evidencia de merge — revisar a mano"
https://hacecuentas.com/calculadora-conversor-celsius-a-kelvin,https://hacecuentas.com/calculadora-conversor-kw-a-hp,statistics,1.00,1.00,MANUAL_REVIEW,"alta similitud (formula=1.00 input=1.00) pero sin evidencia de merge — revisar a mano"
https://hacecuentas.com/calculadora-conversor-celsius-a-kelvin,https://hacecuentas.com/calculadora-conversor-kwh-a-joules,statistics,1.00,1.00,MANUAL_REVIEW,"alta similitud (formula=1.00 input=1.00) pero sin evidencia de merge — revisar a mano"
https://hacecuentas.com/calculadora-conversor-celsius-a-kelvin,https://hacecuentas.com/calculadora-conversor-micrometros-a-milimetros,statistics,1.00,1.00,MANUAL_REVIEW,"alta similitud (formula=1.00 input=1.00) pero sin evidencia de merge — revisar a mano"
https://hacecuentas.com/calculadora-conversor-celsius-a-kelvin,https://hacecuentas.com/calculadora-conversor-milisegundos-a-segundos,statistics,1.00,1.00,MANUAL_REVIEW,"alta similitud (formula=1.00 input=1.00) pero sin evidencia de merge — revisar a mano"
https://hacecuentas.com/calculadora-conversor-celsius-a-kelvin,https://hacecuentas.com/calculadora-conversor-psi-a-bar,statistics,1.00,1.00,MANUAL_REVIEW,"alta similitud (formula=1.00 input=1.00) pero sin evidencia de merge — revisar a mano"
https://hacecuentas.com/calculadora-conversor-kw-a-hp,https://hacecuentas.com/calculadora-conversor-kwh-a-joules,statistics,1.00,1.00,MANUAL_REVIEW,"alta similitud (formula=1.00 input=1.00) pero sin evidencia de merge — revisar a mano"
https://hacecuentas.com/calculadora-conversor-kw-a-hp,https://hacecuentas.com/calculadora-conversor-micrometros-a-milimetros,statistics,1.00,1.00,MANUAL_REVIEW,"alta similitud (formula=1.00 input=1.00) pero sin evidencia de merge — revisar a mano"
https://hacecuentas.com/calculadora-conversor-kw-a-hp,https://hacecuentas.com/calculadora-conversor-milisegundos-a-segundos,statistics,1.00,1.00,MANUAL_REVIEW,"alta similitud (formula=1.00 input=1.00) pero sin evidencia de merge — revisar a mano"
https://hacecuentas.com/calculadora-conversor-kw-a-hp,https://hacecuentas.com/calculadora-conversor-psi-a-bar,statistics,1.00,1.00,MANUAL_REVIEW,"alta similitud (formula=1.00 input=1.00) pero sin evidencia de merge — revisar a mano"
https://hacecuentas.com/calculadora-conversor-kwh-a-joules,https://hacecuentas.com/calculadora-conversor-micrometros-a-milimetros,statistics,1.00,1.00,MANUAL_REVIEW,"alta similitud (formula=1.00 input=1.00) pero sin evidencia de merge — revisar a mano"
https://hacecuentas.com/calculadora-conversor-kwh-a-joules,https://hacecuentas.com/calculadora-conversor-milisegundos-a-segundos,statistics,1.00,1.00,MANUAL_REVIEW,"alta similitud (formula=1.00 input=1.00) pero sin evidencia de merge — revisar a mano"
https://hacecuentas.com/calculadora-conversor-kwh-a-joules,https://hacecuentas.com/calculadora-conversor-psi-a-bar,statistics,1.00,1.00,MANUAL_REVIEW,"alta similitud (formula=1.00 input=1.00) pero sin evidencia de merge — revisar a mano"
https://hacecuentas.com/calculadora-conversor-micrometros-a-milimetros,https://hacecuentas.com/calculadora-conversor-milisegundos-a-segundos,statistics,1.00,1.00,MANUAL_REVIEW,"alta similitud (formula=1.00 input=1.00) pero sin evidencia de merge — revisar a mano"
https://hacecuentas.com/calculadora-conversor-micrometros-a-milimetros,https://hacecuentas.com/calculadora-conversor-psi-a-bar,statistics,1.00,1.00,MANUAL_REVIEW,"alta similitud (formula=1.00 input=1.00) pero sin evidencia de merge — revisar a mano"
https://hacecuentas.com/calculadora-conversor-milisegundos-a-segundos,https://hacecuentas.com/calculadora-conversor-psi-a-bar,statistics,1.00,1.00,MANUAL_REVIEW,"alta similitud (formula=1.00 input=1.00) pero sin evidencia de merge — revisar a mano"
https://hacecuentas.com/calculadora-beca-promedio-minimo-requisito-universidades,https://hacecuentas.com/calculadora-duolingo-tiempo-dia-nivel-mcer-progreso,education,1.00,1.00,MANUAL_REVIEW,"alta similitud (formula=1.00 input=1.00) pero sin evidencia de merge — revisar a mano"
https://hacecuentas.com/calculadora-beca-promedio-minimo-requisito-universidades,https://hacecuentas.com/calculadora-gpa-promedio-americano-escala-4-0,education,1.00,1.00,MANUAL_REVIEW,"alta similitud (formula=1.00 input=1.00) pero sin evidencia de merge — revisar a mano"
https://hacecuentas.com/calculadora-beca-promedio-minimo-requisito-universidades,https://hacecuentas.com/calculadora-horas-maestria-curva-aprendizaje-80-20,education,1.00,1.00,MANUAL_REVIEW,"alta similitud (formula=1.00 input=1.00) pero sin evidencia de merge — revisar a mano"
https://hacecuentas.com/calculadora-beca-promedio-minimo-requisito-universidades,https://hacecuentas.com/calculadora-horas-practica-10000-maestria-gladwell,education,1.00,1.00,MANUAL_REVIEW,"alta similitud (formula=1.00 input=1.00) pero sin evidencia de merge — revisar a mano"
https://hacecuentas.com/calculadora-beca-promedio-minimo-requisito-universidades,https://hacecuentas.com/calculadora-ingles-nivel-mcer-horas-estudio-fsi,education,1.00,1.00,MANUAL_REVIEW,"alta similitud (formula=1.00 input=1.00) pero sin evidencia de merge — revisar a mano"
https://hacecuentas.com/calculadora-beca-promedio-minimo-requisito-universidades,https://hacecuentas.com/calculadora-tiempo-estudio-examen-dificultad-paginas,education,1.00,1.00,MANUAL_REVIEW,"alta similitud (formula=1.00 input=1.00) pero sin evidencia de merge — revisar a mano"
https://hacecuentas.com/calculadora-horas-aprender-aleman-c1,https://hacecuentas.com/calculadora-horas-aprender-ingles-nivel-c1,education,1.00,1.00,MANUAL_REVIEW,"alta similitud (formula=1.00 input=1.00) pero sin evidencia de merge — revisar a mano"
https://hacecuentas.com/calculadora-horas-aprender-aleman-c1,https://hacecuentas.com/calculadora-horas-aprender-italiano-b1,education,1.00,1.00,MANUAL_REVIEW,"alta similitud (formula=1.00 input=1.00) pero sin evidencia de merge — revisar a mano"
https://hacecuentas.com/calculadora-horas-aprender-aleman-c1,https://hacecuentas.com/calculadora-horas-aprender-portugues-b2,education,1.00,1.00,MANUAL_REVIEW,"alta similitud (formula=1.00 input=1.00) pero sin evidencia de merge — revisar a mano"
https://hacecuentas.com/calculadora-horas-aprender-ingles-nivel-c1,https://hacecuentas.com/calculadora-horas-aprender-italiano-b1,education,1.00,1.00,MANUAL_REVIEW,"alta similitud (formula=1.00 input=1.00) pero sin evidencia de merge — revisar a mano"
https://hacecuentas.com/calculadora-horas-aprender-ingles-nivel-c1,https://hacecuentas.com/calculadora-horas-aprender-portugues-b2,education,1.00,1.00,MANUAL_REVIEW,"alta similitud (formula=1.00 input=1.00) pero sin evidencia de merge — revisar a mano"
https://hacecuentas.com/calculadora-horas-aprender-italiano-b1,https://hacecuentas.com/calculadora-horas-aprender-portugues-b2,education,1.00,1.00,MANUAL_REVIEW,"alta similitud (formula=1.00 input=1.00) pero sin evidencia de merge — revisar a mano"
https://hacecuentas.com/calculadora-dictado-velocidad-palabras-escuchar-idioma,https://hacecuentas.com/calculadora-peliculas-sin-subtitulos-horas-idioma,education,1.00,1.00,MANUAL_REVIEW,"alta similitud (formula=1.00 input=1.00) pero sin evidencia de merge — revisar a mano"
https://hacecuentas.com/calculadora-dictado-velocidad-palabras-escuchar-idioma,https://hacecuentas.com/calculadora-vocabulario-nivel-mcer-a1-c2-palabras,education,1.00,1.00,MANUAL_REVIEW,"alta similitud (formula=1.00 input=1.00) pero sin evidencia de merge — revisar a mano"
https://hacecuentas.com/calculadora-duolingo-tiempo-dia-nivel-mcer-progreso,https://hacecuentas.com/calculadora-gpa-promedio-americano-escala-4-0,education,1.00,1.00,MANUAL_REVIEW,"alta similitud (formula=1.00 input=1.00) pero sin evidencia de merge — revisar a mano"
https://hacecuentas.com/calculadora-duolingo-tiempo-dia-nivel-mcer-progreso,https://hacecuentas.com/calculadora-horas-maestria-curva-aprendizaje-80-20,education,1.00,1.00,MANUAL_REVIEW,"alta similitud (formula=1.00 input=1.00) pero sin evidencia de merge — revisar a mano"
https://hacecuentas.com/calculadora-duolingo-tiempo-dia-nivel-mcer-progreso,https://hacecuentas.com/calculadora-horas-practica-10000-maestria-gladwell,education,1.00,1.00,MANUAL_REVIEW,"alta similitud (formula=1.00 input=1.00) pero sin evidencia de merge — revisar a mano"
https://hacecuentas.com/calculadora-duolingo-tiempo-dia-nivel-mcer-progreso,https://hacecuentas.com/calculadora-ingles-nivel-mcer-horas-estudio-fsi,education,1.00,1.00,MANUAL_REVIEW,"alta similitud (formula=1.00 input=1.00) pero sin evidencia de merge — revisar a mano"
https://hacecuentas.com/calculadora-duolingo-tiempo-dia-nivel-mcer-progreso,https://hacecuentas.com/calculadora-tiempo-estudio-examen-dificultad-paginas,education,1.00,1.00,MANUAL_REVIEW,"alta similitud (formula=1.00 input=1.00) pero sin evidencia de merge — revisar a mano"
https://hacecuentas.com/calculadora-gpa-promedio-americano-escala-4-0,https://hacecuentas.com/calculadora-horas-maestria-curva-aprendizaje-80-20,education,1.00,1.00,MANUAL_REVIEW,"alta similitud (formula=1.00 input=1.00) pero sin evidencia de merge — revisar a mano"
https://hacecuentas.com/calculadora-gpa-promedio-americano-escala-4-0,https://hacecuentas.com/calculadora-horas-practica-10000-maestria-gladwell,education,1.00,1.00,MANUAL_REVIEW,"alta similitud (formula=1.00 input=1.00) pero sin evidencia de merge — revisar a mano"
https://hacecuentas.com/calculadora-gpa-promedio-americano-escala-4-0,https://hacecuentas.com/calculadora-ingles-nivel-mcer-horas-estudio-fsi,education,1.00,1.00,MANUAL_REVIEW,"alta similitud (formula=1.00 input=1.00) pero sin evidencia de merge — revisar a mano"
https://hacecuentas.com/calculadora-gpa-promedio-americano-escala-4-0,https://hacecuentas.com/calculadora-tiempo-estudio-examen-dificultad-paginas,education,1.00,1.00,MANUAL_REVIEW,"alta similitud (formula=1.00 input=1.00) pero sin evidencia de merge — revisar a mano"
https://hacecuentas.com/calculadora-horas-maestria-curva-aprendizaje-80-20,https://hacecuentas.com/calculadora-horas-practica-10000-maestria-gladwell,education,1.00,1.00,MANUAL_REVIEW,"alta similitud (formula=1.00 input=1.00) pero sin evidencia de merge — revisar a mano"
https://hacecuentas.com/calculadora-horas-maestria-curva-aprendizaje-80-20,https://hacecuentas.com/calculadora-ingles-nivel-mcer-horas-estudio-fsi,education,1.00,1.00,MANUAL_REVIEW,"alta similitud (formula=1.00 input=1.00) pero sin evidencia de merge — revisar a mano"
https://hacecuentas.com/calculadora-horas-maestria-curva-aprendizaje-80-20,https://hacecuentas.com/calculadora-tiempo-estudio-examen-dificultad-paginas,education,1.00,1.00,MANUAL_REVIEW,"alta similitud (formula=1.00 input=1.00) pero sin evidencia de merge — revisar a mano"
https://hacecuentas.com/calculadora-horas-practica-10000-maestria-gladwell,https://hacecuentas.com/calculadora-ingles-nivel-mcer-horas-estudio-fsi,education,1.00,1.00,MANUAL_REVIEW,"alta similitud (formula=1.00 input=1.00) pero sin evidencia de merge — revisar a mano"
https://hacecuentas.com/calculadora-horas-practica-10000-maestria-gladwell,https://hacecuentas.com/calculadora-tiempo-estudio-examen-dificultad-paginas,education,1.00,1.00,MANUAL_REVIEW,"alta similitud (formula=1.00 input=1.00) pero sin evidencia de merge — revisar a mano"
https://hacecuentas.com/calculadora-ingles-nivel-mcer-horas-estudio-fsi,https://hacecuentas.com/calculadora-tiempo-estudio-examen-dificultad-paginas,education,1.00,1.00,MANUAL_REVIEW,"alta similitud (formula=1.00 input=1.00) pero sin evidencia de merge — revisar a mano"
https://hacecuentas.com/calculadora-peliculas-sin-subtitulos-horas-idioma,https://hacecuentas.com/calculadora-vocabulario-nivel-mcer-a1-c2-palabras,education,1.00,1.00,MANUAL_REVIEW,"alta similitud (formula=1.00 input=1.00) pero sin evidencia de merge — revisar a mano"
https://hacecuentas.com/calculadora-conversor-bolsas-cemento-por-metro-cubico,https://hacecuentas.com/calculadora-conversor-litros-pintura-por-metro-cuadrado,construction,1.00,1.00,MANUAL_REVIEW,"alta similitud (formula=1.00 input=1.00) pero sin evidencia de merge — revisar a mano"
https://hacecuentas.com/calculadora-conversor-bolsas-cemento-por-metro-cubico,https://hacecuentas.com/calculadora-conversor-pie-tabla-a-metro-cubico,construction,1.00,1.00,MANUAL_REVIEW,"alta similitud (formula=1.00 input=1.00) pero sin evidencia de merge — revisar a mano"
https://hacecuentas.com/calculadora-conversor-litros-pintura-por-metro-cuadrado,https://hacecuentas.com/calculadora-conversor-pie-tabla-a-metro-cubico,construction,1.00,1.00,MANUAL_REVIEW,"alta similitud (formula=1.00 input=1.00) pero sin evidencia de merge — revisar a mano"
https://hacecuentas.com/calculadora-millas-american-aa-destino,https://hacecuentas.com/calculadora-millas-avianca-lifemiles,travel,1.00,1.00,MANUAL_REVIEW,"alta similitud (formula=1.00 input=1.00) pero sin evidencia de merge — revisar a mano"
https://hacecuentas.com/calculadora-millas-american-aa-destino,https://hacecuentas.com/calculadora-millas-delta-skymiles,travel,1.00,1.00,MANUAL_REVIEW,"alta similitud (formula=1.00 input=1.00) pero sin evidencia de merge — revisar a mano"
https://hacecuentas.com/calculadora-millas-american-aa-destino,https://hacecuentas.com/calculadora-millas-latam-destino,travel,1.00,1.00,MANUAL_REVIEW,"alta similitud (formula=1.00 input=1.00) pero sin evidencia de merge — revisar a mano"
https://hacecuentas.com/calculadora-millas-american-aa-destino,https://hacecuentas.com/calculadora-millas-united-mileageplus,travel,1.00,1.00,MANUAL_REVIEW,"alta similitud (formula=1.00 input=1.00) pero sin evidencia de merge — revisar a mano"
https://hacecuentas.com/calculadora-millas-avianca-lifemiles,https://hacecuentas.com/calculadora-millas-delta-skymiles,travel,1.00,1.00,MANUAL_REVIEW,"alta similitud (formula=1.00 input=1.00) pero sin evidencia de merge — revisar a mano"
https://hacecuentas.com/calculadora-millas-avianca-lifemiles,https://hacecuentas.com/calculadora-millas-latam-destino,travel,1.00,1.00,MANUAL_REVIEW,"alta similitud (formula=1.00 input=1.00) pero sin evidencia de merge — revisar a mano"
https://hacecuentas.com/calculadora-millas-avianca-lifemiles,https://hacecuentas.com/calculadora-millas-united-mileageplus,travel,1.00,1.00,MANUAL_REVIEW,"alta similitud (formula=1.00 input=1.00) pero sin evidencia de merge — revisar a mano"
https://hacecuentas.com/calculadora-millas-delta-skymiles,https://hacecuentas.com/calculadora-millas-latam-destino,travel,1.00,1.00,MANUAL_REVIEW,"alta similitud (formula=1.00 input=1.00) pero sin evidencia de merge — revisar a mano"
https://hacecuentas.com/calculadora-millas-delta-skymiles,https://hacecuentas.com/calculadora-millas-united-mileageplus,travel,1.00,1.00,MANUAL_REVIEW,"alta similitud (formula=1.00 input=1.00) pero sin evidencia de merge — revisar a mano"
https://hacecuentas.com/calculadora-millas-latam-destino,https://hacecuentas.com/calculadora-millas-united-mileageplus,travel,1.00,1.00,MANUAL_REVIEW,"alta similitud (formula=1.00 input=1.00) pero sin evidencia de merge — revisar a mano"
https://hacecuentas.com/calculadora-presupuesto-viaje-dubai,https://hacecuentas.com/calculadora-presupuesto-viaje-lima-peru,travel,1.00,1.00,MANUAL_REVIEW,"alta similitud (formula=1.00 input=1.00) pero sin evidencia de merge — revisar a mano"
https://hacecuentas.com/calculadora-presupuesto-viaje-dubai,https://hacecuentas.com/calculadora-presupuesto-viaje-madrid,travel,1.00,1.00,DIFFERENTIATE,"fórmula parecida pero difieren en régimen/bruto-neto/período/rol → diferenciar, NO redirigir"
https://hacecuentas.com/calculadora-presupuesto-viaje-dubai,https://hacecuentas.com/calculadora-presupuesto-viaje-rio-janeiro,travel,1.00,1.00,MANUAL_REVIEW,"alta similitud (formula=1.00 input=1.00) pero sin evidencia de merge — revisar a mano"
https://hacecuentas.com/calculadora-presupuesto-viaje-dubai,https://hacecuentas.com/calculadora-presupuesto-viaje-santiago-chile,travel,1.00,1.00,MANUAL_REVIEW,"alta similitud (formula=1.00 input=1.00) pero sin evidencia de merge — revisar a mano"
https://hacecuentas.com/calculadora-presupuesto-viaje-lima-peru,https://hacecuentas.com/calculadora-presupuesto-viaje-madrid,travel,1.00,1.00,MANUAL_REVIEW,"alta similitud (formula=1.00 input=1.00) pero sin evidencia de merge — revisar a mano"
https://hacecuentas.com/calculadora-presupuesto-viaje-lima-peru,https://hacecuentas.com/calculadora-presupuesto-viaje-rio-janeiro,travel,1.00,1.00,MANUAL_REVIEW,"alta similitud (formula=1.00 input=1.00) pero sin evidencia de merge — revisar a mano"
https://hacecuentas.com/calculadora-presupuesto-viaje-lima-peru,https://hacecuentas.com/calculadora-presupuesto-viaje-santiago-chile,travel,1.00,1.00,MANUAL_REVIEW,"alta similitud (formula=1.00 input=1.00) pero sin evidencia de merge — revisar a mano"
https://hacecuentas.com/calculadora-presupuesto-viaje-madrid,https://hacecuentas.com/calculadora-presupuesto-viaje-rio-janeiro,travel,1.00,1.00,MANUAL_REVIEW,"alta similitud (formula=1.00 input=1.00) pero sin evidencia de merge — revisar a mano"
https://hacecuentas.com/calculadora-presupuesto-viaje-madrid,https://hacecuentas.com/calculadora-presupuesto-viaje-santiago-chile,travel,1.00,1.00,MANUAL_REVIEW,"alta similitud (formula=1.00 input=1.00) pero sin evidencia de merge — revisar a mano"
https://hacecuentas.com/calculadora-presupuesto-viaje-rio-janeiro,https://hacecuentas.com/calculadora-presupuesto-viaje-santiago-chile,travel,1.00,1.00,MANUAL_REVIEW,"alta similitud (formula=1.00 input=1.00) pero sin evidencia de merge — revisar a mano"
https://hacecuentas.com/calculadora-visa-japon-argentino,https://hacecuentas.com/calculadora-visa-schengen-europa-requisitos,travel,1.00,1.00,MANUAL_REVIEW,"alta similitud (formula=1.00 input=1.00) pero sin evidencia de merge — revisar a mano"
https://hacecuentas.com/calculadora-horas-luz-dia-fecha-latitud,https://hacecuentas.com/calculadora-retraso-amanecer-atardecer-minutos-dia,other,1.00,1.00,MANUAL_REVIEW,"alta similitud (formula=1.00 input=1.00) pero sin evidencia de merge — revisar a mano"
https://hacecuentas.com/calculadora-calendario-siembra-hemisferio-norte,https://hacecuentas.com/calculadora-calendario-siembra-hemisferio-sur,other,1.00,1.00,MANUAL_REVIEW,"alta similitud (formula=1.00 input=1.00) pero sin evidencia de merge — revisar a mano"
https://hacecuentas.com/calculadora-conversor-bits-a-bytes,https://hacecuentas.com/calculadora-conversor-kb-a-mb,other,1.00,1.00,MANUAL_REVIEW,"alta similitud (formula=1.00 input=1.00) pero sin evidencia de merge — revisar a mano"
https://hacecuentas.com/calculadora-conversor-bits-a-bytes,https://hacecuentas.com/calculadora-conversor-mb-a-gb,other,1.00,1.00,MANUAL_REVIEW,"alta similitud (formula=1.00 input=1.00) pero sin evidencia de merge — revisar a mano"
https://hacecuentas.com/calculadora-conversor-bits-a-bytes,https://hacecuentas.com/calculadora-conversor-mbps-a-mb-s,other,1.00,1.00,MANUAL_REVIEW,"alta similitud (formula=1.00 input=1.00) pero sin evidencia de merge — revisar a mano"
https://hacecuentas.com/calculadora-conversor-bits-a-bytes,https://hacecuentas.com/calculadora-conversor-tb-a-gb,other,1.00,1.00,MANUAL_REVIEW,"alta similitud (formula=1.00 input=1.00) pero sin evidencia de merge — revisar a mano"
https://hacecuentas.com/calculadora-conversor-kb-a-mb,https://hacecuentas.com/calculadora-conversor-mb-a-gb,other,1.00,1.00,MANUAL_REVIEW,"alta similitud (formula=1.00 input=1.00) pero sin evidencia de merge — revisar a mano"
https://hacecuentas.com/calculadora-conversor-kb-a-mb,https://hacecuentas.com/calculadora-conversor-mbps-a-mb-s,other,1.00,1.00,MANUAL_REVIEW,"alta similitud (formula=1.00 input=1.00) pero sin evidencia de merge — revisar a mano"
https://hacecuentas.com/calculadora-conversor-kb-a-mb,https://hacecuentas.com/calculadora-conversor-tb-a-gb,other,1.00,1.00,MANUAL_REVIEW,"alta similitud (formula=1.00 input=1.00) pero sin evidencia de merge — revisar a mano"
https://hacecuentas.com/calculadora-conversor-mb-a-gb,https://hacecuentas.com/calculadora-conversor-mbps-a-mb-s,other,1.00,1.00,MANUAL_REVIEW,"alta similitud (formula=1.00 input=1.00) pero sin evidencia de merge — revisar a mano"
https://hacecuentas.com/calculadora-conversor-mb-a-gb,https://hacecuentas.com/calculadora-conversor-tb-a-gb,other,1.00,1.00,MANUAL_REVIEW,"alta similitud (formula=1.00 input=1.00) pero sin evidencia de merge — revisar a mano"
https://hacecuentas.com/calculadora-conversor-mbps-a-mb-s,https://hacecuentas.com/calculadora-conversor-tb-a-gb,other,1.00,1.00,MANUAL_REVIEW,"alta similitud (formula=1.00 input=1.00) pero sin evidencia de merge — revisar a mano"
https://hacecuentas.com/calculadora-cosecha-esperada-huerta-kg,https://hacecuentas.com/calculadora-semillas-por-m2-huerta,other,1.00,1.00,MANUAL_REVIEW,"alta similitud (formula=1.00 input=1.00) pero sin evidencia de merge — revisar a mano"
https://hacecuentas.com/calculadora-hitos-desarrollo-bebe-edad-meses,https://hacecuentas.com/calculadora-vacunas-faltantes-bebe-edad-meses,other,1.00,1.00,MANUAL_REVIEW,"alta similitud (formula=1.00 input=1.00) pero sin evidencia de merge — revisar a mano"
https://hacecuentas.com/calculadora-presupuesto-casamiento-por-invitado,https://hacecuentas.com/calculadora-presupuesto-cumple-15-quinceanera,food,1.00,1.00,MANUAL_REVIEW,"alta similitud (formula=1.00 input=1.00) pero sin evidencia de merge — revisar a mano"
https://hacecuentas.com/calculadora-conversion-temperaturas-horno-gas-electrico,https://hacecuentas.com/calculadora-tiempos-coccion-verduras-al-vapor-hervido,food,1.00,1.00,MANUAL_REVIEW,"alta similitud (formula=1.00 input=1.00) pero sin evidencia de merge — revisar a mano"
https://hacecuentas.com/calculadora-conversor-fahrenheit-a-celsius-horno,https://hacecuentas.com/calculadora-conversor-tazas-a-mililitros,food,1.00,1.00,MANUAL_REVIEW,"alta similitud (formula=1.00 input=1.00) pero sin evidencia de merge — revisar a mano"
https://hacecuentas.com/calculadora-poder-adquisitivo-sueldo-real,https://hacecuentas.com/calculadora-salario-real-inflacion,salary,1.00,1.00,MANUAL_REVIEW,"alta similitud (formula=1.00 input=1.00) pero sin evidencia de merge — revisar a mano"
https://hacecuentas.com/calculadora-inversion-dolarizada-cocos-balanz-rendimiento,https://hacecuentas.com/calculadora-tarjeta-credito-pago-minimo-intereses,loans,1.00,1.00,MANUAL_REVIEW,"alta similitud (formula=1.00 input=1.00) pero sin evidencia de merge — revisar a mano"
https://hacecuentas.com/calculadora-irpf-cataluna-2026-asalariado,https://hacecuentas.com/calculadora-irpf-madrid-2026-asalariado,taxes,1.00,1.00,DIFFERENTIATE,"fórmula parecida pero difieren en régimen/bruto-neto/período/rol → diferenciar, NO redirigir"
https://hacecuentas.com/calculadora-impuesto-cheque-debitos-creditos,https://hacecuentas.com/calculadora-retencion-rg2616-proveedor-monotributo,taxes,1.00,1.00,MANUAL_REVIEW,"alta similitud (formula=1.00 input=1.00) pero sin evidencia de merge — revisar a mano"
https://hacecuentas.com/calculadora-area-triangulo-heron-tres-lados,https://hacecuentas.com/calculadora-ecuacion-cuadratica-raices-discriminante,mathematics,1.00,1.00,MANUAL_REVIEW,"alta similitud (formula=1.00 input=1.00) pero sin evidencia de merge — revisar a mano"
https://hacecuentas.com/calculadora-combinaciones-permutaciones-factorial,https://hacecuentas.com/calculadora-factorial-combinatoria-permutaciones,mathematics,1.00,1.00,DIFFERENTIATE,"fórmula parecida pero difieren en régimen/bruto-neto/período/rol → diferenciar, NO redirigir"
https://hacecuentas.com/calculadora-conversion-btu-kcal-aire-acondicionado,https://hacecuentas.com/calculadora-conversion-fahrenheit-celsius-clima,mathematics,1.00,1.00,MANUAL_REVIEW,"alta similitud (formula=1.00 input=1.00) pero sin evidencia de merge — revisar a mano"
https://hacecuentas.com/calculadora-conversion-btu-kcal-aire-acondicionado,https://hacecuentas.com/calculadora-conversion-kilo-libra-lb-kg-exacto,mathematics,1.00,1.00,MANUAL_REVIEW,"alta similitud (formula=1.00 input=1.00) pero sin evidencia de merge — revisar a mano"
https://hacecuentas.com/calculadora-conversion-btu-kcal-aire-acondicionado,https://hacecuentas.com/calculadora-conversion-metro-pie-feet-exacto,mathematics,1.00,1.00,MANUAL_REVIEW,"alta similitud (formula=1.00 input=1.00) pero sin evidencia de merge — revisar a mano"
https://hacecuentas.com/calculadora-conversion-btu-kcal-aire-acondicionado,https://hacecuentas.com/calculadora-conversion-milla-kilometro-ida-vuelta,mathematics,1.00,1.00,MANUAL_REVIEW,"alta similitud (formula=1.00 input=1.00) pero sin evidencia de merge — revisar a mano"
https://hacecuentas.com/calculadora-conversion-btu-kcal-aire-acondicionado,https://hacecuentas.com/calculadora-conversion-ppm-mg-l-quimica-agua,mathematics,1.00,1.00,MANUAL_REVIEW,"alta similitud (formula=1.00 input=1.00) pero sin evidencia de merge — revisar a mano"
https://hacecuentas.com/calculadora-conversion-btu-kcal-aire-acondicionado,https://hacecuentas.com/calculadora-conversion-quintal-tonelada-kg-agro,mathematics,1.00,1.00,MANUAL_REVIEW,"alta similitud (formula=1.00 input=1.00) pero sin evidencia de merge — revisar a mano"
https://hacecuentas.com/calculadora-conversion-btu-kcal-aire-acondicionado,https://hacecuentas.com/calculadora-conversion-radianes-grados-angulo,mathematics,1.00,1.00,MANUAL_REVIEW,"alta similitud (formula=1.00 input=1.00) pero sin evidencia de merge — revisar a mano"
https://hacecuentas.com/calculadora-conversion-fahrenheit-celsius-clima,https://hacecuentas.com/calculadora-conversion-kilo-libra-lb-kg-exacto,mathematics,1.00,1.00,MANUAL_REVIEW,"alta similitud (formula=1.00 input=1.00) pero sin evidencia de merge — revisar a mano"
https://hacecuentas.com/calculadora-conversion-fahrenheit-celsius-clima,https://hacecuentas.com/calculadora-conversion-metro-pie-feet-exacto,mathematics,1.00,1.00,MANUAL_REVIEW,"alta similitud (formula=1.00 input=1.00) pero sin evidencia de merge — revisar a mano"
https://hacecuentas.com/calculadora-conversion-fahrenheit-celsius-clima,https://hacecuentas.com/calculadora-conversion-milla-kilometro-ida-vuelta,mathematics,1.00,1.00,MANUAL_REVIEW,"alta similitud (formula=1.00 input=1.00) pero sin evidencia de merge — revisar a mano"
https://hacecuentas.com/calculadora-conversion-fahrenheit-celsius-clima,https://hacecuentas.com/calculadora-conversion-ppm-mg-l-quimica-agua,mathematics,1.00,1.00,MANUAL_REVIEW,"alta similitud (formula=1.00 input=1.00) pero sin evidencia de merge — revisar a mano"
https://hacecuentas.com/calculadora-conversion-fahrenheit-celsius-clima,https://hacecuentas.com/calculadora-conversion-quintal-tonelada-kg-agro,mathematics,1.00,1.00,MANUAL_REVIEW,"alta similitud (formula=1.00 input=1.00) pero sin evidencia de merge — revisar a mano"
https://hacecuentas.com/calculadora-conversion-fahrenheit-celsius-clima,https://hacecuentas.com/calculadora-conversion-radianes-grados-angulo,mathematics,1.00,1.00,MANUAL_REVIEW,"alta similitud (formula=1.00 input=1.00) pero sin evidencia de merge — revisar a mano"
https://hacecuentas.com/calculadora-conversion-kilo-libra-lb-kg-exacto,https://hacecuentas.com/calculadora-conversion-metro-pie-feet-exacto,mathematics,1.00,1.00,MANUAL_REVIEW,"alta similitud (formula=1.00 input=1.00) pero sin evidencia de merge — revisar a mano"
https://hacecuentas.com/calculadora-conversion-kilo-libra-lb-kg-exacto,https://hacecuentas.com/calculadora-conversion-milla-kilometro-ida-vuelta,mathematics,1.00,1.00,MANUAL_REVIEW,"alta similitud (formula=1.00 input=1.00) pero sin evidencia de merge — revisar a mano"
https://hacecuentas.com/calculadora-conversion-kilo-libra-lb-kg-exacto,https://hacecuentas.com/calculadora-conversion-ppm-mg-l-quimica-agua,mathematics,1.00,1.00,MANUAL_REVIEW,"alta similitud (formula=1.00 input=1.00) pero sin evidencia de merge — revisar a mano"
https://hacecuentas.com/calculadora-conversion-kilo-libra-lb-kg-exacto,https://hacecuentas.com/calculadora-conversion-quintal-tonelada-kg-agro,mathematics,1.00,1.00,MANUAL_REVIEW,"alta similitud (formula=1.00 input=1.00) pero sin evidencia de merge — revisar a mano"
https://hacecuentas.com/calculadora-conversion-kilo-libra-lb-kg-exacto,https://hacecuentas.com/calculadora-conversion-radianes-grados-angulo,mathematics,1.00,1.00,MANUAL_REVIEW,"alta similitud (formula=1.00 input=1.00) pero sin evidencia de merge — revisar a mano"
https://hacecuentas.com/calculadora-conversion-metro-pie-feet-exacto,https://hacecuentas.com/calculadora-conversion-milla-kilometro-ida-vuelta,mathematics,1.00,1.00,MANUAL_REVIEW,"alta similitud (formula=1.00 input=1.00) pero sin evidencia de merge — revisar a mano"
https://hacecuentas.com/calculadora-conversion-metro-pie-feet-exacto,https://hacecuentas.com/calculadora-conversion-ppm-mg-l-quimica-agua,mathematics,1.00,1.00,MANUAL_REVIEW,"alta similitud (formula=1.00 input=1.00) pero sin evidencia de merge — revisar a mano"
https://hacecuentas.com/calculadora-conversion-metro-pie-feet-exacto,https://hacecuentas.com/calculadora-conversion-quintal-tonelada-kg-agro,mathematics,1.00,1.00,MANUAL_REVIEW,"alta similitud (formula=1.00 input=1.00) pero sin evidencia de merge — revisar a mano"
https://hacecuentas.com/calculadora-conversion-metro-pie-feet-exacto,https://hacecuentas.com/calculadora-conversion-radianes-grados-angulo,mathematics,1.00,1.00,MANUAL_REVIEW,"alta similitud (formula=1.00 input=1.00) pero sin evidencia de merge — revisar a mano"
https://hacecuentas.com/calculadora-conversion-milla-kilometro-ida-vuelta,https://hacecuentas.com/calculadora-conversion-ppm-mg-l-quimica-agua,mathematics,1.00,1.00,MANUAL_REVIEW,"alta similitud (formula=1.00 input=1.00) pero sin evidencia de merge — revisar a mano"
https://hacecuentas.com/calculadora-conversion-milla-kilometro-ida-vuelta,https://hacecuentas.com/calculadora-conversion-quintal-tonelada-kg-agro,mathematics,1.00,1.00,MANUAL_REVIEW,"alta similitud (formula=1.00 input=1.00) pero sin evidencia de merge — revisar a mano"
https://hacecuentas.com/calculadora-conversion-milla-kilometro-ida-vuelta,https://hacecuentas.com/calculadora-conversion-radianes-grados-angulo,mathematics,1.00,1.00,MANUAL_REVIEW,"alta similitud (formula=1.00 input=1.00) pero sin evidencia de merge — revisar a mano"
https://hacecuentas.com/calculadora-conversion-ppm-mg-l-quimica-agua,https://hacecuentas.com/calculadora-conversion-quintal-tonelada-kg-agro,mathematics,1.00,1.00,MANUAL_REVIEW,"alta similitud (formula=1.00 input=1.00) pero sin evidencia de merge — revisar a mano"
https://hacecuentas.com/calculadora-conversion-ppm-mg-l-quimica-agua,https://hacecuentas.com/calculadora-conversion-radianes-grados-angulo,mathematics,1.00,1.00,MANUAL_REVIEW,"alta similitud (formula=1.00 input=1.00) pero sin evidencia de merge — revisar a mano"
https://hacecuentas.com/calculadora-conversion-quintal-tonelada-kg-agro,https://hacecuentas.com/calculadora-conversion-radianes-grados-angulo,mathematics,1.00,1.00,MANUAL_REVIEW,"alta similitud (formula=1.00 input=1.00) pero sin evidencia de merge — revisar a mano"
https://hacecuentas.com/calculadora-conversor-acres-a-hectareas,https://hacecuentas.com/calculadora-conversor-anos-a-dias,mathematics,1.00,1.00,MANUAL_REVIEW,"alta similitud (formula=1.00 input=1.00) pero sin evidencia de merge — revisar a mano"
https://hacecuentas.com/calculadora-conversor-acres-a-hectareas,https://hacecuentas.com/calculadora-conversor-brazas-a-metros,mathematics,1.00,1.00,MANUAL_REVIEW,"alta similitud (formula=1.00 input=1.00) pero sin evidencia de merge — revisar a mano"
https://hacecuentas.com/calculadora-conversor-acres-a-hectareas,https://hacecuentas.com/calculadora-conversor-dias-a-horas,mathematics,1.00,1.00,MANUAL_REVIEW,"alta similitud (formula=1.00 input=1.00) pero sin evidencia de merge — revisar a mano"
https://hacecuentas.com/calculadora-conversor-acres-a-hectareas,https://hacecuentas.com/calculadora-conversor-gramos-a-onzas,mathematics,1.00,1.00,MANUAL_REVIEW,"alta similitud (formula=1.00 input=1.00) pero sin evidencia de merge — revisar a mano"
https://hacecuentas.com/calculadora-conversor-acres-a-hectareas,https://hacecuentas.com/calculadora-conversor-hectareas-a-metros-cuadrados,mathematics,1.00,1.00,MANUAL_REVIEW,"alta similitud (formula=1.00 input=1.00) pero sin evidencia de merge — revisar a mano"
https://hacecuentas.com/calculadora-conversor-acres-a-hectareas,https://hacecuentas.com/calculadora-conversor-horas-a-minutos,mathematics,1.00,1.00,MANUAL_REVIEW,"alta similitud (formula=1.00 input=1.00) pero sin evidencia de merge — revisar a mano"
https://hacecuentas.com/calculadora-conversor-acres-a-hectareas,https://hacecuentas.com/calculadora-conversor-meses-a-semanas,mathematics,1.00,1.00,MANUAL_REVIEW,"alta similitud (formula=1.00 input=1.00) pero sin evidencia de merge — revisar a mano"
https://hacecuentas.com/calculadora-conversor-acres-a-hectareas,https://hacecuentas.com/calculadora-conversor-milimetros-a-pulgadas,mathematics,1.00,1.00,MANUAL_REVIEW,"alta similitud (formula=1.00 input=1.00) pero sin evidencia de merge — revisar a mano"
https://hacecuentas.com/calculadora-conversor-acres-a-hectareas,https://hacecuentas.com/calculadora-conversor-pies-a-metros,mathematics,1.00,1.00,MANUAL_REVIEW,"alta similitud (formula=1.00 input=1.00) pero sin evidencia de merge — revisar a mano"
https://hacecuentas.com/calculadora-conversor-acres-a-hectareas,https://hacecuentas.com/calculadora-conversor-pies-a-pulgadas,mathematics,1.00,1.00,MANUAL_REVIEW,"alta similitud (formula=1.00 input=1.00) pero sin evidencia de merge — revisar a mano"
https://hacecuentas.com/calculadora-conversor-acres-a-hectareas,https://hacecuentas.com/calculadora-conversor-pulgadas-cuadradas-a-centimetros-cuadrados,mathematics,1.00,1.00,MANUAL_REVIEW,"alta similitud (formula=1.00 input=1.00) pero sin evidencia de merge — revisar a mano"
https://hacecuentas.com/calculadora-conversor-acres-a-hectareas,https://hacecuentas.com/calculadora-conversor-radianes-a-grados,mathematics,1.00,1.00,MANUAL_REVIEW,"alta similitud (formula=1.00 input=1.00) pero sin evidencia de merge — revisar a mano"
https://hacecuentas.com/calculadora-conversor-acres-a-hectareas,https://hacecuentas.com/calculadora-conversor-semanas-a-dias,mathematics,1.00,1.00,MANUAL_REVIEW,"alta similitud (formula=1.00 input=1.00) pero sin evidencia de merge — revisar a mano"
https://hacecuentas.com/calculadora-conversor-acres-a-hectareas,https://hacecuentas.com/calculadora-conversor-toneladas-cortas-a-toneladas-metricas,mathematics,1.00,1.00,MANUAL_REVIEW,"alta similitud (formula=1.00 input=1.00) pero sin evidencia de merge — revisar a mano"
https://hacecuentas.com/calculadora-conversor-acres-a-hectareas,https://hacecuentas.com/calculadora-conversor-varas-a-metros,mathematics,1.00,1.00,MANUAL_REVIEW,"alta similitud (formula=1.00 input=1.00) pero sin evidencia de merge — revisar a mano"
https://hacecuentas.com/calculadora-conversor-anos-a-dias,https://hacecuentas.com/calculadora-conversor-brazas-a-metros,mathematics,1.00,1.00,MANUAL_REVIEW,"alta similitud (formula=1.00 input=1.00) pero sin evidencia de merge — revisar a mano"
https://hacecuentas.com/calculadora-conversor-anos-a-dias,https://hacecuentas.com/calculadora-conversor-dias-a-horas,mathematics,1.00,1.00,DIFFERENTIATE,"fórmula parecida pero difieren en régimen/bruto-neto/período/rol → diferenciar, NO redirigir"
https://hacecuentas.com/calculadora-conversor-anos-a-dias,https://hacecuentas.com/calculadora-conversor-gramos-a-onzas,mathematics,1.00,1.00,MANUAL_REVIEW,"alta similitud (formula=1.00 input=1.00) pero sin evidencia de merge — revisar a mano"
https://hacecuentas.com/calculadora-conversor-anos-a-dias,https://hacecuentas.com/calculadora-conversor-hectareas-a-metros-cuadrados,mathematics,1.00,1.00,MANUAL_REVIEW,"alta similitud (formula=1.00 input=1.00) pero sin evidencia de merge — revisar a mano"
https://hacecuentas.com/calculadora-conversor-anos-a-dias,https://hacecuentas.com/calculadora-conversor-horas-a-minutos,mathematics,1.00,1.00,MANUAL_REVIEW,"alta similitud (formula=1.00 input=1.00) pero sin evidencia de merge — revisar a mano"
https://hacecuentas.com/calculadora-conversor-anos-a-dias,https://hacecuentas.com/calculadora-conversor-meses-a-semanas,mathematics,1.00,1.00,MANUAL_REVIEW,"alta similitud (formula=1.00 input=1.00) pero sin evidencia de merge — revisar a mano"
https://hacecuentas.com/calculadora-conversor-anos-a-dias,https://hacecuentas.com/calculadora-conversor-milimetros-a-pulgadas,mathematics,1.00,1.00,MANUAL_REVIEW,"alta similitud (formula=1.00 input=1.00) pero sin evidencia de merge — revisar a mano"
https://hacecuentas.com/calculadora-conversor-anos-a-dias,https://hacecuentas.com/calculadora-conversor-pies-a-metros,mathematics,1.00,1.00,MANUAL_REVIEW,"alta similitud (formula=1.00 input=1.00) pero sin evidencia de merge — revisar a mano"
https://hacecuentas.com/calculadora-conversor-anos-a-dias,https://hacecuentas.com/calculadora-conversor-pies-a-pulgadas,mathematics,1.00,1.00,MANUAL_REVIEW,"alta similitud (formula=1.00 input=1.00) pero sin evidencia de merge — revisar a mano"
https://hacecuentas.com/calculadora-conversor-anos-a-dias,https://hacecuentas.com/calculadora-conversor-pulgadas-cuadradas-a-centimetros-cuadrados,mathematics,1.00,1.00,MANUAL_REVIEW,"alta similitud (formula=1.00 input=1.00) pero sin evidencia de merge — revisar a mano"
https://hacecuentas.com/calculadora-conversor-anos-a-dias,https://hacecuentas.com/calculadora-conversor-radianes-a-grados,mathematics,1.00,1.00,MANUAL_REVIEW,"alta similitud (formula=1.00 input=1.00) pero sin evidencia de merge — revisar a mano"
https://hacecuentas.com/calculadora-conversor-anos-a-dias,https://hacecuentas.com/calculadora-conversor-semanas-a-dias,mathematics,1.00,1.00,DIFFERENTIATE,"fórmula parecida pero difieren en régimen/bruto-neto/período/rol → diferenciar, NO redirigir"
https://hacecuentas.com/calculadora-conversor-anos-a-dias,https://hacecuentas.com/calculadora-conversor-toneladas-cortas-a-toneladas-metricas,mathematics,1.00,1.00,MANUAL_REVIEW,"alta similitud (formula=1.00 input=1.00) pero sin evidencia de merge — revisar a mano"
https://hacecuentas.com/calculadora-conversor-anos-a-dias,https://hacecuentas.com/calculadora-conversor-varas-a-metros,mathematics,1.00,1.00,MANUAL_REVIEW,"alta similitud (formula=1.00 input=1.00) pero sin evidencia de merge — revisar a mano"
https://hacecuentas.com/calculadora-conversor-brazas-a-metros,https://hacecuentas.com/calculadora-conversor-dias-a-horas,mathematics,1.00,1.00,MANUAL_REVIEW,"alta similitud (formula=1.00 input=1.00) pero sin evidencia de merge — revisar a mano"
https://hacecuentas.com/calculadora-conversor-brazas-a-metros,https://hacecuentas.com/calculadora-conversor-gramos-a-onzas,mathematics,1.00,1.00,MANUAL_REVIEW,"alta similitud (formula=1.00 input=1.00) pero sin evidencia de merge — revisar a mano"
https://hacecuentas.com/calculadora-conversor-brazas-a-metros,https://hacecuentas.com/calculadora-conversor-hectareas-a-metros-cuadrados,mathematics,1.00,1.00,MANUAL_REVIEW,"alta similitud (formula=1.00 input=1.00) pero sin evidencia de merge — revisar a mano"
https://hacecuentas.com/calculadora-conversor-brazas-a-metros,https://hacecuentas.com/calculadora-conversor-horas-a-minutos,mathematics,1.00,1.00,MANUAL_REVIEW,"alta similitud (formula=1.00 input=1.00) pero sin evidencia de merge — revisar a mano"
https://hacecuentas.com/calculadora-conversor-brazas-a-metros,https://hacecuentas.com/calculadora-conversor-meses-a-semanas,mathematics,1.00,1.00,MANUAL_REVIEW,"alta similitud (formula=1.00 input=1.00) pero sin evidencia de merge — revisar a mano"
https://hacecuentas.com/calculadora-conversor-brazas-a-metros,https://hacecuentas.com/calculadora-conversor-milimetros-a-pulgadas,mathematics,1.00,1.00,MANUAL_REVIEW,"alta similitud (formula=1.00 input=1.00) pero sin evidencia de merge — revisar a mano"
https://hacecuentas.com/calculadora-conversor-brazas-a-metros,https://hacecuentas.com/calculadora-conversor-pies-a-metros,mathematics,1.00,1.00,DIFFERENTIATE,"fórmula parecida pero difieren en régimen/bruto-neto/período/rol → diferenciar, NO redirigir"
https://hacecuentas.com/calculadora-conversor-brazas-a-metros,https://hacecuentas.com/calculadora-conversor-pies-a-pulgadas,mathematics,1.00,1.00,MANUAL_REVIEW,"alta similitud (formula=1.00 input=1.00) pero sin evidencia de merge — revisar a mano"
https://hacecuentas.com/calculadora-conversor-brazas-a-metros,https://hacecuentas.com/calculadora-conversor-pulgadas-cuadradas-a-centimetros-cuadrados,mathematics,1.00,1.00,MANUAL_REVIEW,"alta similitud (formula=1.00 input=1.00) pero sin evidencia de merge — revisar a mano"
https://hacecuentas.com/calculadora-conversor-brazas-a-metros,https://hacecuentas.com/calculadora-conversor-radianes-a-grados,mathematics,1.00,1.00,MANUAL_REVIEW,"alta similitud (formula=1.00 input=1.00) pero sin evidencia de merge — revisar a mano"
https://hacecuentas.com/calculadora-conversor-brazas-a-metros,https://hacecuentas.com/calculadora-conversor-semanas-a-dias,mathematics,1.00,1.00,MANUAL_REVIEW,"alta similitud (formula=1.00 input=1.00) pero sin evidencia de merge — revisar a mano"
https://hacecuentas.com/calculadora-conversor-brazas-a-metros,https://hacecuentas.com/calculadora-conversor-toneladas-cortas-a-toneladas-metricas,mathematics,1.00,1.00,MANUAL_REVIEW,"alta similitud (formula=1.00 input=1.00) pero sin evidencia de merge — revisar a mano"
https://hacecuentas.com/calculadora-conversor-brazas-a-metros,https://hacecuentas.com/calculadora-conversor-varas-a-metros,mathematics,1.00,1.00,DIFFERENTIATE,"fórmula parecida pero difieren en régimen/bruto-neto/período/rol → diferenciar, NO redirigir"
https://hacecuentas.com/calculadora-conversor-dias-a-horas,https://hacecuentas.com/calculadora-conversor-gramos-a-onzas,mathematics,1.00,1.00,MANUAL_REVIEW,"alta similitud (formula=1.00 input=1.00) pero sin evidencia de merge — revisar a mano"
https://hacecuentas.com/calculadora-conversor-dias-a-horas,https://hacecuentas.com/calculadora-conversor-hectareas-a-metros-cuadrados,mathematics,1.00,1.00,MANUAL_REVIEW,"alta similitud (formula=1.00 input=1.00) pero sin evidencia de merge — revisar a mano"
https://hacecuentas.com/calculadora-conversor-dias-a-horas,https://hacecuentas.com/calculadora-conversor-horas-a-minutos,mathematics,1.00,1.00,DIFFERENTIATE,"fórmula parecida pero difieren en régimen/bruto-neto/período/rol → diferenciar, NO redirigir"
https://hacecuentas.com/calculadora-conversor-dias-a-horas,https://hacecuentas.com/calculadora-conversor-meses-a-semanas,mathematics,1.00,1.00,MANUAL_REVIEW,"alta similitud (formula=1.00 input=1.00) pero sin evidencia de merge — revisar a mano"
https://hacecuentas.com/calculadora-conversor-dias-a-horas,https://hacecuentas.com/calculadora-conversor-milimetros-a-pulgadas,mathematics,1.00,1.00,MANUAL_REVIEW,"alta similitud (formula=1.00 input=1.00) pero sin evidencia de merge — revisar a mano"
https://hacecuentas.com/calculadora-conversor-dias-a-horas,https://hacecuentas.com/calculadora-conversor-pies-a-metros,mathematics,1.00,1.00,MANUAL_REVIEW,"alta similitud (formula=1.00 input=1.00) pero sin evidencia de merge — revisar a mano"
https://hacecuentas.com/calculadora-conversor-dias-a-horas,https://hacecuentas.com/calculadora-conversor-pies-a-pulgadas,mathematics,1.00,1.00,MANUAL_REVIEW,"alta similitud (formula=1.00 input=1.00) pero sin evidencia de merge — revisar a mano"
https://hacecuentas.com/calculadora-conversor-dias-a-horas,https://hacecuentas.com/calculadora-conversor-pulgadas-cuadradas-a-centimetros-cuadrados,mathematics,1.00,1.00,MANUAL_REVIEW,"alta similitud (formula=1.00 input=1.00) pero sin evidencia de merge — revisar a mano"
https://hacecuentas.com/calculadora-conversor-dias-a-horas,https://hacecuentas.com/calculadora-conversor-radianes-a-grados,mathematics,1.00,1.00,MANUAL_REVIEW,"alta similitud (formula=1.00 input=1.00) pero sin evidencia de merge — revisar a mano"
https://hacecuentas.com/calculadora-conversor-dias-a-horas,https://hacecuentas.com/calculadora-conversor-semanas-a-dias,mathematics,1.00,1.00,DIFFERENTIATE,"fórmula parecida pero difieren en régimen/bruto-neto/período/rol → diferenciar, NO redirigir"
https://hacecuentas.com/calculadora-conversor-dias-a-horas,https://hacecuentas.com/calculadora-conversor-toneladas-cortas-a-toneladas-metricas,mathematics,1.00,1.00,MANUAL_REVIEW,"alta similitud (formula=1.00 input=1.00) pero sin evidencia de merge — revisar a mano"
https://hacecuentas.com/calculadora-conversor-dias-a-horas,https://hacecuentas.com/calculadora-conversor-varas-a-metros,mathematics,1.00,1.00,MANUAL_REVIEW,"alta similitud (formula=1.00 input=1.00) pero sin evidencia de merge — revisar a mano"
https://hacecuentas.com/calculadora-conversor-gramos-a-onzas,https://hacecuentas.com/calculadora-conversor-hectareas-a-metros-cuadrados,mathematics,1.00,1.00,MANUAL_REVIEW,"alta similitud (formula=1.00 input=1.00) pero sin evidencia de merge — revisar a mano"
https://hacecuentas.com/calculadora-conversor-gramos-a-onzas,https://hacecuentas.com/calculadora-conversor-horas-a-minutos,mathematics,1.00,1.00,MANUAL_REVIEW,"alta similitud (formula=1.00 input=1.00) pero sin evidencia de merge — revisar a mano"
https://hacecuentas.com/calculadora-conversor-gramos-a-onzas,https://hacecuentas.com/calculadora-conversor-meses-a-semanas,mathematics,1.00,1.00,MANUAL_REVIEW,"alta similitud (formula=1.00 input=1.00) pero sin evidencia de merge — revisar a mano"
https://hacecuentas.com/calculadora-conversor-gramos-a-onzas,https://hacecuentas.com/calculadora-conversor-milimetros-a-pulgadas,mathematics,1.00,1.00,MANUAL_REVIEW,"alta similitud (formula=1.00 input=1.00) pero sin evidencia de merge — revisar a mano"
https://hacecuentas.com/calculadora-conversor-gramos-a-onzas,https://hacecuentas.com/calculadora-conversor-pies-a-metros,mathematics,1.00,1.00,MANUAL_REVIEW,"alta similitud (formula=1.00 input=1.00) pero sin evidencia de merge — revisar a mano"
https://hacecuentas.com/calculadora-conversor-gramos-a-onzas,https://hacecuentas.com/calculadora-conversor-pies-a-pulgadas,mathematics,1.00,1.00,MANUAL_REVIEW,"alta similitud (formula=1.00 input=1.00) pero sin evidencia de merge — revisar a mano"
https://hacecuentas.com/calculadora-conversor-gramos-a-onzas,https://hacecuentas.com/calculadora-conversor-pulgadas-cuadradas-a-centimetros-cuadrados,mathematics,1.00,1.00,MANUAL_REVIEW,"alta similitud (formula=1.00 input=1.00) pero sin evidencia de merge — revisar a mano"
https://hacecuentas.com/calculadora-conversor-gramos-a-onzas,https://hacecuentas.com/calculadora-conversor-radianes-a-grados,mathematics,1.00,1.00,MANUAL_REVIEW,"alta similitud (formula=1.00 input=1.00) pero sin evidencia de merge — revisar a mano"
https://hacecuentas.com/calculadora-conversor-gramos-a-onzas,https://hacecuentas.com/calculadora-conversor-semanas-a-dias,mathematics,1.00,1.00,MANUAL_REVIEW,"alta similitud (formula=1.00 input=1.00) pero sin evidencia de merge — revisar a mano"
https://hacecuentas.com/calculadora-conversor-gramos-a-onzas,https://hacecuentas.com/calculadora-conversor-toneladas-cortas-a-toneladas-metricas,mathematics,1.00,1.00,MANUAL_REVIEW,"alta similitud (formula=1.00 input=1.00) pero sin evidencia de merge — revisar a mano"
https://hacecuentas.com/calculadora-conversor-gramos-a-onzas,https://hacecuentas.com/calculadora-conversor-varas-a-metros,mathematics,1.00,1.00,MANUAL_REVIEW,"alta similitud (formula=1.00 input=1.00) pero sin evidencia de merge — revisar a mano"
https://hacecuentas.com/calculadora-conversor-hectareas-a-metros-cuadrados,https://hacecuentas.com/calculadora-conversor-horas-a-minutos,mathematics,1.00,1.00,MANUAL_REVIEW,"alta similitud (formula=1.00 input=1.00) pero sin evidencia de merge — revisar a mano"
https://hacecuentas.com/calculadora-conversor-hectareas-a-metros-cuadrados,https://hacecuentas.com/calculadora-conversor-meses-a-semanas,mathematics,1.00,1.00,MANUAL_REVIEW,"alta similitud (formula=1.00 input=1.00) pero sin evidencia de merge — revisar a mano"
https://hacecuentas.com/calculadora-conversor-hectareas-a-metros-cuadrados,https://hacecuentas.com/calculadora-conversor-milimetros-a-pulgadas,mathematics,1.00,1.00,MANUAL_REVIEW,"alta similitud (formula=1.00 input=1.00) pero sin evidencia de merge — revisar a mano"
https://hacecuentas.com/calculadora-conversor-hectareas-a-metros-cuadrados,https://hacecuentas.com/calculadora-conversor-pies-a-metros,mathematics,1.00,1.00,MANUAL_REVIEW,"alta similitud (formula=1.00 input=1.00) pero sin evidencia de merge — revisar a mano"
https://hacecuentas.com/calculadora-conversor-hectareas-a-metros-cuadrados,https://hacecuentas.com/calculadora-conversor-pies-a-pulgadas,mathematics,1.00,1.00,MANUAL_REVIEW,"alta similitud (formula=1.00 input=1.00) pero sin evidencia de merge — revisar a mano"
https://hacecuentas.com/calculadora-conversor-hectareas-a-metros-cuadrados,https://hacecuentas.com/calculadora-conversor-pulgadas-cuadradas-a-centimetros-cuadrados,mathematics,1.00,1.00,MANUAL_REVIEW,"alta similitud (formula=1.00 input=1.00) pero sin evidencia de merge — revisar a mano"
https://hacecuentas.com/calculadora-conversor-hectareas-a-metros-cuadrados,https://hacecuentas.com/calculadora-conversor-radianes-a-grados,mathematics,1.00,1.00,MANUAL_REVIEW,"alta similitud (formula=1.00 input=1.00) pero sin evidencia de merge — revisar a mano"
https://hacecuentas.com/calculadora-conversor-hectareas-a-metros-cuadrados,https://hacecuentas.com/calculadora-conversor-semanas-a-dias,mathematics,1.00,1.00,MANUAL_REVIEW,"alta similitud (formula=1.00 input=1.00) pero sin evidencia de merge — revisar a mano"
https://hacecuentas.com/calculadora-conversor-hectareas-a-metros-cuadrados,https://hacecuentas.com/calculadora-conversor-toneladas-cortas-a-toneladas-metricas,mathematics,1.00,1.00,MANUAL_REVIEW,"alta similitud (formula=1.00 input=1.00) pero sin evidencia de merge — revisar a mano"
https://hacecuentas.com/calculadora-conversor-hectareas-a-metros-cuadrados,https://hacecuentas.com/calculadora-conversor-varas-a-metros,mathematics,1.00,1.00,MANUAL_REVIEW,"alta similitud (formula=1.00 input=1.00) pero sin evidencia de merge — revisar a mano"
https://hacecuentas.com/calculadora-conversor-horas-a-minutos,https://hacecuentas.com/calculadora-conversor-meses-a-semanas,mathematics,1.00,1.00,MANUAL_REVIEW,"alta similitud (formula=1.00 input=1.00) pero sin evidencia de merge — revisar a mano"
https://hacecuentas.com/calculadora-conversor-horas-a-minutos,https://hacecuentas.com/calculadora-conversor-milimetros-a-pulgadas,mathematics,1.00,1.00,MANUAL_REVIEW,"alta similitud (formula=1.00 input=1.00) pero sin evidencia de merge — revisar a mano"
https://hacecuentas.com/calculadora-conversor-horas-a-minutos,https://hacecuentas.com/calculadora-conversor-pies-a-metros,mathematics,1.00,1.00,MANUAL_REVIEW,"alta similitud (formula=1.00 input=1.00) pero sin evidencia de merge — revisar a mano"
https://hacecuentas.com/calculadora-conversor-horas-a-minutos,https://hacecuentas.com/calculadora-conversor-pies-a-pulgadas,mathematics,1.00,1.00,MANUAL_REVIEW,"alta similitud (formula=1.00 input=1.00) pero sin evidencia de merge — revisar a mano"
https://hacecuentas.com/calculadora-conversor-horas-a-minutos,https://hacecuentas.com/calculadora-conversor-pulgadas-cuadradas-a-centimetros-cuadrados,mathematics,1.00,1.00,MANUAL_REVIEW,"alta similitud (formula=1.00 input=1.00) pero sin evidencia de merge — revisar a mano"
https://hacecuentas.com/calculadora-conversor-horas-a-minutos,https://hacecuentas.com/calculadora-conversor-radianes-a-grados,mathematics,1.00,1.00,MANUAL_REVIEW,"alta similitud (formula=1.00 input=1.00) pero sin evidencia de merge — revisar a mano"
https://hacecuentas.com/calculadora-conversor-horas-a-minutos,https://hacecuentas.com/calculadora-conversor-semanas-a-dias,mathematics,1.00,1.00,MANUAL_REVIEW,"alta similitud (formula=1.00 input=1.00) pero sin evidencia de merge — revisar a mano"
https://hacecuentas.com/calculadora-conversor-horas-a-minutos,https://hacecuentas.com/calculadora-conversor-toneladas-cortas-a-toneladas-metricas,mathematics,1.00,1.00,MANUAL_REVIEW,"alta similitud (formula=1.00 input=1.00) pero sin evidencia de merge — revisar a mano"
https://hacecuentas.com/calculadora-conversor-horas-a-minutos,https://hacecuentas.com/calculadora-conversor-varas-a-metros,mathematics,1.00,1.00,MANUAL_REVIEW,"alta similitud (formula=1.00 input=1.00) pero sin evidencia de merge — revisar a mano"
https://hacecuentas.com/calculadora-conversor-meses-a-semanas,https://hacecuentas.com/calculadora-conversor-milimetros-a-pulgadas,mathematics,1.00,1.00,MANUAL_REVIEW,"alta similitud (formula=1.00 input=1.00) pero sin evidencia de merge — revisar a mano"
https://hacecuentas.com/calculadora-conversor-meses-a-semanas,https://hacecuentas.com/calculadora-conversor-pies-a-metros,mathematics,1.00,1.00,MANUAL_REVIEW,"alta similitud (formula=1.00 input=1.00) pero sin evidencia de merge — revisar a mano"
https://hacecuentas.com/calculadora-conversor-meses-a-semanas,https://hacecuentas.com/calculadora-conversor-pies-a-pulgadas,mathematics,1.00,1.00,MANUAL_REVIEW,"alta similitud (formula=1.00 input=1.00) pero sin evidencia de merge — revisar a mano"
https://hacecuentas.com/calculadora-conversor-meses-a-semanas,https://hacecuentas.com/calculadora-conversor-pulgadas-cuadradas-a-centimetros-cuadrados,mathematics,1.00,1.00,MANUAL_REVIEW,"alta similitud (formula=1.00 input=1.00) pero sin evidencia de merge — revisar a mano"
https://hacecuentas.com/calculadora-conversor-meses-a-semanas,https://hacecuentas.com/calculadora-conversor-radianes-a-grados,mathematics,1.00,1.00,MANUAL_REVIEW,"alta similitud (formula=1.00 input=1.00) pero sin evidencia de merge — revisar a mano"
https://hacecuentas.com/calculadora-conversor-meses-a-semanas,https://hacecuentas.com/calculadora-conversor-semanas-a-dias,mathematics,1.00,1.00,DIFFERENTIATE,"fórmula parecida pero difieren en régimen/bruto-neto/período/rol → diferenciar, NO redirigir"
https://hacecuentas.com/calculadora-conversor-meses-a-semanas,https://hacecuentas.com/calculadora-conversor-toneladas-cortas-a-toneladas-metricas,mathematics,1.00,1.00,MANUAL_REVIEW,"alta similitud (formula=1.00 input=1.00) pero sin evidencia de merge — revisar a mano"
https://hacecuentas.com/calculadora-conversor-meses-a-semanas,https://hacecuentas.com/calculadora-conversor-varas-a-metros,mathematics,1.00,1.00,MANUAL_REVIEW,"alta similitud (formula=1.00 input=1.00) pero sin evidencia de merge — revisar a mano"
https://hacecuentas.com/calculadora-conversor-milimetros-a-pulgadas,https://hacecuentas.com/calculadora-conversor-pies-a-metros,mathematics,1.00,1.00,MANUAL_REVIEW,"alta similitud (formula=1.00 input=1.00) pero sin evidencia de merge — revisar a mano"
https://hacecuentas.com/calculadora-conversor-milimetros-a-pulgadas,https://hacecuentas.com/calculadora-conversor-pies-a-pulgadas,mathematics,1.00,1.00,DIFFERENTIATE,"fórmula parecida pero difieren en régimen/bruto-neto/período/rol → diferenciar, NO redirigir"
https://hacecuentas.com/calculadora-conversor-milimetros-a-pulgadas,https://hacecuentas.com/calculadora-conversor-pulgadas-cuadradas-a-centimetros-cuadrados,mathematics,1.00,1.00,MANUAL_REVIEW,"alta similitud (formula=1.00 input=1.00) pero sin evidencia de merge — revisar a mano"
https://hacecuentas.com/calculadora-conversor-milimetros-a-pulgadas,https://hacecuentas.com/calculadora-conversor-radianes-a-grados,mathematics,1.00,1.00,MANUAL_REVIEW,"alta similitud (formula=1.00 input=1.00) pero sin evidencia de merge — revisar a mano"
https://hacecuentas.com/calculadora-conversor-milimetros-a-pulgadas,https://hacecuentas.com/calculadora-conversor-semanas-a-dias,mathematics,1.00,1.00,MANUAL_REVIEW,"alta similitud (formula=1.00 input=1.00) pero sin evidencia de merge — revisar a mano"
https://hacecuentas.com/calculadora-conversor-milimetros-a-pulgadas,https://hacecuentas.com/calculadora-conversor-toneladas-cortas-a-toneladas-metricas,mathematics,1.00,1.00,MANUAL_REVIEW,"alta similitud (formula=1.00 input=1.00) pero sin evidencia de merge — revisar a mano"
https://hacecuentas.com/calculadora-conversor-milimetros-a-pulgadas,https://hacecuentas.com/calculadora-conversor-varas-a-metros,mathematics,1.00,1.00,MANUAL_REVIEW,"alta similitud (formula=1.00 input=1.00) pero sin evidencia de merge — revisar a mano"
https://hacecuentas.com/calculadora-conversor-pies-a-metros,https://hacecuentas.com/calculadora-conversor-pies-a-pulgadas,mathematics,1.00,1.00,DIFFERENTIATE,"fórmula parecida pero difieren en régimen/bruto-neto/período/rol → diferenciar, NO redirigir"
https://hacecuentas.com/calculadora-conversor-pies-a-metros,https://hacecuentas.com/calculadora-conversor-pulgadas-cuadradas-a-centimetros-cuadrados,mathematics,1.00,1.00,MANUAL_REVIEW,"alta similitud (formula=1.00 input=1.00) pero sin evidencia de merge — revisar a mano"
https://hacecuentas.com/calculadora-conversor-pies-a-metros,https://hacecuentas.com/calculadora-conversor-radianes-a-grados,mathematics,1.00,1.00,MANUAL_REVIEW,"alta similitud (formula=1.00 input=1.00) pero sin evidencia de merge — revisar a mano"
https://hacecuentas.com/calculadora-conversor-pies-a-metros,https://hacecuentas.com/calculadora-conversor-semanas-a-dias,mathematics,1.00,1.00,MANUAL_REVIEW,"alta similitud (formula=1.00 input=1.00) pero sin evidencia de merge — revisar a mano"
https://hacecuentas.com/calculadora-conversor-pies-a-metros,https://hacecuentas.com/calculadora-conversor-toneladas-cortas-a-toneladas-metricas,mathematics,1.00,1.00,MANUAL_REVIEW,"alta similitud (formula=1.00 input=1.00) pero sin evidencia de merge — revisar a mano"
https://hacecuentas.com/calculadora-conversor-pies-a-metros,https://hacecuentas.com/calculadora-conversor-varas-a-metros,mathematics,1.00,1.00,DIFFERENTIATE,"fórmula parecida pero difieren en régimen/bruto-neto/período/rol → diferenciar, NO redirigir"
https://hacecuentas.com/calculadora-conversor-pies-a-pulgadas,https://hacecuentas.com/calculadora-conversor-pulgadas-cuadradas-a-centimetros-cuadrados,mathematics,1.00,1.00,MANUAL_REVIEW,"alta similitud (formula=1.00 input=1.00) pero sin evidencia de merge — revisar a mano"
https://hacecuentas.com/calculadora-conversor-pies-a-pulgadas,https://hacecuentas.com/calculadora-conversor-radianes-a-grados,mathematics,1.00,1.00,MANUAL_REVIEW,"alta similitud (formula=1.00 input=1.00) pero sin evidencia de merge — revisar a mano"
https://hacecuentas.com/calculadora-conversor-pies-a-pulgadas,https://hacecuentas.com/calculadora-conversor-semanas-a-dias,mathematics,1.00,1.00,MANUAL_REVIEW,"alta similitud (formula=1.00 input=1.00) pero sin evidencia de merge — revisar a mano"
https://hacecuentas.com/calculadora-conversor-pies-a-pulgadas,https://hacecuentas.com/calculadora-conversor-toneladas-cortas-a-toneladas-metricas,mathematics,1.00,1.00,MANUAL_REVIEW,"alta similitud (formula=1.00 input=1.00) pero sin evidencia de merge — revisar a mano"
https://hacecuentas.com/calculadora-conversor-pies-a-pulgadas,https://hacecuentas.com/calculadora-conversor-varas-a-metros,mathematics,1.00,1.00,MANUAL_REVIEW,"alta similitud (formula=1.00 input=1.00) pero sin evidencia de merge — revisar a mano"
https://hacecuentas.com/calculadora-conversor-pulgadas-cuadradas-a-centimetros-cuadrados,https://hacecuentas.com/calculadora-conversor-radianes-a-grados,mathematics,1.00,1.00,MANUAL_REVIEW,"alta similitud (formula=1.00 input=1.00) pero sin evidencia de merge — revisar a mano"
https://hacecuentas.com/calculadora-conversor-pulgadas-cuadradas-a-centimetros-cuadrados,https://hacecuentas.com/calculadora-conversor-semanas-a-dias,mathematics,1.00,1.00,MANUAL_REVIEW,"alta similitud (formula=1.00 input=1.00) pero sin evidencia de merge — revisar a mano"
https://hacecuentas.com/calculadora-conversor-pulgadas-cuadradas-a-centimetros-cuadrados,https://hacecuentas.com/calculadora-conversor-toneladas-cortas-a-toneladas-metricas,mathematics,1.00,1.00,MANUAL_REVIEW,"alta similitud (formula=1.00 input=1.00) pero sin evidencia de merge — revisar a mano"
https://hacecuentas.com/calculadora-conversor-pulgadas-cuadradas-a-centimetros-cuadrados,https://hacecuentas.com/calculadora-conversor-varas-a-metros,mathematics,1.00,1.00,MANUAL_REVIEW,"alta similitud (formula=1.00 input=1.00) pero sin evidencia de merge — revisar a mano"
https://hacecuentas.com/calculadora-conversor-radianes-a-grados,https://hacecuentas.com/calculadora-conversor-semanas-a-dias,mathematics,1.00,1.00,MANUAL_REVIEW,"alta similitud (formula=1.00 input=1.00) pero sin evidencia de merge — revisar a mano"
https://hacecuentas.com/calculadora-conversor-radianes-a-grados,https://hacecuentas.com/calculadora-conversor-toneladas-cortas-a-toneladas-metricas,mathematics,1.00,1.00,MANUAL_REVIEW,"alta similitud (formula=1.00 input=1.00) pero sin evidencia de merge — revisar a mano"
https://hacecuentas.com/calculadora-conversor-radianes-a-grados,https://hacecuentas.com/calculadora-conversor-varas-a-metros,mathematics,1.00,1.00,MANUAL_REVIEW,"alta similitud (formula=1.00 input=1.00) pero sin evidencia de merge — revisar a mano"
https://hacecuentas.com/calculadora-conversor-semanas-a-dias,https://hacecuentas.com/calculadora-conversor-toneladas-cortas-a-toneladas-metricas,mathematics,1.00,1.00,MANUAL_REVIEW,"alta similitud (formula=1.00 input=1.00) pero sin evidencia de merge — revisar a mano"
https://hacecuentas.com/calculadora-conversor-semanas-a-dias,https://hacecuentas.com/calculadora-conversor-varas-a-metros,mathematics,1.00,1.00,MANUAL_REVIEW,"alta similitud (formula=1.00 input=1.00) pero sin evidencia de merge — revisar a mano"
https://hacecuentas.com/calculadora-conversor-toneladas-cortas-a-toneladas-metricas,https://hacecuentas.com/calculadora-conversor-varas-a-metros,mathematics,1.00,1.00,MANUAL_REVIEW,"alta similitud (formula=1.00 input=1.00) pero sin evidencia de merge — revisar a mano"
https://hacecuentas.com/calculadora-correlacion-pearson,https://hacecuentas.com/calculadora-regresion-lineal-simple,mathematics,1.00,1.00,MANUAL_REVIEW,"alta similitud (formula=1.00 input=1.00) pero sin evidencia de merge — revisar a mano"
https://hacecuentas.com/calculadora-costo-hora-consultor-marketing,https://hacecuentas.com/calculadora-costo-hora-desarrollador-senior,business,1.00,1.00,MANUAL_REVIEW,"alta similitud (formula=1.00 input=1.00) pero sin evidencia de merge — revisar a mano"
https://hacecuentas.com/calculadora-costo-hora-consultor-marketing,https://hacecuentas.com/calculadora-costo-hora-disenador-grafico,business,1.00,1.00,MANUAL_REVIEW,"alta similitud (formula=1.00 input=1.00) pero sin evidencia de merge — revisar a mano"
https://hacecuentas.com/calculadora-costo-hora-consultor-marketing,https://hacecuentas.com/calculadora-costo-hora-ilustrador-digital,business,1.00,1.00,MANUAL_REVIEW,"alta similitud (formula=1.00 input=1.00) pero sin evidencia de merge — revisar a mano"
https://hacecuentas.com/calculadora-costo-hora-consultor-marketing,https://hacecuentas.com/calculadora-costo-hora-redactor-copywriter,business,1.00,1.00,MANUAL_REVIEW,"alta similitud (formula=1.00 input=1.00) pero sin evidencia de merge — revisar a mano"
https://hacecuentas.com/calculadora-costo-hora-desarrollador-senior,https://hacecuentas.com/calculadora-costo-hora-disenador-grafico,business,1.00,1.00,MANUAL_REVIEW,"alta similitud (formula=1.00 input=1.00) pero sin evidencia de merge — revisar a mano"
https://hacecuentas.com/calculadora-costo-hora-desarrollador-senior,https://hacecuentas.com/calculadora-costo-hora-ilustrador-digital,business,1.00,1.00,MANUAL_REVIEW,"alta similitud (formula=1.00 input=1.00) pero sin evidencia de merge — revisar a mano"
https://hacecuentas.com/calculadora-costo-hora-desarrollador-senior,https://hacecuentas.com/calculadora-costo-hora-redactor-copywriter,business,1.00,1.00,MANUAL_REVIEW,"alta similitud (formula=1.00 input=1.00) pero sin evidencia de merge — revisar a mano"
https://hacecuentas.com/calculadora-costo-hora-disenador-grafico,https://hacecuentas.com/calculadora-costo-hora-ilustrador-digital,business,1.00,1.00,MANUAL_REVIEW,"alta similitud (formula=1.00 input=1.00) pero sin evidencia de merge — revisar a mano"
https://hacecuentas.com/calculadora-costo-hora-disenador-grafico,https://hacecuentas.com/calculadora-costo-hora-redactor-copywriter,business,1.00,1.00,MANUAL_REVIEW,"alta similitud (formula=1.00 input=1.00) pero sin evidencia de merge — revisar a mano"
https://hacecuentas.com/calculadora-costo-hora-ilustrador-digital,https://hacecuentas.com/calculadora-costo-hora-redactor-copywriter,business,1.00,1.00,MANUAL_REVIEW,"alta similitud (formula=1.00 input=1.00) pero sin evidencia de merge — revisar a mano"
https://hacecuentas.com/calculadora-peso-ideal-beagle,https://hacecuentas.com/calculadora-peso-ideal-boxer,pets_non_medical,1.00,1.00,DIFFERENTIATE,"fórmula parecida pero difieren en régimen/bruto-neto/período/rol → diferenciar, NO redirigir"
https://hacecuentas.com/calculadora-peso-ideal-beagle,https://hacecuentas.com/calculadora-peso-ideal-bulldog-frances,pets_non_medical,1.00,1.00,MANUAL_REVIEW,"alta similitud (formula=1.00 input=1.00) pero sin evidencia de merge — revisar a mano"
https://hacecuentas.com/calculadora-peso-ideal-beagle,https://hacecuentas.com/calculadora-peso-ideal-bulldog-ingles,pets_non_medical,1.00,1.00,MANUAL_REVIEW,"alta similitud (formula=1.00 input=1.00) pero sin evidencia de merge — revisar a mano"
https://hacecuentas.com/calculadora-peso-ideal-beagle,https://hacecuentas.com/calculadora-peso-ideal-dachshund-salchicha,pets_non_medical,1.00,1.00,MANUAL_REVIEW,"alta similitud (formula=1.00 input=1.00) pero sin evidencia de merge — revisar a mano"
https://hacecuentas.com/calculadora-peso-ideal-beagle,https://hacecuentas.com/calculadora-peso-ideal-golden-retriever,pets_non_medical,1.00,1.00,MANUAL_REVIEW,"alta similitud (formula=1.00 input=1.00) pero sin evidencia de merge — revisar a mano"
https://hacecuentas.com/calculadora-peso-ideal-beagle,https://hacecuentas.com/calculadora-peso-ideal-husky-siberiano,pets_non_medical,1.00,1.00,MANUAL_REVIEW,"alta similitud (formula=1.00 input=1.00) pero sin evidencia de merge — revisar a mano"
https://hacecuentas.com/calculadora-peso-ideal-beagle,https://hacecuentas.com/calculadora-peso-ideal-labrador-retriever,pets_non_medical,1.00,1.00,MANUAL_REVIEW,"alta similitud (formula=1.00 input=1.00) pero sin evidencia de merge — revisar a mano"
https://hacecuentas.com/calculadora-peso-ideal-beagle,https://hacecuentas.com/calculadora-peso-ideal-pastor-aleman,pets_non_medical,1.00,1.00,MANUAL_REVIEW,"alta similitud (formula=1.00 input=1.00) pero sin evidencia de merge — revisar a mano"
https://hacecuentas.com/calculadora-peso-ideal-beagle,https://hacecuentas.com/calculadora-peso-ideal-pitbull,pets_non_medical,1.00,1.00,DIFFERENTIATE,"fórmula parecida pero difieren en régimen/bruto-neto/período/rol → diferenciar, NO redirigir"
https://hacecuentas.com/calculadora-peso-ideal-beagle,https://hacecuentas.com/calculadora-peso-ideal-rottweiler,pets_non_medical,1.00,1.00,DIFFERENTIATE,"fórmula parecida pero difieren en régimen/bruto-neto/período/rol → diferenciar, NO redirigir"
https://hacecuentas.com/calculadora-peso-ideal-beagle,https://hacecuentas.com/calculadora-peso-ideal-yorkshire-terrier,pets_non_medical,1.00,1.00,MANUAL_REVIEW,"alta similitud (formula=1.00 input=1.00) pero sin evidencia de merge — revisar a mano"
https://hacecuentas.com/calculadora-peso-ideal-boxer,https://hacecuentas.com/calculadora-peso-ideal-bulldog-frances,pets_non_medical,1.00,1.00,MANUAL_REVIEW,"alta similitud (formula=1.00 input=1.00) pero sin evidencia de merge — revisar a mano"
https://hacecuentas.com/calculadora-peso-ideal-boxer,https://hacecuentas.com/calculadora-peso-ideal-bulldog-ingles,pets_non_medical,1.00,1.00,MANUAL_REVIEW,"alta similitud (formula=1.00 input=1.00) pero sin evidencia de merge — revisar a mano"
https://hacecuentas.com/calculadora-peso-ideal-boxer,https://hacecuentas.com/calculadora-peso-ideal-dachshund-salchicha,pets_non_medical,1.00,1.00,MANUAL_REVIEW,"alta similitud (formula=1.00 input=1.00) pero sin evidencia de merge — revisar a mano"
https://hacecuentas.com/calculadora-peso-ideal-boxer,https://hacecuentas.com/calculadora-peso-ideal-golden-retriever,pets_non_medical,1.00,1.00,MANUAL_REVIEW,"alta similitud (formula=1.00 input=1.00) pero sin evidencia de merge — revisar a mano"
https://hacecuentas.com/calculadora-peso-ideal-boxer,https://hacecuentas.com/calculadora-peso-ideal-husky-siberiano,pets_non_medical,1.00,1.00,MANUAL_REVIEW,"alta similitud (formula=1.00 input=1.00) pero sin evidencia de merge — revisar a mano"
https://hacecuentas.com/calculadora-peso-ideal-boxer,https://hacecuentas.com/calculadora-peso-ideal-labrador-retriever,pets_non_medical,1.00,1.00,MANUAL_REVIEW,"alta similitud (formula=1.00 input=1.00) pero sin evidencia de merge — revisar a mano"
https://hacecuentas.com/calculadora-peso-ideal-boxer,https://hacecuentas.com/calculadora-peso-ideal-pastor-aleman,pets_non_medical,1.00,1.00,MANUAL_REVIEW,"alta similitud (formula=1.00 input=1.00) pero sin evidencia de merge — revisar a mano"
https://hacecuentas.com/calculadora-peso-ideal-boxer,https://hacecuentas.com/calculadora-peso-ideal-pitbull,pets_non_medical,1.00,1.00,DIFFERENTIATE,"fórmula parecida pero difieren en régimen/bruto-neto/período/rol → diferenciar, NO redirigir"
https://hacecuentas.com/calculadora-peso-ideal-boxer,https://hacecuentas.com/calculadora-peso-ideal-rottweiler,pets_non_medical,1.00,1.00,DIFFERENTIATE,"fórmula parecida pero difieren en régimen/bruto-neto/período/rol → diferenciar, NO redirigir"
https://hacecuentas.com/calculadora-peso-ideal-boxer,https://hacecuentas.com/calculadora-peso-ideal-yorkshire-terrier,pets_non_medical,1.00,1.00,MANUAL_REVIEW,"alta similitud (formula=1.00 input=1.00) pero sin evidencia de merge — revisar a mano"
https://hacecuentas.com/calculadora-peso-ideal-bulldog-frances,https://hacecuentas.com/calculadora-peso-ideal-bulldog-ingles,pets_non_medical,1.00,1.00,DIFFERENTIATE,"fórmula parecida pero difieren en régimen/bruto-neto/período/rol → diferenciar, NO redirigir"
https://hacecuentas.com/calculadora-peso-ideal-bulldog-frances,https://hacecuentas.com/calculadora-peso-ideal-dachshund-salchicha,pets_non_medical,1.00,1.00,MANUAL_REVIEW,"alta similitud (formula=1.00 input=1.00) pero sin evidencia de merge — revisar a mano"
https://hacecuentas.com/calculadora-peso-ideal-bulldog-frances,https://hacecuentas.com/calculadora-peso-ideal-golden-retriever,pets_non_medical,1.00,1.00,MANUAL_REVIEW,"alta similitud (formula=1.00 input=1.00) pero sin evidencia de merge — revisar a mano"
https://hacecuentas.com/calculadora-peso-ideal-bulldog-frances,https://hacecuentas.com/calculadora-peso-ideal-husky-siberiano,pets_non_medical,1.00,1.00,MANUAL_REVIEW,"alta similitud (formula=1.00 input=1.00) pero sin evidencia de merge — revisar a mano"
https://hacecuentas.com/calculadora-peso-ideal-bulldog-frances,https://hacecuentas.com/calculadora-peso-ideal-labrador-retriever,pets_non_medical,1.00,1.00,MANUAL_REVIEW,"alta similitud (formula=1.00 input=1.00) pero sin evidencia de merge — revisar a mano"
https://hacecuentas.com/calculadora-peso-ideal-bulldog-frances,https://hacecuentas.com/calculadora-peso-ideal-pastor-aleman,pets_non_medical,1.00,1.00,MANUAL_REVIEW,"alta similitud (formula=1.00 input=1.00) pero sin evidencia de merge — revisar a mano"
https://hacecuentas.com/calculadora-peso-ideal-bulldog-frances,https://hacecuentas.com/calculadora-peso-ideal-pitbull,pets_non_medical,1.00,1.00,MANUAL_REVIEW,"alta similitud (formula=1.00 input=1.00) pero sin evidencia de merge — revisar a mano"
https://hacecuentas.com/calculadora-peso-ideal-bulldog-frances,https://hacecuentas.com/calculadora-peso-ideal-rottweiler,pets_non_medical,1.00,1.00,MANUAL_REVIEW,"alta similitud (formula=1.00 input=1.00) pero sin evidencia de merge — revisar a mano"
https://hacecuentas.com/calculadora-peso-ideal-bulldog-frances,https://hacecuentas.com/calculadora-peso-ideal-yorkshire-terrier,pets_non_medical,1.00,1.00,MANUAL_REVIEW,"alta similitud (formula=1.00 input=1.00) pero sin evidencia de merge — revisar a mano"
https://hacecuentas.com/calculadora-peso-ideal-bulldog-ingles,https://hacecuentas.com/calculadora-peso-ideal-dachshund-salchicha,pets_non_medical,1.00,1.00,MANUAL_REVIEW,"alta similitud (formula=1.00 input=1.00) pero sin evidencia de merge — revisar a mano"
https://hacecuentas.com/calculadora-peso-ideal-bulldog-ingles,https://hacecuentas.com/calculadora-peso-ideal-golden-retriever,pets_non_medical,1.00,1.00,MANUAL_REVIEW,"alta similitud (formula=1.00 input=1.00) pero sin evidencia de merge — revisar a mano"
https://hacecuentas.com/calculadora-peso-ideal-bulldog-ingles,https://hacecuentas.com/calculadora-peso-ideal-husky-siberiano,pets_non_medical,1.00,1.00,MANUAL_REVIEW,"alta similitud (formula=1.00 input=1.00) pero sin evidencia de merge — revisar a mano"
https://hacecuentas.com/calculadora-peso-ideal-bulldog-ingles,https://hacecuentas.com/calculadora-peso-ideal-labrador-retriever,pets_non_medical,1.00,1.00,MANUAL_REVIEW,"alta similitud (formula=1.00 input=1.00) pero sin evidencia de merge — revisar a mano"
https://hacecuentas.com/calculadora-peso-ideal-bulldog-ingles,https://hacecuentas.com/calculadora-peso-ideal-pastor-aleman,pets_non_medical,1.00,1.00,MANUAL_REVIEW,"alta similitud (formula=1.00 input=1.00) pero sin evidencia de merge — revisar a mano"
https://hacecuentas.com/calculadora-peso-ideal-bulldog-ingles,https://hacecuentas.com/calculadora-peso-ideal-pitbull,pets_non_medical,1.00,1.00,MANUAL_REVIEW,"alta similitud (formula=1.00 input=1.00) pero sin evidencia de merge — revisar a mano"
https://hacecuentas.com/calculadora-peso-ideal-bulldog-ingles,https://hacecuentas.com/calculadora-peso-ideal-rottweiler,pets_non_medical,1.00,1.00,MANUAL_REVIEW,"alta similitud (formula=1.00 input=1.00) pero sin evidencia de merge — revisar a mano"
https://hacecuentas.com/calculadora-peso-ideal-bulldog-ingles,https://hacecuentas.com/calculadora-peso-ideal-yorkshire-terrier,pets_non_medical,1.00,1.00,MANUAL_REVIEW,"alta similitud (formula=1.00 input=1.00) pero sin evidencia de merge — revisar a mano"
https://hacecuentas.com/calculadora-peso-ideal-dachshund-salchicha,https://hacecuentas.com/calculadora-peso-ideal-golden-retriever,pets_non_medical,1.00,1.00,MANUAL_REVIEW,"alta similitud (formula=1.00 input=1.00) pero sin evidencia de merge — revisar a mano"
https://hacecuentas.com/calculadora-peso-ideal-dachshund-salchicha,https://hacecuentas.com/calculadora-peso-ideal-husky-siberiano,pets_non_medical,1.00,1.00,MANUAL_REVIEW,"alta similitud (formula=1.00 input=1.00) pero sin evidencia de merge — revisar a mano"
https://hacecuentas.com/calculadora-peso-ideal-dachshund-salchicha,https://hacecuentas.com/calculadora-peso-ideal-labrador-retriever,pets_non_medical,1.00,1.00,MANUAL_REVIEW,"alta similitud (formula=1.00 input=1.00) pero sin evidencia de merge — revisar a mano"
https://hacecuentas.com/calculadora-peso-ideal-dachshund-salchicha,https://hacecuentas.com/calculadora-peso-ideal-pastor-aleman,pets_non_medical,1.00,1.00,MANUAL_REVIEW,"alta similitud (formula=1.00 input=1.00) pero sin evidencia de merge — revisar a mano"
https://hacecuentas.com/calculadora-peso-ideal-dachshund-salchicha,https://hacecuentas.com/calculadora-peso-ideal-pitbull,pets_non_medical,1.00,1.00,MANUAL_REVIEW,"alta similitud (formula=1.00 input=1.00) pero sin evidencia de merge — revisar a mano"
https://hacecuentas.com/calculadora-peso-ideal-dachshund-salchicha,https://hacecuentas.com/calculadora-peso-ideal-rottweiler,pets_non_medical,1.00,1.00,MANUAL_REVIEW,"alta similitud (formula=1.00 input=1.00) pero sin evidencia de merge — revisar a mano"
https://hacecuentas.com/calculadora-peso-ideal-dachshund-salchicha,https://hacecuentas.com/calculadora-peso-ideal-yorkshire-terrier,pets_non_medical,1.00,1.00,MANUAL_REVIEW,"alta similitud (formula=1.00 input=1.00) pero sin evidencia de merge — revisar a mano"
https://hacecuentas.com/calculadora-peso-ideal-golden-retriever,https://hacecuentas.com/calculadora-peso-ideal-husky-siberiano,pets_non_medical,1.00,1.00,MANUAL_REVIEW,"alta similitud (formula=1.00 input=1.00) pero sin evidencia de merge — revisar a mano"
https://hacecuentas.com/calculadora-peso-ideal-golden-retriever,https://hacecuentas.com/calculadora-peso-ideal-labrador-retriever,pets_non_medical,1.00,1.00,DIFFERENTIATE,"fórmula parecida pero difieren en régimen/bruto-neto/período/rol → diferenciar, NO redirigir"
https://hacecuentas.com/calculadora-peso-ideal-golden-retriever,https://hacecuentas.com/calculadora-peso-ideal-pastor-aleman,pets_non_medical,1.00,1.00,MANUAL_REVIEW,"alta similitud (formula=1.00 input=1.00) pero sin evidencia de merge — revisar a mano"
https://hacecuentas.com/calculadora-peso-ideal-golden-retriever,https://hacecuentas.com/calculadora-peso-ideal-pitbull,pets_non_medical,1.00,1.00,MANUAL_REVIEW,"alta similitud (formula=1.00 input=1.00) pero sin evidencia de merge — revisar a mano"
https://hacecuentas.com/calculadora-peso-ideal-golden-retriever,https://hacecuentas.com/calculadora-peso-ideal-rottweiler,pets_non_medical,1.00,1.00,MANUAL_REVIEW,"alta similitud (formula=1.00 input=1.00) pero sin evidencia de merge — revisar a mano"
https://hacecuentas.com/calculadora-peso-ideal-golden-retriever,https://hacecuentas.com/calculadora-peso-ideal-yorkshire-terrier,pets_non_medical,1.00,1.00,MANUAL_REVIEW,"alta similitud (formula=1.00 input=1.00) pero sin evidencia de merge — revisar a mano"
https://hacecuentas.com/calculadora-peso-ideal-husky-siberiano,https://hacecuentas.com/calculadora-peso-ideal-labrador-retriever,pets_non_medical,1.00,1.00,MANUAL_REVIEW,"alta similitud (formula=1.00 input=1.00) pero sin evidencia de merge — revisar a mano"
https://hacecuentas.com/calculadora-peso-ideal-husky-siberiano,https://hacecuentas.com/calculadora-peso-ideal-pastor-aleman,pets_non_medical,1.00,1.00,MANUAL_REVIEW,"alta similitud (formula=1.00 input=1.00) pero sin evidencia de merge — revisar a mano"
https://hacecuentas.com/calculadora-peso-ideal-husky-siberiano,https://hacecuentas.com/calculadora-peso-ideal-pitbull,pets_non_medical,1.00,1.00,MANUAL_REVIEW,"alta similitud (formula=1.00 input=1.00) pero sin evidencia de merge — revisar a mano"
https://hacecuentas.com/calculadora-peso-ideal-husky-siberiano,https://hacecuentas.com/calculadora-peso-ideal-rottweiler,pets_non_medical,1.00,1.00,MANUAL_REVIEW,"alta similitud (formula=1.00 input=1.00) pero sin evidencia de merge — revisar a mano"
https://hacecuentas.com/calculadora-peso-ideal-husky-siberiano,https://hacecuentas.com/calculadora-peso-ideal-yorkshire-terrier,pets_non_medical,1.00,1.00,MANUAL_REVIEW,"alta similitud (formula=1.00 input=1.00) pero sin evidencia de merge — revisar a mano"
https://hacecuentas.com/calculadora-peso-ideal-labrador-retriever,https://hacecuentas.com/calculadora-peso-ideal-pastor-aleman,pets_non_medical,1.00,1.00,MANUAL_REVIEW,"alta similitud (formula=1.00 input=1.00) pero sin evidencia de merge — revisar a mano"
https://hacecuentas.com/calculadora-peso-ideal-labrador-retriever,https://hacecuentas.com/calculadora-peso-ideal-pitbull,pets_non_medical,1.00,1.00,MANUAL_REVIEW,"alta similitud (formula=1.00 input=1.00) pero sin evidencia de merge — revisar a mano"
https://hacecuentas.com/calculadora-peso-ideal-labrador-retriever,https://hacecuentas.com/calculadora-peso-ideal-rottweiler,pets_non_medical,1.00,1.00,MANUAL_REVIEW,"alta similitud (formula=1.00 input=1.00) pero sin evidencia de merge — revisar a mano"
https://hacecuentas.com/calculadora-peso-ideal-labrador-retriever,https://hacecuentas.com/calculadora-peso-ideal-yorkshire-terrier,pets_non_medical,1.00,1.00,MANUAL_REVIEW,"alta similitud (formula=1.00 input=1.00) pero sin evidencia de merge — revisar a mano"
https://hacecuentas.com/calculadora-peso-ideal-pastor-aleman,https://hacecuentas.com/calculadora-peso-ideal-pitbull,pets_non_medical,1.00,1.00,MANUAL_REVIEW,"alta similitud (formula=1.00 input=1.00) pero sin evidencia de merge — revisar a mano"
https://hacecuentas.com/calculadora-peso-ideal-pastor-aleman,https://hacecuentas.com/calculadora-peso-ideal-rottweiler,pets_non_medical,1.00,1.00,MANUAL_REVIEW,"alta similitud (formula=1.00 input=1.00) pero sin evidencia de merge — revisar a mano"
https://hacecuentas.com/calculadora-peso-ideal-pastor-aleman,https://hacecuentas.com/calculadora-peso-ideal-yorkshire-terrier,pets_non_medical,1.00,1.00,MANUAL_REVIEW,"alta similitud (formula=1.00 input=1.00) pero sin evidencia de merge — revisar a mano"
https://hacecuentas.com/calculadora-peso-ideal-pitbull,https://hacecuentas.com/calculadora-peso-ideal-rottweiler,pets_non_medical,1.00,1.00,DIFFERENTIATE,"fórmula parecida pero difieren en régimen/bruto-neto/período/rol → diferenciar, NO redirigir"
https://hacecuentas.com/calculadora-peso-ideal-pitbull,https://hacecuentas.com/calculadora-peso-ideal-yorkshire-terrier,pets_non_medical,1.00,1.00,MANUAL_REVIEW,"alta similitud (formula=1.00 input=1.00) pero sin evidencia de merge — revisar a mano"
https://hacecuentas.com/calculadora-peso-ideal-rottweiler,https://hacecuentas.com/calculadora-peso-ideal-yorkshire-terrier,pets_non_medical,1.00,1.00,MANUAL_REVIEW,"alta similitud (formula=1.00 input=1.00) pero sin evidencia de merge — revisar a mano"
https://hacecuentas.com/ve/cuanto-es-bolivares-en-dolares,https://hacecuentas.com/ve/cuanto-es-dolares-en-bolivares,taxes,1.00,1.00,DIFFERENTIATE,"fórmula parecida pero difieren en régimen/bruto-neto/período/rol → diferenciar, NO redirigir"
https://hacecuentas.com/py/cuanto-es-en-guaranies-peso-argentino,https://hacecuentas.com/py/cuanto-es-en-guaranies-real-brasileno,savings,1.00,1.00,MANUAL_REVIEW,"alta similitud (formula=1.00 input=1.00) pero sin evidencia de merge — revisar a mano"
https://hacecuentas.com/en/10000-hours-mastery-gladwell,https://hacecuentas.com/en/80-20-learning-curve-hours-mastery,education,1.00,1.00,MANUAL_REVIEW,"alta similitud (formula=1.00 input=1.00) pero sin evidencia de merge — revisar a mano"
https://hacecuentas.com/en/10000-hours-mastery-gladwell,https://hacecuentas.com/en/anki-daily-flashcards-memorization-vocabulary,education,1.00,1.00,MANUAL_REVIEW,"alta similitud (formula=1.00 input=1.00) pero sin evidencia de merge — revisar a mano"
https://hacecuentas.com/en/10000-hours-mastery-gladwell,https://hacecuentas.com/en/duolingo-time-cefr-level-progress,education,1.00,1.00,MANUAL_REVIEW,"alta similitud (formula=1.00 input=1.00) pero sin evidencia de merge — revisar a mano"
https://hacecuentas.com/en/10000-hours-mastery-gladwell,https://hacecuentas.com/en/ebbinghaus-forgetting-curve-spaced-repetition,education,1.00,1.00,MANUAL_REVIEW,"alta similitud (formula=1.00 input=1.00) pero sin evidencia de merge — revisar a mano"
https://hacecuentas.com/en/10000-hours-mastery-gladwell,https://hacecuentas.com/en/english-mcer-level-hours-fsi,education,1.00,1.00,MANUAL_REVIEW,"alta similitud (formula=1.00 input=1.00) pero sin evidencia de merge — revisar a mano"
https://hacecuentas.com/en/10000-hours-mastery-gladwell,https://hacecuentas.com/en/exam-study-time-pages-difficulty,education,1.00,1.00,MANUAL_REVIEW,"alta similitud (formula=1.00 input=1.00) pero sin evidencia de merge — revisar a mano"
https://hacecuentas.com/en/10000-hours-mastery-gladwell,https://hacecuentas.com/en/flashcards-daily-goal-retention,education,1.00,1.00,MANUAL_REVIEW,"alta similitud (formula=1.00 input=1.00) pero sin evidencia de merge — revisar a mano"
https://hacecuentas.com/en/10000-hours-mastery-gladwell,https://hacecuentas.com/en/gpa-4-0-american-scale-calculator,education,1.00,1.00,MANUAL_REVIEW,"alta similitud (formula=1.00 input=1.00) pero sin evidencia de merge — revisar a mano"
https://hacecuentas.com/en/10000-hours-mastery-gladwell,https://hacecuentas.com/en/scholarship-minimum-gpa-requirement,education,1.00,1.00,MANUAL_REVIEW,"alta similitud (formula=1.00 input=1.00) pero sin evidencia de merge — revisar a mano"
https://hacecuentas.com/en/10000-hours-mastery-gladwell,https://hacecuentas.com/en/speed-reading-progress-improvement,education,1.00,1.00,MANUAL_REVIEW,"alta similitud (formula=1.00 input=1.00) pero sin evidencia de merge — revisar a mano"
https://hacecuentas.com/en/10000-hours-mastery-gladwell,https://hacecuentas.com/en/vocabulary-active-words-language-level,education,1.00,1.00,MANUAL_REVIEW,"alta similitud (formula=1.00 input=1.00) pero sin evidencia de merge — revisar a mano"
https://hacecuentas.com/en/10000-hours-mastery-gladwell,https://hacecuentas.com/en/weighted-average-calculator,education,1.00,1.00,MANUAL_REVIEW,"alta similitud (formula=1.00 input=1.00) pero sin evidencia de merge — revisar a mano"
https://hacecuentas.com/en/80-20-learning-curve-hours-mastery,https://hacecuentas.com/en/anki-daily-flashcards-memorization-vocabulary,education,1.00,1.00,MANUAL_REVIEW,"alta similitud (formula=1.00 input=1.00) pero sin evidencia de merge — revisar a mano"
https://hacecuentas.com/en/80-20-learning-curve-hours-mastery,https://hacecuentas.com/en/duolingo-time-cefr-level-progress,education,1.00,1.00,MANUAL_REVIEW,"alta similitud (formula=1.00 input=1.00) pero sin evidencia de merge — revisar a mano"
https://hacecuentas.com/en/80-20-learning-curve-hours-mastery,https://hacecuentas.com/en/ebbinghaus-forgetting-curve-spaced-repetition,education,1.00,1.00,MANUAL_REVIEW,"alta similitud (formula=1.00 input=1.00) pero sin evidencia de merge — revisar a mano"
https://hacecuentas.com/en/80-20-learning-curve-hours-mastery,https://hacecuentas.com/en/english-mcer-level-hours-fsi,education,1.00,1.00,MANUAL_REVIEW,"alta similitud (formula=1.00 input=1.00) pero sin evidencia de merge — revisar a mano"
https://hacecuentas.com/en/80-20-learning-curve-hours-mastery,https://hacecuentas.com/en/exam-study-time-pages-difficulty,education,1.00,1.00,MANUAL_REVIEW,"alta similitud (formula=1.00 input=1.00) pero sin evidencia de merge — revisar a mano"
https://hacecuentas.com/en/80-20-learning-curve-hours-mastery,https://hacecuentas.com/en/flashcards-daily-goal-retention,education,1.00,1.00,MANUAL_REVIEW,"alta similitud (formula=1.00 input=1.00) pero sin evidencia de merge — revisar a mano"
https://hacecuentas.com/en/80-20-learning-curve-hours-mastery,https://hacecuentas.com/en/gpa-4-0-american-scale-calculator,education,1.00,1.00,MANUAL_REVIEW,"alta similitud (formula=1.00 input=1.00) pero sin evidencia de merge — revisar a mano"
https://hacecuentas.com/en/80-20-learning-curve-hours-mastery,https://hacecuentas.com/en/scholarship-minimum-gpa-requirement,education,1.00,1.00,MANUAL_REVIEW,"alta similitud (formula=1.00 input=1.00) pero sin evidencia de merge — revisar a mano"
https://hacecuentas.com/en/80-20-learning-curve-hours-mastery,https://hacecuentas.com/en/speed-reading-progress-improvement,education,1.00,1.00,MANUAL_REVIEW,"alta similitud (formula=1.00 input=1.00) pero sin evidencia de merge — revisar a mano"
https://hacecuentas.com/en/80-20-learning-curve-hours-mastery,https://hacecuentas.com/en/vocabulary-active-words-language-level,education,1.00,1.00,MANUAL_REVIEW,"alta similitud (formula=1.00 input=1.00) pero sin evidencia de merge — revisar a mano"
https://hacecuentas.com/en/80-20-learning-curve-hours-mastery,https://hacecuentas.com/en/weighted-average-calculator,education,1.00,1.00,MANUAL_REVIEW,"alta similitud (formula=1.00 input=1.00) pero sin evidencia de merge — revisar a mano"
https://hacecuentas.com/en/anki-daily-flashcards-memorization-vocabulary,https://hacecuentas.com/en/duolingo-time-cefr-level-progress,education,1.00,1.00,MANUAL_REVIEW,"alta similitud (formula=1.00 input=1.00) pero sin evidencia de merge — revisar a mano"
https://hacecuentas.com/en/anki-daily-flashcards-memorization-vocabulary,https://hacecuentas.com/en/ebbinghaus-forgetting-curve-spaced-repetition,education,1.00,1.00,MANUAL_REVIEW,"alta similitud (formula=1.00 input=1.00) pero sin evidencia de merge — revisar a mano"
https://hacecuentas.com/en/anki-daily-flashcards-memorization-vocabulary,https://hacecuentas.com/en/english-mcer-level-hours-fsi,education,1.00,1.00,MANUAL_REVIEW,"alta similitud (formula=1.00 input=1.00) pero sin evidencia de merge — revisar a mano"
https://hacecuentas.com/en/anki-daily-flashcards-memorization-vocabulary,https://hacecuentas.com/en/exam-study-time-pages-difficulty,education,1.00,1.00,MANUAL_REVIEW,"alta similitud (formula=1.00 input=1.00) pero sin evidencia de merge — revisar a mano"
https://hacecuentas.com/en/anki-daily-flashcards-memorization-vocabulary,https://hacecuentas.com/en/flashcards-daily-goal-retention,education,1.00,1.00,MANUAL_REVIEW,"alta similitud (formula=1.00 input=1.00) pero sin evidencia de merge — revisar a mano"
https://hacecuentas.com/en/anki-daily-flashcards-memorization-vocabulary,https://hacecuentas.com/en/gpa-4-0-american-scale-calculator,education,1.00,1.00,MANUAL_REVIEW,"alta similitud (formula=1.00 input=1.00) pero sin evidencia de merge — revisar a mano"
https://hacecuentas.com/en/anki-daily-flashcards-memorization-vocabulary,https://hacecuentas.com/en/scholarship-minimum-gpa-requirement,education,1.00,1.00,MANUAL_REVIEW,"alta similitud (formula=1.00 input=1.00) pero sin evidencia de merge — revisar a mano"
https://hacecuentas.com/en/anki-daily-flashcards-memorization-vocabulary,https://hacecuentas.com/en/speed-reading-progress-improvement,education,1.00,1.00,MANUAL_REVIEW,"alta similitud (formula=1.00 input=1.00) pero sin evidencia de merge — revisar a mano"
https://hacecuentas.com/en/anki-daily-flashcards-memorization-vocabulary,https://hacecuentas.com/en/vocabulary-active-words-language-level,education,1.00,1.00,MANUAL_REVIEW,"alta similitud (formula=1.00 input=1.00) pero sin evidencia de merge — revisar a mano"
https://hacecuentas.com/en/anki-daily-flashcards-memorization-vocabulary,https://hacecuentas.com/en/weighted-average-calculator,education,1.00,1.00,MANUAL_REVIEW,"alta similitud (formula=1.00 input=1.00) pero sin evidencia de merge — revisar a mano"
https://hacecuentas.com/en/duolingo-time-cefr-level-progress,https://hacecuentas.com/en/ebbinghaus-forgetting-curve-spaced-repetition,education,1.00,1.00,MANUAL_REVIEW,"alta similitud (formula=1.00 input=1.00) pero sin evidencia de merge — revisar a mano"
https://hacecuentas.com/en/duolingo-time-cefr-level-progress,https://hacecuentas.com/en/english-mcer-level-hours-fsi,education,1.00,1.00,MANUAL_REVIEW,"alta similitud (formula=1.00 input=1.00) pero sin evidencia de merge — revisar a mano"
https://hacecuentas.com/en/duolingo-time-cefr-level-progress,https://hacecuentas.com/en/exam-study-time-pages-difficulty,education,1.00,1.00,MANUAL_REVIEW,"alta similitud (formula=1.00 input=1.00) pero sin evidencia de merge — revisar a mano"
https://hacecuentas.com/en/duolingo-time-cefr-level-progress,https://hacecuentas.com/en/flashcards-daily-goal-retention,education,1.00,1.00,MANUAL_REVIEW,"alta similitud (formula=1.00 input=1.00) pero sin evidencia de merge — revisar a mano"
https://hacecuentas.com/en/duolingo-time-cefr-level-progress,https://hacecuentas.com/en/gpa-4-0-american-scale-calculator,education,1.00,1.00,MANUAL_REVIEW,"alta similitud (formula=1.00 input=1.00) pero sin evidencia de merge — revisar a mano"
https://hacecuentas.com/en/duolingo-time-cefr-level-progress,https://hacecuentas.com/en/scholarship-minimum-gpa-requirement,education,1.00,1.00,MANUAL_REVIEW,"alta similitud (formula=1.00 input=1.00) pero sin evidencia de merge — revisar a mano"
https://hacecuentas.com/en/duolingo-time-cefr-level-progress,https://hacecuentas.com/en/speed-reading-progress-improvement,education,1.00,1.00,MANUAL_REVIEW,"alta similitud (formula=1.00 input=1.00) pero sin evidencia de merge — revisar a mano"
https://hacecuentas.com/en/duolingo-time-cefr-level-progress,https://hacecuentas.com/en/vocabulary-active-words-language-level,education,1.00,1.00,MANUAL_REVIEW,"alta similitud (formula=1.00 input=1.00) pero sin evidencia de merge — revisar a mano"
https://hacecuentas.com/en/duolingo-time-cefr-level-progress,https://hacecuentas.com/en/weighted-average-calculator,education,1.00,1.00,MANUAL_REVIEW,"alta similitud (formula=1.00 input=1.00) pero sin evidencia de merge — revisar a mano"
https://hacecuentas.com/en/ebbinghaus-forgetting-curve-spaced-repetition,https://hacecuentas.com/en/english-mcer-level-hours-fsi,education,1.00,1.00,MANUAL_REVIEW,"alta similitud (formula=1.00 input=1.00) pero sin evidencia de merge — revisar a mano"
https://hacecuentas.com/en/ebbinghaus-forgetting-curve-spaced-repetition,https://hacecuentas.com/en/exam-study-time-pages-difficulty,education,1.00,1.00,MANUAL_REVIEW,"alta similitud (formula=1.00 input=1.00) pero sin evidencia de merge — revisar a mano"
https://hacecuentas.com/en/ebbinghaus-forgetting-curve-spaced-repetition,https://hacecuentas.com/en/flashcards-daily-goal-retention,education,1.00,1.00,MANUAL_REVIEW,"alta similitud (formula=1.00 input=1.00) pero sin evidencia de merge — revisar a mano"
https://hacecuentas.com/en/ebbinghaus-forgetting-curve-spaced-repetition,https://hacecuentas.com/en/gpa-4-0-american-scale-calculator,education,1.00,1.00,MANUAL_REVIEW,"alta similitud (formula=1.00 input=1.00) pero sin evidencia de merge — revisar a mano"
https://hacecuentas.com/en/ebbinghaus-forgetting-curve-spaced-repetition,https://hacecuentas.com/en/scholarship-minimum-gpa-requirement,education,1.00,1.00,MANUAL_REVIEW,"alta similitud (formula=1.00 input=1.00) pero sin evidencia de merge — revisar a mano"
https://hacecuentas.com/en/ebbinghaus-forgetting-curve-spaced-repetition,https://hacecuentas.com/en/speed-reading-progress-improvement,education,1.00,1.00,MANUAL_REVIEW,"alta similitud (formula=1.00 input=1.00) pero sin evidencia de merge — revisar a mano"
https://hacecuentas.com/en/ebbinghaus-forgetting-curve-spaced-repetition,https://hacecuentas.com/en/vocabulary-active-words-language-level,education,1.00,1.00,MANUAL_REVIEW,"alta similitud (formula=1.00 input=1.00) pero sin evidencia de merge — revisar a mano"
https://hacecuentas.com/en/ebbinghaus-forgetting-curve-spaced-repetition,https://hacecuentas.com/en/weighted-average-calculator,education,1.00,1.00,MANUAL_REVIEW,"alta similitud (formula=1.00 input=1.00) pero sin evidencia de merge — revisar a mano"
https://hacecuentas.com/en/english-mcer-level-hours-fsi,https://hacecuentas.com/en/exam-study-time-pages-difficulty,education,1.00,1.00,MANUAL_REVIEW,"alta similitud (formula=1.00 input=1.00) pero sin evidencia de merge — revisar a mano"
https://hacecuentas.com/en/english-mcer-level-hours-fsi,https://hacecuentas.com/en/flashcards-daily-goal-retention,education,1.00,1.00,MANUAL_REVIEW,"alta similitud (formula=1.00 input=1.00) pero sin evidencia de merge — revisar a mano"
https://hacecuentas.com/en/english-mcer-level-hours-fsi,https://hacecuentas.com/en/gpa-4-0-american-scale-calculator,education,1.00,1.00,MANUAL_REVIEW,"alta similitud (formula=1.00 input=1.00) pero sin evidencia de merge — revisar a mano"
https://hacecuentas.com/en/english-mcer-level-hours-fsi,https://hacecuentas.com/en/scholarship-minimum-gpa-requirement,education,1.00,1.00,MANUAL_REVIEW,"alta similitud (formula=1.00 input=1.00) pero sin evidencia de merge — revisar a mano"
https://hacecuentas.com/en/english-mcer-level-hours-fsi,https://hacecuentas.com/en/speed-reading-progress-improvement,education,1.00,1.00,MANUAL_REVIEW,"alta similitud (formula=1.00 input=1.00) pero sin evidencia de merge — revisar a mano"
https://hacecuentas.com/en/english-mcer-level-hours-fsi,https://hacecuentas.com/en/vocabulary-active-words-language-level,education,1.00,1.00,MANUAL_REVIEW,"alta similitud (formula=1.00 input=1.00) pero sin evidencia de merge — revisar a mano"
https://hacecuentas.com/en/english-mcer-level-hours-fsi,https://hacecuentas.com/en/weighted-average-calculator,education,1.00,1.00,MANUAL_REVIEW,"alta similitud (formula=1.00 input=1.00) pero sin evidencia de merge — revisar a mano"
https://hacecuentas.com/en/exam-study-time-pages-difficulty,https://hacecuentas.com/en/flashcards-daily-goal-retention,education,1.00,1.00,MANUAL_REVIEW,"alta similitud (formula=1.00 input=1.00) pero sin evidencia de merge — revisar a mano"
https://hacecuentas.com/en/exam-study-time-pages-difficulty,https://hacecuentas.com/en/gpa-4-0-american-scale-calculator,education,1.00,1.00,MANUAL_REVIEW,"alta similitud (formula=1.00 input=1.00) pero sin evidencia de merge — revisar a mano"
https://hacecuentas.com/en/exam-study-time-pages-difficulty,https://hacecuentas.com/en/scholarship-minimum-gpa-requirement,education,1.00,1.00,MANUAL_REVIEW,"alta similitud (formula=1.00 input=1.00) pero sin evidencia de merge — revisar a mano"
https://hacecuentas.com/en/exam-study-time-pages-difficulty,https://hacecuentas.com/en/speed-reading-progress-improvement,education,1.00,1.00,MANUAL_REVIEW,"alta similitud (formula=1.00 input=1.00) pero sin evidencia de merge — revisar a mano"
https://hacecuentas.com/en/exam-study-time-pages-difficulty,https://hacecuentas.com/en/vocabulary-active-words-language-level,education,1.00,1.00,MANUAL_REVIEW,"alta similitud (formula=1.00 input=1.00) pero sin evidencia de merge — revisar a mano"
https://hacecuentas.com/en/exam-study-time-pages-difficulty,https://hacecuentas.com/en/weighted-average-calculator,education,1.00,1.00,MANUAL_REVIEW,"alta similitud (formula=1.00 input=1.00) pero sin evidencia de merge — revisar a mano"
https://hacecuentas.com/en/flashcards-daily-goal-retention,https://hacecuentas.com/en/gpa-4-0-american-scale-calculator,education,1.00,1.00,MANUAL_REVIEW,"alta similitud (formula=1.00 input=1.00) pero sin evidencia de merge — revisar a mano"
https://hacecuentas.com/en/flashcards-daily-goal-retention,https://hacecuentas.com/en/scholarship-minimum-gpa-requirement,education,1.00,1.00,MANUAL_REVIEW,"alta similitud (formula=1.00 input=1.00) pero sin evidencia de merge — revisar a mano"
https://hacecuentas.com/en/flashcards-daily-goal-retention,https://hacecuentas.com/en/speed-reading-progress-improvement,education,1.00,1.00,MANUAL_REVIEW,"alta similitud (formula=1.00 input=1.00) pero sin evidencia de merge — revisar a mano"
https://hacecuentas.com/en/flashcards-daily-goal-retention,https://hacecuentas.com/en/vocabulary-active-words-language-level,education,1.00,1.00,MANUAL_REVIEW,"alta similitud (formula=1.00 input=1.00) pero sin evidencia de merge — revisar a mano"
https://hacecuentas.com/en/flashcards-daily-goal-retention,https://hacecuentas.com/en/weighted-average-calculator,education,1.00,1.00,MANUAL_REVIEW,"alta similitud (formula=1.00 input=1.00) pero sin evidencia de merge — revisar a mano"
https://hacecuentas.com/en/gpa-4-0-american-scale-calculator,https://hacecuentas.com/en/scholarship-minimum-gpa-requirement,education,1.00,1.00,MANUAL_REVIEW,"alta similitud (formula=1.00 input=1.00) pero sin evidencia de merge — revisar a mano"
https://hacecuentas.com/en/gpa-4-0-american-scale-calculator,https://hacecuentas.com/en/speed-reading-progress-improvement,education,1.00,1.00,MANUAL_REVIEW,"alta similitud (formula=1.00 input=1.00) pero sin evidencia de merge — revisar a mano"
https://hacecuentas.com/en/gpa-4-0-american-scale-calculator,https://hacecuentas.com/en/vocabulary-active-words-language-level,education,1.00,1.00,MANUAL_REVIEW,"alta similitud (formula=1.00 input=1.00) pero sin evidencia de merge — revisar a mano"
https://hacecuentas.com/en/gpa-4-0-american-scale-calculator,https://hacecuentas.com/en/weighted-average-calculator,education,1.00,1.00,MANUAL_REVIEW,"alta similitud (formula=1.00 input=1.00) pero sin evidencia de merge — revisar a mano"
https://hacecuentas.com/en/scholarship-minimum-gpa-requirement,https://hacecuentas.com/en/speed-reading-progress-improvement,education,1.00,1.00,MANUAL_REVIEW,"alta similitud (formula=1.00 input=1.00) pero sin evidencia de merge — revisar a mano"
https://hacecuentas.com/en/scholarship-minimum-gpa-requirement,https://hacecuentas.com/en/vocabulary-active-words-language-level,education,1.00,1.00,MANUAL_REVIEW,"alta similitud (formula=1.00 input=1.00) pero sin evidencia de merge — revisar a mano"
https://hacecuentas.com/en/scholarship-minimum-gpa-requirement,https://hacecuentas.com/en/weighted-average-calculator,education,1.00,1.00,MANUAL_REVIEW,"alta similitud (formula=1.00 input=1.00) pero sin evidencia de merge — revisar a mano"
https://hacecuentas.com/en/speed-reading-progress-improvement,https://hacecuentas.com/en/vocabulary-active-words-language-level,education,1.00,1.00,MANUAL_REVIEW,"alta similitud (formula=1.00 input=1.00) pero sin evidencia de merge — revisar a mano"
https://hacecuentas.com/en/speed-reading-progress-improvement,https://hacecuentas.com/en/weighted-average-calculator,education,1.00,1.00,MANUAL_REVIEW,"alta similitud (formula=1.00 input=1.00) pero sin evidencia de merge — revisar a mano"
https://hacecuentas.com/en/vocabulary-active-words-language-level,https://hacecuentas.com/en/weighted-average-calculator,education,1.00,1.00,MANUAL_REVIEW,"alta similitud (formula=1.00 input=1.00) pero sin evidencia de merge — revisar a mano"
https://hacecuentas.com/en/10k-training-plan-weeks,https://hacecuentas.com/en/21k-training-plan-weeks,sports_non_medical,1.00,1.00,MANUAL_REVIEW,"alta similitud (formula=1.00 input=1.00) pero sin evidencia de merge — revisar a mano"
https://hacecuentas.com/en/10k-training-plan-weeks,https://hacecuentas.com/en/5k-training-plan-weeks,sports_non_medical,1.00,1.00,MANUAL_REVIEW,"alta similitud (formula=1.00 input=1.00) pero sin evidencia de merge — revisar a mano"
https://hacecuentas.com/en/10k-training-plan-weeks,https://hacecuentas.com/en/marathon-42k-training-plan-weeks,sports_non_medical,1.00,1.00,MANUAL_REVIEW,"alta similitud (formula=1.00 input=1.00) pero sin evidencia de merge — revisar a mano"
https://hacecuentas.com/en/21k-training-plan-weeks,https://hacecuentas.com/en/5k-training-plan-weeks,sports_non_medical,1.00,1.00,MANUAL_REVIEW,"alta similitud (formula=1.00 input=1.00) pero sin evidencia de merge — revisar a mano"
https://hacecuentas.com/en/21k-training-plan-weeks,https://hacecuentas.com/en/marathon-42k-training-plan-weeks,sports_non_medical,1.00,1.00,MANUAL_REVIEW,"alta similitud (formula=1.00 input=1.00) pero sin evidencia de merge — revisar a mano"
https://hacecuentas.com/en/5k-training-plan-weeks,https://hacecuentas.com/en/marathon-42k-training-plan-weeks,sports_non_medical,1.00,1.00,MANUAL_REVIEW,"alta similitud (formula=1.00 input=1.00) pero sin evidencia de merge — revisar a mano"
https://hacecuentas.com/en/1rm-deadlift-estimator,https://hacecuentas.com/en/1rm-squat-estimator,food,1.00,1.00,DIFFERENTIATE,"fórmula parecida pero difieren en régimen/bruto-neto/período/rol → diferenciar, NO redirigir"
https://hacecuentas.com/en/comida-gato-gramos-peso-ideal-racion,https://hacecuentas.com/en/oven-temperature-gas-electric-conversion,food,1.00,1.00,MANUAL_REVIEW,"alta similitud (formula=1.00 input=1.00) pero sin evidencia de merge — revisar a mano"
https://hacecuentas.com/en/comida-gato-gramos-peso-ideal-racion,https://hacecuentas.com/en/scale-vanilla-pound-cake-recipe,food,1.00,1.00,MANUAL_REVIEW,"alta similitud (formula=1.00 input=1.00) pero sin evidencia de merge — revisar a mano"
https://hacecuentas.com/en/comida-gato-gramos-peso-ideal-racion,https://hacecuentas.com/en/vegetable-cooking-times-steamed-boiled,food,1.00,1.00,MANUAL_REVIEW,"alta similitud (formula=1.00 input=1.00) pero sin evidencia de merge — revisar a mano"
https://hacecuentas.com/en/oven-temperature-gas-electric-conversion,https://hacecuentas.com/en/scale-vanilla-pound-cake-recipe,food,1.00,1.00,MANUAL_REVIEW,"alta similitud (formula=1.00 input=1.00) pero sin evidencia de merge — revisar a mano"
https://hacecuentas.com/en/oven-temperature-gas-electric-conversion,https://hacecuentas.com/en/vegetable-cooking-times-steamed-boiled,food,1.00,1.00,MANUAL_REVIEW,"alta similitud (formula=1.00 input=1.00) pero sin evidencia de merge — revisar a mano"
https://hacecuentas.com/en/scale-vanilla-pound-cake-recipe,https://hacecuentas.com/en/vegetable-cooking-times-steamed-boiled,food,1.00,1.00,MANUAL_REVIEW,"alta similitud (formula=1.00 input=1.00) pero sin evidencia de merge — revisar a mano"
https://hacecuentas.com/en/combinations-n-choose-k,https://hacecuentas.com/en/permutaciones-n-tomados-k-pnk,mathematics,1.00,1.00,MANUAL_REVIEW,"alta similitud (formula=1.00 input=1.00) pero sin evidencia de merge — revisar a mano"
https://hacecuentas.com/en/conversion-btu-kcal-air-conditioning,https://hacecuentas.com/en/conversion-gallons-to-liters-us-uk,mathematics,1.00,1.00,MANUAL_REVIEW,"alta similitud (formula=1.00 input=1.00) pero sin evidencia de merge — revisar a mano"
https://hacecuentas.com/en/conversion-btu-kcal-air-conditioning,https://hacecuentas.com/en/conversion-meters-to-feet,mathematics,1.00,1.00,MANUAL_REVIEW,"alta similitud (formula=1.00 input=1.00) pero sin evidencia de merge — revisar a mano"
https://hacecuentas.com/en/conversion-btu-kcal-air-conditioning,https://hacecuentas.com/en/conversion-miles-kilometers,mathematics,1.00,1.00,MANUAL_REVIEW,"alta similitud (formula=1.00 input=1.00) pero sin evidencia de merge — revisar a mano"
https://hacecuentas.com/en/conversion-btu-kcal-air-conditioning,https://hacecuentas.com/en/conversion-ounce-gram-cooking,mathematics,1.00,1.00,MANUAL_REVIEW,"alta similitud (formula=1.00 input=1.00) pero sin evidencia de merge — revisar a mano"
https://hacecuentas.com/en/conversion-btu-kcal-air-conditioning,https://hacecuentas.com/en/conversion-ppm-mg-l-quimica-agua,mathematics,1.00,1.00,MANUAL_REVIEW,"alta similitud (formula=1.00 input=1.00) pero sin evidencia de merge — revisar a mano"
https://hacecuentas.com/en/conversion-btu-kcal-air-conditioning,https://hacecuentas.com/en/inches-to-cm-screen-converter,mathematics,1.00,1.00,MANUAL_REVIEW,"alta similitud (formula=1.00 input=1.00) pero sin evidencia de merge — revisar a mano"
https://hacecuentas.com/en/conversion-btu-kcal-air-conditioning,https://hacecuentas.com/en/kilos-to-pounds-converter,mathematics,1.00,1.00,MANUAL_REVIEW,"alta similitud (formula=1.00 input=1.00) pero sin evidencia de merge — revisar a mano"
https://hacecuentas.com/en/conversion-btu-kcal-air-conditioning,https://hacecuentas.com/en/quintal-to-metric-ton-converter,mathematics,1.00,1.00,MANUAL_REVIEW,"alta similitud (formula=1.00 input=1.00) pero sin evidencia de merge — revisar a mano"
https://hacecuentas.com/en/conversion-btu-kcal-air-conditioning,https://hacecuentas.com/en/radians-to-degrees-angle,mathematics,1.00,1.00,MANUAL_REVIEW,"alta similitud (formula=1.00 input=1.00) pero sin evidencia de merge — revisar a mano"
https://hacecuentas.com/en/conversion-btu-kcal-air-conditioning,https://hacecuentas.com/en/square-feet-to-square-meters-real-estate,mathematics,1.00,1.00,MANUAL_REVIEW,"alta similitud (formula=1.00 input=1.00) pero sin evidencia de merge — revisar a mano"
https://hacecuentas.com/en/conversion-celsius-fahrenheit-kelvin,https://hacecuentas.com/en/conversion-degrees-radians-gradians,mathematics,1.00,1.00,MANUAL_REVIEW,"alta similitud (formula=1.00 input=1.00) pero sin evidencia de merge — revisar a mano"
https://hacecuentas.com/en/conversion-gallons-to-liters-us-uk,https://hacecuentas.com/en/conversion-meters-to-feet,mathematics,1.00,1.00,MANUAL_REVIEW,"alta similitud (formula=1.00 input=1.00) pero sin evidencia de merge — revisar a mano"
https://hacecuentas.com/en/conversion-gallons-to-liters-us-uk,https://hacecuentas.com/en/conversion-miles-kilometers,mathematics,1.00,1.00,MANUAL_REVIEW,"alta similitud (formula=1.00 input=1.00) pero sin evidencia de merge — revisar a mano"
https://hacecuentas.com/en/conversion-gallons-to-liters-us-uk,https://hacecuentas.com/en/conversion-ounce-gram-cooking,mathematics,1.00,1.00,MANUAL_REVIEW,"alta similitud (formula=1.00 input=1.00) pero sin evidencia de merge — revisar a mano"
https://hacecuentas.com/en/conversion-gallons-to-liters-us-uk,https://hacecuentas.com/en/conversion-ppm-mg-l-quimica-agua,mathematics,1.00,1.00,MANUAL_REVIEW,"alta similitud (formula=1.00 input=1.00) pero sin evidencia de merge — revisar a mano"
https://hacecuentas.com/en/conversion-gallons-to-liters-us-uk,https://hacecuentas.com/en/inches-to-cm-screen-converter,mathematics,1.00,1.00,MANUAL_REVIEW,"alta similitud (formula=1.00 input=1.00) pero sin evidencia de merge — revisar a mano"
https://hacecuentas.com/en/conversion-gallons-to-liters-us-uk,https://hacecuentas.com/en/kilos-to-pounds-converter,mathematics,1.00,1.00,MANUAL_REVIEW,"alta similitud (formula=1.00 input=1.00) pero sin evidencia de merge — revisar a mano"
https://hacecuentas.com/en/conversion-gallons-to-liters-us-uk,https://hacecuentas.com/en/quintal-to-metric-ton-converter,mathematics,1.00,1.00,MANUAL_REVIEW,"alta similitud (formula=1.00 input=1.00) pero sin evidencia de merge — revisar a mano"
https://hacecuentas.com/en/conversion-gallons-to-liters-us-uk,https://hacecuentas.com/en/radians-to-degrees-angle,mathematics,1.00,1.00,MANUAL_REVIEW,"alta similitud (formula=1.00 input=1.00) pero sin evidencia de merge — revisar a mano"
https://hacecuentas.com/en/conversion-gallons-to-liters-us-uk,https://hacecuentas.com/en/square-feet-to-square-meters-real-estate,mathematics,1.00,1.00,MANUAL_REVIEW,"alta similitud (formula=1.00 input=1.00) pero sin evidencia de merge — revisar a mano"
https://hacecuentas.com/en/conversion-meters-to-feet,https://hacecuentas.com/en/conversion-miles-kilometers,mathematics,1.00,1.00,MANUAL_REVIEW,"alta similitud (formula=1.00 input=1.00) pero sin evidencia de merge — revisar a mano"
https://hacecuentas.com/en/conversion-meters-to-feet,https://hacecuentas.com/en/conversion-ounce-gram-cooking,mathematics,1.00,1.00,MANUAL_REVIEW,"alta similitud (formula=1.00 input=1.00) pero sin evidencia de merge — revisar a mano"
https://hacecuentas.com/en/conversion-meters-to-feet,https://hacecuentas.com/en/conversion-ppm-mg-l-quimica-agua,mathematics,1.00,1.00,MANUAL_REVIEW,"alta similitud (formula=1.00 input=1.00) pero sin evidencia de merge — revisar a mano"
https://hacecuentas.com/en/conversion-meters-to-feet,https://hacecuentas.com/en/inches-to-cm-screen-converter,mathematics,1.00,1.00,MANUAL_REVIEW,"alta similitud (formula=1.00 input=1.00) pero sin evidencia de merge — revisar a mano"
https://hacecuentas.com/en/conversion-meters-to-feet,https://hacecuentas.com/en/kilos-to-pounds-converter,mathematics,1.00,1.00,MANUAL_REVIEW,"alta similitud (formula=1.00 input=1.00) pero sin evidencia de merge — revisar a mano"
https://hacecuentas.com/en/conversion-meters-to-feet,https://hacecuentas.com/en/quintal-to-metric-ton-converter,mathematics,1.00,1.00,MANUAL_REVIEW,"alta similitud (formula=1.00 input=1.00) pero sin evidencia de merge — revisar a mano"
https://hacecuentas.com/en/conversion-meters-to-feet,https://hacecuentas.com/en/radians-to-degrees-angle,mathematics,1.00,1.00,MANUAL_REVIEW,"alta similitud (formula=1.00 input=1.00) pero sin evidencia de merge — revisar a mano"
https://hacecuentas.com/en/conversion-meters-to-feet,https://hacecuentas.com/en/square-feet-to-square-meters-real-estate,mathematics,1.00,1.00,MANUAL_REVIEW,"alta similitud (formula=1.00 input=1.00) pero sin evidencia de merge — revisar a mano"
https://hacecuentas.com/en/conversion-miles-kilometers,https://hacecuentas.com/en/conversion-ounce-gram-cooking,mathematics,1.00,1.00,MANUAL_REVIEW,"alta similitud (formula=1.00 input=1.00) pero sin evidencia de merge — revisar a mano"
https://hacecuentas.com/en/conversion-miles-kilometers,https://hacecuentas.com/en/conversion-ppm-mg-l-quimica-agua,mathematics,1.00,1.00,MANUAL_REVIEW,"alta similitud (formula=1.00 input=1.00) pero sin evidencia de merge — revisar a mano"
https://hacecuentas.com/en/conversion-miles-kilometers,https://hacecuentas.com/en/inches-to-cm-screen-converter,mathematics,1.00,1.00,MANUAL_REVIEW,"alta similitud (formula=1.00 input=1.00) pero sin evidencia de merge — revisar a mano"
https://hacecuentas.com/en/conversion-miles-kilometers,https://hacecuentas.com/en/kilos-to-pounds-converter,mathematics,1.00,1.00,MANUAL_REVIEW,"alta similitud (formula=1.00 input=1.00) pero sin evidencia de merge — revisar a mano"
https://hacecuentas.com/en/conversion-miles-kilometers,https://hacecuentas.com/en/quintal-to-metric-ton-converter,mathematics,1.00,1.00,MANUAL_REVIEW,"alta similitud (formula=1.00 input=1.00) pero sin evidencia de merge — revisar a mano"
https://hacecuentas.com/en/conversion-miles-kilometers,https://hacecuentas.com/en/radians-to-degrees-angle,mathematics,1.00,1.00,MANUAL_REVIEW,"alta similitud (formula=1.00 input=1.00) pero sin evidencia de merge — revisar a mano"
https://hacecuentas.com/en/conversion-miles-kilometers,https://hacecuentas.com/en/square-feet-to-square-meters-real-estate,mathematics,1.00,1.00,MANUAL_REVIEW,"alta similitud (formula=1.00 input=1.00) pero sin evidencia de merge — revisar a mano"
https://hacecuentas.com/en/conversion-ounce-gram-cooking,https://hacecuentas.com/en/conversion-ppm-mg-l-quimica-agua,mathematics,1.00,1.00,MANUAL_REVIEW,"alta similitud (formula=1.00 input=1.00) pero sin evidencia de merge — revisar a mano"
https://hacecuentas.com/en/conversion-ounce-gram-cooking,https://hacecuentas.com/en/inches-to-cm-screen-converter,mathematics,1.00,1.00,MANUAL_REVIEW,"alta similitud (formula=1.00 input=1.00) pero sin evidencia de merge — revisar a mano"
https://hacecuentas.com/en/conversion-ounce-gram-cooking,https://hacecuentas.com/en/kilos-to-pounds-converter,mathematics,1.00,1.00,MANUAL_REVIEW,"alta similitud (formula=1.00 input=1.00) pero sin evidencia de merge — revisar a mano"
https://hacecuentas.com/en/conversion-ounce-gram-cooking,https://hacecuentas.com/en/quintal-to-metric-ton-converter,mathematics,1.00,1.00,MANUAL_REVIEW,"alta similitud (formula=1.00 input=1.00) pero sin evidencia de merge — revisar a mano"
https://hacecuentas.com/en/conversion-ounce-gram-cooking,https://hacecuentas.com/en/radians-to-degrees-angle,mathematics,1.00,1.00,MANUAL_REVIEW,"alta similitud (formula=1.00 input=1.00) pero sin evidencia de merge — revisar a mano"
https://hacecuentas.com/en/conversion-ounce-gram-cooking,https://hacecuentas.com/en/square-feet-to-square-meters-real-estate,mathematics,1.00,1.00,MANUAL_REVIEW,"alta similitud (formula=1.00 input=1.00) pero sin evidencia de merge — revisar a mano"
https://hacecuentas.com/en/conversion-ppm-mg-l-quimica-agua,https://hacecuentas.com/en/inches-to-cm-screen-converter,mathematics,1.00,1.00,MANUAL_REVIEW,"alta similitud (formula=1.00 input=1.00) pero sin evidencia de merge — revisar a mano"
https://hacecuentas.com/en/conversion-ppm-mg-l-quimica-agua,https://hacecuentas.com/en/kilos-to-pounds-converter,mathematics,1.00,1.00,MANUAL_REVIEW,"alta similitud (formula=1.00 input=1.00) pero sin evidencia de merge — revisar a mano"
https://hacecuentas.com/en/conversion-ppm-mg-l-quimica-agua,https://hacecuentas.com/en/quintal-to-metric-ton-converter,mathematics,1.00,1.00,MANUAL_REVIEW,"alta similitud (formula=1.00 input=1.00) pero sin evidencia de merge — revisar a mano"
https://hacecuentas.com/en/conversion-ppm-mg-l-quimica-agua,https://hacecuentas.com/en/radians-to-degrees-angle,mathematics,1.00,1.00,MANUAL_REVIEW,"alta similitud (formula=1.00 input=1.00) pero sin evidencia de merge — revisar a mano"
https://hacecuentas.com/en/conversion-ppm-mg-l-quimica-agua,https://hacecuentas.com/en/square-feet-to-square-meters-real-estate,mathematics,1.00,1.00,MANUAL_REVIEW,"alta similitud (formula=1.00 input=1.00) pero sin evidencia de merge — revisar a mano"
https://hacecuentas.com/en/inches-to-cm-screen-converter,https://hacecuentas.com/en/kilos-to-pounds-converter,mathematics,1.00,1.00,MANUAL_REVIEW,"alta similitud (formula=1.00 input=1.00) pero sin evidencia de merge — revisar a mano"
https://hacecuentas.com/en/inches-to-cm-screen-converter,https://hacecuentas.com/en/quintal-to-metric-ton-converter,mathematics,1.00,1.00,MANUAL_REVIEW,"alta similitud (formula=1.00 input=1.00) pero sin evidencia de merge — revisar a mano"
https://hacecuentas.com/en/inches-to-cm-screen-converter,https://hacecuentas.com/en/radians-to-degrees-angle,mathematics,1.00,1.00,MANUAL_REVIEW,"alta similitud (formula=1.00 input=1.00) pero sin evidencia de merge — revisar a mano"
https://hacecuentas.com/en/inches-to-cm-screen-converter,https://hacecuentas.com/en/square-feet-to-square-meters-real-estate,mathematics,1.00,1.00,MANUAL_REVIEW,"alta similitud (formula=1.00 input=1.00) pero sin evidencia de merge — revisar a mano"
https://hacecuentas.com/en/kilos-to-pounds-converter,https://hacecuentas.com/en/quintal-to-metric-ton-converter,mathematics,1.00,1.00,MANUAL_REVIEW,"alta similitud (formula=1.00 input=1.00) pero sin evidencia de merge — revisar a mano"
https://hacecuentas.com/en/kilos-to-pounds-converter,https://hacecuentas.com/en/radians-to-degrees-angle,mathematics,1.00,1.00,MANUAL_REVIEW,"alta similitud (formula=1.00 input=1.00) pero sin evidencia de merge — revisar a mano"
https://hacecuentas.com/en/kilos-to-pounds-converter,https://hacecuentas.com/en/square-feet-to-square-meters-real-estate,mathematics,1.00,1.00,MANUAL_REVIEW,"alta similitud (formula=1.00 input=1.00) pero sin evidencia de merge — revisar a mano"
https://hacecuentas.com/en/quadratic-equation-roots-discriminant,https://hacecuentas.com/en/triangle-area-herons-formula,mathematics,1.00,1.00,MANUAL_REVIEW,"alta similitud (formula=1.00 input=1.00) pero sin evidencia de merge — revisar a mano"
https://hacecuentas.com/en/quintal-to-metric-ton-converter,https://hacecuentas.com/en/radians-to-degrees-angle,mathematics,1.00,1.00,MANUAL_REVIEW,"alta similitud (formula=1.00 input=1.00) pero sin evidencia de merge — revisar a mano"
https://hacecuentas.com/en/quintal-to-metric-ton-converter,https://hacecuentas.com/en/square-feet-to-square-meters-real-estate,mathematics,1.00,1.00,MANUAL_REVIEW,"alta similitud (formula=1.00 input=1.00) pero sin evidencia de merge — revisar a mano"
https://hacecuentas.com/en/radians-to-degrees-angle,https://hacecuentas.com/en/square-feet-to-square-meters-real-estate,mathematics,1.00,1.00,MANUAL_REVIEW,"alta similitud (formula=1.00 input=1.00) pero sin evidencia de merge — revisar a mano"
https://hacecuentas.com/en/baby-sleep-hours-by-age-chart,https://hacecuentas.com/en/blw-introduction-6-months,other,1.00,1.00,MANUAL_REVIEW,"alta similitud (formula=1.00 input=1.00) pero sin evidencia de merge — revisar a mano"
https://hacecuentas.com/en/garden-harvest-expected-kg,https://hacecuentas.com/en/semillas-por-m2-huerta,other,1.00,1.00,MANUAL_REVIEW,"alta similitud (formula=1.00 input=1.00) pero sin evidencia de merge — revisar a mano"
https://hacecuentas.com/en/planting-calendar-northern-hemisphere,https://hacecuentas.com/en/planting-calendar-southern-hemisphere,other,1.00,1.00,DIFFERENTIATE,"fórmula parecida pero difieren en régimen/bruto-neto/período/rol → diferenciar, NO redirigir"
https://hacecuentas.com/en/recommended-sleep-hours-by-age,https://hacecuentas.com/en/screen-time-recommendations-by-age,other,1.00,1.00,MANUAL_REVIEW,"alta similitud (formula=1.00 input=1.00) pero sin evidencia de merge — revisar a mano"
https://hacecuentas.com/en/bogleheads-3-fund-portfolio-calculator,https://hacecuentas.com/en/emergency-fund-calculator-months-expenses,savings,1.00,1.00,MANUAL_REVIEW,"alta similitud (formula=1.00 input=1.00) pero sin evidencia de merge — revisar a mano"
https://hacecuentas.com/en/bogleheads-3-fund-portfolio-calculator,https://hacecuentas.com/en/money-market-fund-yield,savings,1.00,1.00,MANUAL_REVIEW,"alta similitud (formula=1.00 input=1.00) pero sin evidencia de merge — revisar a mano"
https://hacecuentas.com/en/bogleheads-3-fund-portfolio-calculator,https://hacecuentas.com/en/stock-options-vesting-tech-startup,savings,1.00,1.00,MANUAL_REVIEW,"alta similitud (formula=1.00 input=1.00) pero sin evidencia de merge — revisar a mano"
https://hacecuentas.com/en/bogleheads-3-fund-portfolio-calculator,https://hacecuentas.com/en/usd-broker-investment-calculator,savings,1.00,1.00,MANUAL_REVIEW,"alta similitud (formula=1.00 input=1.00) pero sin evidencia de merge — revisar a mano"
https://hacecuentas.com/en/emergency-fund-calculator-months-expenses,https://hacecuentas.com/en/money-market-fund-yield,savings,1.00,1.00,MANUAL_REVIEW,"alta similitud (formula=1.00 input=1.00) pero sin evidencia de merge — revisar a mano"
https://hacecuentas.com/en/emergency-fund-calculator-months-expenses,https://hacecuentas.com/en/stock-options-vesting-tech-startup,savings,1.00,1.00,MANUAL_REVIEW,"alta similitud (formula=1.00 input=1.00) pero sin evidencia de merge — revisar a mano"
https://hacecuentas.com/en/emergency-fund-calculator-months-expenses,https://hacecuentas.com/en/usd-broker-investment-calculator,savings,1.00,1.00,MANUAL_REVIEW,"alta similitud (formula=1.00 input=1.00) pero sin evidencia de merge — revisar a mano"
https://hacecuentas.com/en/money-market-fund-yield,https://hacecuentas.com/en/stock-options-vesting-tech-startup,savings,1.00,1.00,MANUAL_REVIEW,"alta similitud (formula=1.00 input=1.00) pero sin evidencia de merge — revisar a mano"
https://hacecuentas.com/en/money-market-fund-yield,https://hacecuentas.com/en/usd-broker-investment-calculator,savings,1.00,1.00,MANUAL_REVIEW,"alta similitud (formula=1.00 input=1.00) pero sin evidencia de merge — revisar a mano"
https://hacecuentas.com/en/stock-options-vesting-tech-startup,https://hacecuentas.com/en/usd-broker-investment-calculator,savings,1.00,1.00,MANUAL_REVIEW,"alta similitud (formula=1.00 input=1.00) pero sin evidencia de merge — revisar a mano"
https://hacecuentas.com/en/basal-metabolic-rate-calculator,https://hacecuentas.com/en/tdee-calorie-calculator,health_low_risk,1.00,1.00,MANUAL_REVIEW,"alta similitud (formula=1.00 input=1.00) pero sin evidencia de merge — revisar a mano"
https://hacecuentas.com/en/celiac-gluten-free-tacc-foods,https://hacecuentas.com/en/fodmap-foods-intolerance-chart,health_low_risk,1.00,1.00,MANUAL_REVIEW,"alta similitud (formula=1.00 input=1.00) pero sin evidencia de merge — revisar a mano"
https://hacecuentas.com/en/celiac-gluten-free-tacc-foods,https://hacecuentas.com/en/food-ph-acidity-calculator,health_low_risk,1.00,1.00,MANUAL_REVIEW,"alta similitud (formula=1.00 input=1.00) pero sin evidencia de merge — revisar a mano"
https://hacecuentas.com/en/celiac-gluten-free-tacc-foods,https://hacecuentas.com/en/food-satiety-index,health_low_risk,1.00,1.00,MANUAL_REVIEW,"alta similitud (formula=1.00 input=1.00) pero sin evidencia de merge — revisar a mano"
https://hacecuentas.com/en/flexitarian-diet-weekly-macros,https://hacecuentas.com/en/macros-dash-hypertension,health_low_risk,1.00,1.00,MANUAL_REVIEW,"alta similitud (formula=1.00 input=1.00) pero sin evidencia de merge — revisar a mano"
https://hacecuentas.com/en/flexitarian-diet-weekly-macros,https://hacecuentas.com/en/macros-iifym-flexible,health_low_risk,1.00,1.00,MANUAL_REVIEW,"alta similitud (formula=1.00 input=1.00) pero sin evidencia de merge — revisar a mano"
https://hacecuentas.com/en/fodmap-foods-intolerance-chart,https://hacecuentas.com/en/food-ph-acidity-calculator,health_low_risk,1.00,1.00,MANUAL_REVIEW,"alta similitud (formula=1.00 input=1.00) pero sin evidencia de merge — revisar a mano"
https://hacecuentas.com/en/fodmap-foods-intolerance-chart,https://hacecuentas.com/en/food-satiety-index,health_low_risk,1.00,1.00,MANUAL_REVIEW,"alta similitud (formula=1.00 input=1.00) pero sin evidencia de merge — revisar a mano"
https://hacecuentas.com/en/food-ph-acidity-calculator,https://hacecuentas.com/en/food-satiety-index,health_low_risk,1.00,1.00,MANUAL_REVIEW,"alta similitud (formula=1.00 input=1.00) pero sin evidencia de merge — revisar a mano"
https://hacecuentas.com/en/gestational-age-calculator,https://hacecuentas.com/en/pregnancy-due-date-calculator,health_low_risk,1.00,1.00,MANUAL_REVIEW,"alta similitud (formula=1.00 input=1.00) pero sin evidencia de merge — revisar a mano"
https://hacecuentas.com/en/gestational-age-calculator,https://hacecuentas.com/en/pregnancy-week-calculator,health_low_risk,1.00,1.00,MANUAL_REVIEW,"alta similitud (formula=1.00 input=1.00) pero sin evidencia de merge — revisar a mano"
https://hacecuentas.com/en/macros-dash-hypertension,https://hacecuentas.com/en/macros-iifym-flexible,health_low_risk,1.00,1.00,MANUAL_REVIEW,"alta similitud (formula=1.00 input=1.00) pero sin evidencia de merge — revisar a mano"
https://hacecuentas.com/en/macros-low-fodmap-sibo,https://hacecuentas.com/en/macros-mediterranea,health_low_risk,1.00,1.00,MANUAL_REVIEW,"alta similitud (formula=1.00 input=1.00) pero sin evidencia de merge — revisar a mano"
https://hacecuentas.com/en/macros-low-fodmap-sibo,https://hacecuentas.com/en/vegan-diet-macros,health_low_risk,1.00,1.00,MANUAL_REVIEW,"alta similitud (formula=1.00 input=1.00) pero sin evidencia de merge — revisar a mano"
https://hacecuentas.com/en/macros-mediterranea,https://hacecuentas.com/en/vegan-diet-macros,health_low_risk,1.00,1.00,MANUAL_REVIEW,"alta similitud (formula=1.00 input=1.00) pero sin evidencia de merge — revisar a mano"
https://hacecuentas.com/en/magnesio-dosis-deficiencia-sintomas,https://hacecuentas.com/en/magnesium-daily-requirement,health_low_risk,1.00,1.00,MANUAL_REVIEW,"alta similitud (formula=1.00 input=1.00) pero sin evidencia de merge — revisar a mano"
https://hacecuentas.com/en/pregnancy-due-date-calculator,https://hacecuentas.com/en/pregnancy-week-calculator,health_low_risk,1.00,1.00,MANUAL_REVIEW,"alta similitud (formula=1.00 input=1.00) pero sin evidencia de merge — revisar a mano"
https://hacecuentas.com/en/conversion-torque-nm-lb-ft-kgm,https://hacecuentas.com/en/tire-pressure-psi-bar-conversion,automotive,1.00,1.00,MANUAL_REVIEW,"alta similitud (formula=1.00 input=1.00) pero sin evidencia de merge — revisar a mano"
https://hacecuentas.com/en/free-fall-distance,https://hacecuentas.com/en/free-fall-velocity-by-time,statistics,1.00,1.00,MANUAL_REVIEW,"alta similitud (formula=1.00 input=1.00) pero sin evidencia de merge — revisar a mano"
https://hacecuentas.com/en/dog-food-calculator-by-weight,https://hacecuentas.com/en/dog-shedding-by-season-calculator,pets_non_medical,1.00,1.00,MANUAL_REVIEW,"alta similitud (formula=1.00 input=1.00) pero sin evidencia de merge — revisar a mano"
https://hacecuentas.com/en/dog-food-calculator-by-weight,https://hacecuentas.com/en/female-dog-cat-spaying-age,pets_non_medical,1.00,1.00,MANUAL_REVIEW,"alta similitud (formula=1.00 input=1.00) pero sin evidencia de merge — revisar a mano"
https://hacecuentas.com/en/dog-food-calculator-by-weight,https://hacecuentas.com/en/guinea-pig-vitamin-c-daily-dosage,pets_non_medical,1.00,1.00,MANUAL_REVIEW,"alta similitud (formula=1.00 input=1.00) pero sin evidencia de merge — revisar a mano"
https://hacecuentas.com/en/dog-food-calculator-by-weight,https://hacecuentas.com/en/huron-ferret-dieta-proteina-animal,pets_non_medical,1.00,1.00,MANUAL_REVIEW,"alta similitud (formula=1.00 input=1.00) pero sin evidencia de merge — revisar a mano"
https://hacecuentas.com/en/dog-shedding-by-season-calculator,https://hacecuentas.com/en/female-dog-cat-spaying-age,pets_non_medical,1.00,1.00,MANUAL_REVIEW,"alta similitud (formula=1.00 input=1.00) pero sin evidencia de merge — revisar a mano"
https://hacecuentas.com/en/dog-shedding-by-season-calculator,https://hacecuentas.com/en/guinea-pig-vitamin-c-daily-dosage,pets_non_medical,1.00,1.00,MANUAL_REVIEW,"alta similitud (formula=1.00 input=1.00) pero sin evidencia de merge — revisar a mano"
https://hacecuentas.com/en/dog-shedding-by-season-calculator,https://hacecuentas.com/en/huron-ferret-dieta-proteina-animal,pets_non_medical,1.00,1.00,MANUAL_REVIEW,"alta similitud (formula=1.00 input=1.00) pero sin evidencia de merge — revisar a mano"
https://hacecuentas.com/en/female-dog-cat-spaying-age,https://hacecuentas.com/en/guinea-pig-vitamin-c-daily-dosage,pets_non_medical,1.00,1.00,MANUAL_REVIEW,"alta similitud (formula=1.00 input=1.00) pero sin evidencia de merge — revisar a mano"
https://hacecuentas.com/en/female-dog-cat-spaying-age,https://hacecuentas.com/en/huron-ferret-dieta-proteina-animal,pets_non_medical,1.00,1.00,MANUAL_REVIEW,"alta similitud (formula=1.00 input=1.00) pero sin evidencia de merge — revisar a mano"
https://hacecuentas.com/en/guinea-pig-vitamin-c-daily-dosage,https://hacecuentas.com/en/huron-ferret-dieta-proteina-animal,pets_non_medical,1.00,1.00,MANUAL_REVIEW,"alta similitud (formula=1.00 input=1.00) pero sin evidencia de merge — revisar a mano"
https://hacecuentas.com/pt/1rm-agachamento-estimador,https://hacecuentas.com/pt/1rm-levantamento-terra-estimador,sports_non_medical,1.00,1.00,MANUAL_REVIEW,"alta similitud (formula=1.00 input=1.00) pero sin evidencia de merge — revisar a mano"
https://hacecuentas.com/pt/1rm-agachamento-estimador,https://hacecuentas.com/pt/1rm-supino-estimador,sports_non_medical,1.00,1.00,DIFFERENTIATE,"fórmula parecida pero difieren en régimen/bruto-neto/período/rol → diferenciar, NO redirigir"
https://hacecuentas.com/pt/1rm-levantamento-terra-estimador,https://hacecuentas.com/pt/1rm-supino-estimador,sports_non_medical,1.00,1.00,MANUAL_REVIEW,"alta similitud (formula=1.00 input=1.00) pero sin evidencia de merge — revisar a mano"
https://hacecuentas.com/pt/claude-gemini-tokens-comparacao-preco-uso,https://hacecuentas.com/pt/tokens-openai-gpt-custo-mensal,other,1.00,1.00,MANUAL_REVIEW,"alta similitud (formula=1.00 input=1.00) pero sin evidencia de merge — revisar a mano"
https://hacecuentas.com/pt/fator-r-simples-nacional-anexo-iii-vs-v,https://hacecuentas.com/pt/simples-nacional-anexo-iii-servicos,taxes,1.00,1.00,MANUAL_REVIEW,"alta similitud (formula=1.00 input=1.00) pero sin evidencia de merge — revisar a mano"
https://hacecuentas.com/pt/mei-das-mensal-comercio-industria,https://hacecuentas.com/pt/mei-das-mensal-prestador-servicos,taxes,1.00,1.00,MANUAL_REVIEW,"alta similitud (formula=1.00 input=1.00) pero sin evidencia de merge — revisar a mano"
https://hacecuentas.com/pt/simples-nacional-anexo-i-comercio,https://hacecuentas.com/pt/simples-nacional-anexo-ii-industria,taxes,1.00,1.00,MANUAL_REVIEW,"alta similitud (formula=1.00 input=1.00) pero sin evidencia de merge — revisar a mano"
https://hacecuentas.com/pt/simples-nacional-anexo-i-comercio,https://hacecuentas.com/pt/simples-nacional-anexo-iv-servicos-construcao,taxes,1.00,1.00,MANUAL_REVIEW,"alta similitud (formula=1.00 input=1.00) pero sin evidencia de merge — revisar a mano"
https://hacecuentas.com/pt/simples-nacional-anexo-ii-industria,https://hacecuentas.com/pt/simples-nacional-anexo-iv-servicos-construcao,taxes,1.00,1.00,MANUAL_REVIEW,"alta similitud (formula=1.00 input=1.00) pero sin evidencia de merge — revisar a mano"
https://hacecuentas.com/pt/cobaia-vitamina-c-dosagem-diaria,https://hacecuentas.com/pt/furao-dieta-proteina-animal,pets_non_medical,1.00,1.00,MANUAL_REVIEW,"alta similitud (formula=1.00 input=1.00) pero sin evidencia de merge — revisar a mano"
https://hacecuentas.com/pt/combinacoes-n-tomados-k-cnk,https://hacecuentas.com/pt/permutacoes-n-escolhidos-k,mathematics,1.00,1.00,MANUAL_REVIEW,"alta similitud (formula=1.00 input=1.00) pero sin evidencia de merge — revisar a mano"
https://hacecuentas.com/pt/conversao-torque-nm-lb-ft-kgm,https://hacecuentas.com/pt/pressao-pneu-psi-bar-auto,automotive,1.00,1.00,MANUAL_REVIEW,"alta similitud (formula=1.00 input=1.00) pero sin evidencia de merge — revisar a mano"
https://hacecuentas.com/pt/ipva-minas-gerais-4-porcento-autos,https://hacecuentas.com/pt/ipva-rio-de-janeiro-4-porcento-autos,automotive,1.00,1.00,MANUAL_REVIEW,"alta similitud (formula=1.00 input=1.00) pero sin evidencia de merge — revisar a mano"
https://hacecuentas.com/pt-pt/calculadora-subsidio-ferias-portugal,https://hacecuentas.com/pt-pt/calculadora-subsidio-natal-portugal,salary,1.00,1.00,DIFFERENTIATE,"fórmula parecida pero difieren en régimen/bruto-neto/período/rol → diferenciar, NO redirigir"
https://hacecuentas.com/pt/conversao-temperaturas-forno-gas-eletrico,https://hacecuentas.com/pt/tempos-cozimento-verduras-vapor-cozido,food,1.00,1.00,MANUAL_REVIEW,"alta similitud (formula=1.00 input=1.00) pero sin evidencia de merge — revisar a mano"
