url,query,country,cluster,clicks,impressions,ctr,average_position,action,priority,confidence,reason,data_status
https://hacecuentas.com/co/datos-salario-minimo-colombia-2026,,,other,142,11035,0.0129,4.00,OPTIMIZE_TITLE,87,80,"pos 4.0, CTR 1.3% < esperado 10%, ~962 clicks potenciales",AVAILABLE
https://hacecuentas.com/pe/datos-sueldo-minimo-peru-2026,,,other,9,765,0.0118,5.00,OPTIMIZE_TITLE,81,80,"pos 5.0, CTR 1.2% < esperado 10%, ~68 clicks potenciales",AVAILABLE
https://hacecuentas.com/feriados-colombia-2026,,,other,37,17377,0.0021,8.00,OPTIMIZE_TITLE,80,80,"pos 8.0, CTR 0.2% < esperado 5%, ~832 clicks potenciales",AVAILABLE
https://hacecuentas.com/feriados-peru-2026,,,other,17,9056,0.0019,7.36,OPTIMIZE_TITLE,80,80,"pos 7.4, CTR 0.2% < esperado 5%, ~436 clicks potenciales",AVAILABLE
https://hacecuentas.com/fixture-mundial-2026,,,other,135,45407,0.003,7.17,OPTIMIZE_TITLE,79,80,"pos 7.2, CTR 0.3% < esperado 5%, ~2135 clicks potenciales",AVAILABLE
https://hacecuentas.com/feriados-chile-2026,,,other,41,10690,0.0038,7.00,OPTIMIZE_TITLE,79,80,"pos 7.0, CTR 0.4% < esperado 5%, ~494 clicks potenciales",AVAILABLE
https://hacecuentas.com/posiciones-mundial-2026,,,other,55,10437,0.0053,7.00,OPTIMIZE_TITLE,79,80,"pos 7.0, CTR 0.5% < esperado 5%, ~467 clicks potenciales",AVAILABLE
https://hacecuentas.com/tabla/tabla-categorias-monotributo-2026,,,other,44,9154,0.0048,6.29,OPTIMIZE_TITLE,79,80,"pos 6.3, CTR 0.5% < esperado 5%, ~414 clicks potenciales",AVAILABLE
https://hacecuentas.com/ec/calculadora-prestamo-quirografario-iess-ecuador,,EC,loans,20,5293,0.0038,7.34,OPTIMIZE_TITLE,79,80,"pos 7.3, CTR 0.4% < esperado 5%, ~245 clicks potenciales",AVAILABLE
https://hacecuentas.com/tabla/tabla-escalas-ganancias-2026,,,other,11,618,0.0178,4.69,OPTIMIZE_TITLE,79,80,"pos 4.7, CTR 1.8% < esperado 10%, ~51 clicks potenciales",AVAILABLE
https://hacecuentas.com/calculadora-envejecer-mascota-humano-tabla-raza-tamano,,AR,pets_non_medical,8,519,0.0154,5.00,OPTIMIZE_TITLE,79,80,"pos 5.0, CTR 1.5% < esperado 10%, ~44 clicks potenciales",AVAILABLE
https://hacecuentas.com/cl/calculadora-uf-uta-utm-chile-conversion-pesos-2026,,CL,mathematics,32,4488,0.0071,7.53,OPTIMIZE_TITLE,78,80,"pos 7.5, CTR 0.7% < esperado 5%, ~192 clicks potenciales",AVAILABLE
https://hacecuentas.com/mx/datos-salario-minimo-mexico-2026,,,other,20,4381,0.0046,6.00,OPTIMIZE_TITLE,78,80,"pos 6.0, CTR 0.5% < esperado 5%, ~199 clicks potenciales",AVAILABLE
https://hacecuentas.com/partidos-hoy-mundial-2026,,,other,23,3947,0.0058,7.60,OPTIMIZE_TITLE,78,80,"pos 7.6, CTR 0.6% < esperado 5%, ~174 clicks potenciales",AVAILABLE
https://hacecuentas.com/calculadora-ladrillos-por-m2-construccion,,AR,construction,78,1842,0.0423,4.67,OPTIMIZE_TITLE,78,80,"pos 4.7, CTR 4.2% < esperado 10%, ~106 clicks potenciales",AVAILABLE
https://hacecuentas.com/datos-topes-sipa-2026,,,other,17,668,0.0254,4.23,OPTIMIZE_TITLE,78,80,"pos 4.2, CTR 2.5% < esperado 10%, ~50 clicks potenciales",AVAILABLE
https://hacecuentas.com/py/salario-minimo-paraguay-2026,,PY,salary,14,656,0.0213,4.00,OPTIMIZE_TITLE,78,80,"pos 4.0, CTR 2.1% < esperado 10%, ~52 clicks potenciales",AVAILABLE
https://hacecuentas.com/mx/calculadora-isn-impuesto-sobre-nominas-estado,,MX,taxes,45,4435,0.0101,7.19,OPTIMIZE_TITLE,77,80,"pos 7.2, CTR 1.0% < esperado 5%, ~177 clicks potenciales",AVAILABLE
https://hacecuentas.com/calculadora-generacion-perteneces,,AR,utilities,39,4035,0.0097,6.31,OPTIMIZE_TITLE,77,80,"pos 6.3, CTR 1.0% < esperado 5%, ~163 clicks potenciales",AVAILABLE
https://hacecuentas.com/co/calculadora-recargo-dominical-festivo-colombia-2026,,CO,savings,134,2595,0.0516,5.00,OPTIMIZE_TITLE,77,80,"pos 5.0, CTR 5.2% < esperado 10%, ~126 clicks potenciales",AVAILABLE
https://hacecuentas.com/co/calculadora-incapacidad-medica-eps-colombia,,CO,savings,44,1164,0.0378,5.00,OPTIMIZE_TITLE,77,80,"pos 5.0, CTR 3.8% < esperado 10%, ~72 clicks potenciales",AVAILABLE
https://hacecuentas.com/datos-monotributo-2026,,,other,72,4489,0.016,6.34,OPTIMIZE_TITLE,76,80,"pos 6.3, CTR 1.6% < esperado 5%, ~152 clicks potenciales",AVAILABLE
https://hacecuentas.com/calculadora-semanas-gestacion-ecografia,,AR,health_low_risk,40,2752,0.0145,5.45,OPTIMIZE_TITLE,75,80,"pos 5.4, CTR 1.5% < esperado 5%, ~98 clicks potenciales",AVAILABLE
https://hacecuentas.com/feriados-ecuador-2026,,,other,18,2210,0.0081,6.54,OPTIMIZE_TITLE,75,80,"pos 6.5, CTR 0.8% < esperado 5%, ~93 clicks potenciales",AVAILABLE
https://hacecuentas.com/es/calculadora-irpf-2026-tramos-espana-nomina,,ES,food,2,1520,0.0013,7.89,OPTIMIZE_TITLE,75,80,"pos 7.9, CTR 0.1% < esperado 5%, ~74 clicks potenciales",AVAILABLE
https://hacecuentas.com/calculadora-duracion-bateria-mah-consumo,,AR,other,36,879,0.041,4.46,OPTIMIZE_TITLE,75,80,"pos 4.5, CTR 4.1% < esperado 10%, ~52 clicks potenciales",AVAILABLE
https://hacecuentas.com/calculadora-jubilacion-anses-monto-minimo-maxima-2026,,AR,retirement,26,682,0.0381,5.00,OPTIMIZE_TITLE,75,80,"pos 5.0, CTR 3.8% < esperado 10%, ~42 clicks potenciales",AVAILABLE
https://hacecuentas.com/calculadora-actualizacion-inflacion-ipc,,AR,investments,167,5754,0.029,6.70,OPTIMIZE_TITLE,74,80,"pos 6.7, CTR 2.9% < esperado 5%, ~121 clicks potenciales",AVAILABLE
https://hacecuentas.com/mx/calculadora-prima-antiguedad-mexico,,MX,savings,130,4990,0.0261,6.09,OPTIMIZE_TITLE,74,80,"pos 6.1, CTR 2.6% < esperado 5%, ~120 clicks potenciales",AVAILABLE
https://hacecuentas.com/calculadora-palabras-paginas-conversor,,AR,education,24,1930,0.0124,5.63,OPTIMIZE_TITLE,74,80,"pos 5.6, CTR 1.2% < esperado 5%, ~73 clicks potenciales",AVAILABLE
https://hacecuentas.com/valores-bcra,,,other,12,1721,0.007,6.00,OPTIMIZE_TITLE,74,80,"pos 6.0, CTR 0.7% < esperado 5%, ~74 clicks potenciales",AVAILABLE
https://hacecuentas.com/calculadora-dso-dias-promedio-cobro,,AR,business,0,54,0,4.00,KEEP,74,60,"pos 4.0, 54 impr — sin acción prioritaria",AVAILABLE
https://hacecuentas.com/mx/calculadora-pension-imss-ley-73-mexico,,MX,retirement,38,2136,0.0178,6.30,OPTIMIZE_TITLE,73,80,"pos 6.3, CTR 1.8% < esperado 5%, ~69 clicks potenciales",AVAILABLE
https://hacecuentas.com/calculadora-comparador-messi-vs-cristiano-goles-asistencias-titulos,,AR,sports_non_medical,21,1568,0.0134,6.00,OPTIMIZE_TITLE,73,80,"pos 6.0, CTR 1.3% < esperado 5%, ~57 clicks potenciales",AVAILABLE
https://hacecuentas.com/blog/como-calcular-porcentajes,,,other,13,1433,0.0091,6.35,OPTIMIZE_TITLE,73,80,"pos 6.4, CTR 0.9% < esperado 5%, ~59 clicks potenciales",AVAILABLE
https://hacecuentas.com/calculadora-contador-de-palabras-y-caracteres,,AR,education,14,1320,0.0106,7.00,OPTIMIZE_TITLE,73,80,"pos 7.0, CTR 1.1% < esperado 5%, ~52 clicks potenciales",AVAILABLE
https://hacecuentas.com/calculadora-presion-atmosferica-altitud-barometrica,,AR,statistics,69,1211,0.057,4.46,OPTIMIZE_TITLE,73,80,"pos 4.5, CTR 5.7% < esperado 10%, ~52 clicks potenciales",AVAILABLE
https://hacecuentas.com/calculadora-combustible-viaje-auto,,AR,travel,72,649,0.1109,4.12,FIX_CANONICAL,73,90,canonical-distinto,AVAILABLE
https://hacecuentas.com/ec/calculadora-pension-alimenticia-ecuador,,EC,retirement,25,567,0.0441,5.00,OPTIMIZE_TITLE,73,80,"pos 5.0, CTR 4.4% < esperado 10%, ~32 clicks potenciales",AVAILABLE
https://hacecuentas.com/mx/calculadora-tarjeta-credito-interes-cat-mexico,,MX,loans,6,209,0.0287,4.86,OPTIMIZE_TITLE,73,80,"pos 4.9, CTR 2.9% < esperado 10%, ~15 clicks potenciales",AVAILABLE
https://hacecuentas.com/co/calculadora-aportes-arl-colombia-empleador-empleado-riesgo,,CO,taxes,205,5459,0.0376,5.00,OPTIMIZE_TITLE,72,80,"pos 5.0, CTR 3.8% < esperado 5%, ~68 clicks potenciales",AVAILABLE
https://hacecuentas.com/mx/calculadora-salario-diario-integrado-sdi-mexico,,MX,salary,73,2611,0.028,6.00,OPTIMIZE_TITLE,72,80,"pos 6.0, CTR 2.8% < esperado 5%, ~58 clicks potenciales",AVAILABLE
https://hacecuentas.com/do/calculadora-liquidacion-republica-dominicana,,DO,savings,14,1147,0.0122,6.00,OPTIMIZE_TITLE,72,80,"pos 6.0, CTR 1.2% < esperado 5%, ~43 clicks potenciales",AVAILABLE
https://hacecuentas.com/mx/calculadora-placas-auto-costo-mexico,,MX,automotive,53,918,0.0577,4.59,OPTIMIZE_TITLE,72,80,"pos 4.6, CTR 5.8% < esperado 10%, ~39 clicks potenciales",AVAILABLE
https://hacecuentas.com/co/calculadora-salario-aprendiz-sena-2026,,CO,salary,48,829,0.0579,5.00,OPTIMIZE_TITLE,72,80,"pos 5.0, CTR 5.8% < esperado 10%, ~35 clicks potenciales",AVAILABLE
https://hacecuentas.com/feriados-mexico-2026,,,other,6,795,0.0075,7.00,OPTIMIZE_TITLE,72,80,"pos 7.0, CTR 0.8% < esperado 5%, ~34 clicks potenciales",AVAILABLE
https://hacecuentas.com/co/calculadora-impuesto-industria-comercio-ica-colombia-municipios,,CO,taxes,88,2773,0.0317,6.00,OPTIMIZE_TITLE,71,80,"pos 6.0, CTR 3.2% < esperado 5%, ~51 clicks potenciales",AVAILABLE
https://hacecuentas.com/co/calculadora-sancion-extemporaneidad-dian-2026,,CO,taxes,62,2152,0.0288,5.49,OPTIMIZE_TITLE,71,80,"pos 5.5, CTR 2.9% < esperado 5%, ~46 clicks potenciales",AVAILABLE
https://hacecuentas.com/co/calculadora-recargo-nocturno-colombia-2026,,CO,savings,25,1225,0.0204,5.61,OPTIMIZE_TITLE,71,80,"pos 5.6, CTR 2.0% < esperado 5%, ~36 clicks potenciales",AVAILABLE
https://hacecuentas.com/calculadora-porcion-arroz-gramos-personas,,AR,food,39,690,0.0565,4.12,OPTIMIZE_TITLE,71,80,"pos 4.1, CTR 5.7% < esperado 10%, ~30 clicks potenciales",AVAILABLE
https://hacecuentas.com/calculadora-stream-bitrate-calidad,,AR,other,9,230,0.0391,4.74,OPTIMIZE_TITLE,71,80,"pos 4.7, CTR 3.9% < esperado 10%, ~14 clicks potenciales",AVAILABLE
https://hacecuentas.com/calculadora-mortero-juntas-ladrillos-m2-pared,,AR,construction,1,64,0.0156,4.19,KEEP,71,60,"pos 4.2, 64 impr — sin acción prioritaria",AVAILABLE
https://hacecuentas.com/calculadora-tiempo-lectura-por-paginas,,,other,0,25,0,4.00,KEEP,71,60,"pos 4.0, 25 impr — sin acción prioritaria",AVAILABLE
https://hacecuentas.com/calculadora-retencion-afip-cuit-regimen-general,,AR,taxes,0,21,0,5.00,KEEP,71,60,"pos 5.0, 21 impr — sin acción prioritaria",AVAILABLE
https://hacecuentas.com/co/calculadora-horas-extras-colombia-2026,,CO,savings,58,1782,0.0325,6.00,OPTIMIZE_TITLE,70,80,"pos 6.0, CTR 3.3% < esperado 5%, ~31 clicks potenciales",AVAILABLE
https://hacecuentas.com/calculadora-impuesto-renta-colombia-persona-natural-2026,,AR,taxes,120,1565,0.0767,4.41,OPTIMIZE_TITLE,70,80,"pos 4.4, CTR 7.7% < esperado 10%, ~37 clicks potenciales",AVAILABLE
https://hacecuentas.com/calculadora-isr-republica-dominicana-2026,,,other,30,1313,0.0228,6.66,OPTIMIZE_TITLE,70,80,"pos 6.7, CTR 2.3% < esperado 5%, ~36 clicks potenciales",AVAILABLE
https://hacecuentas.com/es/calculadora-convenio-hosteleria-espana-sueldo-2026-categoria,,ES,salary,92,1265,0.0727,4.11,OPTIMIZE_TITLE,70,80,"pos 4.1, CTR 7.3% < esperado 10%, ~35 clicks potenciales",AVAILABLE
https://hacecuentas.com/co/calculadora-gastos-notariales-registro-compraventa-2026,,CO,savings,89,1219,0.073,5.00,OPTIMIZE_TITLE,70,80,"pos 5.0, CTR 7.3% < esperado 10%, ~33 clicks potenciales",AVAILABLE
https://hacecuentas.com/calculadora-hemoglobina-glicosilada-a1c-glucosa,,,other,26,1137,0.0229,6.48,OPTIMIZE_TITLE,70,80,"pos 6.5, CTR 2.3% < esperado 5%, ~31 clicks potenciales",AVAILABLE
https://hacecuentas.com/calculadora-indice-masa-corporal-pediatrico,,AR,health_low_risk,19,953,0.0199,7.00,OPTIMIZE_TITLE,70,80,"pos 7.0, CTR 2.0% < esperado 5%, ~29 clicks potenciales",AVAILABLE
https://hacecuentas.com/calculadora-clearance-creatinina-cockcroft-gault,,,other,18,948,0.019,6.70,OPTIMIZE_TITLE,70,80,"pos 6.7, CTR 1.9% < esperado 5%, ~29 clicks potenciales",AVAILABLE
https://hacecuentas.com/calculadora-transfer-auto-costo-registro,,AR,automotive,12,759,0.0158,7.17,OPTIMIZE_TITLE,70,80,"pos 7.2, CTR 1.6% < esperado 5%, ~26 clicks potenciales",AVAILABLE
https://hacecuentas.com/dias-entre-dos-fechas,,AR,utilities,0,303,0,8.00,OPTIMIZE_TITLE,70,80,"pos 8.0, CTR 0.0% < esperado 5%, ~15 clicks potenciales",AVAILABLE
https://hacecuentas.com/calculadora-fecha-probable-parto-ecografia,,,other,0,275,0,6.72,OPTIMIZE_TITLE,70,80,"pos 6.7, CTR 0.0% < esperado 5%, ~14 clicks potenciales",AVAILABLE
https://hacecuentas.com/calculadora-retencion-ganancias-rg-830,,AR,taxes,70,1910,0.0366,5.34,OPTIMIZE_TITLE,69,80,"pos 5.3, CTR 3.7% < esperado 5%, ~26 clicks potenciales",AVAILABLE
https://hacecuentas.com/datos-aguinaldo-2026,,,other,47,1508,0.0312,6.00,OPTIMIZE_TITLE,69,80,"pos 6.0, CTR 3.1% < esperado 5%, ~28 clicks potenciales",AVAILABLE
https://hacecuentas.com/calculadora-antiguedad-laboral,,AR,utilities,102,1280,0.0797,4.61,OPTIMIZE_TITLE,69,80,"pos 4.6, CTR 8.0% < esperado 10%, ~26 clicks potenciales",AVAILABLE
https://hacecuentas.com/co/calculadora-interes-mora-dian-colombia-2026,,CO,taxes,33,1166,0.0283,6.00,OPTIMIZE_TITLE,69,80,"pos 6.0, CTR 2.8% < esperado 5%, ~25 clicks potenciales",AVAILABLE
https://hacecuentas.com/calculadora-semanas-embarazo,,AR,health_low_risk,16,748,0.0214,5.74,OPTIMIZE_TITLE,69,80,"pos 5.7, CTR 2.1% < esperado 5%, ~21 clicks potenciales",AVAILABLE
https://hacecuentas.com/calculadora-imc,,AR,health_low_risk,15,710,0.0211,6.74,OPTIMIZE_TITLE,69,80,"pos 6.7, CTR 2.1% < esperado 5%, ~21 clicks potenciales",AVAILABLE
https://hacecuentas.com/calculadora-peso-ideal-ninos,,,other,11,655,0.0168,6.55,OPTIMIZE_TITLE,69,80,"pos 6.5, CTR 1.7% < esperado 5%, ~22 clicks potenciales",AVAILABLE
https://hacecuentas.com/calculadora-vacaciones-argentina,,AR,employment_termination,8,522,0.0153,6.48,OPTIMIZE_TITLE,69,80,"pos 6.5, CTR 1.5% < esperado 5%, ~18 clicks potenciales",AVAILABLE
https://hacecuentas.com/cl/calculadora-impuesto-renta-segunda-categoria-chile-2026-tabla,,CL,taxes,2,366,0.0055,8.00,OPTIMIZE_TITLE,69,80,"pos 8.0, CTR 0.5% < esperado 5%, ~16 clicks potenciales",AVAILABLE
https://hacecuentas.com/tabla/tabla-imc-peso-altura,,,other,2,302,0.0066,6.00,OPTIMIZE_TITLE,69,80,"pos 6.0, CTR 0.7% < esperado 5%, ~13 clicks potenciales",AVAILABLE
https://hacecuentas.com/calculadora-correccion-calcio-albumina,,,other,0,270,0,7.89,OPTIMIZE_TITLE,69,80,"pos 7.9, CTR 0.0% < esperado 5%, ~14 clicks potenciales",AVAILABLE
https://hacecuentas.com/calculadora-millas-avianca-lifemiles,,AR,travel,263,2965,0.0887,5.01,KEEP,68,60,"pos 5.0, 2965 impr — sin acción prioritaria",AVAILABLE
https://hacecuentas.com/calculadora-impuesto-ganancias-sueldo,,AR,salary,87,1972,0.0441,6.05,OPTIMIZE_TITLE,68,80,"pos 6.0, CTR 4.4% < esperado 5%, ~12 clicks potenciales",AVAILABLE
https://hacecuentas.com/co/calculadora-empleada-domestica-dias-colombia-2026,,CO,savings,39,552,0.0707,5.00,OPTIMIZE_TITLE,68,80,"pos 5.0, CTR 7.1% < esperado 10%, ~16 clicks potenciales",AVAILABLE
https://hacecuentas.com/calculadora-impuesto-cheque-debitos-creditos,,AR,taxes,30,440,0.0682,4.65,OPTIMIZE_TITLE,68,80,"pos 4.7, CTR 6.8% < esperado 10%, ~14 clicks potenciales",AVAILABLE
https://hacecuentas.com/co/calculadora-conversion-uvt-uvr-colombia-actualizacion-2026,,CO,mathematics,3,298,0.0101,7.00,OPTIMIZE_TITLE,68,80,"pos 7.0, CTR 1.0% < esperado 5%, ~12 clicks potenciales",AVAILABLE
https://hacecuentas.com/mx/calculadora-uma-conversion-mexico,,MX,taxes,2,281,0.0071,8.00,OPTIMIZE_TITLE,68,80,"pos 8.0, CTR 0.7% < esperado 5%, ~12 clicks potenciales",AVAILABLE
https://hacecuentas.com/salario-minimo-vital-movil-argentina,,AR,salary,1,234,0.0043,7.38,OPTIMIZE_TITLE,68,80,"pos 7.4, CTR 0.4% < esperado 5%, ~11 clicks potenciales",AVAILABLE
https://hacecuentas.com/calculadora-frecuencia-respiratoria-normal,,,other,0,201,0,6.82,OPTIMIZE_TITLE,68,80,"pos 6.8, CTR 0.0% < esperado 5%, ~10 clicks potenciales",AVAILABLE
https://hacecuentas.com/calculadora-biodegradacion-tiempo-materiales,,AR,food,9,177,0.0508,5.00,KEEP,68,60,"pos 5.0, 177 impr — sin acción prioritaria",AVAILABLE
https://hacecuentas.com/calculadora-edad-exacta,,AR,utilities,0,174,0,6.55,KEEP,68,60,"pos 6.6, 174 impr — sin acción prioritaria",AVAILABLE
https://hacecuentas.com/cuanto-falta-para-Navidad-2026,,,other,2,61,0.0328,4.00,KEEP,68,60,"pos 4.0, 61 impr — sin acción prioritaria",AVAILABLE
https://hacecuentas.com/datos-ganancias-2026,,,other,23,788,0.0292,6.00,OPTIMIZE_TITLE,67,80,"pos 6.0, CTR 2.9% < esperado 5%, ~16 clicks potenciales",AVAILABLE
https://hacecuentas.com/mx/calculadora-recargos-actualizacion-sat-mexico-2026,,MX,taxes,24,779,0.0308,6.00,OPTIMIZE_TITLE,67,80,"pos 6.0, CTR 3.1% < esperado 5%, ~15 clicks potenciales",AVAILABLE
https://hacecuentas.com/ec/calculadora-jubilacion-iess-ecuador,,EC,retirement,17,638,0.0266,6.00,OPTIMIZE_TITLE,67,80,"pos 6.0, CTR 2.7% < esperado 5%, ~15 clicks potenciales",AVAILABLE
https://hacecuentas.com/co/calculadora-aporte-fondo-solidaridad-pension-fsp-colombia,,CO,retirement,9,456,0.0197,6.00,OPTIMIZE_TITLE,67,80,"pos 6.0, CTR 2.0% < esperado 5%, ~14 clicks potenciales",AVAILABLE
https://hacecuentas.com/calculadora-depreciacion-activos-linea-recta,,AR,business,8,400,0.02,5.79,OPTIMIZE_TITLE,67,80,"pos 5.8, CTR 2.0% < esperado 5%, ~12 clicks potenciales",AVAILABLE
https://hacecuentas.com/calculadora-riesgo-caida-adulto-mayor-escala,,,other,1,183,0.0055,7.00,KEEP,67,60,"pos 7.0, 183 impr — sin acción prioritaria",AVAILABLE
https://hacecuentas.com/calculadora-valuacion-fiscal-automotor-buenos-aires,,,other,0,135,0,7.20,KEEP,67,60,"pos 7.2, 135 impr — sin acción prioritaria",AVAILABLE
https://hacecuentas.com/calculadora-aguinaldo-mexico-2026,,AR,employment_termination,0,126,0,8.00,KEEP,67,60,"pos 8.0, 126 impr — sin acción prioritaria",AVAILABLE
https://hacecuentas.com/calculadora-interes-judicial-tasa,,AR,taxes,130,1774,0.0733,5.09,OPTIMIZE_INTERNAL_LINKS,66,70,top-10 sin bloque de relacionados fuerte,AVAILABLE
https://hacecuentas.com/mx/calculadora-impuesto-cedular-arrendamiento-mexico,,MX,taxes,36,966,0.0373,6.33,OPTIMIZE_TITLE,66,80,"pos 6.3, CTR 3.7% < esperado 5%, ~12 clicks potenciales",AVAILABLE
https://hacecuentas.com/calculadora-cuando-son-las-proximas-elecciones-por-pais,,AR,utilities,11,422,0.0261,6.00,OPTIMIZE_TITLE,66,80,"pos 6.0, CTR 2.6% < esperado 5%, ~10 clicks potenciales",AVAILABLE
https://hacecuentas.com/calculadora-palabras-por-pagina-trabajo,,AR,education,5,286,0.0175,6.00,OPTIMIZE_TITLE,66,80,"pos 6.0, CTR 1.8% < esperado 5%, ~9 clicks potenciales",AVAILABLE
https://hacecuentas.com/calculadora-porciones-torta-tamano-molde,,AR,food,18,271,0.0664,4.30,OPTIMIZE_TITLE,66,80,"pos 4.3, CTR 6.6% < esperado 10%, ~9 clicks potenciales",AVAILABLE
https://hacecuentas.com/es/calculadora-becas-mec-2026-espana-renta-familiar-rendimiento,,ES,food,5,269,0.0186,7.00,OPTIMIZE_TITLE,66,80,"pos 7.0, CTR 1.9% < esperado 5%, ~8 clicks potenciales",AVAILABLE
https://hacecuentas.com/co/calculadora-comparendos-transito-colombia-2026,,CO,automotive,12,195,0.0615,5.00,KEEP,66,60,"pos 5.0, 195 impr — sin acción prioritaria",AVAILABLE
https://hacecuentas.com/calculadora-porcentajes,,AR,utilities,0,110,0,8.00,KEEP,66,60,"pos 8.0, 110 impr — sin acción prioritaria",AVAILABLE
https://hacecuentas.com/calculadora-tiempo-lectura-libro-paginas,,,other,0,90,0,6.00,KEEP,66,60,"pos 6.0, 90 impr — sin acción prioritaria",AVAILABLE
https://hacecuentas.com/calculadora-impuesto-sellos-inmueble-contrato,,AR,taxes,11,88,0.125,4.00,FIX_CANONICAL,66,90,canonical-distinto,AVAILABLE
https://hacecuentas.com/calculadora-correccion-sodio-glucemia,,,other,0,87,0,8.00,KEEP,66,60,"pos 8.0, 87 impr — sin acción prioritaria",AVAILABLE
https://hacecuentas.com/calculadora-score-wells-trombosis-venosa,,,other,0,86,0,6.79,KEEP,66,60,"pos 6.8, 86 impr — sin acción prioritaria",AVAILABLE
https://hacecuentas.com/co/calculadora-cuota-moderadora-copago-eps-colombia-2026,,CO,loans,3,66,0.0455,5.00,KEEP,66,60,"pos 5.0, 66 impr — sin acción prioritaria",AVAILABLE
https://hacecuentas.com/calculadora-punto-equilibrio-break-even,,AR,business,0,5,0,5.00,KEEP,66,60,"pos 5.0, 5 impr — sin acción prioritaria",AVAILABLE
https://hacecuentas.com/calculadora-resistencia-paralelo-serie,,AR,other,0,5,0,4.00,KEEP,66,60,"pos 4.0, 5 impr — sin acción prioritaria",AVAILABLE
https://hacecuentas.com/calculadora-islr-venezuela-personas-naturales,,,other,50,1052,0.0475,5.70,OPTIMIZE_TITLE,65,80,"pos 5.7, CTR 4.8% < esperado 5%, ~3 clicks potenciales",AVAILABLE
https://hacecuentas.com/mx/calculadora-imss-cuotas-empleado-patron-mexico-2026,,MX,loans,47,1034,0.0455,7.12,OPTIMIZE_TITLE,65,80,"pos 7.1, CTR 4.5% < esperado 5%, ~5 clicks potenciales",AVAILABLE
https://hacecuentas.com/co/calculadora-recibo-luz-codensa-epm-colombia-estrato,,CO,utilities,55,622,0.0884,4.49,OPTIMIZE_TITLE,65,80,"pos 4.5, CTR 8.8% < esperado 10%, ~7 clicks potenciales",AVAILABLE
https://hacecuentas.com/co/calculadora-salario-integral-colombia-2026,,CO,salary,18,549,0.0328,6.00,OPTIMIZE_TITLE,65,80,"pos 6.0, CTR 3.3% < esperado 5%, ~9 clicks potenciales",AVAILABLE
https://hacecuentas.com/pe/calculadora-soat-peru-precio,,PE,automotive,23,307,0.0749,4.00,OPTIMIZE_TITLE,65,80,"pos 4.0, CTR 7.5% < esperado 10%, ~8 clicks potenciales",AVAILABLE
https://hacecuentas.com/calculadora-capacidad-tanque-cisterna-litros,,AR,construction,8,302,0.0265,5.67,OPTIMIZE_TITLE,65,80,"pos 5.7, CTR 2.6% < esperado 5%, ~7 clicks potenciales",AVAILABLE
https://hacecuentas.com/mx/calculadora-canasta-basica-mexico-costo-mensual-familia,,MX,utilities,22,302,0.0728,4.87,OPTIMIZE_TITLE,65,80,"pos 4.9, CTR 7.3% < esperado 10%, ~8 clicks potenciales",AVAILABLE
https://hacecuentas.com/cl/calculadora-tarifa-electrica-distribuidoras-chile-bt1-bt2-bt3,,CL,utilities,21,284,0.0739,5.00,OPTIMIZE_TITLE,65,80,"pos 5.0, CTR 7.4% < esperado 10%, ~7 clicks potenciales",AVAILABLE
https://hacecuentas.com/comparador-plazo-fijo,,,other,5,244,0.0205,6.00,OPTIMIZE_TITLE,65,80,"pos 6.0, CTR 2.1% < esperado 5%, ~7 clicks potenciales",AVAILABLE
https://hacecuentas.com/co/calculadora-retefuente-colombia-2026-empleado-tabla,,CO,taxes,3,196,0.0153,7.00,KEEP,65,60,"pos 7.0, 196 impr — sin acción prioritaria",AVAILABLE
https://hacecuentas.com/calculadora-notacion-cientifica,,AR,mathematics,1,110,0.0091,7.00,KEEP,65,60,"pos 7.0, 110 impr — sin acción prioritaria",AVAILABLE
https://hacecuentas.com/calculadora-cuanto-falta-mundial-fifa-2026-2030,,AR,utilities,0,75,0,9.00,KEEP,65,60,"pos 9.0, 75 impr — sin acción prioritaria",AVAILABLE
https://hacecuentas.com/calculadora-nota-necesaria-aprobar,,AR,education,3,63,0.0476,4.52,KEEP,65,60,"pos 4.5, 63 impr — sin acción prioritaria",AVAILABLE
https://hacecuentas.com/calculadora-millas-latam-destino,,AR,travel,68,909,0.0748,5.22,KEEP,64,60,"pos 5.2, 909 impr — sin acción prioritaria",AVAILABLE
https://hacecuentas.com/ec/calculadora-patente-municipal-ecuador,,EC,taxes,35,777,0.045,6.00,OPTIMIZE_TITLE,64,80,"pos 6.0, CTR 4.5% < esperado 5%, ~4 clicks potenciales",AVAILABLE
https://hacecuentas.com/calculadora-ingresos-brutos-provincial,,AR,salary,34,730,0.0466,5.75,OPTIMIZE_TITLE,64,80,"pos 5.8, CTR 4.7% < esperado 5%, ~3 clicks potenciales",AVAILABLE
https://hacecuentas.com/calculadora-actualizacion-alquiler-icl,,AR,housing,23,559,0.0411,7.00,OPTIMIZE_TITLE,64,80,"pos 7.0, CTR 4.1% < esperado 5%, ~5 clicks potenciales",AVAILABLE
https://hacecuentas.com/guia/sueldos-argentina-2026,,AR,savings,20,504,0.0397,5.86,OPTIMIZE_TITLE,64,80,"pos 5.9, CTR 4.0% < esperado 5%, ~5 clicks potenciales",AVAILABLE
https://hacecuentas.com/blog/escala-ganancias-2026-argentina-tabla-completa-explicada,,,other,16,461,0.0347,6.00,OPTIMIZE_TITLE,64,80,"pos 6.0, CTR 3.5% < esperado 5%, ~7 clicks potenciales",AVAILABLE
https://hacecuentas.com/precio-nafta-hoy,,,other,11,345,0.0319,7.00,OPTIMIZE_TITLE,64,80,"pos 7.0, CTR 3.2% < esperado 5%, ~6 clicks potenciales",AVAILABLE
https://hacecuentas.com/calculadora-watts-fuente-alimentacion-pc,,AR,other,10,339,0.0295,6.54,OPTIMIZE_TITLE,64,80,"pos 6.5, CTR 2.9% < esperado 5%, ~7 clicks potenciales",AVAILABLE
https://hacecuentas.com/calculadora-cupos-copa-libertadores-pais-conmebol,,AR,sports_non_medical,4,179,0.0223,7.00,KEEP,64,60,"pos 7.0, 179 impr — sin acción prioritaria",AVAILABLE
https://hacecuentas.com/calculadora-dias-vacaciones-ley,,AR,employment_termination,2,125,0.016,6.64,KEEP,64,60,"pos 6.6, 125 impr — sin acción prioritaria",AVAILABLE
https://hacecuentas.com/calculadora-feriados-argentina-2026-calendario,,AR,utilities,0,55,0,7.00,KEEP,64,60,"pos 7.0, 55 impr — sin acción prioritaria",AVAILABLE
https://hacecuentas.com/calculadora-indice-bienestar-who5,,AR,utilities,1,26,0.0385,5.00,KEEP,64,60,"pos 5.0, 26 impr — sin acción prioritaria",AVAILABLE
https://hacecuentas.com/calculadora-abl-expensas-quien-paga-inquilino-propietario,,AR,housing,0,2,0,4.00,KEEP,64,60,"pos 4.0, 2 impr — sin acción prioritaria",AVAILABLE
https://hacecuentas.com/simulador-jubilacion-anses,,,other,100,672,0.1488,4.00,KEEP,63,60,"pos 4.0, 672 impr — sin acción prioritaria",AVAILABLE
https://hacecuentas.com/mx/calculadora-credito-infonavit-descuento,,MX,salary,52,553,0.094,4.65,OPTIMIZE_TITLE,63,80,"pos 4.6, CTR 9.4% < esperado 10%, ~3 clicks potenciales",AVAILABLE
https://hacecuentas.com/mundial-2026,,,other,9,281,0.032,7.00,OPTIMIZE_TITLE,63,80,"pos 7.0, CTR 3.2% < esperado 5%, ~5 clicks potenciales",AVAILABLE
https://hacecuentas.com/iibb,,,other,8,259,0.0309,6.00,OPTIMIZE_TITLE,63,80,"pos 6.0, CTR 3.1% < esperado 5%, ~5 clicks potenciales",AVAILABLE
https://hacecuentas.com/cl/calculadora-asignacion-familiar-chile-2026-tramos-renta,,CL,other,8,252,0.0317,5.48,OPTIMIZE_TITLE,63,80,"pos 5.5, CTR 3.2% < esperado 5%, ~5 clicks potenciales",AVAILABLE
https://hacecuentas.com/co/calculadora-salario-minimo-colombia-2026-auxilio-transporte,,CO,salary,7,235,0.0298,6.00,OPTIMIZE_TITLE,63,80,"pos 6.0, CTR 3.0% < esperado 5%, ~5 clicks potenciales",AVAILABLE
https://hacecuentas.com/calculadora-love-calculator,,AR,utilities,7,234,0.0299,8.90,OPTIMIZE_TITLE,63,80,"pos 8.9, CTR 3.0% < esperado 5%, ~5 clicks potenciales",AVAILABLE
https://hacecuentas.com/ec/calculadora-credito-hipotecario-biess-ecuador,,EC,loans,6,221,0.0271,7.00,OPTIMIZE_TITLE,63,80,"pos 7.0, CTR 2.7% < esperado 5%, ~5 clicks potenciales",AVAILABLE
https://hacecuentas.com/co/calculadora-sancion-correccion-declaracion-dian-colombia-2026,,CO,taxes,6,206,0.0291,6.00,OPTIMIZE_TITLE,63,80,"pos 6.0, CTR 2.9% < esperado 5%, ~4 clicks potenciales",AVAILABLE
https://hacecuentas.com/do/calculadora-itbis-republica-dominicana,,DO,taxes,11,148,0.0743,5.00,KEEP,63,60,"pos 5.0, 148 impr — sin acción prioritaria",AVAILABLE
https://hacecuentas.com/calculadora-valuacion-fiscal-automotor-argentina,,AR,automotive,2,118,0.0169,7.00,KEEP,63,60,"pos 7.0, 118 impr — sin acción prioritaria",AVAILABLE
https://hacecuentas.com/argentina/santa-fe/calculadora-impuesto-sellos-inmueble-contrato,,,other,3,53,0.0566,5.00,KEEP,63,60,"pos 5.0, 53 impr — sin acción prioritaria",AVAILABLE
https://hacecuentas.com/calculadora-costo-peaje-ruta,,AR,automotive,42,529,0.0794,5.62,KEEP,62,60,"pos 5.6, 529 impr — sin acción prioritaria",AVAILABLE
https://hacecuentas.com/mx/calculadora-isr-honorarios-persona-fisica,,MX,taxes,26,508,0.0512,5.64,KEEP,62,60,"pos 5.6, 508 impr — sin acción prioritaria",AVAILABLE
https://hacecuentas.com/co/calculadora-liquidacion-empleada-domestica-por-dias-colombia-2026,,CO,other,32,341,0.0938,5.00,OPTIMIZE_TITLE,62,80,"pos 5.0, CTR 9.4% < esperado 10%, ~2 clicks potenciales",AVAILABLE
https://hacecuentas.com/co/calculadora-obligado-declarar-renta-2026,,CO,taxes,4,146,0.0274,7.00,KEEP,62,60,"pos 7.0, 146 impr — sin acción prioritaria",AVAILABLE
https://hacecuentas.com/es/calculadora-evau-nota-media-ponderaciones-grado-espana,,ES,food,2,106,0.0189,8.00,KEEP,62,60,"pos 8.0, 106 impr — sin acción prioritaria",AVAILABLE
https://hacecuentas.com/calculadora-derechos-tv-mundial-2026-argentina-espana-mexico-brasil,,AR,food,7,98,0.0714,5.00,KEEP,62,60,"pos 5.0, 98 impr — sin acción prioritaria",AVAILABLE
https://hacecuentas.com/es/calculadora-impuesto-circulacion-vehiculos-espana-municipio,,ES,taxes,1,74,0.0135,7.57,KEEP,62,60,"pos 7.6, 74 impr — sin acción prioritaria",AVAILABLE
https://hacecuentas.com/calculadora-biorhythm,,AR,utilities,2,38,0.0526,5.00,KEEP,62,60,"pos 5.0, 38 impr — sin acción prioritaria",AVAILABLE
https://hacecuentas.com/calculadora-payback-periodo-recupero-inversion,,AR,investments,0,34,0,7.00,KEEP,62,60,"pos 7.0, 34 impr — sin acción prioritaria",AVAILABLE
https://hacecuentas.com/llave-mundial-2026,,,other,29,439,0.0661,7.00,KEEP,61,60,"pos 7.0, 439 impr — sin acción prioritaria",AVAILABLE
https://hacecuentas.com/argentina/buenos-aires/calculadora-impuesto-sellos-inmueble-contrato,,,other,17,374,0.0455,5.97,OPTIMIZE_TITLE,61,80,"pos 6.0, CTR 4.5% < esperado 5%, ~2 clicks potenciales",AVAILABLE
https://hacecuentas.com/calculadora-bienes-personales-2026,,AR,taxes,8,105,0.0762,4.22,KEEP,61,60,"pos 4.2, 105 impr — sin acción prioritaria",AVAILABLE
https://hacecuentas.com/calculadora-indice-asistencia-faltas,,AR,education,7,95,0.0737,4.77,KEEP,61,60,"pos 4.8, 95 impr — sin acción prioritaria",AVAILABLE
https://hacecuentas.com/calculadora-ticket-promedio-ventas,,AR,business,2,92,0.0217,6.00,KEEP,61,60,"pos 6.0, 92 impr — sin acción prioritaria",AVAILABLE
https://hacecuentas.com/calculadora-descuento-vuelo-millas-vs-cash,,AR,travel,0,21,0,9.00,KEEP,61,60,"pos 9.0, 21 impr — sin acción prioritaria",AVAILABLE
https://hacecuentas.com/calculadora-cuota-prestamo,,AR,loans,18,344,0.0523,5.90,KEEP,60,60,"pos 5.9, 344 impr — sin acción prioritaria",AVAILABLE
https://hacecuentas.com/cl/calculadora-impuesto-herencias-donaciones-chile-tabla,,CL,taxes,31,323,0.096,5.33,KEEP,60,60,"pos 5.3, 323 impr — sin acción prioritaria",AVAILABLE
https://hacecuentas.com/mx/calculadora-pension-imss-modalidad-40-mexico-aportacion,,MX,retirement,19,287,0.0662,8.00,KEEP,60,60,"pos 8.0, 287 impr — sin acción prioritaria",AVAILABLE
https://hacecuentas.com/blog/como-calcular-interes-compuesto,,,other,3,96,0.0313,6.88,KEEP,60,60,"pos 6.9, 96 impr — sin acción prioritaria",AVAILABLE
https://hacecuentas.com/es/calculadora-autonomo-cuota-2026-espana-rendimiento-neto,,ES,salary,0,17,0,6.00,KEEP,60,60,"pos 6.0, 17 impr — sin acción prioritaria",AVAILABLE
https://hacecuentas.com/calculadora-liquidacion-final-renuncia,,AR,employment_termination,23,247,0.0931,5.50,KEEP,59,60,"pos 5.5, 247 impr — sin acción prioritaria",AVAILABLE
https://hacecuentas.com/es/calculadora-renta-vitalicia-mayores-65-espana-fiscalidad,,ES,food,31,219,0.1416,5.19,KEEP,59,60,"pos 5.2, 219 impr — sin acción prioritaria",AVAILABLE
https://hacecuentas.com/mx/calculadora-pension-issste-decimo-transitorio-mexico-2026,,MX,retirement,14,205,0.0683,7.00,KEEP,59,60,"pos 7.0, 205 impr — sin acción prioritaria",AVAILABLE
https://hacecuentas.com/es/calculadora-impuesto-matriculacion-iedmt-coche-espana,,ES,taxes,9,189,0.0476,6.32,KEEP,59,60,"pos 6.3, 189 impr — sin acción prioritaria",AVAILABLE
https://hacecuentas.com/calculadora-ripte-actualizacion-jubilatoria-sueldo,,AR,salary,6,144,0.0417,6.00,KEEP,59,60,"pos 6.0, 144 impr — sin acción prioritaria",AVAILABLE
https://hacecuentas.com/calculadora-peso-ideal,,AR,health_low_risk,1,46,0.0217,6.76,KEEP,59,60,"pos 6.8, 46 impr — sin acción prioritaria",AVAILABLE
https://hacecuentas.com/es/calculadora-recargo-equivalencia-comerciantes-espana,,ES,taxes,0,14,0,6.00,KEEP,59,60,"pos 6.0, 14 impr — sin acción prioritaria",AVAILABLE
https://hacecuentas.com/calculadora-conversor-leguas-a-kilometros,,,other,0,12,0,6.00,KEEP,59,60,"pos 6.0, 12 impr — sin acción prioritaria",AVAILABLE
https://hacecuentas.com/calculadora-conversion-colesterol-mg-mmol,,AR,health_low_risk,0,11,0,7.00,KEEP,59,60,"pos 7.0, 11 impr — sin acción prioritaria",AVAILABLE
https://hacecuentas.com/es/calculadora-plusvalia-municipal-iivtnu-espana,,ES,food,0,11,0,7.00,KEEP,59,60,"pos 7.0, 11 impr — sin acción prioritaria",AVAILABLE
https://hacecuentas.com/iibb/santa-fe,,,other,21,179,0.1173,4.47,KEEP,58,60,"pos 4.5, 179 impr — sin acción prioritaria",AVAILABLE
https://hacecuentas.com/calculadora-costo-supermercado-canasta-basica,,AR,utilities,9,175,0.0514,6.00,KEEP,58,60,"pos 6.0, 175 impr — sin acción prioritaria",AVAILABLE
https://hacecuentas.com/ec/calculadora-licencia-maternidad-ecuador,,EC,food,14,142,0.0986,5.00,KEEP,58,60,"pos 5.0, 142 impr — sin acción prioritaria",AVAILABLE
https://hacecuentas.com/calculadora-colesterol-total-ldl-hdl-valores-deseables,,,other,3,85,0.0353,6.00,KEEP,58,60,"pos 6.0, 85 impr — sin acción prioritaria",AVAILABLE
https://hacecuentas.com/calculadora-indemnizacion-despido,,AR,employment_termination,3,80,0.0375,6.40,KEEP,58,60,"pos 6.4, 80 impr — sin acción prioritaria",AVAILABLE
https://hacecuentas.com/calculadora-horas-extras-50-100,,AR,savings,1,42,0.0238,5.38,KEEP,58,60,"pos 5.4, 42 impr — sin acción prioritaria",AVAILABLE
https://hacecuentas.com/calculadora-irpf-cataluna-2026-asalariado,,AR,taxes,0,10,0,8.00,KEEP,58,60,"pos 8.0, 10 impr — sin acción prioritaria",AVAILABLE
https://hacecuentas.com/co/calculadora-vacaciones-colombia-15-dias-habiles-laborales,,CO,employment_termination,8,151,0.053,7.00,KEEP,57,60,"pos 7.0, 151 impr — sin acción prioritaria",AVAILABLE
https://hacecuentas.com/co/calculadora-tasa-interes-mora-colombia-tarjeta-credito-2026,,CO,loans,11,137,0.0803,6.00,KEEP,57,60,"pos 6.0, 137 impr — sin acción prioritaria",AVAILABLE
https://hacecuentas.com/ec/calculadora-impuesto-herencias-legados-donaciones-ecuador,,EC,taxes,13,123,0.1057,4.34,KEEP,57,60,"pos 4.3, 123 impr — sin acción prioritaria",AVAILABLE
https://hacecuentas.com/ec/calculadora-vacaciones-ecuador,,EC,employment_termination,9,122,0.0738,6.00,KEEP,57,60,"pos 6.0, 122 impr — sin acción prioritaria",AVAILABLE
https://hacecuentas.com/co/calculadora-pension-colombia-2026-edad-semanas-cotizadas,,CO,retirement,8,121,0.0661,6.00,KEEP,57,60,"pos 6.0, 121 impr — sin acción prioritaria",AVAILABLE
https://hacecuentas.com/calculadora-patente-auto-provincia,,AR,automotive,7,77,0.0909,4.66,KEEP,57,60,"pos 4.7, 77 impr — sin acción prioritaria",AVAILABLE
https://hacecuentas.com/calculadora-tamano-imagen-pixeles-megapixeles,,AR,other,5,59,0.0847,4.46,KEEP,57,60,"pos 4.5, 59 impr — sin acción prioritaria",AVAILABLE
https://hacecuentas.com/iibb/caba,,,other,3,39,0.0769,5.00,KEEP,57,60,"pos 5.0, 39 impr — sin acción prioritaria",AVAILABLE
https://hacecuentas.com/calculadora-mundial-2026-predictor-campeon-ranking,,AR,sports_non_medical,7,114,0.0614,6.77,KEEP,56,60,"pos 6.8, 114 impr — sin acción prioritaria",AVAILABLE
https://hacecuentas.com/calculadora-corte-optimo-tablero,,AR,construction,15,104,0.1442,4.60,KEEP,56,60,"pos 4.6, 104 impr — sin acción prioritaria",AVAILABLE
https://hacecuentas.com/calculadora-compatibilidad-nombres,,AR,utilities,7,104,0.0673,5.62,KEEP,56,60,"pos 5.6, 104 impr — sin acción prioritaria",AVAILABLE
https://hacecuentas.com/calculadora-consumo-electrico-kwh-factura-luz,,AR,utilities,8,94,0.0851,5.87,KEEP,56,60,"pos 5.9, 94 impr — sin acción prioritaria",AVAILABLE
https://hacecuentas.com/argentina/caba/calculadora-impuesto-sellos-inmueble-contrato,,,other,12,93,0.129,4.13,KEEP,56,60,"pos 4.1, 93 impr — sin acción prioritaria",AVAILABLE
https://hacecuentas.com/cl/calculadora-pension-alimenticia-chile-padre-tribunal-familia,,CL,retirement,10,87,0.1149,5.00,KEEP,56,60,"pos 5.0, 87 impr — sin acción prioritaria",AVAILABLE
https://hacecuentas.com/ve/cuanto-es-salario-minimo-venezuela-2026,,VE,salary,8,81,0.0988,5.00,KEEP,56,60,"pos 5.0, 81 impr — sin acción prioritaria",AVAILABLE
https://hacecuentas.com/calculadora-potencia-electrica-watts,,AR,utilities,3,71,0.0423,6.85,KEEP,56,60,"pos 6.8, 71 impr — sin acción prioritaria",AVAILABLE
https://hacecuentas.com/co/calculadora-impuesto-vehiculos-bogota-2026-tabla,,CO,taxes,3,66,0.0455,6.00,KEEP,56,60,"pos 6.0, 66 impr — sin acción prioritaria",AVAILABLE
https://hacecuentas.com/argentina/buenos-aires/calculadora-ingresos-brutos-provincial,,,other,5,78,0.0641,6.00,KEEP,55,60,"pos 6.0, 78 impr — sin acción prioritaria",AVAILABLE
https://hacecuentas.com/es/calculadora-bonos-estado-espana-rentabilidad-vencimiento,,ES,food,4,76,0.0526,5.47,KEEP,55,60,"pos 5.5, 76 impr — sin acción prioritaria",AVAILABLE
https://hacecuentas.com/calculadora-impuesto-renta-peru-4ta-5ta-2026,,AR,taxes,4,76,0.0526,6.58,KEEP,55,60,"pos 6.6, 76 impr — sin acción prioritaria",AVAILABLE
https://hacecuentas.com/calculadora-ciclo-menstrual,,AR,health_low_risk,10,75,0.1333,5.36,KEEP,55,60,"pos 5.4, 75 impr — sin acción prioritaria",AVAILABLE
https://hacecuentas.com/calculadora-mundial-2026-bonus-jugador-fase,,AR,sports_non_medical,12,74,0.1622,5.00,KEEP,55,60,"pos 5.0, 74 impr — sin acción prioritaria",AVAILABLE
https://hacecuentas.com/calculadora-imc-infantil-percentil,,AR,health_low_risk,6,68,0.0882,6.00,KEEP,55,60,"pos 6.0, 68 impr — sin acción prioritaria",AVAILABLE
https://hacecuentas.com/calculadora-hierro-ferritina-anemia-diagnostico,,,other,4,66,0.0606,6.00,KEEP,55,60,"pos 6.0, 66 impr — sin acción prioritaria",AVAILABLE
https://hacecuentas.com/calculadora-ganancias-4ta-categoria-2026,,,other,8,65,0.1231,4.98,KEEP,55,60,"pos 5.0, 65 impr — sin acción prioritaria",AVAILABLE
https://hacecuentas.com/co/calculadora-retencion-procedimiento-2-colombia-2026,,CO,taxes,8,65,0.1231,5.00,KEEP,55,60,"pos 5.0, 65 impr — sin acción prioritaria",AVAILABLE
https://hacecuentas.com/calculadora-aportes-patronales-empleado-registrado-cargas-sociales-2026,,AR,savings,8,64,0.125,4.00,KEEP,55,60,"pos 4.0, 64 impr — sin acción prioritaria",AVAILABLE
https://hacecuentas.com/calculadora-inflacion-acumulada-periodo,,AR,investments,2,48,0.0417,7.00,KEEP,55,60,"pos 7.0, 48 impr — sin acción prioritaria",AVAILABLE
https://hacecuentas.com/calculadora-aguinaldo-sac,,AR,employment_termination,1,28,0.0357,7.00,KEEP,55,60,"pos 7.0, 28 impr — sin acción prioritaria",AVAILABLE
https://hacecuentas.com/calculadora-escala-dolor-numerica,,,other,1,14,0.0714,5.00,KEEP,55,60,"pos 5.0, 14 impr — sin acción prioritaria",AVAILABLE
https://hacecuentas.com/mx/calculadora-infonavit-credito-mexico-puntaje-monto-2026,,MX,loans,6,62,0.0968,6.00,KEEP,54,60,"pos 6.0, 62 impr — sin acción prioritaria",AVAILABLE
https://hacecuentas.com/cl/calculadora-credito-aval-cae-chile-deuda-final-promedio,,CL,loans,3,61,0.0492,6.00,KEEP,54,60,"pos 6.0, 61 impr — sin acción prioritaria",AVAILABLE
https://hacecuentas.com/mx/calculadora-prima-dominical-dias-festivos-mexico,,MX,savings,6,60,0.1,6.00,KEEP,54,60,"pos 6.0, 60 impr — sin acción prioritaria",AVAILABLE
https://hacecuentas.com/calculadora-honorarios-abogado,,AR,utilities,6,59,0.1017,6.00,KEEP,54,60,"pos 6.0, 59 impr — sin acción prioritaria",AVAILABLE
https://hacecuentas.com/calculadora-clearance-creatinina-cockcroft,,,other,4,56,0.0714,6.00,KEEP,54,60,"pos 6.0, 56 impr — sin acción prioritaria",AVAILABLE
https://hacecuentas.com/calculadora-millaje-frecuente-aerolineas-argentinas-programas,,AR,travel,3,33,0.0909,5.00,KEEP,54,60,"pos 5.0, 33 impr — sin acción prioritaria",AVAILABLE
https://hacecuentas.com/calculadora-rendimiento-masa-empanadas-cantidad,,AR,food,1,13,0.0769,4.00,KEEP,54,60,"pos 4.0, 13 impr — sin acción prioritaria",AVAILABLE
https://hacecuentas.com/es/calculadora-tipo-marginal-irpf-espana-2026-tramos-rapido,,ES,food,0,2,0,8.00,KEEP,54,60,"pos 8.0, 2 impr — sin acción prioritaria",AVAILABLE
https://hacecuentas.com/calculadora-conversion-quintal-tonelada-kg-agro,,AR,mathematics,7,47,0.1489,5.57,KEEP,53,60,"pos 5.6, 47 impr — sin acción prioritaria",AVAILABLE
https://hacecuentas.com/calculadora-gastos-escritura-compraventa,,AR,taxes,6,42,0.1429,4.90,KEEP,53,60,"pos 4.9, 42 impr — sin acción prioritaria",AVAILABLE
https://hacecuentas.com/calculadora-prestaciones-sociales-venezuela-lottt,,,other,3,40,0.075,6.00,KEEP,53,60,"pos 6.0, 40 impr — sin acción prioritaria",AVAILABLE
https://hacecuentas.com/calculadora-autonomia-tanque-combustible,,AR,automotive,10,39,0.2564,4.00,KEEP,53,60,"pos 4.0, 39 impr — sin acción prioritaria",AVAILABLE
https://hacecuentas.com/es/calculadora-modelo-145-irpf-situacion-familiar-nomina,,ES,taxes,6,38,0.1579,4.00,KEEP,53,60,"pos 4.0, 38 impr — sin acción prioritaria",AVAILABLE
https://hacecuentas.com/ec/calculadora-licencia-paternidad-ecuador,,EC,other,6,34,0.1765,4.00,KEEP,52,60,"pos 4.0, 34 impr — sin acción prioritaria",AVAILABLE
https://hacecuentas.com/ec/calculadora-planilla-agua-ecuador,,EC,utilities,5,32,0.1563,5.00,KEEP,52,60,"pos 5.0, 32 impr — sin acción prioritaria",AVAILABLE
https://hacecuentas.com/calculadora-pintura-por-m2-litros-latas,,AR,construction,4,29,0.1379,5.41,KEEP,52,60,"pos 5.4, 29 impr — sin acción prioritaria",AVAILABLE
https://hacecuentas.com/calculadora-consumo-watts-pc-gamer-fuente,,,other,3,28,0.1071,4.00,KEEP,52,60,"pos 4.0, 28 impr — sin acción prioritaria",AVAILABLE
https://hacecuentas.com/mx/calculadora-isr-mensual-empleados-subsidio-empleo-mexico,,MX,taxes,3,28,0.1071,6.00,KEEP,52,60,"pos 6.0, 28 impr — sin acción prioritaria",AVAILABLE
https://hacecuentas.com/calculadora-superficie-quemadura-regla-nueves,,,other,3,27,0.1111,4.00,KEEP,52,60,"pos 4.0, 27 impr — sin acción prioritaria",AVAILABLE
https://hacecuentas.com/calculadora-agua-diaria-recomendada,,,other,1,12,0.0833,5.00,KEEP,52,60,"pos 5.0, 12 impr — sin acción prioritaria",AVAILABLE
https://hacecuentas.com/mx/calculadora-licencia-maternidad-mexico-imss-12-semanas,,MX,food,4,25,0.16,6.00,KEEP,51,60,"pos 6.0, 25 impr — sin acción prioritaria",AVAILABLE
https://hacecuentas.com/calculadora-mundial-2026-botin-oro-goleador-estimador,,AR,sports_non_medical,2,25,0.08,6.00,KEEP,51,60,"pos 6.0, 25 impr — sin acción prioritaria",AVAILABLE
https://hacecuentas.com/calculadora-licencia-maternidad-paternidad,,AR,food,3,24,0.125,6.00,KEEP,51,60,"pos 6.0, 24 impr — sin acción prioritaria",AVAILABLE
https://hacecuentas.com/calculadora-plazo-fijo,,AR,investments,2,23,0.087,6.13,KEEP,51,60,"pos 6.1, 23 impr — sin acción prioritaria",AVAILABLE
https://hacecuentas.com/calculadora-filamento-3d-necesario-modelo,,AR,other,2,19,0.1053,4.00,KEEP,50,60,"pos 4.0, 19 impr — sin acción prioritaria",AVAILABLE
https://hacecuentas.com/calculadora-puntos-amex-membership-rewards,,AR,travel,2,18,0.1111,5.00,KEEP,50,60,"pos 5.0, 18 impr — sin acción prioritaria",AVAILABLE
https://hacecuentas.com/calculadora-foco-led-equivalencia-watts-lumens,,AR,taxes,2,17,0.1176,5.00,KEEP,50,60,"pos 5.0, 17 impr — sin acción prioritaria",AVAILABLE
https://hacecuentas.com/es/calculadora-dependencia-grado-prestacion-espana-2026,,ES,food,2,15,0.1333,6.00,KEEP,50,60,"pos 6.0, 15 impr — sin acción prioritaria",AVAILABLE
https://hacecuentas.com/cl/calculadora-impuesto-primera-categoria-chile-empresas-2026,,CL,taxes,2,15,0.1333,6.00,KEEP,50,60,"pos 6.0, 15 impr — sin acción prioritaria",AVAILABLE
https://hacecuentas.com/calculadora-alquiler-vs-comprar,,AR,housing,2,13,0.1538,6.00,KEEP,49,60,"pos 6.0, 13 impr — sin acción prioritaria",AVAILABLE
https://hacecuentas.com/calculadora-credito-uva-cuota-actual,,AR,loans,1,12,0.0833,6.00,KEEP,49,60,"pos 6.0, 12 impr — sin acción prioritaria",AVAILABLE
https://hacecuentas.com/calculadora-estimador-costo-viaje-taxi-remis,,AR,automotive,4,12,0.3333,4.00,KEEP,49,60,"pos 4.0, 12 impr — sin acción prioritaria",AVAILABLE
https://hacecuentas.com/calculadora-autonomia-ups-tiempo-respaldo-servidor,,AR,automotive,3,12,0.25,5.00,KEEP,49,60,"pos 5.0, 12 impr — sin acción prioritaria",AVAILABLE
https://hacecuentas.com/glosario/uva,,,other,1,11,0.0909,6.00,KEEP,49,60,"pos 6.0, 11 impr — sin acción prioritaria",AVAILABLE
https://hacecuentas.com/calculadora-rotacion-inventario-stock,,AR,business,2,11,0.1818,6.00,KEEP,49,60,"pos 6.0, 11 impr — sin acción prioritaria",AVAILABLE
https://hacecuentas.com/mx/calculadora-prima-vacacional-mexico,,MX,savings,1,11,0.0909,8.00,KEEP,49,60,"pos 8.0, 11 impr — sin acción prioritaria",AVAILABLE
https://hacecuentas.com/calculadora-cuota-alimentaria-estimacion,,AR,loans,3,9,0.3333,5.00,KEEP,48,60,"pos 5.0, 9 impr — sin acción prioritaria",AVAILABLE
https://hacecuentas.com/calculadora-valuacion-fiscal-automotor-cordoba,,,other,4,9,0.4444,4.00,KEEP,48,60,"pos 4.0, 9 impr — sin acción prioritaria",AVAILABLE
https://hacecuentas.com/mx/calculadora-pension-alimenticia-mexico-padre-divorcio,,MX,retirement,2,9,0.2222,6.00,KEEP,48,60,"pos 6.0, 9 impr — sin acción prioritaria",AVAILABLE
https://hacecuentas.com/calculadora-espesor-vidrio-ventana-m2,,AR,construction,2,8,0.25,4.00,KEEP,48,60,"pos 4.0, 8 impr — sin acción prioritaria",AVAILABLE
https://hacecuentas.com/es/calculadora-beca-erasmus-mensualidad-pais-destino-2026,,ES,education,1,6,0.1667,7.00,KEEP,47,60,"pos 7.0, 6 impr — sin acción prioritaria",AVAILABLE
https://hacecuentas.com/calculadora-sueldo-por-hora,,AR,salary,38,258,0.1473,3.00,KEEP,46,60,"pos 3.0, 258 impr — sin acción prioritaria",AVAILABLE
https://hacecuentas.com/glosario/cer,,,other,1,5,0.2,4.00,KEEP,46,60,"pos 4.0, 5 impr — sin acción prioritaria",AVAILABLE
https://hacecuentas.com/calculadora-rankeo-elo-puntos,,AR,other,1,5,0.2,4.00,KEEP,46,60,"pos 4.0, 5 impr — sin acción prioritaria",AVAILABLE
https://hacecuentas.com/calculadora-puntos-ranking-ajedrez-elo,,AR,sports_non_medical,1,5,0.2,9.00,KEEP,46,60,"pos 9.0, 5 impr — sin acción prioritaria",AVAILABLE
https://hacecuentas.com/es/calculadora-ibi-cuota-anual-espana-valor-catastral-municipio,,ES,loans,1,5,0.2,6.00,KEEP,46,60,"pos 6.0, 5 impr — sin acción prioritaria",AVAILABLE
https://hacecuentas.com/calculadora-dia-nacimiento-semana,,AR,utilities,3,4,0.75,4.00,KEEP,46,60,"pos 4.0, 4 impr — sin acción prioritaria",AVAILABLE
https://hacecuentas.com/calculadora-promedio-ponderado-notas-materias,,AR,food,1,3,0.3333,5.00,KEEP,45,60,"pos 5.0, 3 impr — sin acción prioritaria",AVAILABLE
https://hacecuentas.com/calculadora-palabras-por-minuto-lectura-nivel,,,other,1,3,0.3333,6.00,KEEP,45,60,"pos 6.0, 3 impr — sin acción prioritaria",AVAILABLE
https://hacecuentas.com/iibb/santiago-del-estero,,,other,1,3,0.3333,4.00,KEEP,45,60,"pos 4.0, 3 impr — sin acción prioritaria",AVAILABLE
https://hacecuentas.com/calculadora-conversor-metros-lineales-a-metros-cuadrados,,AR,construction,239,3399,0.0703,3.61,KEEP,44,60,"pos 3.6, 3399 impr — sin acción prioritaria",AVAILABLE
https://hacecuentas.com/calculadora-dividir-gastos-pareja-proporcional,,AR,savings,1,2,0.5,4.00,KEEP,44,60,"pos 4.0, 2 impr — sin acción prioritaria",AVAILABLE
https://hacecuentas.com/co/calculadora-impuesto-timbre-nacional-colombia-2026,,CO,taxes,34,209,0.1627,3.00,KEEP,42,60,"pos 3.0, 209 impr — sin acción prioritaria",AVAILABLE
https://hacecuentas.com/es/calculadora-universidad-publica-vs-privada-coste-grado-espana,,ES,taxes,0,1,0,2.00,KEEP,42,60,"pos 2.0, 1 impr — sin acción prioritaria",AVAILABLE
https://hacecuentas.com/calculadora-calorias-caminando,,AR,health_low_risk,0,1,0,3.00,KEEP,42,60,"pos 3.0, 1 impr — sin acción prioritaria",AVAILABLE
https://hacecuentas.com/calculadora-fondo-emergencia-meses,,AR,savings,0,1,0,3.00,KEEP,42,60,"pos 3.0, 1 impr — sin acción prioritaria",AVAILABLE
https://hacecuentas.com/calculadora-agua-pasta-litros-gramos,,AR,food,0,1,0,2.00,KEEP,42,60,"pos 2.0, 1 impr — sin acción prioritaria",AVAILABLE
https://hacecuentas.com/calculadora-puntaje-dele-spanish,,AR,food,1,1,1,4.00,KEEP,42,60,"pos 4.0, 1 impr — sin acción prioritaria",AVAILABLE
https://hacecuentas.com/calculadora-regla-de-tres-simple,,AR,utilities,1,1,1,9.00,KEEP,42,60,"pos 9.0, 1 impr — sin acción prioritaria",AVAILABLE
https://hacecuentas.com/calculadora-numero-oxidacion-elemento,,AR,statistics,3,1,3,5.00,KEEP,42,60,"pos 5.0, 1 impr — sin acción prioritaria",AVAILABLE
https://hacecuentas.com/calculadora-presentismo-puntualidad,,AR,savings,40,593,0.0675,3.78,KEEP,39,60,"pos 3.8, 593 impr — sin acción prioritaria",AVAILABLE
https://hacecuentas.com/calculadora-costo-m2-construccion-argentina,,AR,construction,235,2054,0.1144,3.64,KEEP,37,60,"pos 3.6, 2054 impr — sin acción prioritaria",AVAILABLE
https://hacecuentas.com/calculadora-memoria-fotos-capacidad,,AR,other,11,171,0.0643,3.56,KEEP,35,60,"pos 3.6, 171 impr — sin acción prioritaria",AVAILABLE
https://hacecuentas.com/calculadora-cuantos-dias-faltan-Navidad-2026,,AR,utilities,3,53,0.0566,3.79,KEEP,33,60,"pos 3.8, 53 impr — sin acción prioritaria",AVAILABLE
https://hacecuentas.com/mx/calculadora-coste-funeral-mexico-promedio-2026-paquetes,,MX,utilities,6,87,0.069,3.80,KEEP,32,60,"pos 3.8, 87 impr — sin acción prioritaria",AVAILABLE
https://hacecuentas.com/calculadora-conversion-tna-tem-tea,,AR,savings,42,355,0.1183,3.25,KEEP,30,60,"pos 3.3, 355 impr — sin acción prioritaria",AVAILABLE
https://hacecuentas.com/calculadora-asado-por-invitado-kg-carne,,AR,food,,,,,FIX_CANONICAL,30,70,canonical-incorrecto,DATA_MISSING
https://hacecuentas.com/calculadora-cantidad-pizzas-por-invitados-pizzeria,,AR,food,,,,,FIX_CANONICAL,30,70,canonical-incorrecto,DATA_MISSING
https://hacecuentas.com/calculadora-carne-asado-kg-por-persona,,AR,food,,,,,FIX_CANONICAL,30,70,canonical-incorrecto,DATA_MISSING
https://hacecuentas.com/calculadora-conversion-cups-gramos-harina-azucar-aceite,,AR,food,,,,,FIX_CANONICAL,30,70,canonical-incorrecto,DATA_MISSING
https://hacecuentas.com/calculadora-litros-nafta-viaje-ruta-argentina,,AR,travel,,,,,FIX_CANONICAL,30,70,canonical-incorrecto,DATA_MISSING
https://hacecuentas.com/calculadora-masa-pizza-casera-gramos-invitados,,AR,food,,,,,FIX_CANONICAL,30,70,canonical-incorrecto,DATA_MISSING
https://hacecuentas.com/calculadora-porciones-torta-cumpleanos-invitados-tamano,,AR,food,,,,,FIX_CANONICAL,30,70,canonical-incorrecto,DATA_MISSING
https://hacecuentas.com/calculadora-presupuesto-viaje-vacaciones,,AR,employment_termination,,,,,FIX_CANONICAL,30,70,canonical-incorrecto,DATA_MISSING
https://hacecuentas.com/conversor-tazas-gramos-cocina-recetas,,AR,food,,,,,FIX_CANONICAL,30,70,canonical-incorrecto,DATA_MISSING
https://hacecuentas.com/calculadora-horario-llegada-zona-horaria,,AR,travel,23,182,0.1264,3.47,KEEP,28,60,"pos 3.5, 182 impr — sin acción prioritaria",AVAILABLE
https://hacecuentas.com/es/calculadora-tasa-basura-municipios-espana-anual,,ES,food,20,174,0.1149,3.86,KEEP,28,60,"pos 3.9, 174 impr — sin acción prioritaria",AVAILABLE
https://hacecuentas.com/calculadora-consumo-nafta-litros-100km,,AR,automotive,19,163,0.1166,3.10,KEEP,28,60,"pos 3.1, 163 impr — sin acción prioritaria",AVAILABLE
https://hacecuentas.com/blog/recategorizacion-monotributo-julio-2026-guia-completa,,,other,20,138,0.1449,3.33,KEEP,27,60,"pos 3.3, 138 impr — sin acción prioritaria",AVAILABLE
https://hacecuentas.com/es/calculadora-beca-comedor-escolar-espana-renta-umbrales,,ES,food,15,94,0.1596,3.81,KEEP,26,60,"pos 3.8, 94 impr — sin acción prioritaria",AVAILABLE
https://hacecuentas.com/es/calculadora-convenio-comercio-espana-sueldo-categoria-2026,,ES,salary,12,89,0.1348,3.97,KEEP,26,60,"pos 4.0, 89 impr — sin acción prioritaria",AVAILABLE
https://hacecuentas.com/calculadora-llegada-aeropuerto-minutos-vuelo,,AR,travel,11,81,0.1358,3.88,KEEP,25,60,"pos 3.9, 81 impr — sin acción prioritaria",AVAILABLE
https://hacecuentas.com/cl/calculadora-aporte-mutual-empresa-chile-trabajador-tasa-base,,CL,taxes,12,76,0.1579,3.68,KEEP,25,60,"pos 3.7, 76 impr — sin acción prioritaria",AVAILABLE
https://hacecuentas.com/argentina/entre-rios/calculadora-ingresos-brutos-provincial,,,other,7,62,0.1129,3.84,KEEP,24,60,"pos 3.8, 62 impr — sin acción prioritaria",AVAILABLE
https://hacecuentas.com/calculadora-bebidas-evento-litros-por-persona,,AR,food,11,57,0.193,3.00,KEEP,24,60,"pos 3.0, 57 impr — sin acción prioritaria",AVAILABLE
https://hacecuentas.com/argentina/mendoza/calculadora-ingresos-brutos-provincial,,,other,14,44,0.3182,3.41,KEEP,23,60,"pos 3.4, 44 impr — sin acción prioritaria",AVAILABLE
https://hacecuentas.com/calculadora-ropa-maleta-dias-viaje,,AR,travel,5,24,0.2083,3.00,KEEP,21,60,"pos 3.0, 24 impr — sin acción prioritaria",AVAILABLE
https://hacecuentas.com/calculadora-1rm-press-banca-estimador,,AR,sports_non_medical,,,,,OPTIMIZE_INTERNAL_LINKS,20,70,sin-enlaces-salientes,DATA_MISSING
https://hacecuentas.com/calculadora-1rm-sentadilla-estimador,,AR,sports_non_medical,,,,,OPTIMIZE_INTERNAL_LINKS,20,70,sin-enlaces-salientes,DATA_MISSING
https://hacecuentas.com/calculadora-abl-caba-valuacion-fiscal-actualizada-2026,,AR,utilities,,,,,OPTIMIZE_INTERNAL_LINKS,20,70,sin-enlaces-salientes,DATA_MISSING
https://hacecuentas.com/calculadora-aceleracion-fuerza-masa,,AR,statistics,,,,,OPTIMIZE_INTERNAL_LINKS,20,70,sin-enlaces-salientes,DATA_MISSING
https://hacecuentas.com/calculadora-acento-extranjero-score-practica-horas,,AR,education,,,,,OPTIMIZE_INTERNAL_LINKS,20,70,sin-enlaces-salientes,DATA_MISSING
https://hacecuentas.com/calculadora-adolescente-estatura-final-prediccion-edad-huesos,,AR,other,,,,,OPTIMIZE_INTERNAL_LINKS,20,70,sin-enlaces-salientes,DATA_MISSING
https://hacecuentas.com/calculadora-afinacion-frecuencia-nota,,AR,other,,,,,OPTIMIZE_INTERNAL_LINKS,20,70,sin-enlaces-salientes,DATA_MISSING
https://hacecuentas.com/calculadora-agua-consumo-hogar-ahorro,,AR,other,,,,,OPTIMIZE_INTERNAL_LINKS,20,70,sin-enlaces-salientes,DATA_MISSING
https://hacecuentas.com/calculadora-agua-jardin-consumo-mensual-m2,,AR,other,,,,,OPTIMIZE_INTERNAL_LINKS,20,70,sin-enlaces-salientes,DATA_MISSING
https://hacecuentas.com/calculadora-ahorro-energia-solar-paneles,,AR,food,,,,,OPTIMIZE_INTERNAL_LINKS,20,70,sin-enlaces-salientes,DATA_MISSING
https://hacecuentas.com/calculadora-ahorro-hormiga-gasto-diario,,AR,savings,,,,,OPTIMIZE_INTERNAL_LINKS,20,70,sin-enlaces-salientes,DATA_MISSING
https://hacecuentas.com/calculadora-ahorro-meta-mensual,,AR,savings,,,,,OPTIMIZE_INTERNAL_LINKS,20,70,sin-enlaces-salientes,DATA_MISSING
https://hacecuentas.com/calculadora-ahorro-objetivo-mensual,,AR,savings,,,,,OPTIMIZE_INTERNAL_LINKS,20,70,sin-enlaces-salientes,DATA_MISSING
https://hacecuentas.com/calculadora-ahorro-transporte-publico-vs-auto,,AR,automotive,,,,,OPTIMIZE_INTERNAL_LINKS,20,70,sin-enlaces-salientes,DATA_MISSING
https://hacecuentas.com/calculadora-aislacion-termica-k-minimo-zona,,AR,construction,,,,,OPTIMIZE_INTERNAL_LINKS,20,70,sin-enlaces-salientes,DATA_MISSING
https://hacecuentas.com/calculadora-alambre-cerco-perimetral-metros,,AR,construction,,,,,OPTIMIZE_INTERNAL_LINKS,20,70,sin-enlaces-salientes,DATA_MISSING
https://hacecuentas.com/calculadora-alcohol-sangre-bac,,AR,health_low_risk,,,,,OPTIMIZE_INTERNAL_LINKS,20,70,sin-enlaces-salientes,DATA_MISSING
https://hacecuentas.com/calculadora-aleatorio-numero-dado,,AR,utilities,,,,,OPTIMIZE_INTERNAL_LINKS,20,70,sin-enlaces-salientes,DATA_MISSING
https://hacecuentas.com/calculadora-alimentacion-complementaria,,AR,health_low_risk,,,,,OPTIMIZE_INTERNAL_LINKS,20,70,sin-enlaces-salientes,DATA_MISSING
https://hacecuentas.com/calculadora-almacenamiento-juegos-gb,,AR,other,,,,,OPTIMIZE_INTERNAL_LINKS,20,70,sin-enlaces-salientes,DATA_MISSING
https://hacecuentas.com/calculadora-almacenamiento-video-bitrate-duracion,,AR,other,,,,,OPTIMIZE_INTERNAL_LINKS,20,70,sin-enlaces-salientes,DATA_MISSING
https://hacecuentas.com/calculadora-alquiler-con-opcion-a-compra-leasing-inmueble,,AR,housing,,,,,OPTIMIZE_INTERNAL_LINKS,20,70,sin-enlaces-salientes,DATA_MISSING
https://hacecuentas.com/calculadora-amortizacion-prestamo-frances-aleman,,AR,loans,,,,,OPTIMIZE_INTERNAL_LINKS,20,70,sin-enlaces-salientes,DATA_MISSING
https://hacecuentas.com/calculadora-amplificador-watts-parlantes,,AR,other,,,,,OPTIMIZE_INTERNAL_LINKS,20,70,sin-enlaces-salientes,DATA_MISSING
https://hacecuentas.com/calculadora-aniversario-pareja,,AR,utilities,,,,,OPTIMIZE_INTERNAL_LINKS,20,70,sin-enlaces-salientes,DATA_MISSING
https://hacecuentas.com/calculadora-anses-complemento-leche-maternidad,,AR,retirement,,,,,OPTIMIZE_INTERNAL_LINKS,20,70,sin-enlaces-salientes,DATA_MISSING
https://hacecuentas.com/calculadora-arba-sellos-inmobiliarios-pba-compraventa,,AR,taxes,,,,,OPTIMIZE_INTERNAL_LINKS,20,70,sin-enlaces-salientes,DATA_MISSING
https://hacecuentas.com/calculadora-arbol-frutal-produccion-kg-anual,,AR,other,,,,,OPTIMIZE_INTERNAL_LINKS,20,70,sin-enlaces-salientes,DATA_MISSING
https://hacecuentas.com/calculadora-area-perimetro-circulo-radio,,AR,mathematics,,,,,OPTIMIZE_INTERNAL_LINKS,20,70,sin-enlaces-salientes,DATA_MISSING
https://hacecuentas.com/calculadora-area-perimetro-figuras,,AR,utilities,,,,,OPTIMIZE_INTERNAL_LINKS,20,70,sin-enlaces-salientes,DATA_MISSING
https://hacecuentas.com/calculadora-area-triangulo-heron-tres-lados,,AR,mathematics,,,,,OPTIMIZE_INTERNAL_LINKS,20,70,sin-enlaces-salientes,DATA_MISSING
https://hacecuentas.com/calculadora-area-triangulo-vertices-coordenadas,,AR,mathematics,,,,,OPTIMIZE_INTERNAL_LINKS,20,70,sin-enlaces-salientes,DATA_MISSING
https://hacecuentas.com/calculadora-asignacion-desempleo-seguro-prestacion-anses,,AR,retirement,,,,,OPTIMIZE_INTERNAL_LINKS,20,70,sin-enlaces-salientes,DATA_MISSING
https://hacecuentas.com/calculadora-asignacion-discapacidad-pensionado,,AR,retirement,,,,,OPTIMIZE_INTERNAL_LINKS,20,70,sin-enlaces-salientes,DATA_MISSING
https://hacecuentas.com/calculadora-asignacion-familiar-empleado-registrado-anses,,AR,retirement,,,,,OPTIMIZE_INTERNAL_LINKS,20,70,sin-enlaces-salientes,DATA_MISSING
https://hacecuentas.com/calculadora-asignacion-familiar-hijo-anses-tramo,,AR,retirement,,,,,OPTIMIZE_INTERNAL_LINKS,20,70,sin-enlaces-salientes,DATA_MISSING
https://hacecuentas.com/calculadora-attribution-modelo-primer-ultimo-click,,AR,business,,,,,OPTIMIZE_INTERNAL_LINKS,20,70,sin-enlaces-salientes,DATA_MISSING
https://hacecuentas.com/calculadora-audio-bitrate-tamano-mp3,,AR,other,,,,,OPTIMIZE_INTERNAL_LINKS,20,70,sin-enlaces-salientes,DATA_MISSING
https://hacecuentas.com/calculadora-aumento-alquiler-trimestral-cuatrimestral-semestral,,AR,housing,,,,,OPTIMIZE_INTERNAL_LINKS,20,70,sin-enlaces-salientes,DATA_MISSING
https://hacecuentas.com/calculadora-aumento-altura-adolescente-prediccion,,AR,other,,,,,OPTIMIZE_INTERNAL_LINKS,20,70,sin-enlaces-salientes,DATA_MISSING
https://hacecuentas.com/calculadora-autonomos-categoria-monto-2026,,AR,taxes,,,,,OPTIMIZE_INTERNAL_LINKS,20,70,sin-enlaces-salientes,DATA_MISSING
https://hacecuentas.com/calculadora-autovia-peajes-argentina-ruta-2-ruta-3,,AR,travel,,,,,OPTIMIZE_INTERNAL_LINKS,20,70,sin-enlaces-salientes,DATA_MISSING
https://hacecuentas.com/calculadora-ayuda-escolar-anual-asignacion,,AR,retirement,,,,,OPTIMIZE_INTERNAL_LINKS,20,70,sin-enlaces-salientes,DATA_MISSING
https://hacecuentas.com/calculadora-banco-baterias-solar-dias-autonomia,,AR,automotive,,,,,OPTIMIZE_INTERNAL_LINKS,20,70,sin-enlaces-salientes,DATA_MISSING
https://hacecuentas.com/calculadora-bateria-capacidad-runtime-ah,,AR,automotive,,,,,OPTIMIZE_INTERNAL_LINKS,20,70,sin-enlaces-salientes,DATA_MISSING
https://hacecuentas.com/calculadora-promedio-beca-argentina,,AR,education,,,,,OPTIMIZE_INTERNAL_LINKS,20,70,sin-enlaces-salientes,DATA_MISSING
https://hacecuentas.com/calculadora-beca-promedio-minimo-requisito-universidades,,AR,education,,,,,OPTIMIZE_INTERNAL_LINKS,20,70,sin-enlaces-salientes,DATA_MISSING
https://hacecuentas.com/calculadora-becas-manuel-belgrano-monto,,AR,savings,,,,,OPTIMIZE_INTERNAL_LINKS,20,70,sin-enlaces-salientes,DATA_MISSING
https://hacecuentas.com/calculadora-bienes-personales-simulacion-rapida-2026,,AR,taxes,,,,,OPTIMIZE_INTERNAL_LINKS,20,70,sin-enlaces-salientes,DATA_MISSING
https://hacecuentas.com/calculadora-bienes-personales-tramos-alicuota-2026,,AR,taxes,,,,,OPTIMIZE_INTERNAL_LINKS,20,70,sin-enlaces-salientes,DATA_MISSING
https://hacecuentas.com/calculadora-biodegradacion-residuo-tiempo,,AR,food,,,,,OPTIMIZE_INTERNAL_LINKS,20,70,sin-enlaces-salientes,DATA_MISSING
https://hacecuentas.com/calculadora-bonos-globales-al30-gd30-rendimiento,,AR,savings,,,,,OPTIMIZE_INTERNAL_LINKS,20,70,sin-enlaces-salientes,DATA_MISSING
https://hacecuentas.com/calculadora-bpm-tempo-cancion,,AR,other,,,,,OPTIMIZE_INTERNAL_LINKS,20,70,sin-enlaces-salientes,DATA_MISSING
https://hacecuentas.com/calculadora-cable-awg-amperaje-seccion,,AR,other,,,,,OPTIMIZE_INTERNAL_LINKS,20,70,sin-enlaces-salientes,DATA_MISSING
https://hacecuentas.com/calculadora-cafeina-dosis-rendimiento,,AR,sports_non_medical,,,,,OPTIMIZE_INTERNAL_LINKS,20,70,sin-enlaces-salientes,DATA_MISSING
https://hacecuentas.com/calculadora-caida-libre-tiempo-altura,,AR,statistics,,,,,OPTIMIZE_INTERNAL_LINKS,20,70,sin-enlaces-salientes,DATA_MISSING
https://hacecuentas.com/calculadora-caida-tension-cable-distancia,,AR,other,,,,,OPTIMIZE_INTERNAL_LINKS,20,70,sin-enlaces-salientes,DATA_MISSING
https://hacecuentas.com/calculadora-art-prestacion-dineraria-ilt-dias-pago-incapacidad-temporaria,,AR,savings,,,,,OPTIMIZE_INTERNAL_LINKS,20,70,sin-enlaces-salientes,DATA_MISSING
https://hacecuentas.com/calculadora-asignacion-universal-hijo-auh-2026-monto,,AR,other,,,,,OPTIMIZE_INTERNAL_LINKS,20,70,sin-enlaces-salientes,DATA_MISSING
https://hacecuentas.com/calculadora-auto-electrico-vs-nafta-tco-5-anos-argentina,,AR,automotive,,,,,OPTIMIZE_INTERNAL_LINKS,20,70,sin-enlaces-salientes,DATA_MISSING
https://hacecuentas.com/calculadora-capital-inicial-abrir-negocio,,AR,business,,,,,OPTIMIZE_INTERNAL_LINKS,20,70,sin-enlaces-salientes,DATA_MISSING
https://hacecuentas.com/calculadora-comision-inmobiliaria-venta-inmueble-4-porciento,,AR,housing,,,,,OPTIMIZE_INTERNAL_LINKS,20,70,sin-enlaces-salientes,DATA_MISSING
https://hacecuentas.com/calculadora-comprar-anos-aportes-moratoria-previsional-cuotas,,AR,retirement,,,,,OPTIMIZE_INTERNAL_LINKS,20,70,sin-enlaces-salientes,DATA_MISSING
https://hacecuentas.com/calculadora-conversion-atmosferas-pascales-bar,,AR,statistics,,,,,OPTIMIZE_INTERNAL_LINKS,20,70,sin-enlaces-salientes,DATA_MISSING
https://hacecuentas.com/calculadora-conversion-celsius-fahrenheit-kelvin-rankine-temperatura,,AR,mathematics,,,,,OPTIMIZE_INTERNAL_LINKS,20,70,sin-enlaces-salientes,DATA_MISSING
https://hacecuentas.com/calculadora-conversion-litros-galones-onzas,,AR,utilities,,,,,OPTIMIZE_INTERNAL_LINKS,20,70,sin-enlaces-salientes,DATA_MISSING
https://hacecuentas.com/calculadora-conversion-millas-kilometros-nudos-velocidad,,AR,mathematics,,,,,OPTIMIZE_INTERNAL_LINKS,20,70,sin-enlaces-salientes,DATA_MISSING
https://hacecuentas.com/calculadora-cuando-es-el-dia-del-padre-madre-nino-por-pais,,AR,utilities,,,,,OPTIMIZE_INTERNAL_LINKS,20,70,sin-enlaces-salientes,DATA_MISSING
https://hacecuentas.com/calculadora-cuantas-fotos-videos-entran-gb,,AR,other,,,,,OPTIMIZE_INTERNAL_LINKS,20,70,sin-enlaces-salientes,DATA_MISSING
https://hacecuentas.com/calculadora-cuanto-facturar-cubrir-gastos,,AR,savings,,,,,OPTIMIZE_INTERNAL_LINKS,20,70,sin-enlaces-salientes,DATA_MISSING
https://hacecuentas.com/calculadora-cuanto-vale-mi-tiempo-hora-anual-salario,,AR,salary,,,,,OPTIMIZE_INTERNAL_LINKS,20,70,sin-enlaces-salientes,DATA_MISSING
https://hacecuentas.com/calculadora-de-escala,,AR,mathematics,,,,,OPTIMIZE_INTERNAL_LINKS,20,70,sin-enlaces-salientes,DATA_MISSING
https://hacecuentas.com/calculadora-de-horas,,AR,mathematics,,,,,OPTIMIZE_INTERNAL_LINKS,20,70,sin-enlaces-salientes,DATA_MISSING
https://hacecuentas.com/calculadora-descenso-laliga-santander-puntos-necesarios,,AR,sports_non_medical,,,,,OPTIMIZE_INTERNAL_LINKS,20,70,sin-enlaces-salientes,DATA_MISSING
https://hacecuentas.com/calculadora-ffmi-indice-masa-libre-grasa,,AR,health_low_risk,,,,,OPTIMIZE_INTERNAL_LINKS,20,70,sin-enlaces-salientes,DATA_MISSING
https://hacecuentas.com/calculadora-formula-leche-bebe-litros-mes-edad-marca,,AR,other,,,,,OPTIMIZE_INTERNAL_LINKS,20,70,sin-enlaces-salientes,DATA_MISSING
https://hacecuentas.com/calculadora-ganancias-monotributista-pase-regimen-general,,AR,taxes,,,,,OPTIMIZE_INTERNAL_LINKS,20,70,sin-enlaces-salientes,DATA_MISSING
https://hacecuentas.com/calculadora-gasto-cafe-anual,,AR,savings,,,,,OPTIMIZE_INTERNAL_LINKS,20,70,sin-enlaces-salientes,DATA_MISSING
https://hacecuentas.com/calculadora-hipoteca-uva-santander-argentina,,AR,loans,,,,,OPTIMIZE_INTERNAL_LINKS,20,70,sin-enlaces-salientes,DATA_MISSING
https://hacecuentas.com/calculadora-horario-de-verano-cambio-hora-por-pais,,AR,utilities,,,,,OPTIMIZE_INTERNAL_LINKS,20,70,sin-enlaces-salientes,DATA_MISSING
https://hacecuentas.com/calculadora-horas-luz-dia-fecha-latitud,,AR,other,,,,,OPTIMIZE_INTERNAL_LINKS,20,70,sin-enlaces-salientes,DATA_MISSING
https://hacecuentas.com/calculadora-impuesto-bienes-personales-2026-cripto-cedears,,AR,taxes,,,,,OPTIMIZE_INTERNAL_LINKS,20,70,sin-enlaces-salientes,DATA_MISSING
https://hacecuentas.com/calculadora-ingreso-minimo-credito-hipotecario-uva-banco-nacion,,AR,loans,,,,,OPTIMIZE_INTERNAL_LINKS,20,70,sin-enlaces-salientes,DATA_MISSING
https://hacecuentas.com/calculadora-jubilacion-docente-caba,,AR,retirement,,,,,OPTIMIZE_INTERNAL_LINKS,20,70,sin-enlaces-salientes,DATA_MISSING
https://hacecuentas.com/calculadora-licencia-examen-estudiante-trabajador-art-149-lct,,AR,savings,,,,,OPTIMIZE_INTERNAL_LINKS,20,70,sin-enlaces-salientes,DATA_MISSING
https://hacecuentas.com/calculadora-licencia-fallecimiento-familiar-duelo-dias-lct,,AR,savings,,,,,OPTIMIZE_INTERNAL_LINKS,20,70,sin-enlaces-salientes,DATA_MISSING
https://hacecuentas.com/calculadora-licencia-maternidad-anses-90-dias-extension,,AR,retirement,,,,,OPTIMIZE_INTERNAL_LINKS,20,70,sin-enlaces-salientes,DATA_MISSING
https://hacecuentas.com/calculadora-licencia-vacaciones-cct-comercio-empleados-comercio-argentina-2026,,AR,employment_termination,,,,,OPTIMIZE_INTERNAL_LINKS,20,70,sin-enlaces-salientes,DATA_MISSING
https://hacecuentas.com/calculadora-m2-casa-planos-total-construido,,AR,construction,,,,,OPTIMIZE_INTERNAL_LINKS,20,70,sin-enlaces-salientes,DATA_MISSING
https://hacecuentas.com/calculadora-magnesio-glicinato-vs-citrato-vs-malato-dosis,,AR,health_low_risk,,,,,OPTIMIZE_INTERNAL_LINKS,20,70,sin-enlaces-salientes,DATA_MISSING
https://hacecuentas.com/calculadora-mcm-mcd-minimo-comun-multiplo,,AR,mathematics,,,,,OPTIMIZE_INTERNAL_LINKS,20,70,sin-enlaces-salientes,DATA_MISSING
https://hacecuentas.com/calculadora-mochila-escolar-peso-maximo-edad-espalda,,AR,health_low_risk,,,,,OPTIMIZE_INTERNAL_LINKS,20,70,sin-enlaces-salientes,DATA_MISSING
https://hacecuentas.com/calculadora-ovulos-congelados-vitrificacion-precio-clinica,,AR,utilities,,,,,OPTIMIZE_INTERNAL_LINKS,20,70,sin-enlaces-salientes,DATA_MISSING
https://hacecuentas.com/calculadora-pago-proporcional-pareja-ingreso-gastos-compartidos,,AR,utilities,,,,,OPTIMIZE_INTERNAL_LINKS,20,70,sin-enlaces-salientes,DATA_MISSING
https://hacecuentas.com/calculadora-panales-mes-bebe-talle-gasto-anual,,AR,food,,,,,OPTIMIZE_INTERNAL_LINKS,20,70,sin-enlaces-salientes,DATA_MISSING
https://hacecuentas.com/calculadora-patente-auto-cordoba-2026-valuacion-fiscal-cuotas,,AR,loans,,,,,OPTIMIZE_INTERNAL_LINKS,20,70,sin-enlaces-salientes,DATA_MISSING
https://hacecuentas.com/calculadora-pension-no-contributiva-madre-7-hijos-anses-2026,,AR,retirement,,,,,OPTIMIZE_INTERNAL_LINKS,20,70,sin-enlaces-salientes,DATA_MISSING
https://hacecuentas.com/calculadora-plusvalia-inmueble-pba-venta-impuesto-2026,,AR,taxes,,,,,OPTIMIZE_INTERNAL_LINKS,20,70,sin-enlaces-salientes,DATA_MISSING
https://hacecuentas.com/calculadora-porcentaje-aumento-disminucion,,AR,mathematics,,,,,OPTIMIZE_INTERNAL_LINKS,20,70,sin-enlaces-salientes,DATA_MISSING
https://hacecuentas.com/calculadora-portal-nether-overworld-minecraft,,AR,other,,,,,OPTIMIZE_INTERNAL_LINKS,20,70,sin-enlaces-salientes,DATA_MISSING
https://hacecuentas.com/calculadora-proporciones-receta,,AR,utilities,,,,,OPTIMIZE_INTERNAL_LINKS,20,70,sin-enlaces-salientes,DATA_MISSING
https://hacecuentas.com/calculadora-proteina-diaria-gramos-objetivo,,AR,health_low_risk,,,,,OPTIMIZE_INTERNAL_LINKS,20,70,sin-enlaces-salientes,DATA_MISSING
https://hacecuentas.com/calculadora-que-generacion-sos,,AR,utilities,,,,,OPTIMIZE_INTERNAL_LINKS,20,70,sin-enlaces-salientes,DATA_MISSING
https://hacecuentas.com/calculadora-raiz-cuadrada-cubica,,AR,mathematics,,,,,OPTIMIZE_INTERNAL_LINKS,20,70,sin-enlaces-salientes,DATA_MISSING
https://hacecuentas.com/calculadora-regla-72-duplicar-dinero,,AR,savings,,,,,OPTIMIZE_INTERNAL_LINKS,20,70,sin-enlaces-salientes,DATA_MISSING
https://hacecuentas.com/calculadora-relacion-de-aspecto,,AR,other,,,,,OPTIMIZE_INTERNAL_LINKS,20,70,sin-enlaces-salientes,DATA_MISSING
https://hacecuentas.com/calculadora-remesa-western-union-usa-mexico,,AR,savings,,,,,OPTIMIZE_INTERNAL_LINKS,20,70,sin-enlaces-salientes,DATA_MISSING
https://hacecuentas.com/calculadora-rural-rentabilidad-hectarea-soja-maiz-trigo-2026,,AR,business,,,,,OPTIMIZE_INTERNAL_LINKS,20,70,sin-enlaces-salientes,DATA_MISSING
https://hacecuentas.com/calculadora-screen-time-adultos-fatiga-visual-pausas,,AR,food,,,,,OPTIMIZE_INTERNAL_LINKS,20,70,sin-enlaces-salientes,DATA_MISSING
https://hacecuentas.com/calculadora-sube-argentina-costo-viaje-gasto-mensual,,AR,automotive,,,,,OPTIMIZE_INTERNAL_LINKS,20,70,sin-enlaces-salientes,DATA_MISSING
https://hacecuentas.com/calculadora-substack-suscriptores-meta,,AR,investments,,,,,OPTIMIZE_INTERNAL_LINKS,20,70,sin-enlaces-salientes,DATA_MISSING
https://hacecuentas.com/calculadora-sueno-bebe-horas-meses-tabla-padres,,AR,other,,,,,OPTIMIZE_INTERNAL_LINKS,20,70,sin-enlaces-salientes,DATA_MISSING
https://hacecuentas.com/calculadora-test-prenatal-no-invasivo-nipt-precio-arg,,AR,health_low_risk,,,,,OPTIMIZE_INTERNAL_LINKS,20,70,sin-enlaces-salientes,DATA_MISSING
https://hacecuentas.com/calculadora-tiempo-c1-ingles-horas-semanales-meta-meses,,AR,education,,,,,OPTIMIZE_INTERNAL_LINKS,20,70,sin-enlaces-salientes,DATA_MISSING
https://hacecuentas.com/calculadora-tokens-por-modelo-de-ia-costo,,AR,other,,,,,OPTIMIZE_INTERNAL_LINKS,20,70,sin-enlaces-salientes,DATA_MISSING
https://hacecuentas.com/calculadora-vacaciones-empleada-casa-particular-antiguedad-dias,,AR,employment_termination,,,,,OPTIMIZE_INTERNAL_LINKS,20,70,sin-enlaces-salientes,DATA_MISSING
https://hacecuentas.com/calculadora-vacunas-bebe-calendario-2026-argentina-edad,,AR,health_low_risk,,,,,OPTIMIZE_INTERNAL_LINKS,20,70,sin-enlaces-salientes,DATA_MISSING
https://hacecuentas.com/calculadora-velocidad-sprint-30m-futbol-por-posicion,,AR,sports_non_medical,,,,,OPTIMIZE_INTERNAL_LINKS,20,70,sin-enlaces-salientes,DATA_MISSING
https://hacecuentas.com/calculadora-watts-consumo-electrico-aparato-hora,,AR,other,,,,,OPTIMIZE_INTERNAL_LINKS,20,70,sin-enlaces-salientes,DATA_MISSING
https://hacecuentas.com/calculadora-calefactor-tiro-balanceado-kcal-m2-invierno,,AR,utilities,,,,,OPTIMIZE_INTERNAL_LINKS,20,70,sin-enlaces-salientes,DATA_MISSING
https://hacecuentas.com/calculadora-calefon-termotanque-litros-personas,,AR,construction,,,,,OPTIMIZE_INTERNAL_LINKS,20,70,sin-enlaces-salientes,DATA_MISSING
https://hacecuentas.com/calculadora-calor-especifico-delta-t,,AR,statistics,,,,,OPTIMIZE_INTERNAL_LINKS,20,70,sin-enlaces-salientes,DATA_MISSING
https://hacecuentas.com/calculadora-calorias-embarazo-trimestre,,AR,health_low_risk,,,,,OPTIMIZE_INTERNAL_LINKS,20,70,sin-enlaces-salientes,DATA_MISSING
https://hacecuentas.com/calculadora-calorias-lactancia,,AR,health_low_risk,,,,,OPTIMIZE_INTERNAL_LINKS,20,70,sin-enlaces-salientes,DATA_MISSING
https://hacecuentas.com/conversor-dolar-euro-pesos-argentinos,,AR,investments,,,,,OPTIMIZE_INTERNAL_LINKS,20,70,sin-enlaces-salientes,DATA_MISSING
https://hacecuentas.com/calculadora-canasta-basica-hogar-inec-gasto-mensual,,AR,other,,,,,OPTIMIZE_INTERNAL_LINKS,20,70,sin-enlaces-salientes,DATA_MISSING
https://hacecuentas.com/calculadora-cano-agua-diametro-caudal,,AR,construction,,,,,OPTIMIZE_INTERNAL_LINKS,20,70,sin-enlaces-salientes,DATA_MISSING
https://hacecuentas.com/calculadora-cantidad-ladrillos-metro-cuadrado-pared,,AR,construction,,,,,OPTIMIZE_INTERNAL_LINKS,20,70,sin-enlaces-salientes,DATA_MISSING
https://hacecuentas.com/calculadora-cantidad-panales-bebe-por-mes-edad,,AR,food,,,,,OPTIMIZE_INTERNAL_LINKS,20,70,sin-enlaces-salientes,DATA_MISSING
https://hacecuentas.com/calculadora-cantidad-plantas-seto-metros,,AR,other,,,,,OPTIMIZE_INTERNAL_LINKS,20,70,sin-enlaces-salientes,DATA_MISSING
https://hacecuentas.com/calculadora-cantidad-ventanas-luz-natural-m2,,AR,construction,,,,,OPTIMIZE_INTERNAL_LINKS,20,70,sin-enlaces-salientes,DATA_MISSING
https://hacecuentas.com/calculadora-capacidad-credito-hipotecario,,AR,loans,,,,,OPTIMIZE_INTERNAL_LINKS,20,70,sin-enlaces-salientes,DATA_MISSING
https://hacecuentas.com/calculadora-capacitor-carga-descarga-rc,,AR,other,,,,,OPTIMIZE_INTERNAL_LINKS,20,70,sin-enlaces-salientes,DATA_MISSING
https://hacecuentas.com/calculadora-carbohidratos-durante-ejercicio,,AR,sports_non_medical,,,,,OPTIMIZE_INTERNAL_LINKS,20,70,sin-enlaces-salientes,DATA_MISSING
https://hacecuentas.com/calculadora-carga-capacitor-constante-rc,,AR,other,,,,,OPTIMIZE_INTERNAL_LINKS,20,70,sin-enlaces-salientes,DATA_MISSING
https://hacecuentas.com/calculadora-carta-natal-basica,,AR,utilities,,,,,OPTIMIZE_INTERNAL_LINKS,20,70,sin-enlaces-salientes,DATA_MISSING
https://hacecuentas.com/calculadora-castracion-edad-ideal-perro-gato,,AR,pets_non_medical,,,,,OPTIMIZE_INTERNAL_LINKS,20,70,sin-enlaces-salientes,DATA_MISSING
https://hacecuentas.com/calculadora-cedear-precio-teorico-ratio-conversion,,AR,investments,,,,,OPTIMIZE_INTERNAL_LINKS,20,70,sin-enlaces-salientes,DATA_MISSING
https://hacecuentas.com/calculadora-cedears-ratio-conversion-apple-microsoft,,AR,investments,,,,,OPTIMIZE_INTERNAL_LINKS,20,70,sin-enlaces-salientes,DATA_MISSING
https://hacecuentas.com/calculadora-cemento-arena-piedra-por-m3-hormigon,,AR,construction,,,,,OPTIMIZE_INTERNAL_LINKS,20,70,sin-enlaces-salientes,DATA_MISSING
https://hacecuentas.com/calculadora-cerramiento-perimetro-casa-ladrillos-costo,,AR,construction,,,,,OPTIMIZE_INTERNAL_LINKS,20,70,sin-enlaces-salientes,DATA_MISSING
https://hacecuentas.com/calculadora-cft-prestamo-personal-comparativa,,AR,taxes,,,,,OPTIMIZE_INTERNAL_LINKS,20,70,sin-enlaces-salientes,DATA_MISSING
https://hacecuentas.com/calculadora-chi-cuadrado-independencia,,AR,mathematics,,,,,OPTIMIZE_INTERNAL_LINKS,20,70,sin-enlaces-salientes,DATA_MISSING
https://hacecuentas.com/calculadora-churn-retencion-clientes,,AR,business,,,,,OPTIMIZE_INTERNAL_LINKS,20,70,sin-enlaces-salientes,DATA_MISSING
https://hacecuentas.com/calculadora-ciclo-sueno-rem-no-rem-90min,,AR,health_low_risk,,,,,OPTIMIZE_INTERNAL_LINKS,20,70,sin-enlaces-salientes,DATA_MISSING
https://hacecuentas.com/calculadora-indice-cintura-altura-whtr-riesgo,,AR,health_low_risk,,,,,OPTIMIZE_INTERNAL_LINKS,20,70,sin-enlaces-salientes,DATA_MISSING
https://hacecuentas.com/calculadora-citas-bibliograficas-formato-apa,,AR,education,,,,,OPTIMIZE_INTERNAL_LINKS,20,70,sin-enlaces-salientes,DATA_MISSING
https://hacecuentas.com/calculadora-claude-gemini-tokens-comparativa-precio-uso,,AR,taxes,,,,,OPTIMIZE_INTERNAL_LINKS,20,70,sin-enlaces-salientes,DATA_MISSING
https://hacecuentas.com/calculadora-coeficiente-variacion,,AR,mathematics,,,,,OPTIMIZE_INTERNAL_LINKS,20,70,sin-enlaces-salientes,DATA_MISSING
https://hacecuentas.com/calculadora-color-pared-combinacion-complementario,,AR,utilities,,,,,OPTIMIZE_INTERNAL_LINKS,20,70,sin-enlaces-salientes,DATA_MISSING
https://hacecuentas.com/calculadora-comision-inmobiliaria-alquiler-caba-pba,,AR,housing,,,,,OPTIMIZE_INTERNAL_LINKS,20,70,sin-enlaces-salientes,DATA_MISSING
https://hacecuentas.com/calculadora-comision-venta-vendedor,,AR,salary,,,,,OPTIMIZE_INTERNAL_LINKS,20,70,sin-enlaces-salientes,DATA_MISSING
https://hacecuentas.com/calculadora-compas-tiempo-pulso,,AR,other,,,,,OPTIMIZE_INTERNAL_LINKS,20,70,sin-enlaces-salientes,DATA_MISSING
https://hacecuentas.com/calculadora-concentracion-molar-solucion,,AR,statistics,,,,,OPTIMIZE_INTERNAL_LINKS,20,70,sin-enlaces-salientes,DATA_MISSING
https://hacecuentas.com/calculadora-configuracion-pc-bottleneck,,AR,other,,,,,OPTIMIZE_INTERNAL_LINKS,20,70,sin-enlaces-salientes,DATA_MISSING
https://hacecuentas.com/calculadora-consumo-agua-mensual,,AR,utilities,,,,,OPTIMIZE_INTERNAL_LINKS,20,70,sin-enlaces-salientes,DATA_MISSING
https://hacecuentas.com/calculadora-consumo-electricidad-electrodomestico,,AR,utilities,,,,,OPTIMIZE_INTERNAL_LINKS,20,70,sin-enlaces-salientes,DATA_MISSING
https://hacecuentas.com/calculadora-consumo-electrico-aparato-kwh-mes,,AR,other,,,,,OPTIMIZE_INTERNAL_LINKS,20,70,sin-enlaces-salientes,DATA_MISSING
https://hacecuentas.com/calculadora-contrato-alquiler-2-anios-vs-3-anios,,AR,housing,,,,,OPTIMIZE_INTERNAL_LINKS,20,70,sin-enlaces-salientes,DATA_MISSING
https://hacecuentas.com/calculadora-conversion-bases-numericas-binario-hex,,AR,mathematics,,,,,OPTIMIZE_INTERNAL_LINKS,20,70,sin-enlaces-salientes,DATA_MISSING
https://hacecuentas.com/calculadora-conversion-btu-kcal-aire-acondicionado,,AR,mathematics,,,,,OPTIMIZE_INTERNAL_LINKS,20,70,sin-enlaces-salientes,DATA_MISSING
https://hacecuentas.com/calculadora-conversion-celsius-fahrenheit-kelvin,,AR,mathematics,,,,,OPTIMIZE_INTERNAL_LINKS,20,70,sin-enlaces-salientes,DATA_MISSING
https://hacecuentas.com/calculadora-conversion-kilo-libra-lb-kg-exacto,,AR,mathematics,,,,,OPTIMIZE_INTERNAL_LINKS,20,70,sin-enlaces-salientes,DATA_MISSING
https://hacecuentas.com/calculadora-conversion-metro-pie-feet-exacto,,AR,mathematics,,,,,OPTIMIZE_INTERNAL_LINKS,20,70,sin-enlaces-salientes,DATA_MISSING
https://hacecuentas.com/calculadora-conversion-porcentaje-fraccion-decimal,,AR,mathematics,,,,,OPTIMIZE_INTERNAL_LINKS,20,70,sin-enlaces-salientes,DATA_MISSING
https://hacecuentas.com/calculadora-conversion-pulgada-centimetro-screen,,AR,food,,,,,OPTIMIZE_INTERNAL_LINKS,20,70,sin-enlaces-salientes,DATA_MISSING
https://hacecuentas.com/calculadora-conversion-radianes-grados-angulo,,AR,mathematics,,,,,OPTIMIZE_INTERNAL_LINKS,20,70,sin-enlaces-salientes,DATA_MISSING
https://hacecuentas.com/calculadora-conversion-torque-nm-lb-ft-kgm,,AR,automotive,,,,,OPTIMIZE_INTERNAL_LINKS,20,70,sin-enlaces-salientes,DATA_MISSING
https://hacecuentas.com/calculadora-conversor-anos-a-dias,,AR,mathematics,,,,,OPTIMIZE_INTERNAL_LINKS,20,70,sin-enlaces-salientes,DATA_MISSING
https://hacecuentas.com/calculadora-conversor-bolsas-cemento-por-metro-cubico,,AR,construction,,,,,OPTIMIZE_INTERNAL_LINKS,20,70,sin-enlaces-salientes,DATA_MISSING
https://hacecuentas.com/calculadora-conversor-brazas-a-metros,,AR,mathematics,,,,,OPTIMIZE_INTERNAL_LINKS,20,70,sin-enlaces-salientes,DATA_MISSING
https://hacecuentas.com/calculadora-conversor-btu-a-joules,,AR,statistics,,,,,OPTIMIZE_INTERNAL_LINKS,20,70,sin-enlaces-salientes,DATA_MISSING
https://hacecuentas.com/calculadora-conversor-calorias-a-joules,,AR,statistics,,,,,OPTIMIZE_INTERNAL_LINKS,20,70,sin-enlaces-salientes,DATA_MISSING
https://hacecuentas.com/calculadora-conversor-celsius-a-kelvin,,AR,statistics,,,,,OPTIMIZE_INTERNAL_LINKS,20,70,sin-enlaces-salientes,DATA_MISSING
https://hacecuentas.com/calculadora-conversor-dias-a-horas,,AR,mathematics,,,,,OPTIMIZE_INTERNAL_LINKS,20,70,sin-enlaces-salientes,DATA_MISSING
https://hacecuentas.com/calculadora-conversor-gramos-a-onzas,,AR,mathematics,,,,,OPTIMIZE_INTERNAL_LINKS,20,70,sin-enlaces-salientes,DATA_MISSING
https://hacecuentas.com/calculadora-conversor-horas-a-minutos,,AR,mathematics,,,,,OPTIMIZE_INTERNAL_LINKS,20,70,sin-enlaces-salientes,DATA_MISSING
https://hacecuentas.com/calculadora-conversor-kb-a-mb,,AR,other,,,,,OPTIMIZE_INTERNAL_LINKS,20,70,sin-enlaces-salientes,DATA_MISSING
https://hacecuentas.com/conversor-kilogramos-libras-onzas,,AR,utilities,,,,,OPTIMIZE_INTERNAL_LINKS,20,70,sin-enlaces-salientes,DATA_MISSING
https://hacecuentas.com/calculadora-conversor-kwh-a-joules,,AR,statistics,,,,,OPTIMIZE_INTERNAL_LINKS,20,70,sin-enlaces-salientes,DATA_MISSING
https://hacecuentas.com/calculadora-conversor-mbps-a-mb-s,,AR,other,,,,,OPTIMIZE_INTERNAL_LINKS,20,70,sin-enlaces-salientes,DATA_MISSING
https://hacecuentas.com/calculadora-conversor-meses-a-semanas,,AR,mathematics,,,,,OPTIMIZE_INTERNAL_LINKS,20,70,sin-enlaces-salientes,DATA_MISSING
https://hacecuentas.com/conversor-metros-cuadrados-hectareas-acres,,AR,utilities,,,,,OPTIMIZE_INTERNAL_LINKS,20,70,sin-enlaces-salientes,DATA_MISSING
https://hacecuentas.com/calculadora-conversor-micrometros-a-milimetros,,AR,statistics,,,,,OPTIMIZE_INTERNAL_LINKS,20,70,sin-enlaces-salientes,DATA_MISSING
https://hacecuentas.com/conversor-moneda-dolar-peso-real-latam,,AR,investments,,,,,OPTIMIZE_INTERNAL_LINKS,20,70,sin-enlaces-salientes,DATA_MISSING
https://hacecuentas.com/calculadora-conversor-pie-tabla-a-metro-cubico,,AR,construction,,,,,OPTIMIZE_INTERNAL_LINKS,20,70,sin-enlaces-salientes,DATA_MISSING
https://hacecuentas.com/calculadora-conversor-pies-a-metros,,AR,mathematics,,,,,OPTIMIZE_INTERNAL_LINKS,20,70,sin-enlaces-salientes,DATA_MISSING
https://hacecuentas.com/calculadora-conversor-pies-a-pulgadas,,AR,mathematics,,,,,OPTIMIZE_INTERNAL_LINKS,20,70,sin-enlaces-salientes,DATA_MISSING
https://hacecuentas.com/calculadora-conversor-pulgadas-cuadradas-a-centimetros-cuadrados,,AR,mathematics,,,,,OPTIMIZE_INTERNAL_LINKS,20,70,sin-enlaces-salientes,DATA_MISSING
https://hacecuentas.com/calculadora-conversor-radianes-a-grados,,AR,mathematics,,,,,OPTIMIZE_INTERNAL_LINKS,20,70,sin-enlaces-salientes,DATA_MISSING
https://hacecuentas.com/calculadora-conversor-semanas-a-dias,,AR,mathematics,,,,,OPTIMIZE_INTERNAL_LINKS,20,70,sin-enlaces-salientes,DATA_MISSING
https://hacecuentas.com/calculadora-conversor-talles-calzado-us-ar-eu,,AR,utilities,,,,,OPTIMIZE_INTERNAL_LINKS,20,70,sin-enlaces-salientes,DATA_MISSING
https://hacecuentas.com/calculadora-conversor-talles-ropa-us-ar-eu,,AR,utilities,,,,,OPTIMIZE_INTERNAL_LINKS,20,70,sin-enlaces-salientes,DATA_MISSING
https://hacecuentas.com/calculadora-conversor-tb-a-gb,,AR,other,,,,,OPTIMIZE_INTERNAL_LINKS,20,70,sin-enlaces-salientes,DATA_MISSING
https://hacecuentas.com/calculadora-conversor-toneladas-cortas-a-toneladas-metricas,,AR,mathematics,,,,,OPTIMIZE_INTERNAL_LINKS,20,70,sin-enlaces-salientes,DATA_MISSING
https://hacecuentas.com/conversor-unidades-longitud-peso-volumen-temperatura,,AR,utilities,,,,,OPTIMIZE_INTERNAL_LINKS,20,70,sin-enlaces-salientes,DATA_MISSING
https://hacecuentas.com/calculadora-conversor-varas-a-metros,,AR,mathematics,,,,,OPTIMIZE_INTERNAL_LINKS,20,70,sin-enlaces-salientes,DATA_MISSING
https://hacecuentas.com/calculadora-copom-tasa-referencia-banco-central-impacto,,AR,savings,,,,,OPTIMIZE_INTERNAL_LINKS,20,70,sin-enlaces-salientes,DATA_MISSING
https://hacecuentas.com/calculadora-correlacion-pearson,,AR,mathematics,,,,,OPTIMIZE_INTERNAL_LINKS,20,70,sin-enlaces-salientes,DATA_MISSING
https://hacecuentas.com/calculadora-costo-aire-acondicionado-hora,,AR,utilities,,,,,OPTIMIZE_INTERNAL_LINKS,20,70,sin-enlaces-salientes,DATA_MISSING
https://hacecuentas.com/calculadora-costo-almacenamiento-inventario,,AR,business,,,,,OPTIMIZE_INTERNAL_LINKS,20,70,sin-enlaces-salientes,DATA_MISSING
https://hacecuentas.com/calculadora-costo-calefaccion-invierno,,AR,utilities,,,,,OPTIMIZE_INTERNAL_LINKS,20,70,sin-enlaces-salientes,DATA_MISSING
https://hacecuentas.com/calculadora-costo-carrera-total,,AR,education,,,,,OPTIMIZE_INTERNAL_LINKS,20,70,sin-enlaces-salientes,DATA_MISSING
https://hacecuentas.com/calculadora-costo-carrera-privada,,AR,taxes,,,,,OPTIMIZE_INTERNAL_LINKS,20,70,sin-enlaces-salientes,DATA_MISSING
https://hacecuentas.com/calculadora-costo-envio-compra-exterior,,AR,savings,,,,,OPTIMIZE_INTERNAL_LINKS,20,70,sin-enlaces-salientes,DATA_MISSING
https://hacecuentas.com/calculadora-costo-fiv-argentina,,AR,health_low_risk,,,,,OPTIMIZE_INTERNAL_LINKS,20,70,sin-enlaces-salientes,DATA_MISSING
https://hacecuentas.com/calculadora-costo-gaming-por-hora,,AR,taxes,,,,,OPTIMIZE_INTERNAL_LINKS,20,70,sin-enlaces-salientes,DATA_MISSING
https://hacecuentas.com/calculadora-costo-lavado-ropa-lavadora-vs-lavanderia,,AR,utilities,,,,,OPTIMIZE_INTERNAL_LINKS,20,70,sin-enlaces-salientes,DATA_MISSING
https://hacecuentas.com/calculadora-costo-mascota-vida-util,,AR,utilities,,,,,OPTIMIZE_INTERNAL_LINKS,20,70,sin-enlaces-salientes,DATA_MISSING
https://hacecuentas.com/calculadora-costo-medianera-muro-lindero,,AR,construction,,,,,OPTIMIZE_INTERNAL_LINKS,20,70,sin-enlaces-salientes,DATA_MISSING
https://hacecuentas.com/calculadora-costo-estimado-mudanza,,AR,utilities,,,,,OPTIMIZE_INTERNAL_LINKS,20,70,sin-enlaces-salientes,DATA_MISSING
https://hacecuentas.com/calculadora-costo-por-lead-cpl-marketing,,AR,business,,,,,OPTIMIZE_INTERNAL_LINKS,20,70,sin-enlaces-salientes,DATA_MISSING
https://hacecuentas.com/calculadora-costo-real-cuotas-vs-contado,,AR,loans,,,,,OPTIMIZE_INTERNAL_LINKS,20,70,sin-enlaces-salientes,DATA_MISSING
https://hacecuentas.com/calculadora-costo-roaming-datos-exterior,,AR,travel,,,,,OPTIMIZE_INTERNAL_LINKS,20,70,sin-enlaces-salientes,DATA_MISSING
https://hacecuentas.com/calculadora-costo-suscripciones-mensual,,AR,other,,,,,OPTIMIZE_INTERNAL_LINKS,20,70,sin-enlaces-salientes,DATA_MISSING
https://hacecuentas.com/calculadora-costo-tokens-api-openai-claude-mensual,,AR,other,,,,,OPTIMIZE_INTERNAL_LINKS,20,70,sin-enlaces-salientes,DATA_MISSING
https://hacecuentas.com/calculadora-costo-total-empleado-empresa-argentina,,AR,business,,,,,OPTIMIZE_INTERNAL_LINKS,20,70,sin-enlaces-salientes,DATA_MISSING
https://hacecuentas.com/calculadora-cpa-cac-ltv,,AR,business,,,,,OPTIMIZE_INTERNAL_LINKS,20,70,sin-enlaces-salientes,DATA_MISSING
https://hacecuentas.com/calculadora-creatina-dosis-carga-mantenimiento,,AR,sports_non_medical,,,,,OPTIMIZE_INTERNAL_LINKS,20,70,sin-enlaces-salientes,DATA_MISSING
https://hacecuentas.com/calculadora-crecimiento-seguidores-proyeccion,,AR,other,,,,,OPTIMIZE_INTERNAL_LINKS,20,70,sin-enlaces-salientes,DATA_MISSING
https://hacecuentas.com/calculadora-credito-universitario-progresar-monto-2026,,AR,loans,,,,,OPTIMIZE_INTERNAL_LINKS,20,70,sin-enlaces-salientes,DATA_MISSING
https://hacecuentas.com/calculadora-credito-uva-vs-tasa-fija,,AR,loans,,,,,OPTIMIZE_INTERNAL_LINKS,20,70,sin-enlaces-salientes,DATA_MISSING
https://hacecuentas.com/calculadora-creditos-universitarios-avance,,AR,loans,,,,,OPTIMIZE_INTERNAL_LINKS,20,70,sin-enlaces-salientes,DATA_MISSING
https://hacecuentas.com/calculadora-cts-peru-compensacion-tiempo-servicios-2026,,AR,savings,,,,,OPTIMIZE_INTERNAL_LINKS,20,70,sin-enlaces-salientes,DATA_MISSING
https://hacecuentas.com/calculadora-cuadro-altura-colgar-pared,,AR,utilities,,,,,OPTIMIZE_INTERNAL_LINKS,20,70,sin-enlaces-salientes,DATA_MISSING
https://hacecuentas.com/calculadora-cuanto-tengo-que-facturar-para-ganar-x-neto,,AR,salary,,,,,OPTIMIZE_INTERNAL_LINKS,20,70,sin-enlaces-salientes,DATA_MISSING
https://hacecuentas.com/calculadora-cuanto-falta-venc-tarjeta-credito-mes,,AR,loans,,,,,OPTIMIZE_INTERNAL_LINKS,20,70,sin-enlaces-salientes,DATA_MISSING
https://hacecuentas.com/calculadora-cuanto-falta-verano-enero-febrero,,AR,utilities,,,,,OPTIMIZE_INTERNAL_LINKS,20,70,sin-enlaces-salientes,DATA_MISSING
https://hacecuentas.com/calculadora-cuanto-gano-por-segundo,,AR,salary,,,,,OPTIMIZE_INTERNAL_LINKS,20,70,sin-enlaces-salientes,DATA_MISSING
https://hacecuentas.com/calculadora-cuanto-gasto-en-delivery,,AR,utilities,,,,,OPTIMIZE_INTERNAL_LINKS,20,70,sin-enlaces-salientes,DATA_MISSING
https://hacecuentas.com/calculadora-cuanto-necesito-ganar-para-mantener-una-familia,,AR,savings,,,,,OPTIMIZE_INTERNAL_LINKS,20,70,sin-enlaces-salientes,DATA_MISSING
https://hacecuentas.com/calculadora-cuantos-feriados-restan-ano-argentina,,AR,utilities,,,,,OPTIMIZE_INTERNAL_LINKS,20,70,sin-enlaces-salientes,DATA_MISSING
https://hacecuentas.com/calculadora-cuarta-categoria-empleado-empresa-argentina,,AR,taxes,,,,,OPTIMIZE_INTERNAL_LINKS,20,70,sin-enlaces-salientes,DATA_MISSING
https://hacecuentas.com/calculadora-cuenta-regresiva-dias-faltan,,AR,taxes,,,,,OPTIMIZE_INTERNAL_LINKS,20,70,sin-enlaces-salientes,DATA_MISSING
https://hacecuentas.com/calculadora-cuenta-regresiva-dias-hasta-fecha,,AR,taxes,,,,,OPTIMIZE_INTERNAL_LINKS,20,70,sin-enlaces-salientes,DATA_MISSING
https://hacecuentas.com/calculadora-cuota-alimentaria-hijos,,AR,loans,,,,,OPTIMIZE_INTERNAL_LINKS,20,70,sin-enlaces-salientes,DATA_MISSING
https://hacecuentas.com/calculadora-cuota-alimentos-porcentaje-sueldo-hijo,,AR,salary,,,,,OPTIMIZE_INTERNAL_LINKS,20,70,sin-enlaces-salientes,DATA_MISSING
https://hacecuentas.com/calculadora-cuota-credito-hipotecario-uva-banco-nacion,,AR,loans,,,,,OPTIMIZE_INTERNAL_LINKS,20,70,sin-enlaces-salientes,DATA_MISSING
https://hacecuentas.com/calculadora-cuota-sindical-descuento-sueldo,,AR,salary,,,,,OPTIMIZE_INTERNAL_LINKS,20,70,sin-enlaces-salientes,DATA_MISSING
https://hacecuentas.com/calculadora-cuotas-sin-interes-costo-real-inflacion,,AR,loans,,,,,OPTIMIZE_INTERNAL_LINKS,20,70,sin-enlaces-salientes,DATA_MISSING
https://hacecuentas.com/calculadora-cuotas-sin-interes-precio,,AR,loans,,,,,OPTIMIZE_INTERNAL_LINKS,20,70,sin-enlaces-salientes,DATA_MISSING
https://hacecuentas.com/calculadora-deduccion-alquiler-ganancias-40-porciento,,AR,taxes,,,,,OPTIMIZE_INTERNAL_LINKS,20,70,sin-enlaces-salientes,DATA_MISSING
https://hacecuentas.com/calculadora-deduccion-familia-conyuge-hijo-ganancias,,AR,taxes,,,,,OPTIMIZE_INTERNAL_LINKS,20,70,sin-enlaces-salientes,DATA_MISSING
https://hacecuentas.com/calculadora-deduccion-prepaga-medicina-ganancias,,AR,taxes,,,,,OPTIMIZE_INTERNAL_LINKS,20,70,sin-enlaces-salientes,DATA_MISSING
https://hacecuentas.com/calculadora-deep-work-cal-newport-horas-maximo-diario,,AR,utilities,,,,,OPTIMIZE_INTERNAL_LINKS,20,70,sin-enlaces-salientes,DATA_MISSING
https://hacecuentas.com/calculadora-deficit-calorico-perder-peso,,AR,health_low_risk,,,,,OPTIMIZE_INTERNAL_LINKS,20,70,sin-enlaces-salientes,DATA_MISSING
https://hacecuentas.com/calculadora-delay-tiempo-ms-bpm,,AR,other,,,,,OPTIMIZE_INTERNAL_LINKS,20,70,sin-enlaces-salientes,DATA_MISSING
https://hacecuentas.com/calculadora-derivada-funcion-basica,,AR,taxes,,,,,OPTIMIZE_INTERNAL_LINKS,20,70,sin-enlaces-salientes,DATA_MISSING
https://hacecuentas.com/calculadora-derivada-polinomio-coeficientes,,AR,taxes,,,,,OPTIMIZE_INTERNAL_LINKS,20,70,sin-enlaces-salientes,DATA_MISSING
https://hacecuentas.com/calculadora-desalojo-causa-plazos-honorarios-juicio,,AR,savings,,,,,OPTIMIZE_INTERNAL_LINKS,20,70,sin-enlaces-salientes,DATA_MISSING
https://hacecuentas.com/calculadora-desarrollo-motor-bebe,,AR,health_low_risk,,,,,OPTIMIZE_INTERNAL_LINKS,20,70,sin-enlaces-salientes,DATA_MISSING
https://hacecuentas.com/calculadora-descanso-post-maraton-regla-1-dia-km,,AR,automotive,,,,,OPTIMIZE_INTERNAL_LINKS,20,70,sin-enlaces-salientes,DATA_MISSING
https://hacecuentas.com/calculadora-descuento-porcentaje-precio,,AR,utilities,,,,,OPTIMIZE_INTERNAL_LINKS,20,70,sin-enlaces-salientes,DATA_MISSING
https://hacecuentas.com/calculadora-descuento-precio-final,,AR,business,,,,,OPTIMIZE_INTERNAL_LINKS,20,70,sin-enlaces-salientes,DATA_MISSING
https://hacecuentas.com/calculadora-desvio-estandar-varianza-conjunto,,AR,mathematics,,,,,OPTIMIZE_INTERNAL_LINKS,20,70,sin-enlaces-salientes,DATA_MISSING
https://hacecuentas.com/calculadora-determinante-inversa-matriz-2x2,,AR,mathematics,,,,,OPTIMIZE_INTERNAL_LINKS,20,70,sin-enlaces-salientes,DATA_MISSING
https://hacecuentas.com/calculadora-deuda-avalancha-vs-bola-nieve-comparar,,AR,savings,,,,,OPTIMIZE_INTERNAL_LINKS,20,70,sin-enlaces-salientes,DATA_MISSING
https://hacecuentas.com/calculadora-deuda-bola-nieve,,AR,savings,,,,,OPTIMIZE_INTERNAL_LINKS,20,70,sin-enlaces-salientes,DATA_MISSING
https://hacecuentas.com/calculadora-dias-minimos-test-embarazo-positivo,,AR,other,,,,,OPTIMIZE_INTERNAL_LINKS,20,70,sin-enlaces-salientes,DATA_MISSING
https://hacecuentas.com/calculadora-dias-preparacion-examen-oficial-idioma,,AR,education,,,,,OPTIMIZE_INTERNAL_LINKS,20,70,sin-enlaces-salientes,DATA_MISSING
https://hacecuentas.com/calculadora-dias-promedio-pago-proveedores-dpp,,AR,business,,,,,OPTIMIZE_INTERNAL_LINKS,20,70,sin-enlaces-salientes,DATA_MISSING
https://hacecuentas.com/calculadora-dias-vacaciones-ganadas-antiguedad-lct,,AR,employment_termination,,,,,OPTIMIZE_INTERNAL_LINKS,20,70,sin-enlaces-salientes,DATA_MISSING
https://hacecuentas.com/calculadora-dictado-velocidad-palabras-escuchar-idioma,,AR,education,,,,,OPTIMIZE_INTERNAL_LINKS,20,70,sin-enlaces-salientes,DATA_MISSING
https://hacecuentas.com/calculadora-dientes-bebe-cronologia,,AR,health_low_risk,,,,,OPTIMIZE_INTERNAL_LINKS,20,70,sin-enlaces-salientes,DATA_MISSING
https://hacecuentas.com/calculadora-dilatacion-termica-longitud,,AR,statistics,,,,,OPTIMIZE_INTERNAL_LINKS,20,70,sin-enlaces-salientes,DATA_MISSING
https://hacecuentas.com/calculadora-distancia-caida-libre-altura,,AR,statistics,,,,,OPTIMIZE_INTERNAL_LINKS,20,70,sin-enlaces-salientes,DATA_MISSING
https://hacecuentas.com/calculadora-distancia-entre-dos-puntos-2d-3d,,AR,mathematics,,,,,OPTIMIZE_INTERNAL_LINKS,20,70,sin-enlaces-salientes,DATA_MISSING
https://hacecuentas.com/calculadora-distancia-estrella-parsec,,AR,statistics,,,,,OPTIMIZE_INTERNAL_LINKS,20,70,sin-enlaces-salientes,DATA_MISSING
https://hacecuentas.com/calculadora-distribucion-normal-area,,AR,mathematics,,,,,OPTIMIZE_INTERNAL_LINKS,20,70,sin-enlaces-salientes,DATA_MISSING
https://hacecuentas.com/calculadora-diversificacion-portafolio-correlacion,,AR,savings,,,,,OPTIMIZE_INTERNAL_LINKS,20,70,sin-enlaces-salientes,DATA_MISSING
https://hacecuentas.com/calculadora-division-bienes-divorcio,,AR,utilities,,,,,OPTIMIZE_INTERNAL_LINKS,20,70,sin-enlaces-salientes,DATA_MISSING
https://hacecuentas.com/calculadora-divorcio-express-costo-argentina-honorarios,,AR,savings,,,,,OPTIMIZE_INTERNAL_LINKS,20,70,sin-enlaces-salientes,DATA_MISSING
https://hacecuentas.com/calculadora-dni-pasaporte-costo-tramite-argentina,,AR,savings,,,,,OPTIMIZE_INTERNAL_LINKS,20,70,sin-enlaces-salientes,DATA_MISSING
https://hacecuentas.com/conversor-dolar-argentina,,AR,investments,,,,,OPTIMIZE_INTERNAL_LINKS,20,70,sin-enlaces-salientes,DATA_MISSING
https://hacecuentas.com/calculadora-dolar-blue-vs-oficial-brecha,,AR,investments,,,,,OPTIMIZE_INTERNAL_LINKS,20,70,sin-enlaces-salientes,DATA_MISSING
https://hacecuentas.com/calculadora-dosis-antipulgas-peso-mascota,,AR,pets_non_medical,,,,,OPTIMIZE_INTERNAL_LINKS,20,70,sin-enlaces-salientes,DATA_MISSING
https://hacecuentas.com/calculadora-dosis-medicamento-mascota-por-peso,,AR,pets_non_medical,,,,,OPTIMIZE_INTERNAL_LINKS,20,70,sin-enlaces-salientes,DATA_MISSING
https://hacecuentas.com/calculadora-duracion-carrera-materias-por-cuatrimestre,,AR,food,,,,,OPTIMIZE_INTERNAL_LINKS,20,70,sin-enlaces-salientes,DATA_MISSING
https://hacecuentas.com/calculadora-duracion-carrera-universidad,,AR,education,,,,,OPTIMIZE_INTERNAL_LINKS,20,70,sin-enlaces-salientes,DATA_MISSING
https://hacecuentas.com/eclipse-solar-12-agosto-2026,,AR,other,,,,,OPTIMIZE_INTERNAL_LINKS,20,70,sin-enlaces-salientes,DATA_MISSING
https://hacecuentas.com/calculadora-ecuacion-cuadratica-formula-resolvente,,AR,mathematics,,,,,OPTIMIZE_INTERNAL_LINKS,20,70,sin-enlaces-salientes,DATA_MISSING
https://hacecuentas.com/calculadora-ecuaciones-cinematicas-mru-mrua,,AR,statistics,,,,,OPTIMIZE_INTERNAL_LINKS,20,70,sin-enlaces-salientes,DATA_MISSING
https://hacecuentas.com/calculadora-edad-cachorro-humano,,AR,pets_non_medical,,,,,OPTIMIZE_INTERNAL_LINKS,20,70,sin-enlaces-salientes,DATA_MISSING
https://hacecuentas.com/calculadora-edad-corregida-prematuro,,AR,health_low_risk,,,,,OPTIMIZE_INTERNAL_LINKS,20,70,sin-enlaces-salientes,DATA_MISSING
https://hacecuentas.com/calculadora-edad-en-dias,,AR,utilities,,,,,OPTIMIZE_INTERNAL_LINKS,20,70,sin-enlaces-salientes,DATA_MISSING
https://hacecuentas.com/calculadora-edad-en-semanas,,AR,utilities,,,,,OPTIMIZE_INTERNAL_LINKS,20,70,sin-enlaces-salientes,DATA_MISSING
https://hacecuentas.com/calculadora-edad-exacta-anos-meses-dias-segundos,,AR,utilities,,,,,OPTIMIZE_INTERNAL_LINKS,20,70,sin-enlaces-salientes,DATA_MISSING
https://hacecuentas.com/calculadora-edad-gato-humano-formula-anos,,AR,pets_non_medical,,,,,OPTIMIZE_INTERNAL_LINKS,20,70,sin-enlaces-salientes,DATA_MISSING
https://hacecuentas.com/calculadora-edad-gato-anos-humanos,,AR,pets_non_medical,,,,,OPTIMIZE_INTERNAL_LINKS,20,70,sin-enlaces-salientes,DATA_MISSING
https://hacecuentas.com/calculadora-edad-gestacional-corregida-prematuro,,AR,other,,,,,OPTIMIZE_INTERNAL_LINKS,20,70,sin-enlaces-salientes,DATA_MISSING
https://hacecuentas.com/calculadora-edad-ideal-pareja,,AR,utilities,,,,,OPTIMIZE_INTERNAL_LINKS,20,70,sin-enlaces-salientes,DATA_MISSING
https://hacecuentas.com/calculadora-edad-planeta,,AR,utilities,,,,,OPTIMIZE_INTERNAL_LINKS,20,70,sin-enlaces-salientes,DATA_MISSING
https://hacecuentas.com/calculadora-edad-sol-vida-restante,,AR,statistics,,,,,OPTIMIZE_INTERNAL_LINKS,20,70,sin-enlaces-salientes,DATA_MISSING
https://hacecuentas.com/calculadora-efecto-doppler-frecuencia,,AR,statistics,,,,,OPTIMIZE_INTERNAL_LINKS,20,70,sin-enlaces-salientes,DATA_MISSING
https://hacecuentas.com/calculadora-embarazada-aumento-peso-semana-imc-previo,,AR,other,,,,,OPTIMIZE_INTERNAL_LINKS,20,70,sin-enlaces-salientes,DATA_MISSING
https://hacecuentas.com/calculadora-embarazo-gemelar,,AR,health_low_risk,,,,,OPTIMIZE_INTERNAL_LINKS,20,70,sin-enlaces-salientes,DATA_MISSING
https://hacecuentas.com/calculadora-embarazo,,AR,health_low_risk,,,,,OPTIMIZE_INTERNAL_LINKS,20,70,sin-enlaces-salientes,DATA_MISSING
https://hacecuentas.com/calculadora-embargo-sueldo-porcentaje-maximo,,AR,salary,,,,,OPTIMIZE_INTERNAL_LINKS,20,70,sin-enlaces-salientes,DATA_MISSING
https://hacecuentas.com/calculadora-energia-cinetica-joules,,AR,statistics,,,,,OPTIMIZE_INTERNAL_LINKS,20,70,sin-enlaces-salientes,DATA_MISSING
https://hacecuentas.com/calculadora-energia-pc-gaming-costo-mes,,AR,other,,,,,OPTIMIZE_INTERNAL_LINKS,20,70,sin-enlaces-salientes,DATA_MISSING
https://hacecuentas.com/calculadora-engagement-rate-redes-sociales,,AR,business,,,,,OPTIMIZE_INTERNAL_LINKS,20,70,sin-enlaces-salientes,DATA_MISSING
https://hacecuentas.com/calculadora-entropia-cambio-fase,,AR,statistics,,,,,OPTIMIZE_INTERNAL_LINKS,20,70,sin-enlaces-salientes,DATA_MISSING
https://hacecuentas.com/calculadora-ergonomia-escritorio-medidas,,AR,utilities,,,,,OPTIMIZE_INTERNAL_LINKS,20,70,sin-enlaces-salientes,DATA_MISSING
https://hacecuentas.com/calculadora-escala-richter-magnitud-energia,,AR,statistics,,,,,OPTIMIZE_INTERNAL_LINKS,20,70,sin-enlaces-salientes,DATA_MISSING
https://hacecuentas.com/calculadora-espejo-tamano-pared-ideal,,AR,utilities,,,,,OPTIMIZE_INTERNAL_LINKS,20,70,sin-enlaces-salientes,DATA_MISSING
https://hacecuentas.com/calculadora-estacionamiento-medido-hora-caba-zona,,AR,utilities,,,,,OPTIMIZE_INTERNAL_LINKS,20,70,sin-enlaces-salientes,DATA_MISSING
https://hacecuentas.com/calculadora-estampillado-sellado-inmueble-pba-caba-2026,,AR,taxes,,,,,OPTIMIZE_INTERNAL_LINKS,20,70,sin-enlaces-salientes,DATA_MISSING
https://hacecuentas.com/calculadora-estatura-adulta-hijo,,AR,health_low_risk,,,,,OPTIMIZE_INTERNAL_LINKS,20,70,sin-enlaces-salientes,DATA_MISSING
https://hacecuentas.com/calculadora-expectativa-vida,,AR,taxes,,,,,OPTIMIZE_INTERNAL_LINKS,20,70,sin-enlaces-salientes,DATA_MISSING
https://hacecuentas.com/calculadora-expensas-departamento-calcular-m2-categoria,,AR,housing,,,,,OPTIMIZE_INTERNAL_LINKS,20,70,sin-enlaces-salientes,DATA_MISSING
https://hacecuentas.com/calculadora-expensas-departamento-estimado,,AR,housing,,,,,OPTIMIZE_INTERNAL_LINKS,20,70,sin-enlaces-salientes,DATA_MISSING
https://hacecuentas.com/calculadora-exposicion-ruido-decibeles-segura,,AR,utilities,,,,,OPTIMIZE_INTERNAL_LINKS,20,70,sin-enlaces-salientes,DATA_MISSING
https://hacecuentas.com/calculadora-exposicion-triangulo,,AR,other,,,,,OPTIMIZE_INTERNAL_LINKS,20,70,sin-enlaces-salientes,DATA_MISSING
https://hacecuentas.com/calculadora-factor-potencia-corregir,,AR,other,,,,,OPTIMIZE_INTERNAL_LINKS,20,70,sin-enlaces-salientes,DATA_MISSING
https://hacecuentas.com/calculadora-factorial-numero-n,,AR,mathematics,,,,,OPTIMIZE_INTERNAL_LINKS,20,70,sin-enlaces-salientes,DATA_MISSING
https://hacecuentas.com/calculadora-factorial-combinatoria-permutaciones,,AR,mathematics,,,,,OPTIMIZE_INTERNAL_LINKS,20,70,sin-enlaces-salientes,DATA_MISSING
https://hacecuentas.com/calculadora-factura-electronica-afip-primera-vez,,AR,taxes,,,,,OPTIMIZE_INTERNAL_LINKS,20,70,sin-enlaces-salientes,DATA_MISSING
https://hacecuentas.com/calculadora-factura-luz-estimada,,AR,utilities,,,,,OPTIMIZE_INTERNAL_LINKS,20,70,sin-enlaces-salientes,DATA_MISSING
https://hacecuentas.com/calculadora-fecha-10000-dias,,AR,utilities,,,,,OPTIMIZE_INTERNAL_LINKS,20,70,sin-enlaces-salientes,DATA_MISSING
https://hacecuentas.com/calculadora-fecha-boda-ideal,,AR,events,,,,,OPTIMIZE_INTERNAL_LINKS,20,70,sin-enlaces-salientes,DATA_MISSING
https://hacecuentas.com/calculadora-fecha-celo-perra,,AR,pets_non_medical,,,,,OPTIMIZE_INTERNAL_LINKS,20,70,sin-enlaces-salientes,DATA_MISSING
https://hacecuentas.com/calculadora-fecha-probable-concepcion,,AR,health_low_risk,,,,,OPTIMIZE_INTERNAL_LINKS,20,70,sin-enlaces-salientes,DATA_MISSING
https://hacecuentas.com/calculadora-fecha-probable-parto,,AR,health_low_risk,,,,,OPTIMIZE_INTERNAL_LINKS,20,70,sin-enlaces-salientes,DATA_MISSING
https://hacecuentas.com/calculadora-fertilidad-masculina-edad,,AR,health_low_risk,,,,,OPTIMIZE_INTERNAL_LINKS,20,70,sin-enlaces-salientes,DATA_MISSING
https://hacecuentas.com/calculadora-fideicomiso-construccion-aporte-cuotas,,AR,loans,,,,,OPTIMIZE_INTERNAL_LINKS,20,70,sin-enlaces-salientes,DATA_MISSING
https://hacecuentas.com/calculadora-filtro-nd-pasos-exposicion,,AR,other,,,,,OPTIMIZE_INTERNAL_LINKS,20,70,sin-enlaces-salientes,DATA_MISSING
https://hacecuentas.com/calculadora-finiquito-liquidacion-mexico-2026,,AR,savings,,,,,OPTIMIZE_INTERNAL_LINKS,20,70,sin-enlaces-salientes,DATA_MISSING
https://hacecuentas.com/calculadora-flash-numero-guia-distancia,,AR,other,,,,,OPTIMIZE_INTERNAL_LINKS,20,70,sin-enlaces-salientes,DATA_MISSING
https://hacecuentas.com/calculadora-formula-infantil-biberon-edad-ml-dia,,AR,other,,,,,OPTIMIZE_INTERNAL_LINKS,20,70,sin-enlaces-salientes,DATA_MISSING
https://hacecuentas.com/calculadora-fps-ideal-monitor-hz,,AR,other,,,,,OPTIMIZE_INTERNAL_LINKS,20,70,sin-enlaces-salientes,DATA_MISSING
https://hacecuentas.com/calculadora-fracciones-suma-resta-multiplicacion-division,,AR,investments,,,,,OPTIMIZE_INTERNAL_LINKS,20,70,sin-enlaces-salientes,DATA_MISSING
https://hacecuentas.com/calculadora-fc-maxima-zonas-karvonen,,AR,sports_non_medical,,,,,OPTIMIZE_INTERNAL_LINKS,20,70,sin-enlaces-salientes,DATA_MISSING
https://hacecuentas.com/calculadora-frecuencia-cardiaca-zonas-entrenamiento,,AR,health_low_risk,,,,,OPTIMIZE_INTERNAL_LINKS,20,70,sin-enlaces-salientes,DATA_MISSING
https://hacecuentas.com/calculadora-frecuencia-entrenamiento-grupo-muscular,,AR,sports_non_medical,,,,,OPTIMIZE_INTERNAL_LINKS,20,70,sin-enlaces-salientes,DATA_MISSING
https://hacecuentas.com/calculadora-freelance-tarifa-hora,,AR,savings,,,,,OPTIMIZE_INTERNAL_LINKS,20,70,sin-enlaces-salientes,DATA_MISSING
https://hacecuentas.com/calculadora-fuerza-friccion-coeficiente,,AR,statistics,,,,,OPTIMIZE_INTERNAL_LINKS,20,70,sin-enlaces-salientes,DATA_MISSING
https://hacecuentas.com/calculadora-ganancias-empleados-4ta-categoria-2026,,AR,taxes,,,,,OPTIMIZE_INTERNAL_LINKS,20,70,sin-enlaces-salientes,DATA_MISSING
https://hacecuentas.com/calculadora-ganancias-tramos-empleado-mensual-2026,,AR,taxes,,,,,OPTIMIZE_INTERNAL_LINKS,20,70,sin-enlaces-salientes,DATA_MISSING
https://hacecuentas.com/calculadora-gastos-escritura-compra-inmueble,,AR,taxes,,,,,OPTIMIZE_INTERNAL_LINKS,20,70,sin-enlaces-salientes,DATA_MISSING
https://hacecuentas.com/calculadora-gastos-escriturar-vivienda-primera-casa,,AR,taxes,,,,,OPTIMIZE_INTERNAL_LINKS,20,70,sin-enlaces-salientes,DATA_MISSING
https://hacecuentas.com/calculadora-gel-energetico-carrera-cuantos,,AR,sports_non_medical,,,,,OPTIMIZE_INTERNAL_LINKS,20,70,sin-enlaces-salientes,DATA_MISSING
https://hacecuentas.com/calculadora-generador-qr,,AR,utilities,,,,,OPTIMIZE_INTERNAL_LINKS,20,70,sin-enlaces-salientes,DATA_MISSING
https://hacecuentas.com/calculadora-gestacion-perra,,AR,pets_non_medical,,,,,OPTIMIZE_INTERNAL_LINKS,20,70,sin-enlaces-salientes,DATA_MISSING
https://hacecuentas.com/calculadora-gpa-argentino-a-escala-4,,AR,education,,,,,OPTIMIZE_INTERNAL_LINKS,20,70,sin-enlaces-salientes,DATA_MISSING
https://hacecuentas.com/calculadora-gpa-promedio-americano-escala-4-0,,AR,education,,,,,OPTIMIZE_INTERNAL_LINKS,20,70,sin-enlaces-salientes,DATA_MISSING
https://hacecuentas.com/calculadora-grasa-corporal-pliegues,,AR,sports_non_medical,,,,,OPTIMIZE_INTERNAL_LINKS,20,70,sin-enlaces-salientes,DATA_MISSING
https://hacecuentas.com/calculadora-grasa-subcutanea-visceral-total-diferencia,,AR,health_low_risk,,,,,OPTIMIZE_INTERNAL_LINKS,20,70,sin-enlaces-salientes,DATA_MISSING
https://hacecuentas.com/calculadora-gratificacion-peru-julio-diciembre-2026,,AR,savings,,,,,OPTIMIZE_INTERNAL_LINKS,20,70,sin-enlaces-salientes,DATA_MISSING
https://hacecuentas.com/calculadora-haber-minimo-jubilatorio-2026-bono-total,,AR,savings,,,,,OPTIMIZE_INTERNAL_LINKS,20,70,sin-enlaces-salientes,DATA_MISSING
https://hacecuentas.com/calculadora-handicap-golf-estimado,,AR,sports_non_medical,,,,,OPTIMIZE_INTERNAL_LINKS,20,70,sin-enlaces-salientes,DATA_MISSING
https://hacecuentas.com/calculadora-heladas-fecha-primera-ultima-zona,,AR,other,,,,,OPTIMIZE_INTERNAL_LINKS,20,70,sin-enlaces-salientes,DATA_MISSING
https://hacecuentas.com/calculadora-herencia-legitima,,AR,utilities,,,,,OPTIMIZE_INTERNAL_LINKS,20,70,sin-enlaces-salientes,DATA_MISSING
https://hacecuentas.com/calculadora-hidratacion-corredor-maraton-carrera,,AR,sports_non_medical,,,,,OPTIMIZE_INTERNAL_LINKS,20,70,sin-enlaces-salientes,DATA_MISSING
https://hacecuentas.com/calculadora-hidroponia-nutrientes-ec-ppm,,AR,other,,,,,OPTIMIZE_INTERNAL_LINKS,20,70,sin-enlaces-salientes,DATA_MISSING
https://hacecuentas.com/calculadora-hitos-desarrollo-bebe-edad-meses,,AR,other,,,,,OPTIMIZE_INTERNAL_LINKS,20,70,sin-enlaces-salientes,DATA_MISSING
https://hacecuentas.com/calculadora-horas-estudio-idioma-fluidez-fsi,,AR,education,,,,,OPTIMIZE_INTERNAL_LINKS,20,70,sin-enlaces-salientes,DATA_MISSING
https://hacecuentas.com/calculadora-horas-estudio-materia-creditos,,AR,loans,,,,,OPTIMIZE_INTERNAL_LINKS,20,70,sin-enlaces-salientes,DATA_MISSING
https://hacecuentas.com/calculadora-horas-extra,,AR,savings,,,,,OPTIMIZE_INTERNAL_LINKS,20,70,sin-enlaces-salientes,DATA_MISSING
https://hacecuentas.com/calculadora-horas-sueno-hijo-edad-recomendadas,,AR,other,,,,,OPTIMIZE_INTERNAL_LINKS,20,70,sin-enlaces-salientes,DATA_MISSING
https://hacecuentas.com/calculadora-horas-trabajo-necesarias-para-comprar,,AR,utilities,,,,,OPTIMIZE_INTERNAL_LINKS,20,70,sin-enlaces-salientes,DATA_MISSING
https://hacecuentas.com/calculadora-horas-vida-restantes,,AR,utilities,,,,,OPTIMIZE_INTERNAL_LINKS,20,70,sin-enlaces-salientes,DATA_MISSING
https://hacecuentas.com/calculadora-huella-carbono-alimentacion-semanal,,AR,food,,,,,OPTIMIZE_INTERNAL_LINKS,20,70,sin-enlaces-salientes,DATA_MISSING
https://hacecuentas.com/calculadora-huella-carbono-auto-anual,,AR,food,,,,,OPTIMIZE_INTERNAL_LINKS,20,70,sin-enlaces-salientes,DATA_MISSING
https://hacecuentas.com/calculadora-huella-carbono-personal,,AR,food,,,,,OPTIMIZE_INTERNAL_LINKS,20,70,sin-enlaces-salientes,DATA_MISSING
https://hacecuentas.com/calculadora-huella-digital-estimacion,,AR,utilities,,,,,OPTIMIZE_INTERNAL_LINKS,20,70,sin-enlaces-salientes,DATA_MISSING
https://hacecuentas.com/calculadora-humedad-relativa-ideal-ambiente,,AR,taxes,,,,,OPTIMIZE_INTERNAL_LINKS,20,70,sin-enlaces-salientes,DATA_MISSING
https://hacecuentas.com/calculadora-impedancia-circuito-rlc,,AR,other,,,,,OPTIMIZE_INTERNAL_LINKS,20,70,sin-enlaces-salientes,DATA_MISSING
https://hacecuentas.com/calculadora-implantacion-embrion,,AR,health_low_risk,,,,,OPTIMIZE_INTERNAL_LINKS,20,70,sin-enlaces-salientes,DATA_MISSING
https://hacecuentas.com/calculadora-impresion-dpi-calidad,,AR,other,,,,,OPTIMIZE_INTERNAL_LINKS,20,70,sin-enlaces-salientes,DATA_MISSING
https://hacecuentas.com/calculadora-impuesto-pais-pasaje-avion-internacional,,AR,taxes,,,,,OPTIMIZE_INTERNAL_LINKS,20,70,sin-enlaces-salientes,DATA_MISSING
https://hacecuentas.com/calculadora-impuesto-transferencia-itu-iti-inmueble,,AR,taxes,,,,,OPTIMIZE_INTERNAL_LINKS,20,70,sin-enlaces-salientes,DATA_MISSING
https://hacecuentas.com/calculadora-inflacion-perdida-poder-adquisitivo,,AR,investments,,,,,OPTIMIZE_INTERNAL_LINKS,20,70,sin-enlaces-salientes,DATA_MISSING
https://hacecuentas.com/calculadora-integral-definida-basica,,AR,mathematics,,,,,OPTIMIZE_INTERNAL_LINKS,20,70,sin-enlaces-salientes,DATA_MISSING
https://hacecuentas.com/calculadora-interes-compuesto,,AR,savings,,,,,OPTIMIZE_INTERNAL_LINKS,20,70,sin-enlaces-salientes,DATA_MISSING
https://hacecuentas.com/calculadora-interes-simple-capital-tiempo-tasa,,AR,mathematics,,,,,OPTIMIZE_INTERNAL_LINKS,20,70,sin-enlaces-salientes,DATA_MISSING
https://hacecuentas.com/calculadora-interes-simple,,AR,mathematics,,,,,OPTIMIZE_INTERNAL_LINKS,20,70,sin-enlaces-salientes,DATA_MISSING
https://hacecuentas.com/calculadora-interpolacion-lineal-valor,,AR,mathematics,,,,,OPTIMIZE_INTERNAL_LINKS,20,70,sin-enlaces-salientes,DATA_MISSING
https://hacecuentas.com/calculadora-intervalo-confianza-media,,AR,mathematics,,,,,OPTIMIZE_INTERNAL_LINKS,20,70,sin-enlaces-salientes,DATA_MISSING
https://hacecuentas.com/calculadora-itba-utdt-costo-carrera-anual-privada,,AR,taxes,,,,,OPTIMIZE_INTERNAL_LINKS,20,70,sin-enlaces-salientes,DATA_MISSING
https://hacecuentas.com/calculadora-iva-incluido-neto-discriminar,,AR,salary,,,,,OPTIMIZE_INTERNAL_LINKS,20,70,sin-enlaces-salientes,DATA_MISSING
https://hacecuentas.com/calculadora-iva-paises-latinoamerica,,AR,taxes,,,,,OPTIMIZE_INTERNAL_LINKS,20,70,sin-enlaces-salientes,DATA_MISSING
https://hacecuentas.com/calculadora-iva-saldo-favor-contra-ri,,AR,taxes,,,,,OPTIMIZE_INTERNAL_LINKS,20,70,sin-enlaces-salientes,DATA_MISSING
https://hacecuentas.com/calculadora-jardin-vertical-plantas-m2,,AR,other,,,,,OPTIMIZE_INTERNAL_LINKS,20,70,sin-enlaces-salientes,DATA_MISSING
https://hacecuentas.com/calculadora-jpg-calidad-tamano-web-optimizacion,,AR,other,,,,,OPTIMIZE_INTERNAL_LINKS,20,70,sin-enlaces-salientes,DATA_MISSING
https://hacecuentas.com/calculadora-jubilacion-cuanto-necesito,,AR,retirement,,,,,OPTIMIZE_INTERNAL_LINKS,20,70,sin-enlaces-salientes,DATA_MISSING
https://hacecuentas.com/calculadora-jubilacion-haber-movilidad-trimestral,,AR,retirement,,,,,OPTIMIZE_INTERNAL_LINKS,20,70,sin-enlaces-salientes,DATA_MISSING
https://hacecuentas.com/calculadora-jubilacion-minima-anses,,AR,retirement,,,,,OPTIMIZE_INTERNAL_LINKS,20,70,sin-enlaces-salientes,DATA_MISSING
https://hacecuentas.com/calculadora-juntas-pastina-rejuntado-ceramicos-kg,,AR,construction,,,,,OPTIMIZE_INTERNAL_LINKS,20,70,sin-enlaces-salientes,DATA_MISSING
https://hacecuentas.com/calculadora-lavandina-dilucion-litros-ml,,AR,utilities,,,,,OPTIMIZE_INTERNAL_LINKS,20,70,sin-enlaces-salientes,DATA_MISSING
https://hacecuentas.com/calculadora-leche-materna-formula,,AR,food,,,,,OPTIMIZE_INTERNAL_LINKS,20,70,sin-enlaces-salientes,DATA_MISSING
https://hacecuentas.com/calculadora-letra-dni-argentina,,AR,utilities,,,,,OPTIMIZE_INTERNAL_LINKS,20,70,sin-enlaces-salientes,DATA_MISSING
https://hacecuentas.com/calculadora-ley-coulomb-fuerza-electrica,,AR,statistics,,,,,OPTIMIZE_INTERNAL_LINKS,20,70,sin-enlaces-salientes,DATA_MISSING
https://hacecuentas.com/calculadora-ley-gases-ideales,,AR,statistics,,,,,OPTIMIZE_INTERNAL_LINKS,20,70,sin-enlaces-salientes,DATA_MISSING
https://hacecuentas.com/calculadora-ley-ohm-voltaje-resistencia,,AR,statistics,,,,,OPTIMIZE_INTERNAL_LINKS,20,70,sin-enlaces-salientes,DATA_MISSING
https://hacecuentas.com/calculadora-limpieza-frecuencia-ambiente-hogar,,AR,utilities,,,,,OPTIMIZE_INTERNAL_LINKS,20,70,sin-enlaces-salientes,DATA_MISSING
https://hacecuentas.com/calculadora-limpieza-hogar-tiempo-metros-frecuencia-total,,AR,utilities,,,,,OPTIMIZE_INTERNAL_LINKS,20,70,sin-enlaces-salientes,DATA_MISSING
https://hacecuentas.com/calculadora-lluvia-captacion-techo-m3-anual,,AR,other,,,,,OPTIMIZE_INTERNAL_LINKS,20,70,sin-enlaces-salientes,DATA_MISSING
https://hacecuentas.com/calculadora-logaritmo-base-cualquiera-numero,,AR,mathematics,,,,,OPTIMIZE_INTERNAL_LINKS,20,70,sin-enlaces-salientes,DATA_MISSING
https://hacecuentas.com/calculadora-logaritmos-base-10-natural-cualquier-base,,AR,mathematics,,,,,OPTIMIZE_INTERNAL_LINKS,20,70,sin-enlaces-salientes,DATA_MISSING
https://hacecuentas.com/calculadora-luz-solar-horas-planta,,AR,other,,,,,OPTIMIZE_INTERNAL_LINKS,20,70,sin-enlaces-salientes,DATA_MISSING
https://hacecuentas.com/calculadora-macetas-tamano-planta,,AR,other,,,,,OPTIMIZE_INTERNAL_LINKS,20,70,sin-enlaces-salientes,DATA_MISSING
https://hacecuentas.com/calculadora-macros-objetivo-fitness,,AR,sports_non_medical,,,,,OPTIMIZE_INTERNAL_LINKS,20,70,sin-enlaces-salientes,DATA_MISSING
https://hacecuentas.com/calculadora-macros-distribucion-proteina-carbos-grasas,,AR,health_low_risk,,,,,OPTIMIZE_INTERNAL_LINKS,20,70,sin-enlaces-salientes,DATA_MISSING
https://hacecuentas.com/calculadora-margen-ganancia-markup,,AR,business,,,,,OPTIMIZE_INTERNAL_LINKS,20,70,sin-enlaces-salientes,DATA_MISSING
https://hacecuentas.com/calculadora-cac-ltv-costo-adquisicion-cliente,,AR,business,,,,,OPTIMIZE_INTERNAL_LINKS,20,70,sin-enlaces-salientes,DATA_MISSING
https://hacecuentas.com/calculadora-tasa-de-conversion,,AR,business,,,,,OPTIMIZE_INTERNAL_LINKS,20,70,sin-enlaces-salientes,DATA_MISSING
https://hacecuentas.com/calculadora-cpc-costo-por-click,,AR,business,,,,,OPTIMIZE_INTERNAL_LINKS,20,70,sin-enlaces-salientes,DATA_MISSING
https://hacecuentas.com/calculadora-matrimonio-civil-costo-tramite-argentina,,AR,savings,,,,,OPTIMIZE_INTERNAL_LINKS,20,70,sin-enlaces-salientes,DATA_MISSING
https://hacecuentas.com/calculadora-mcd-mcm-maximo-divisor-minimo-multiplo,,AR,mathematics,,,,,OPTIMIZE_INTERNAL_LINKS,20,70,sin-enlaces-salientes,DATA_MISSING
https://hacecuentas.com/calculadora-media-mediana-moda-rango-estadistica,,AR,mathematics,,,,,OPTIMIZE_INTERNAL_LINKS,20,70,sin-enlaces-salientes,DATA_MISSING
https://hacecuentas.com/calculadora-megapixeles-impresion-tamano,,AR,other,,,,,OPTIMIZE_INTERNAL_LINKS,20,70,sin-enlaces-salientes,DATA_MISSING
https://hacecuentas.com/calculadora-mesa-comedor-tamano-personas,,AR,utilities,,,,,OPTIMIZE_INTERNAL_LINKS,20,70,sin-enlaces-salientes,DATA_MISSING
https://hacecuentas.com/calculadora-cuanto-ahorrar-por-mes-meta,,AR,savings,,,,,OPTIMIZE_INTERNAL_LINKS,20,70,sin-enlaces-salientes,DATA_MISSING
https://hacecuentas.com/calculadora-metros-cuadrados-habitacion,,AR,utilities,,,,,OPTIMIZE_INTERNAL_LINKS,20,70,sin-enlaces-salientes,DATA_MISSING
https://hacecuentas.com/calculadora-moles-gramos-conversion,,AR,statistics,,,,,OPTIMIZE_INTERNAL_LINKS,20,70,sin-enlaces-salientes,DATA_MISSING
https://hacecuentas.com/calculadora-moles-masa-formula-molecular,,AR,statistics,,,,,OPTIMIZE_INTERNAL_LINKS,20,70,sin-enlaces-salientes,DATA_MISSING
https://hacecuentas.com/calculadora-momento-angular-rotacion,,AR,statistics,,,,,OPTIMIZE_INTERNAL_LINKS,20,70,sin-enlaces-salientes,DATA_MISSING
https://hacecuentas.com/calculadora-mulching-espesor-cantidad,,AR,other,,,,,OPTIMIZE_INTERNAL_LINKS,20,70,sin-enlaces-salientes,DATA_MISSING
https://hacecuentas.com/calculadora-nivel-estres-percibido,,AR,utilities,,,,,OPTIMIZE_INTERNAL_LINKS,20,70,sin-enlaces-salientes,DATA_MISSING
https://hacecuentas.com/calculadora-nivel-estres,,AR,utilities,,,,,OPTIMIZE_INTERNAL_LINKS,20,70,sin-enlaces-salientes,DATA_MISSING
https://hacecuentas.com/calculadora-nivel-introversion-extraversion,,AR,utilities,,,,,OPTIMIZE_INTERNAL_LINKS,20,70,sin-enlaces-salientes,DATA_MISSING
https://hacecuentas.com/calculadora-nombre-bebe-significado,,AR,health_low_risk,,,,,OPTIMIZE_INTERNAL_LINKS,20,70,sin-enlaces-salientes,DATA_MISSING
https://hacecuentas.com/calculadora-nombre-elfo,,AR,utilities,,,,,OPTIMIZE_INTERNAL_LINKS,20,70,sin-enlaces-salientes,DATA_MISSING
https://hacecuentas.com/calculadora-nombre-estrella-wars,,AR,utilities,,,,,OPTIMIZE_INTERNAL_LINKS,20,70,sin-enlaces-salientes,DATA_MISSING
https://hacecuentas.com/calculadora-nombre-rapper,,AR,utilities,,,,,OPTIMIZE_INTERNAL_LINKS,20,70,sin-enlaces-salientes,DATA_MISSING
https://hacecuentas.com/calculadora-nota-minima-aprobar-final-parcial-promedio,,AR,education,,,,,OPTIMIZE_INTERNAL_LINKS,20,70,sin-enlaces-salientes,DATA_MISSING
https://hacecuentas.com/calculadora-nota-parcial-recuperatorio-promocion,,AR,education,,,,,OPTIMIZE_INTERNAL_LINKS,20,70,sin-enlaces-salientes,DATA_MISSING
https://hacecuentas.com/calculadora-nota-promedio-bachillerato-secundario-materias,,AR,food,,,,,OPTIMIZE_INTERNAL_LINKS,20,70,sin-enlaces-salientes,DATA_MISSING
https://hacecuentas.com/calculadora-nps-net-promoter-score,,AR,business,,,,,OPTIMIZE_INTERNAL_LINKS,20,70,sin-enlaces-salientes,DATA_MISSING
https://hacecuentas.com/calculadora-numeros-primos-factorizacion,,AR,mathematics,,,,,OPTIMIZE_INTERNAL_LINKS,20,70,sin-enlaces-salientes,DATA_MISSING
https://hacecuentas.com/calculadora-onda-longitud-frecuencia-velocidad,,AR,statistics,,,,,OPTIMIZE_INTERNAL_LINKS,20,70,sin-enlaces-salientes,DATA_MISSING
https://hacecuentas.com/calculadora-onzas-biberon-peso-bebe-dia,,AR,other,,,,,OPTIMIZE_INTERNAL_LINKS,20,70,sin-enlaces-salientes,DATA_MISSING
https://hacecuentas.com/calculadora-organizador-placard-distribucion,,AR,utilities,,,,,OPTIMIZE_INTERNAL_LINKS,20,70,sin-enlaces-salientes,DATA_MISSING
https://hacecuentas.com/calculadora-ovulacion-dias-fertiles,,AR,health_low_risk,,,,,OPTIMIZE_INTERNAL_LINKS,20,70,sin-enlaces-salientes,DATA_MISSING
https://hacecuentas.com/calculadora-pace-ritmo-running,,AR,automotive,,,,,OPTIMIZE_INTERNAL_LINKS,20,70,sin-enlaces-salientes,DATA_MISSING
https://hacecuentas.com/calculadora-pami-prestaciones-monto-copago-2026,,AR,savings,,,,,OPTIMIZE_INTERNAL_LINKS,20,70,sin-enlaces-salientes,DATA_MISSING
https://hacecuentas.com/calculadora-panel-solar-kwh-dimensionar,,AR,food,,,,,OPTIMIZE_INTERNAL_LINKS,20,70,sin-enlaces-salientes,DATA_MISSING
https://hacecuentas.com/calculadora-papel-ahorrado-impresion-doble-cara,,AR,other,,,,,OPTIMIZE_INTERNAL_LINKS,20,70,sin-enlaces-salientes,DATA_MISSING
https://hacecuentas.com/calculadora-patente-ciclomotor-moto-argentina-costo,,AR,taxes,,,,,OPTIMIZE_INTERNAL_LINKS,20,70,sin-enlaces-salientes,DATA_MISSING
https://hacecuentas.com/calculadora-patente-moto-provincias-2026-alicuota,,AR,loans,,,,,OPTIMIZE_INTERNAL_LINKS,20,70,sin-enlaces-salientes,DATA_MISSING
https://hacecuentas.com/calculadora-peaje-autopista-baires-la-plata-costo,,AR,automotive,,,,,OPTIMIZE_INTERNAL_LINKS,20,70,sin-enlaces-salientes,DATA_MISSING
https://hacecuentas.com/calculadora-peliculas-sin-subtitulos-horas-idioma,,AR,education,,,,,OPTIMIZE_INTERNAL_LINKS,20,70,sin-enlaces-salientes,DATA_MISSING
https://hacecuentas.com/calculadora-pension-alimentaria-hijo-porcentaje-sueldo-detallada,,AR,salary,,,,,OPTIMIZE_INTERNAL_LINKS,20,70,sin-enlaces-salientes,DATA_MISSING
https://hacecuentas.com/calculadora-percentil-bebe-oms,,AR,health_low_risk,,,,,OPTIMIZE_INTERNAL_LINKS,20,70,sin-enlaces-salientes,DATA_MISSING
https://hacecuentas.com/calculadora-percentil-dato,,AR,mathematics,,,,,OPTIMIZE_INTERNAL_LINKS,20,70,sin-enlaces-salientes,DATA_MISSING
https://hacecuentas.com/calculadora-percentil-ecografia,,AR,health_low_risk,,,,,OPTIMIZE_INTERNAL_LINKS,20,70,sin-enlaces-salientes,DATA_MISSING
https://hacecuentas.com/calculadora-percentiles-crecimiento-pediatrico,,AR,health_low_risk,,,,,OPTIMIZE_INTERNAL_LINKS,20,70,sin-enlaces-salientes,DATA_MISSING
https://hacecuentas.com/calculadora-percentil-peso-bebe-oms-edad-meses,,AR,other,,,,,OPTIMIZE_INTERNAL_LINKS,20,70,sin-enlaces-salientes,DATA_MISSING
https://hacecuentas.com/calculadora-percepcion-dolar-tarjeta-impuesto-pais,,AR,taxes,,,,,OPTIMIZE_INTERNAL_LINKS,20,70,sin-enlaces-salientes,DATA_MISSING
https://hacecuentas.com/calculadora-perfil-aluminio-metros-lineales-ventana,,AR,construction,,,,,OPTIMIZE_INTERNAL_LINKS,20,70,sin-enlaces-salientes,DATA_MISSING
https://hacecuentas.com/calculadora-periodizacion-entrenamiento,,AR,sports_non_medical,,,,,OPTIMIZE_INTERNAL_LINKS,20,70,sin-enlaces-salientes,DATA_MISSING
https://hacecuentas.com/calculadora-permutaciones-n-tomados-k-pnk,,AR,mathematics,,,,,OPTIMIZE_INTERNAL_LINKS,20,70,sin-enlaces-salientes,DATA_MISSING
https://hacecuentas.com/calculadora-aumento-peso-recomendado-embarazo,,AR,health_low_risk,,,,,OPTIMIZE_INTERNAL_LINKS,20,70,sin-enlaces-salientes,DATA_MISSING
https://hacecuentas.com/calculadora-peso-en-otro-planeta,,AR,statistics,,,,,OPTIMIZE_INTERNAL_LINKS,20,70,sin-enlaces-salientes,DATA_MISSING
https://hacecuentas.com/calculadora-peso-ideal-embarazo-imc-previo,,AR,other,,,,,OPTIMIZE_INTERNAL_LINKS,20,70,sin-enlaces-salientes,DATA_MISSING
https://hacecuentas.com/calculadora-peso-objetivo-competicion,,AR,sports_non_medical,,,,,OPTIMIZE_INTERNAL_LINKS,20,70,sin-enlaces-salientes,DATA_MISSING
https://hacecuentas.com/calculadora-peso-posparto,,AR,health_low_risk,,,,,OPTIMIZE_INTERNAL_LINKS,20,70,sin-enlaces-salientes,DATA_MISSING
https://hacecuentas.com/calculadora-ph-concentracion-hidrogeno,,AR,statistics,,,,,OPTIMIZE_INTERNAL_LINKS,20,70,sin-enlaces-salientes,DATA_MISSING
https://hacecuentas.com/calculadora-ph-suelo-correccion-calcio,,AR,other,,,,,OPTIMIZE_INTERNAL_LINKS,20,70,sin-enlaces-salientes,DATA_MISSING
https://hacecuentas.com/calculadora-piedra-nacimiento,,AR,utilities,,,,,OPTIMIZE_INTERNAL_LINKS,20,70,sin-enlaces-salientes,DATA_MISSING
https://hacecuentas.com/calculadora-pileta-cloro-litros-volumen-dosificacion,,AR,utilities,,,,,OPTIMIZE_INTERNAL_LINKS,20,70,sin-enlaces-salientes,DATA_MISSING
https://hacecuentas.com/calculadora-ping-latencia-distancia,,AR,other,,,,,OPTIMIZE_INTERNAL_LINKS,20,70,sin-enlaces-salientes,DATA_MISSING
https://hacecuentas.com/calculadora-ping-latencia-gaming-aceptable,,AR,other,,,,,OPTIMIZE_INTERNAL_LINKS,20,70,sin-enlaces-salientes,DATA_MISSING
https://hacecuentas.com/calculadora-teorema-pitagoras-hipotenusa-cateto,,AR,mathematics,,,,,OPTIMIZE_INTERNAL_LINKS,20,70,sin-enlaces-salientes,DATA_MISSING
https://hacecuentas.com/calculadora-plan-entrenamiento-5k-semanas,,AR,sports_non_medical,,,,,OPTIMIZE_INTERNAL_LINKS,20,70,sin-enlaces-salientes,DATA_MISSING
https://hacecuentas.com/calculadora-planeta-regente,,AR,utilities,,,,,OPTIMIZE_INTERNAL_LINKS,20,70,sin-enlaces-salientes,DATA_MISSING
https://hacecuentas.com/calculadora-plazo-prescripcion-deuda,,AR,utilities,,,,,OPTIMIZE_INTERNAL_LINKS,20,70,sin-enlaces-salientes,DATA_MISSING
https://hacecuentas.com/calculadora-plus-antiguedad,,AR,savings,,,,,OPTIMIZE_INTERNAL_LINKS,20,70,sin-enlaces-salientes,DATA_MISSING
https://hacecuentas.com/calculadora-poda-frecuencia-arbol-especie,,AR,other,,,,,OPTIMIZE_INTERNAL_LINKS,20,70,sin-enlaces-salientes,DATA_MISSING
https://hacecuentas.com/calculadora-podar-rosal-cuando-fecha,,AR,other,,,,,OPTIMIZE_INTERNAL_LINKS,20,70,sin-enlaces-salientes,DATA_MISSING
https://hacecuentas.com/calculadora-poh-concentracion-oh,,AR,statistics,,,,,OPTIMIZE_INTERNAL_LINKS,20,70,sin-enlaces-salientes,DATA_MISSING
https://hacecuentas.com/calculadora-porcentaje-de-numero-calculadora,,AR,mathematics,,,,,OPTIMIZE_INTERNAL_LINKS,20,70,sin-enlaces-salientes,DATA_MISSING
https://hacecuentas.com/calculadora-posparto-recuperacion,,AR,health_low_risk,,,,,OPTIMIZE_INTERNAL_LINKS,20,70,sin-enlaces-salientes,DATA_MISSING
https://hacecuentas.com/calculadora-potencias-y-raices,,AR,mathematics,,,,,OPTIMIZE_INTERNAL_LINKS,20,70,sin-enlaces-salientes,DATA_MISSING
https://hacecuentas.com/calculadora-precio-dolar-producto,,AR,investments,,,,,OPTIMIZE_INTERNAL_LINKS,20,70,sin-enlaces-salientes,DATA_MISSING
https://hacecuentas.com/calculadora-iva-agregar-discriminar,,AR,taxes,,,,,OPTIMIZE_INTERNAL_LINKS,20,70,sin-enlaces-salientes,DATA_MISSING
https://hacecuentas.com/calculadora-precio-m2-zona,,AR,savings,,,,,OPTIMIZE_INTERNAL_LINKS,20,70,sin-enlaces-salientes,DATA_MISSING
https://hacecuentas.com/calculadora-precio-por-kilo-litro,,AR,utilities,,,,,OPTIMIZE_INTERNAL_LINKS,20,70,sin-enlaces-salientes,DATA_MISSING
https://hacecuentas.com/calculadora-prestamo-cuota-mensual-mexico,,AR,loans,,,,,OPTIMIZE_INTERNAL_LINKS,20,70,sin-enlaces-salientes,DATA_MISSING
https://hacecuentas.com/calculadora-presupuesto-50-30-20-familiar-sueldo,,AR,salary,,,,,OPTIMIZE_INTERNAL_LINKS,20,70,sin-enlaces-salientes,DATA_MISSING
https://hacecuentas.com/calculadora-presupuesto-50-30-20,,AR,savings,,,,,OPTIMIZE_INTERNAL_LINKS,20,70,sin-enlaces-salientes,DATA_MISSING
https://hacecuentas.com/calculadora-prima-servicios-colombia-2026,,AR,savings,,,,,OPTIMIZE_INTERNAL_LINKS,20,70,sin-enlaces-salientes,DATA_MISSING
https://hacecuentas.com/calculadora-prima-vacacional-mexico-2026,,AR,savings,,,,,OPTIMIZE_INTERNAL_LINKS,20,70,sin-enlaces-salientes,DATA_MISSING
https://hacecuentas.com/calculadora-probabilidad-binomial,,AR,mathematics,,,,,OPTIMIZE_INTERNAL_LINKS,20,70,sin-enlaces-salientes,DATA_MISSING
https://hacecuentas.com/calculadora-probabilidad-drop-loot,,AR,other,,,,,OPTIMIZE_INTERNAL_LINKS,20,70,sin-enlaces-salientes,DATA_MISSING
https://hacecuentas.com/calculadora-productividad-ingreso-por-hora,,AR,business,,,,,OPTIMIZE_INTERNAL_LINKS,20,70,sin-enlaces-salientes,DATA_MISSING
https://hacecuentas.com/calculadora-producto-limpieza-rendimiento-m2,,AR,utilities,,,,,OPTIMIZE_INTERNAL_LINKS,20,70,sin-enlaces-salientes,DATA_MISSING
https://hacecuentas.com/calculadora-profundidad-siembra-semilla,,AR,other,,,,,OPTIMIZE_INTERNAL_LINKS,20,70,sin-enlaces-salientes,DATA_MISSING
https://hacecuentas.com/calculadora-progresar-beca-monto-requisitos-2026,,AR,savings,,,,,OPTIMIZE_INTERNAL_LINKS,20,70,sin-enlaces-salientes,DATA_MISSING
https://hacecuentas.com/calculadora-progresion-aritmetica,,AR,mathematics,,,,,OPTIMIZE_INTERNAL_LINKS,20,70,sin-enlaces-salientes,DATA_MISSING
https://hacecuentas.com/calculadora-progresion-geometrica-suma-termino,,AR,mathematics,,,,,OPTIMIZE_INTERNAL_LINKS,20,70,sin-enlaces-salientes,DATA_MISSING
https://hacecuentas.com/calculadora-promedio-mediana-moda-estadistica,,AR,mathematics,,,,,OPTIMIZE_INTERNAL_LINKS,20,70,sin-enlaces-salientes,DATA_MISSING
https://hacecuentas.com/calculadora-promedio-ponderado-universidad,,AR,education,,,,,OPTIMIZE_INTERNAL_LINKS,20,70,sin-enlaces-salientes,DATA_MISSING
https://hacecuentas.com/calculadora-propiedad-tasacion-m2-barrio-caba-promedio,,AR,utilities,,,,,OPTIMIZE_INTERNAL_LINKS,20,70,sin-enlaces-salientes,DATA_MISSING
https://hacecuentas.com/calculadora-propina-restaurante,,AR,utilities,,,,,OPTIMIZE_INTERNAL_LINKS,20,70,sin-enlaces-salientes,DATA_MISSING
https://hacecuentas.com/calculadora-propina-por-pais-viaje,,AR,travel,,,,,OPTIMIZE_INTERNAL_LINKS,20,70,sin-enlaces-salientes,DATA_MISSING
https://hacecuentas.com/calculadora-proteina-gramos-por-peso-actividad,,AR,sports_non_medical,,,,,OPTIMIZE_INTERNAL_LINKS,20,70,sin-enlaces-salientes,DATA_MISSING
https://hacecuentas.com/calculadora-proteina-diaria-objetivo,,AR,health_low_risk,,,,,OPTIMIZE_INTERNAL_LINKS,20,70,sin-enlaces-salientes,DATA_MISSING
https://hacecuentas.com/calculadora-puntaje-ingreso-universidad,,AR,education,,,,,OPTIMIZE_INTERNAL_LINKS,20,70,sin-enlaces-salientes,DATA_MISSING
https://hacecuentas.com/calculadora-que-dia-de-la-semana,,AR,utilities,,,,,OPTIMIZE_INTERNAL_LINKS,20,70,sin-enlaces-salientes,DATA_MISSING
https://hacecuentas.com/calculadora-que-sueldo-necesito-para-comprar-un-auto,,AR,salary,,,,,OPTIMIZE_INTERNAL_LINKS,20,70,sin-enlaces-salientes,DATA_MISSING
https://hacecuentas.com/calculadora-que-sueldo-necesito-para-sacar-un-credito,,AR,salary,,,,,OPTIMIZE_INTERNAL_LINKS,20,70,sin-enlaces-salientes,DATA_MISSING
https://hacecuentas.com/calculadora-reactancia-inductiva-capacitiva,,AR,taxes,,,,,OPTIMIZE_INTERNAL_LINKS,20,70,sin-enlaces-salientes,DATA_MISSING
https://hacecuentas.com/calculadora-rebalanceo-portafolio-target,,AR,savings,,,,,OPTIMIZE_INTERNAL_LINKS,20,70,sin-enlaces-salientes,DATA_MISSING
https://hacecuentas.com/calculadora-reciclaje-botellas-ahorro-co2,,AR,other,,,,,OPTIMIZE_INTERNAL_LINKS,20,70,sin-enlaces-salientes,DATA_MISSING
https://hacecuentas.com/calculadora-recuperacion-muscular-horas,,AR,sports_non_medical,,,,,OPTIMIZE_INTERNAL_LINKS,20,70,sin-enlaces-salientes,DATA_MISSING
https://hacecuentas.com/calculadora-presupuesto-regla-50-30-20,,AR,savings,,,,,OPTIMIZE_INTERNAL_LINKS,20,70,sin-enlaces-salientes,DATA_MISSING
https://hacecuentas.com/calculadora-regla-numero-dunbar-150-contactos-red,,AR,utilities,,,,,OPTIMIZE_INTERNAL_LINKS,20,70,sin-enlaces-salientes,DATA_MISSING
https://hacecuentas.com/calculadora-cagr-rendimiento-anualizado-compuesto,,AR,savings,,,,,OPTIMIZE_INTERNAL_LINKS,20,70,sin-enlaces-salientes,DATA_MISSING
https://hacecuentas.com/calculadora-rendimiento-fci-money-market,,AR,investments,,,,,OPTIMIZE_INTERNAL_LINKS,20,70,sin-enlaces-salientes,DATA_MISSING
https://hacecuentas.com/calculadora-renta-financiera-cedular-personas,,AR,taxes,,,,,OPTIMIZE_INTERNAL_LINKS,20,70,sin-enlaces-salientes,DATA_MISSING
https://hacecuentas.com/calculadora-rentabilidad-alquiler-inmueble-caba-neto-bruto,,AR,salary,,,,,OPTIMIZE_INTERNAL_LINKS,20,70,sin-enlaces-salientes,DATA_MISSING
https://hacecuentas.com/calculadora-cap-rate-rentabilidad-alquiler-inmobiliario,,AR,housing,,,,,OPTIMIZE_INTERNAL_LINKS,20,70,sin-enlaces-salientes,DATA_MISSING
https://hacecuentas.com/calculadora-rentabilidad-alquiler-vs-venta,,AR,housing,,,,,OPTIMIZE_INTERNAL_LINKS,20,70,sin-enlaces-salientes,DATA_MISSING
https://hacecuentas.com/calculadora-repeticion-maxima-estimada,,AR,sports_non_medical,,,,,OPTIMIZE_INTERNAL_LINKS,20,70,sin-enlaces-salientes,DATA_MISSING
https://hacecuentas.com/calculadora-repeticiones-maximas-epley-brzycki,,AR,sports_non_medical,,,,,OPTIMIZE_INTERNAL_LINKS,20,70,sin-enlaces-salientes,DATA_MISSING
https://hacecuentas.com/calculadora-resarcimiento-accidente,,AR,employment_termination,,,,,OPTIMIZE_INTERNAL_LINKS,20,70,sin-enlaces-salientes,DATA_MISSING
https://hacecuentas.com/calculadora-resistencia-codigo-colores-4-5-bandas,,AR,other,,,,,OPTIMIZE_INTERNAL_LINKS,20,70,sin-enlaces-salientes,DATA_MISSING
https://hacecuentas.com/calculadora-resistencia-led-serie-paralelo,,AR,other,,,,,OPTIMIZE_INTERNAL_LINKS,20,70,sin-enlaces-salientes,DATA_MISSING
https://hacecuentas.com/calculadora-resistencia-led-voltaje-caida,,AR,other,,,,,OPTIMIZE_INTERNAL_LINKS,20,70,sin-enlaces-salientes,DATA_MISSING
https://hacecuentas.com/calculadora-resolucion-pantalla-ppi,,AR,food,,,,,OPTIMIZE_INTERNAL_LINKS,20,70,sin-enlaces-salientes,DATA_MISSING
https://hacecuentas.com/calculadora-retencion-ganancias-siradig-trabajador,,AR,taxes,,,,,OPTIMIZE_INTERNAL_LINKS,20,70,sin-enlaces-salientes,DATA_MISSING
https://hacecuentas.com/calculadora-revoque-grueso-m3-m2,,AR,construction,,,,,OPTIMIZE_INTERNAL_LINKS,20,70,sin-enlaces-salientes,DATA_MISSING
https://hacecuentas.com/calculadora-riego-automatico-programacion-minutos,,AR,automotive,,,,,OPTIMIZE_INTERNAL_LINKS,20,70,sin-enlaces-salientes,DATA_MISSING
https://hacecuentas.com/calculadora-riesgo-embarazo-edad,,AR,food,,,,,OPTIMIZE_INTERNAL_LINKS,20,70,sin-enlaces-salientes,DATA_MISSING
https://hacecuentas.com/calculadora-ritmo-carrera-pace-km,,AR,automotive,,,,,OPTIMIZE_INTERNAL_LINKS,20,70,sin-enlaces-salientes,DATA_MISSING
https://hacecuentas.com/calculadora-1rm-peso-maximo-levantamiento,,AR,sports_non_medical,,,,,OPTIMIZE_INTERNAL_LINKS,20,70,sin-enlaces-salientes,DATA_MISSING
https://hacecuentas.com/calculadora-roi-publicidad-redes,,AR,other,,,,,OPTIMIZE_INTERNAL_LINKS,20,70,sin-enlaces-salientes,DATA_MISSING
https://hacecuentas.com/calculadora-salario-minimo-2026-comparativa,,AR,salary,,,,,OPTIMIZE_INTERNAL_LINKS,20,70,sin-enlaces-salientes,DATA_MISSING
https://hacecuentas.com/calculadora-salario-real-inflacion,,AR,salary,,,,,OPTIMIZE_INTERNAL_LINKS,20,70,sin-enlaces-salientes,DATA_MISSING
https://hacecuentas.com/calculadora-scrum-sprint-velocity-story-points,,AR,utilities,,,,,OPTIMIZE_INTERNAL_LINKS,20,70,sin-enlaces-salientes,DATA_MISSING
https://hacecuentas.com/calculadora-seguro-auto-estimado,,AR,automotive,,,,,OPTIMIZE_INTERNAL_LINKS,20,70,sin-enlaces-salientes,DATA_MISSING
https://hacecuentas.com/calculadora-seguro-hogar-estimacion-cobertura,,AR,utilities,,,,,OPTIMIZE_INTERNAL_LINKS,20,70,sin-enlaces-salientes,DATA_MISSING
https://hacecuentas.com/calculadora-sellos-compra-inmueble-caba-pba,,AR,taxes,,,,,OPTIMIZE_INTERNAL_LINKS,20,70,sin-enlaces-salientes,DATA_MISSING
https://hacecuentas.com/calculadora-semanas-gestacion-hoy-bebe-trimestre,,AR,other,,,,,OPTIMIZE_INTERNAL_LINKS,20,70,sin-enlaces-salientes,DATA_MISSING
https://hacecuentas.com/calculadora-sensibilidad-mouse-dpi-juego,,AR,other,,,,,OPTIMIZE_INTERNAL_LINKS,20,70,sin-enlaces-salientes,DATA_MISSING
https://hacecuentas.com/calculadora-sexo-bebe-tabla-china,,AR,health_low_risk,,,,,OPTIMIZE_INTERNAL_LINKS,20,70,sin-enlaces-salientes,DATA_MISSING
https://hacecuentas.com/calculadora-sharpe-ratio-portafolio-riesgo,,AR,investments,,,,,OPTIMIZE_INTERNAL_LINKS,20,70,sin-enlaces-salientes,DATA_MISSING
https://hacecuentas.com/calculadora-sistemas-ecuaciones-2x2-cramer,,AR,mathematics,,,,,OPTIMIZE_INTERNAL_LINKS,20,70,sin-enlaces-salientes,DATA_MISSING
https://hacecuentas.com/calculadora-smart-goals-objetivos-metodologia-meta,,AR,utilities,,,,,OPTIMIZE_INTERNAL_LINKS,20,70,sin-enlaces-salientes,DATA_MISSING
https://hacecuentas.com/calculadora-spf-proteccion-solar-minutos-piel,,AR,food,,,,,OPTIMIZE_INTERNAL_LINKS,20,70,sin-enlaces-salientes,DATA_MISSING
https://hacecuentas.com/calculadora-stepper-pasos-grado,,AR,other,,,,,OPTIMIZE_INTERNAL_LINKS,20,70,sin-enlaces-salientes,DATA_MISSING
https://hacecuentas.com/calculadora-sucesion-costo-honorarios-abogado-inmueble,,AR,savings,,,,,OPTIMIZE_INTERNAL_LINKS,20,70,sin-enlaces-salientes,DATA_MISSING
https://hacecuentas.com/calculadora-sucesion-costo,,AR,utilities,,,,,OPTIMIZE_INTERNAL_LINKS,20,70,sin-enlaces-salientes,DATA_MISSING
https://hacecuentas.com/calculadora-sucesiones-costo-total-argentina-abogado,,AR,savings,,,,,OPTIMIZE_INTERNAL_LINKS,20,70,sin-enlaces-salientes,DATA_MISSING
https://hacecuentas.com/calculadora-sueldo-aeronautico-piloto-azafata-tripulante,,AR,salary,,,,,OPTIMIZE_INTERNAL_LINKS,20,70,sin-enlaces-salientes,DATA_MISSING
https://hacecuentas.com/calculadora-sueldo-chofer-colectivo-uta-urbano,,AR,salary,,,,,OPTIMIZE_INTERNAL_LINKS,20,70,sin-enlaces-salientes,DATA_MISSING
https://hacecuentas.com/calculadora-sueldo-docente-argentina-cargo-antiguedad,,AR,salary,,,,,OPTIMIZE_INTERNAL_LINKS,20,70,sin-enlaces-salientes,DATA_MISSING
https://hacecuentas.com/calculadora-sueldo-empleada-domestica-horas-retiro,,AR,salary,,,,,OPTIMIZE_INTERNAL_LINKS,20,70,sin-enlaces-salientes,DATA_MISSING
https://hacecuentas.com/calculadora-sueldo-en-dolares,,AR,salary,,,,,OPTIMIZE_INTERNAL_LINKS,20,70,sin-enlaces-salientes,DATA_MISSING
https://hacecuentas.com/calculadora-sueldo-enfermero-hospital-publico-categoria,,AR,salary,,,,,OPTIMIZE_INTERNAL_LINKS,20,70,sin-enlaces-salientes,DATA_MISSING
https://hacecuentas.com/calculadora-sueldo-gastronomico-uthgra-mozo-cocinero,,AR,salary,,,,,OPTIMIZE_INTERNAL_LINKS,20,70,sin-enlaces-salientes,DATA_MISSING
https://hacecuentas.com/calculadora-sueldo-medico-residente-hospital-publico,,AR,salary,,,,,OPTIMIZE_INTERNAL_LINKS,20,70,sin-enlaces-salientes,DATA_MISSING
https://hacecuentas.com/calculadora-sueldo-minimo-para-alquilar,,AR,salary,,,,,OPTIMIZE_INTERNAL_LINKS,20,70,sin-enlaces-salientes,DATA_MISSING
https://hacecuentas.com/calculadora-sueldo-neto-chile-2026,,AR,salary,,,,,OPTIMIZE_INTERNAL_LINKS,20,70,sin-enlaces-salientes,DATA_MISSING
https://hacecuentas.com/calculadora-sueldo-neto-colombia-2026,,AR,salary,,,,,OPTIMIZE_INTERNAL_LINKS,20,70,sin-enlaces-salientes,DATA_MISSING
https://hacecuentas.com/calculadora-sueldo-panadero-basico-feriado-nocturno,,AR,salary,,,,,OPTIMIZE_INTERNAL_LINKS,20,70,sin-enlaces-salientes,DATA_MISSING
https://hacecuentas.com/calculadora-sueldo-policia-federal-grado-antiguedad,,AR,salary,,,,,OPTIMIZE_INTERNAL_LINKS,20,70,sin-enlaces-salientes,DATA_MISSING
https://hacecuentas.com/calculadora-valor-hora-trabajo-mensual,,AR,salary,,,,,OPTIMIZE_INTERNAL_LINKS,20,70,sin-enlaces-salientes,DATA_MISSING
https://hacecuentas.com/calculadora-sueldo-programador-desarrollador-argentina-seniority,,AR,salary,,,,,OPTIMIZE_INTERNAL_LINKS,20,70,sin-enlaces-salientes,DATA_MISSING
https://hacecuentas.com/calculadora-sueldo-smata-mecanico-automotor-basico,,AR,salary,,,,,OPTIMIZE_INTERNAL_LINKS,20,70,sin-enlaces-salientes,DATA_MISSING
https://hacecuentas.com/calculadora-sueldo-uom-metalurgico-basico-neto,,AR,salary,,,,,OPTIMIZE_INTERNAL_LINKS,20,70,sin-enlaces-salientes,DATA_MISSING
https://hacecuentas.com/calculadora-sueno-bebe-horas,,AR,health_low_risk,,,,,OPTIMIZE_INTERNAL_LINKS,20,70,sin-enlaces-salientes,DATA_MISSING
https://hacecuentas.com/calculadora-sueno-ideal-edad,,AR,utilities,,,,,OPTIMIZE_INTERNAL_LINKS,20,70,sin-enlaces-salientes,DATA_MISSING
https://hacecuentas.com/calculadora-talla-anillo-dedo,,AR,health_low_risk,,,,,OPTIMIZE_INTERNAL_LINKS,20,70,sin-enlaces-salientes,DATA_MISSING
https://hacecuentas.com/calculadora-tallas-ropa-internacional,,AR,health_low_risk,,,,,OPTIMIZE_INTERNAL_LINKS,20,70,sin-enlaces-salientes,DATA_MISSING
https://hacecuentas.com/calculadora-talla-sosten-corpino,,AR,health_low_risk,,,,,OPTIMIZE_INTERNAL_LINKS,20,70,sin-enlaces-salientes,DATA_MISSING
https://hacecuentas.com/calculadora-talla-zapato-bebe,,AR,health_low_risk,,,,,OPTIMIZE_INTERNAL_LINKS,20,70,sin-enlaces-salientes,DATA_MISSING
https://hacecuentas.com/calculadora-tamano-aire-acondicionado-btu-habitacion,,AR,utilities,,,,,OPTIMIZE_INTERNAL_LINKS,20,70,sin-enlaces-salientes,DATA_MISSING
https://hacecuentas.com/calculadora-tamano-bebe-semana,,AR,health_low_risk,,,,,OPTIMIZE_INTERNAL_LINKS,20,70,sin-enlaces-salientes,DATA_MISSING
https://hacecuentas.com/calculadora-tamano-colchon-ideal-medidas,,AR,utilities,,,,,OPTIMIZE_INTERNAL_LINKS,20,70,sin-enlaces-salientes,DATA_MISSING
https://hacecuentas.com/calculadora-tamano-muestra-encuesta,,AR,mathematics,,,,,OPTIMIZE_INTERNAL_LINKS,20,70,sin-enlaces-salientes,DATA_MISSING
https://hacecuentas.com/calculadora-tamano-tv-distancia-ideal-pulgadas,,AR,utilities,,,,,OPTIMIZE_INTERNAL_LINKS,20,70,sin-enlaces-salientes,DATA_MISSING
https://hacecuentas.com/calculadora-tanque-agua-litros-personas,,AR,construction,,,,,OPTIMIZE_INTERNAL_LINKS,20,70,sin-enlaces-salientes,DATA_MISSING
https://hacecuentas.com/calculadora-tarjeta-credito-minimo,,AR,loans,,,,,OPTIMIZE_INTERNAL_LINKS,20,70,sin-enlaces-salientes,DATA_MISSING
https://hacecuentas.com/calculadora-tarjeta-credito-pago-minimo-costo-real,,AR,loans,,,,,OPTIMIZE_INTERNAL_LINKS,20,70,sin-enlaces-salientes,DATA_MISSING
https://hacecuentas.com/calculadora-tarjeta-credito-pago-minimo-intereses,,AR,loans,,,,,OPTIMIZE_INTERNAL_LINKS,20,70,sin-enlaces-salientes,DATA_MISSING
https://hacecuentas.com/calculadora-test-embarazo-cuando,,AR,health_low_risk,,,,,OPTIMIZE_INTERNAL_LINKS,20,70,sin-enlaces-salientes,DATA_MISSING
https://hacecuentas.com/calculadora-test-lenguaje-amor,,AR,utilities,,,,,OPTIMIZE_INTERNAL_LINKS,20,70,sin-enlaces-salientes,DATA_MISSING
https://hacecuentas.com/calculadora-tiempo-calidad-hijos-padres-madres-minutos,,AR,utilities,,,,,OPTIMIZE_INTERNAL_LINKS,20,70,sin-enlaces-salientes,DATA_MISSING
https://hacecuentas.com/calculadora-tiempo-temperatura-coccion-carne,,AR,food,,,,,OPTIMIZE_INTERNAL_LINKS,20,70,sin-enlaces-salientes,DATA_MISSING
https://hacecuentas.com/calculadora-tiempo-descarga-archivo-internet,,AR,utilities,,,,,OPTIMIZE_INTERNAL_LINKS,20,70,sin-enlaces-salientes,DATA_MISSING
https://hacecuentas.com/calculadora-tiempo-en-redes-sociales,,AR,other,,,,,OPTIMIZE_INTERNAL_LINKS,20,70,sin-enlaces-salientes,DATA_MISSING
https://hacecuentas.com/calculadora-tiempo-marinado-carne-pescado,,AR,food,,,,,OPTIMIZE_INTERNAL_LINKS,20,70,sin-enlaces-salientes,DATA_MISSING
https://hacecuentas.com/calculadora-tiempo-pantalla-ideal-edad,,AR,food,,,,,OPTIMIZE_INTERNAL_LINKS,20,70,sin-enlaces-salientes,DATA_MISSING
https://hacecuentas.com/calculadora-tiempo-superar-ruptura-relacion-meses,,AR,utilities,,,,,OPTIMIZE_INTERNAL_LINKS,20,70,sin-enlaces-salientes,DATA_MISSING
https://hacecuentas.com/calculadora-tierra-maceta-litros-volumen,,AR,other,,,,,OPTIMIZE_INTERNAL_LINKS,20,70,sin-enlaces-salientes,DATA_MISSING
https://hacecuentas.com/calculadora-tir-van-inversion,,AR,investments,,,,,OPTIMIZE_INTERNAL_LINKS,20,70,sin-enlaces-salientes,DATA_MISSING
https://hacecuentas.com/calculadora-titularidad-caratular-auto-trasladar-provincia,,AR,automotive,,,,,OPTIMIZE_INTERNAL_LINKS,20,70,sin-enlaces-salientes,DATA_MISSING
https://hacecuentas.com/calculadora-tokens-openai-gpt-costo-uso-mensual,,AR,other,,,,,OPTIMIZE_INTERNAL_LINKS,20,70,sin-enlaces-salientes,DATA_MISSING
https://hacecuentas.com/calculadora-tornillos-durlock-placa-yeso-m2,,AR,construction,,,,,OPTIMIZE_INTERNAL_LINKS,20,70,sin-enlaces-salientes,DATA_MISSING
https://hacecuentas.com/calculadora-transposicion-acordes,,AR,other,,,,,OPTIMIZE_INTERNAL_LINKS,20,70,sin-enlaces-salientes,DATA_MISSING
https://hacecuentas.com/calculadora-trigonometria-seno-coseno-tangente,,AR,mathematics,,,,,OPTIMIZE_INTERNAL_LINKS,20,70,sin-enlaces-salientes,DATA_MISSING
https://hacecuentas.com/calculadora-trimestre-embarazo,,AR,health_low_risk,,,,,OPTIMIZE_INTERNAL_LINKS,20,70,sin-enlaces-salientes,DATA_MISSING
https://hacecuentas.com/calculadora-typing-speed,,AR,utilities,,,,,OPTIMIZE_INTERNAL_LINKS,20,70,sin-enlaces-salientes,DATA_MISSING
https://hacecuentas.com/calculadora-uba-xxi-nota-final-promedio,,AR,education,,,,,OPTIMIZE_INTERNAL_LINKS,20,70,sin-enlaces-salientes,DATA_MISSING
https://hacecuentas.com/calculadora-uber-didi-cabify-comparativa-ciudad,,AR,taxes,,,,,OPTIMIZE_INTERNAL_LINKS,20,70,sin-enlaces-salientes,DATA_MISSING
https://hacecuentas.com/calculadora-uber-vs-auto-propio,,AR,automotive,,,,,OPTIMIZE_INTERNAL_LINKS,20,70,sin-enlaces-salientes,DATA_MISSING
https://hacecuentas.com/calculadora-umbral-lactato-estimado,,AR,sports_non_medical,,,,,OPTIMIZE_INTERNAL_LINKS,20,70,sin-enlaces-salientes,DATA_MISSING
https://hacecuentas.com/calculadora-ups-autonomia-potencia-carga,,AR,automotive,,,,,OPTIMIZE_INTERNAL_LINKS,20,70,sin-enlaces-salientes,DATA_MISSING
https://hacecuentas.com/calculadora-uptime-servidor-nueve-nueves-minutos,,AR,other,,,,,OPTIMIZE_INTERNAL_LINKS,20,70,sin-enlaces-salientes,DATA_MISSING
https://hacecuentas.com/calculadora-upwork-freelancer-comision-neta-argentina,,AR,savings,,,,,OPTIMIZE_INTERNAL_LINKS,20,70,sin-enlaces-salientes,DATA_MISSING
https://hacecuentas.com/calculadora-usdt-vs-usdc-comision-exchange,,AR,taxes,,,,,OPTIMIZE_INTERNAL_LINKS,20,70,sin-enlaces-salientes,DATA_MISSING
https://hacecuentas.com/calculadora-vacunas-faltantes-bebe-edad-meses,,AR,other,,,,,OPTIMIZE_INTERNAL_LINKS,20,70,sin-enlaces-salientes,DATA_MISSING
https://hacecuentas.com/calculadora-valor-hora-trabajo,,AR,savings,,,,,OPTIMIZE_INTERNAL_LINKS,20,70,sin-enlaces-salientes,DATA_MISSING
https://hacecuentas.com/calculadora-velocidad-promedio-carrera-km-h,,AR,automotive,,,,,OPTIMIZE_INTERNAL_LINKS,20,70,sin-enlaces-salientes,DATA_MISSING
https://hacecuentas.com/calculadora-velocidad-distancia-tiempo-fisica,,AR,statistics,,,,,OPTIMIZE_INTERNAL_LINKS,20,70,sin-enlaces-salientes,DATA_MISSING
https://hacecuentas.com/calculadora-velocidad-escape-planeta,,AR,statistics,,,,,OPTIMIZE_INTERNAL_LINKS,20,70,sin-enlaces-salientes,DATA_MISSING
https://hacecuentas.com/calculadora-velocidad-orbital-satelite,,AR,statistics,,,,,OPTIMIZE_INTERNAL_LINKS,20,70,sin-enlaces-salientes,DATA_MISSING
https://hacecuentas.com/calculadora-velocidad-promedio-trayecto-ciudad,,AR,utilities,,,,,OPTIMIZE_INTERNAL_LINKS,20,70,sin-enlaces-salientes,DATA_MISSING
https://hacecuentas.com/calculadora-velocidad-traduccion-palabras-hora-profesional,,AR,education,,,,,OPTIMIZE_INTERNAL_LINKS,20,70,sin-enlaces-salientes,DATA_MISSING
https://hacecuentas.com/calculadora-ventilacion-renovaciones-aire-hora,,AR,construction,,,,,OPTIMIZE_INTERNAL_LINKS,20,70,sin-enlaces-salientes,DATA_MISSING
https://hacecuentas.com/calculadora-viga-hormigon-h-b-dimensiones,,AR,construction,,,,,OPTIMIZE_INTERNAL_LINKS,20,70,sin-enlaces-salientes,DATA_MISSING
https://hacecuentas.com/calculadora-vo2-max-test-cooper,,AR,sports_non_medical,,,,,OPTIMIZE_INTERNAL_LINKS,20,70,sin-enlaces-salientes,DATA_MISSING
https://hacecuentas.com/calculadora-vo2max-predecir-carrera-cooper-12min,,AR,health_low_risk,,,,,OPTIMIZE_INTERNAL_LINKS,20,70,sin-enlaces-salientes,DATA_MISSING
https://hacecuentas.com/calculadora-volumen-cilindro-radio-altura,,AR,mathematics,,,,,OPTIMIZE_INTERNAL_LINKS,20,70,sin-enlaces-salientes,DATA_MISSING
https://hacecuentas.com/calculadora-volumen-cono-radio-altura,,AR,mathematics,,,,,OPTIMIZE_INTERNAL_LINKS,20,70,sin-enlaces-salientes,DATA_MISSING
https://hacecuentas.com/calculadora-volumen-superficie-esfera-radio,,AR,mathematics,,,,,OPTIMIZE_INTERNAL_LINKS,20,70,sin-enlaces-salientes,DATA_MISSING
https://hacecuentas.com/calculadora-vtv-costo-provincias-2026,,AR,utilities,,,,,OPTIMIZE_INTERNAL_LINKS,20,70,sin-enlaces-salientes,DATA_MISSING
https://hacecuentas.com/calculadora-yeso-cielorraso-placas-m2,,AR,construction,,,,,OPTIMIZE_INTERNAL_LINKS,20,70,sin-enlaces-salientes,DATA_MISSING
https://hacecuentas.com/calculadora-zapata-corrida-m3-hormigon,,AR,construction,,,,,OPTIMIZE_INTERNAL_LINKS,20,70,sin-enlaces-salientes,DATA_MISSING
https://hacecuentas.com/calculadora-zapatilla-usa-a-europa,,AR,utilities,,,,,OPTIMIZE_INTERNAL_LINKS,20,70,sin-enlaces-salientes,DATA_MISSING
https://hacecuentas.com/mx/calculadora-afore-saldo-pension-jubilacion-mexico-2026,,MX,retirement,,,,,OPTIMIZE_INTERNAL_LINKS,20,70,sin-enlaces-salientes,DATA_MISSING
https://hacecuentas.com/mx/calculadora-aguinaldo-mexico-2026-15-dias-tope-30,,MX,employment_termination,,,,,OPTIMIZE_INTERNAL_LINKS,20,70,sin-enlaces-salientes,DATA_MISSING
https://hacecuentas.com/mx/calculadora-aguinaldo-proporcional-renuncia-mexico,,MX,employment_termination,,,,,OPTIMIZE_INTERNAL_LINKS,20,70,sin-enlaces-salientes,DATA_MISSING
https://hacecuentas.com/mx/calculadora-auto-contado-vs-financiado-mexico,,MX,loans,,,,,OPTIMIZE_INTERNAL_LINKS,20,70,sin-enlaces-salientes,DATA_MISSING
https://hacecuentas.com/mx/calculadora-becas-elisa-acuna-conahcyt-mexico-monto,,MX,education,,,,,OPTIMIZE_INTERNAL_LINKS,20,70,sin-enlaces-salientes,DATA_MISSING
https://hacecuentas.com/mx/calculadora-cetes-mexico-rendimiento-28-91-182-364-dias,,MX,savings,,,,,OPTIMIZE_INTERNAL_LINKS,20,70,sin-enlaces-salientes,DATA_MISSING
https://hacecuentas.com/mx/calculadora-cfdi-rfc-validacion-uso-cliente-mexico,,MX,business,,,,,OPTIMIZE_INTERNAL_LINKS,20,70,sin-enlaces-salientes,DATA_MISSING
https://hacecuentas.com/mx/calculadora-cfdi-version-4-mexico-emitir-coste-validacion,,MX,business,,,,,OPTIMIZE_INTERNAL_LINKS,20,70,sin-enlaces-salientes,DATA_MISSING
https://hacecuentas.com/mx/calculadora-colegiaturas-deducibles-sat-mexico,,MX,taxes,,,,,OPTIMIZE_INTERNAL_LINKS,20,70,sin-enlaces-salientes,DATA_MISSING
https://hacecuentas.com/mx/calculadora-comparativa-banco-comisiones-mexico-2026,,MX,taxes,,,,,OPTIMIZE_INTERNAL_LINKS,20,70,sin-enlaces-salientes,DATA_MISSING
https://hacecuentas.com/mx/calculadora-contabilidad-electronica-multa-sat-mexico,,MX,business,,,,,OPTIMIZE_INTERNAL_LINKS,20,70,sin-enlaces-salientes,DATA_MISSING
https://hacecuentas.com/mx/calculadora-coste-vida-mensual-mexico-soltero-pareja-familia,,MX,utilities,,,,,OPTIMIZE_INTERNAL_LINKS,20,70,sin-enlaces-salientes,DATA_MISSING
https://hacecuentas.com/mx/calculadora-costo-empleado-patron-mexico-2026,,MX,taxes,,,,,OPTIMIZE_INTERNAL_LINKS,20,70,sin-enlaces-salientes,DATA_MISSING
https://hacecuentas.com/mx/calculadora-costo-pasaporte-mexicano-2026,,MX,utilities,,,,,OPTIMIZE_INTERNAL_LINKS,20,70,sin-enlaces-salientes,DATA_MISSING
https://hacecuentas.com/mx/calculadora-credito-automotriz-mexico-cat-mensualidad-2026,,MX,loans,,,,,OPTIMIZE_INTERNAL_LINKS,20,70,sin-enlaces-salientes,DATA_MISSING
https://hacecuentas.com/mx/calculadora-cripto-bitcoin-impuestos-mexico-isr-ganancia,,MX,taxes,,,,,OPTIMIZE_INTERNAL_LINKS,20,70,sin-enlaces-salientes,DATA_MISSING
https://hacecuentas.com/mx/calculadora-cuenta-de-ahorro-mexico-rendimiento-cetes-directo-nu-mercado-pago,,MX,taxes,,,,,OPTIMIZE_INTERNAL_LINKS,20,70,sin-enlaces-salientes,DATA_MISSING
https://hacecuentas.com/mx/calculadora-curp-validacion-estructura-mexico,,MX,utilities,,,,,OPTIMIZE_INTERNAL_LINKS,20,70,sin-enlaces-salientes,DATA_MISSING
https://hacecuentas.com/mx/calculadora-deduccion-gastos-medicos-mexico-personales-anual,,MX,taxes,,,,,OPTIMIZE_INTERNAL_LINKS,20,70,sin-enlaces-salientes,DATA_MISSING
https://hacecuentas.com/mx/calculadora-descuento-pension-alimenticia-nomina-mexico,,MX,retirement,,,,,OPTIMIZE_INTERNAL_LINKS,20,70,sin-enlaces-salientes,DATA_MISSING
https://hacecuentas.com/mx/calculadora-factor-integracion-salarial-imss-mexico,,MX,savings,,,,,OPTIMIZE_INTERNAL_LINKS,20,70,sin-enlaces-salientes,DATA_MISSING
https://hacecuentas.com/mx/calculadora-finiquito-mexico-completo-rescision-relacion,,MX,savings,,,,,OPTIMIZE_INTERNAL_LINKS,20,70,sin-enlaces-salientes,DATA_MISSING
https://hacecuentas.com/mx/calculadora-finiquito-vs-liquidacion-comparador-mexico,,MX,other,,,,,OPTIMIZE_INTERNAL_LINKS,20,70,sin-enlaces-salientes,DATA_MISSING
https://hacecuentas.com/mx/calculadora-fonacot-credito-mexico-monto-cat-tasa,,MX,loans,,,,,OPTIMIZE_INTERNAL_LINKS,20,70,sin-enlaces-salientes,DATA_MISSING
https://hacecuentas.com/mx/calculadora-fondo-emergencia-mexico-meses-gastos,,MX,savings,,,,,OPTIMIZE_INTERNAL_LINKS,20,70,sin-enlaces-salientes,DATA_MISSING
https://hacecuentas.com/mx/calculadora-gasolina-rendimiento-km-litro-vs-gas-lp-mexico,,MX,automotive,,,,,OPTIMIZE_INTERNAL_LINKS,20,70,sin-enlaces-salientes,DATA_MISSING
https://hacecuentas.com/mx/calculadora-honorarios-asimilados-vs-honorarios-libres-mexico,,MX,taxes,,,,,OPTIMIZE_INTERNAL_LINKS,20,70,sin-enlaces-salientes,DATA_MISSING
https://hacecuentas.com/mx/calculadora-imss-independientes-modalidad-10,,MX,loans,,,,,OPTIMIZE_INTERNAL_LINKS,20,70,sin-enlaces-salientes,DATA_MISSING
https://hacecuentas.com/mx/calculadora-incapacidad-imss-enfermedad-general,,MX,savings,,,,,OPTIMIZE_INTERNAL_LINKS,20,70,sin-enlaces-salientes,DATA_MISSING
https://hacecuentas.com/mx/calculadora-isr-acciones-bolsa-mexico-10-por-ciento,,MX,investments,,,,,OPTIMIZE_INTERNAL_LINKS,20,70,sin-enlaces-salientes,DATA_MISSING
https://hacecuentas.com/mx/calculadora-isr-aguinaldo-exento-gravado-mexico,,MX,employment_termination,,,,,OPTIMIZE_INTERNAL_LINKS,20,70,sin-enlaces-salientes,DATA_MISSING
https://hacecuentas.com/mx/calculadora-isr-anual-personas-fisicas-mexico-tarifa-2026,,MX,taxes,,,,,OPTIMIZE_INTERNAL_LINKS,20,70,sin-enlaces-salientes,DATA_MISSING
https://hacecuentas.com/mx/calculadora-isr-arrendamiento-deduccion-ciega-mexico,,MX,taxes,,,,,OPTIMIZE_INTERNAL_LINKS,20,70,sin-enlaces-salientes,DATA_MISSING
https://hacecuentas.com/mx/calculadora-isr-mexico-2026-tarifa-mensual-empleado,,MX,taxes,,,,,OPTIMIZE_INTERNAL_LINKS,20,70,sin-enlaces-salientes,DATA_MISSING
https://hacecuentas.com/mx/calculadora-isr-personas-morales-mexico-30-porcentaje,,MX,taxes,,,,,OPTIMIZE_INTERNAL_LINKS,20,70,sin-enlaces-salientes,DATA_MISSING
https://hacecuentas.com/mx/calculadora-isr-quincenal-mexico-2026,,MX,taxes,,,,,OPTIMIZE_INTERNAL_LINKS,20,70,sin-enlaces-salientes,DATA_MISSING
https://hacecuentas.com/mx/calculadora-isr-retiro-ppr-afore-voluntario-anticipado-mexico,,MX,taxes,,,,,OPTIMIZE_INTERNAL_LINKS,20,70,sin-enlaces-salientes,DATA_MISSING
https://hacecuentas.com/mx/calculadora-isr-venta-auto-usado-persona-fisica-mexico,,MX,automotive,,,,,OPTIMIZE_INTERNAL_LINKS,20,70,sin-enlaces-salientes,DATA_MISSING
https://hacecuentas.com/mx/calculadora-isr-venta-terreno-inmueble-comercial-mexico,,MX,taxes,,,,,OPTIMIZE_INTERNAL_LINKS,20,70,sin-enlaces-salientes,DATA_MISSING
https://hacecuentas.com/mx/calculadora-iva-ieps-cigarros-bebidas-azucar-mexico,,MX,taxes,,,,,OPTIMIZE_INTERNAL_LINKS,20,70,sin-enlaces-salientes,DATA_MISSING
https://hacecuentas.com/mx/calculadora-iva-mexico-16-tasa-cero-exenta-frontera,,MX,taxes,,,,,OPTIMIZE_INTERNAL_LINKS,20,70,sin-enlaces-salientes,DATA_MISSING
https://hacecuentas.com/mx/calculadora-licencia-paternidad-mexico-5-dias-laborables,,MX,salary,,,,,OPTIMIZE_INTERNAL_LINKS,20,70,sin-enlaces-salientes,DATA_MISSING
https://hacecuentas.com/mx/calculadora-liquidacion-despido-mexico-3-meses-12-dias,,MX,employment_termination,,,,,OPTIMIZE_INTERNAL_LINKS,20,70,sin-enlaces-salientes,DATA_MISSING
https://hacecuentas.com/mx/calculadora-luz-cfe-tarifa-domestica-bimestral-mexico,,MX,utilities,,,,,OPTIMIZE_INTERNAL_LINKS,20,70,sin-enlaces-salientes,DATA_MISSING
https://hacecuentas.com/mx/calculadora-mensualidad-universidad-privada-mexico-tec-uvm-anahuac,,MX,taxes,,,,,OPTIMIZE_INTERNAL_LINKS,20,70,sin-enlaces-salientes,DATA_MISSING
https://hacecuentas.com/mx/calculadora-pagare-bancario-vs-cete-rendimiento-mexico,,MX,taxes,,,,,OPTIMIZE_INTERNAL_LINKS,20,70,sin-enlaces-salientes,DATA_MISSING
https://hacecuentas.com/mx/calculadora-pension-bienestar-2026-monto,,MX,retirement,,,,,OPTIMIZE_INTERNAL_LINKS,20,70,sin-enlaces-salientes,DATA_MISSING
https://hacecuentas.com/mx/calculadora-pension-viudez-imss-90-porcentaje-mexico,,MX,retirement,,,,,OPTIMIZE_INTERNAL_LINKS,20,70,sin-enlaces-salientes,DATA_MISSING
https://hacecuentas.com/mx/calculadora-pension-viudez-vs-pension-alimenticia-mexico,,MX,retirement,,,,,OPTIMIZE_INTERNAL_LINKS,20,70,sin-enlaces-salientes,DATA_MISSING
https://hacecuentas.com/mx/calculadora-predial-cdmx-monterrey-guadalajara-2026,,MX,taxes,,,,,OPTIMIZE_INTERNAL_LINKS,20,70,sin-enlaces-salientes,DATA_MISSING
https://hacecuentas.com/mx/calculadora-prestamo-personal-mensualidad-cat-mexico,,MX,loans,,,,,OPTIMIZE_INTERNAL_LINKS,20,70,sin-enlaces-salientes,DATA_MISSING
https://hacecuentas.com/mx/calculadora-prima-riesgo-trabajo-imss-siniestralidad,,MX,taxes,,,,,OPTIMIZE_INTERNAL_LINKS,20,70,sin-enlaces-salientes,DATA_MISSING
https://hacecuentas.com/mx/calculadora-ptu-reparto-utilidades-mexico-10-porcentaje,,MX,savings,,,,,OPTIMIZE_INTERNAL_LINKS,20,70,sin-enlaces-salientes,DATA_MISSING
https://hacecuentas.com/mx/calculadora-renta-mensual-cdmx-vs-guadalajara-monterrey,,MX,utilities,,,,,OPTIMIZE_INTERNAL_LINKS,20,70,sin-enlaces-salientes,DATA_MISSING
https://hacecuentas.com/mx/calculadora-resico-personas-fisicas-mexico-2026-cuota,,MX,loans,,,,,OPTIMIZE_INTERNAL_LINKS,20,70,sin-enlaces-salientes,DATA_MISSING
https://hacecuentas.com/mx/calculadora-retiro-afore-desempleo-mexico,,MX,savings,,,,,OPTIMIZE_INTERNAL_LINKS,20,70,sin-enlaces-salientes,DATA_MISSING
https://hacecuentas.com/mx/calculadora-rfc-homoclave-persona-fisica-mexico,,MX,utilities,,,,,OPTIMIZE_INTERNAL_LINKS,20,70,sin-enlaces-salientes,DATA_MISSING
https://hacecuentas.com/mx/calculadora-salario-por-hora-mensual-diario-mexico,,MX,salary,,,,,OPTIMIZE_INTERNAL_LINKS,20,70,sin-enlaces-salientes,DATA_MISSING
https://hacecuentas.com/mx/calculadora-soat-seguro-auto-mexico-cobertura-comparador,,MX,automotive,,,,,OPTIMIZE_INTERNAL_LINKS,20,70,sin-enlaces-salientes,DATA_MISSING
https://hacecuentas.com/mx/calculadora-tarjeta-credito-cat-mexico-pago-minimo-trampa,,MX,loans,,,,,OPTIMIZE_INTERNAL_LINKS,20,70,sin-enlaces-salientes,DATA_MISSING
https://hacecuentas.com/mx/calculadora-tenencia-vehicular-mexico-cdmx-edomex-2026,,MX,automotive,,,,,OPTIMIZE_INTERNAL_LINKS,20,70,sin-enlaces-salientes,DATA_MISSING
https://hacecuentas.com/mx/calculadora-tope-deducciones-personales-2026-mexico,,MX,taxes,,,,,OPTIMIZE_INTERNAL_LINKS,20,70,sin-enlaces-salientes,DATA_MISSING
https://hacecuentas.com/mx/calculadora-vacaciones-mexico-2024-reforma-12-dias-incremento,,MX,employment_termination,,,,,OPTIMIZE_INTERNAL_LINKS,20,70,sin-enlaces-salientes,DATA_MISSING
https://hacecuentas.com/mx/calculadora-verificacion-vehicular-mexico-multas-cdmx-edomex,,MX,automotive,,,,,OPTIMIZE_INTERNAL_LINKS,20,70,sin-enlaces-salientes,DATA_MISSING
https://hacecuentas.com/co/calculadora-ahorro-en-pesos-vs-cdt-vs-fic-vs-tes-colombia,,CO,savings,,,,,OPTIMIZE_INTERNAL_LINKS,20,70,sin-enlaces-salientes,DATA_MISSING
https://hacecuentas.com/co/calculadora-ahorros-en-dolares-colombia-bancos-internacionales-2026,,CO,investments,,,,,OPTIMIZE_INTERNAL_LINKS,20,70,sin-enlaces-salientes,DATA_MISSING
https://hacecuentas.com/co/calculadora-aporte-caja-compensacion-colombia-2026-subsidio-familiar,,CO,loans,,,,,OPTIMIZE_INTERNAL_LINKS,20,70,sin-enlaces-salientes,DATA_MISSING
https://hacecuentas.com/co/calculadora-aporte-cesantias-empleador-empleado-colombia-fondo,,CO,taxes,,,,,OPTIMIZE_INTERNAL_LINKS,20,70,sin-enlaces-salientes,DATA_MISSING
https://hacecuentas.com/co/calculadora-aporte-eps-pension-empleado-colombia-2026,,CO,retirement,,,,,OPTIMIZE_INTERNAL_LINKS,20,70,sin-enlaces-salientes,DATA_MISSING
https://hacecuentas.com/co/calculadora-aporte-fic-fomento-investigacion-cientifica-colombia,,CO,taxes,,,,,OPTIMIZE_INTERNAL_LINKS,20,70,sin-enlaces-salientes,DATA_MISSING
https://hacecuentas.com/co/calculadora-arriendo-bogota-medellin-cali-precio-promedio,,CO,utilities,,,,,OPTIMIZE_INTERNAL_LINKS,20,70,sin-enlaces-salientes,DATA_MISSING
https://hacecuentas.com/co/calculadora-aumento-salario-2026-colombia-cuanto-subio-mi-sueldo,,CO,salary,,,,,OPTIMIZE_INTERNAL_LINKS,20,70,sin-enlaces-salientes,DATA_MISSING
https://hacecuentas.com/co/calculadora-becas-icetex-colombia-credito-monto-2026,,CO,loans,,,,,OPTIMIZE_INTERNAL_LINKS,20,70,sin-enlaces-salientes,DATA_MISSING
https://hacecuentas.com/co/calculadora-bicicleta-electrica-vs-moto-vs-carro-colombia,,CO,automotive,,,,,OPTIMIZE_INTERNAL_LINKS,20,70,sin-enlaces-salientes,DATA_MISSING
https://hacecuentas.com/co/calculadora-bono-hambre-cero-colombia-renta-ciudadana,,CO,other,,,,,OPTIMIZE_INTERNAL_LINKS,20,70,sin-enlaces-salientes,DATA_MISSING
https://hacecuentas.com/co/calculadora-canasta-familiar-colombia-dane-mes,,CO,utilities,,,,,OPTIMIZE_INTERNAL_LINKS,20,70,sin-enlaces-salientes,DATA_MISSING
https://hacecuentas.com/co/calculadora-canasta-mercado-tienda-vs-supermercado-colombia,,CO,taxes,,,,,OPTIMIZE_INTERNAL_LINKS,20,70,sin-enlaces-salientes,DATA_MISSING
https://hacecuentas.com/co/calculadora-canon-arrendamiento-comercial-colombia-comerciante,,CO,utilities,,,,,OPTIMIZE_INTERNAL_LINKS,20,70,sin-enlaces-salientes,DATA_MISSING
https://hacecuentas.com/co/calculadora-canon-arrendamiento-vivienda-aumento-anual-colombia-ipc,,CO,utilities,,,,,OPTIMIZE_INTERNAL_LINKS,20,70,sin-enlaces-salientes,DATA_MISSING
https://hacecuentas.com/co/calculadora-cdt-colombia-rentabilidad-90-180-360-dias,,CO,savings,,,,,OPTIMIZE_INTERNAL_LINKS,20,70,sin-enlaces-salientes,DATA_MISSING
https://hacecuentas.com/co/calculadora-cesantias-colombia-12-porciento-anual,,CO,savings,,,,,OPTIMIZE_INTERNAL_LINKS,20,70,sin-enlaces-salientes,DATA_MISSING
https://hacecuentas.com/co/calculadora-cesantias-traslado-fondo-rendimiento-colombia,,CO,savings,,,,,OPTIMIZE_INTERNAL_LINKS,20,70,sin-enlaces-salientes,DATA_MISSING
https://hacecuentas.com/co/calculadora-comparador-tarjeta-debito-colombia-2026-comisiones,,CO,savings,,,,,OPTIMIZE_INTERNAL_LINKS,20,70,sin-enlaces-salientes,DATA_MISSING
https://hacecuentas.com/co/calculadora-comparativa-banco-comisiones-colombia-2026,,CO,taxes,,,,,OPTIMIZE_INTERNAL_LINKS,20,70,sin-enlaces-salientes,DATA_MISSING
https://hacecuentas.com/co/calculadora-comprar-acciones-bvc-colombia-comisiones-impuesto,,CO,taxes,,,,,OPTIMIZE_INTERNAL_LINKS,20,70,sin-enlaces-salientes,DATA_MISSING
https://hacecuentas.com/co/calculadora-cooperativas-prestamo-colombia-tasa-interes,,CO,taxes,,,,,OPTIMIZE_INTERNAL_LINKS,20,70,sin-enlaces-salientes,DATA_MISSING
https://hacecuentas.com/co/calculadora-coste-arriendo-vs-comprar-colombia-10-anos,,CO,savings,,,,,OPTIMIZE_INTERNAL_LINKS,20,70,sin-enlaces-salientes,DATA_MISSING
https://hacecuentas.com/co/calculadora-coste-funeral-promedio-colombia-2026-paquetes,,CO,utilities,,,,,OPTIMIZE_INTERNAL_LINKS,20,70,sin-enlaces-salientes,DATA_MISSING
https://hacecuentas.com/co/calculadora-coste-vida-mensual-colombia-soltero-pareja,,CO,savings,,,,,OPTIMIZE_INTERNAL_LINKS,20,70,sin-enlaces-salientes,DATA_MISSING
https://hacecuentas.com/co/calculadora-credito-educativo-icetex-vs-banco-colombia-2026,,CO,loans,,,,,OPTIMIZE_INTERNAL_LINKS,20,70,sin-enlaces-salientes,DATA_MISSING
https://hacecuentas.com/co/calculadora-credito-hipotecario-colombia-2026-uvr-pesos,,CO,loans,,,,,OPTIMIZE_INTERNAL_LINKS,20,70,sin-enlaces-salientes,DATA_MISSING
https://hacecuentas.com/co/calculadora-credito-leasing-habitacional-colombia-vs-hipoteca,,CO,loans,,,,,OPTIMIZE_INTERNAL_LINKS,20,70,sin-enlaces-salientes,DATA_MISSING
https://hacecuentas.com/co/calculadora-credito-libranza-colombia-empleado-cuota-tasa,,CO,loans,,,,,OPTIMIZE_INTERNAL_LINKS,20,70,sin-enlaces-salientes,DATA_MISSING
https://hacecuentas.com/co/calculadora-credito-vehiculos-colombia-leasing-vs-credito,,CO,loans,,,,,OPTIMIZE_INTERNAL_LINKS,20,70,sin-enlaces-salientes,DATA_MISSING
https://hacecuentas.com/co/calculadora-cripto-colombia-impuestos-renta-trader-2026,,CO,taxes,,,,,OPTIMIZE_INTERNAL_LINKS,20,70,sin-enlaces-salientes,DATA_MISSING
https://hacecuentas.com/co/calculadora-cuenta-afc-ahorro-fomento-construccion-colombia,,CO,savings,,,,,OPTIMIZE_INTERNAL_LINKS,20,70,sin-enlaces-salientes,DATA_MISSING
https://hacecuentas.com/co/calculadora-curp-colombia-cedula-ciudadania-extranjeria-validez,,CO,utilities,,,,,OPTIMIZE_INTERNAL_LINKS,20,70,sin-enlaces-salientes,DATA_MISSING
https://hacecuentas.com/co/calculadora-deduccion-dependientes-colombia-renta-2026,,CO,taxes,,,,,OPTIMIZE_INTERNAL_LINKS,20,70,sin-enlaces-salientes,DATA_MISSING
https://hacecuentas.com/co/calculadora-deuda-mes-tarjeta-credito-colombia-pago-tope,,CO,loans,,,,,OPTIMIZE_INTERNAL_LINKS,20,70,sin-enlaces-salientes,DATA_MISSING
https://hacecuentas.com/co/calculadora-divorcio-cuota-litis-honorarios-abogado-colombia,,CO,loans,,,,,OPTIMIZE_INTERNAL_LINKS,20,70,sin-enlaces-salientes,DATA_MISSING
https://hacecuentas.com/co/calculadora-divorcio-particion-bienes-colombia-sociedad-conyugal,,CO,other,,,,,OPTIMIZE_INTERNAL_LINKS,20,70,sin-enlaces-salientes,DATA_MISSING
https://hacecuentas.com/co/calculadora-embargo-salario-colombia,,CO,salary,,,,,OPTIMIZE_INTERNAL_LINKS,20,70,sin-enlaces-salientes,DATA_MISSING
https://hacecuentas.com/co/calculadora-fna-cesantias-colombia-vivienda-rentabilidad,,CO,taxes,,,,,OPTIMIZE_INTERNAL_LINKS,20,70,sin-enlaces-salientes,DATA_MISSING
https://hacecuentas.com/co/calculadora-fondo-emergencia-colombia-meses-gastos,,CO,savings,,,,,OPTIMIZE_INTERNAL_LINKS,20,70,sin-enlaces-salientes,DATA_MISSING
https://hacecuentas.com/co/calculadora-fondo-pensiones-voluntarias-colombia-deduccion-renta,,CO,retirement,,,,,OPTIMIZE_INTERNAL_LINKS,20,70,sin-enlaces-salientes,DATA_MISSING
https://hacecuentas.com/co/calculadora-fopep-pension-publica-colombia-cuantia,,CO,retirement,,,,,OPTIMIZE_INTERNAL_LINKS,20,70,sin-enlaces-salientes,DATA_MISSING
https://hacecuentas.com/co/calculadora-ganancia-ocasional-venta-casa-colombia,,CO,taxes,,,,,OPTIMIZE_INTERNAL_LINKS,20,70,sin-enlaces-salientes,DATA_MISSING
https://hacecuentas.com/co/calculadora-gravamen-movimientos-financieros-4-1000-colombia,,CO,taxes,,,,,OPTIMIZE_INTERNAL_LINKS,20,70,sin-enlaces-salientes,DATA_MISSING
https://hacecuentas.com/co/calculadora-honorarios-prestacion-servicios-colombia-retencion,,CO,taxes,,,,,OPTIMIZE_INTERNAL_LINKS,20,70,sin-enlaces-salientes,DATA_MISSING
https://hacecuentas.com/co/calculadora-ibc-independientes-contratista-colombia-2026-40-porciento,,CO,health_low_risk,,,,,OPTIMIZE_INTERNAL_LINKS,20,70,sin-enlaces-salientes,DATA_MISSING
https://hacecuentas.com/co/calculadora-impuesto-bebidas-azucaradas-2025-colombia,,CO,taxes,,,,,OPTIMIZE_INTERNAL_LINKS,20,70,sin-enlaces-salientes,DATA_MISSING
https://hacecuentas.com/co/calculadora-impuesto-cardo-tarjeta-credito-internacional-colombia,,CO,taxes,,,,,OPTIMIZE_INTERNAL_LINKS,20,70,sin-enlaces-salientes,DATA_MISSING
https://hacecuentas.com/co/calculadora-impuesto-cervezas-licores-tabaco-colombia-2026,,CO,taxes,,,,,OPTIMIZE_INTERNAL_LINKS,20,70,sin-enlaces-salientes,DATA_MISSING
https://hacecuentas.com/co/calculadora-impuesto-circulacion-vehiculo-electrico-colombia,,CO,taxes,,,,,OPTIMIZE_INTERNAL_LINKS,20,70,sin-enlaces-salientes,DATA_MISSING
https://hacecuentas.com/co/calculadora-impuesto-consumo-licores-colombia-cerveza-vino,,CO,taxes,,,,,OPTIMIZE_INTERNAL_LINKS,20,70,sin-enlaces-salientes,DATA_MISSING
https://hacecuentas.com/co/calculadora-impuesto-departamento-loterias-vehiculos-cigarrillos,,CO,taxes,,,,,OPTIMIZE_INTERNAL_LINKS,20,70,sin-enlaces-salientes,DATA_MISSING
https://hacecuentas.com/co/calculadora-impuesto-loterias-juegos-azar-colombia-2026,,CO,taxes,,,,,OPTIMIZE_INTERNAL_LINKS,20,70,sin-enlaces-salientes,DATA_MISSING
https://hacecuentas.com/co/calculadora-impuesto-patrimonio-colombia-personas-naturales-2026,,CO,taxes,,,,,OPTIMIZE_INTERNAL_LINKS,20,70,sin-enlaces-salientes,DATA_MISSING
https://hacecuentas.com/co/calculadora-impuesto-predial-bogota-2026,,CO,taxes,,,,,OPTIMIZE_INTERNAL_LINKS,20,70,sin-enlaces-salientes,DATA_MISSING
https://hacecuentas.com/co/calculadora-impuesto-renta-empresas-colombia-35-porcentaje-2026,,CO,taxes,,,,,OPTIMIZE_INTERNAL_LINKS,20,70,sin-enlaces-salientes,DATA_MISSING
https://hacecuentas.com/co/calculadora-impuesto-sucesiones-herencia-colombia-2026,,CO,taxes,,,,,OPTIMIZE_INTERNAL_LINKS,20,70,sin-enlaces-salientes,DATA_MISSING
https://hacecuentas.com/co/calculadora-impuesto-vehiculos-colombia-2026-departamento,,CO,taxes,,,,,OPTIMIZE_INTERNAL_LINKS,20,70,sin-enlaces-salientes,DATA_MISSING
https://hacecuentas.com/co/calculadora-impuestos-aerolineas-tasa-aeropuerto-colombia-internacional,,CO,taxes,,,,,OPTIMIZE_INTERNAL_LINKS,20,70,sin-enlaces-salientes,DATA_MISSING
https://hacecuentas.com/co/calculadora-impuestos-compras-internacionales-colombia-aliexpress-temu,,CO,taxes,,,,,OPTIMIZE_INTERNAL_LINKS,20,70,sin-enlaces-salientes,DATA_MISSING
https://hacecuentas.com/co/calculadora-ingresos-no-constitutivos-renta-colombia-vivienda,,CO,taxes,,,,,OPTIMIZE_INTERNAL_LINKS,20,70,sin-enlaces-salientes,DATA_MISSING
https://hacecuentas.com/co/calculadora-intereses-cesantias-colombia-enero-2026,,CO,savings,,,,,OPTIMIZE_INTERNAL_LINKS,20,70,sin-enlaces-salientes,DATA_MISSING
https://hacecuentas.com/co/calculadora-internet-fibra-claro-etb-tigo-colombia-mejor-precio,,CO,other,,,,,OPTIMIZE_INTERNAL_LINKS,20,70,sin-enlaces-salientes,DATA_MISSING
https://hacecuentas.com/co/calculadora-isr-anual-colombia-personas-naturales-cedulas,,CO,taxes,,,,,OPTIMIZE_INTERNAL_LINKS,20,70,sin-enlaces-salientes,DATA_MISSING
https://hacecuentas.com/co/calculadora-isr-arrendamiento-arrendador-colombia-deducciones,,CO,taxes,,,,,OPTIMIZE_INTERNAL_LINKS,20,70,sin-enlaces-salientes,DATA_MISSING
https://hacecuentas.com/co/calculadora-isr-rentas-de-capital-dividendos-intereses-colombia,,CO,taxes,,,,,OPTIMIZE_INTERNAL_LINKS,20,70,sin-enlaces-salientes,DATA_MISSING
https://hacecuentas.com/co/calculadora-iva-bienes-exentos-excluidos-colombia-2026,,CO,taxes,,,,,OPTIMIZE_INTERNAL_LINKS,20,70,sin-enlaces-salientes,DATA_MISSING
https://hacecuentas.com/co/calculadora-iva-colombia-19-porciento-tarifa-general,,CO,taxes,,,,,OPTIMIZE_INTERNAL_LINKS,20,70,sin-enlaces-salientes,DATA_MISSING
https://hacecuentas.com/co/calculadora-iva-frontera-paso-fronterizo-colombia-zonas-especiales,,CO,taxes,,,,,OPTIMIZE_INTERNAL_LINKS,20,70,sin-enlaces-salientes,DATA_MISSING
https://hacecuentas.com/co/calculadora-licencia-maternidad-colombia-18-semanas,,CO,food,,,,,OPTIMIZE_INTERNAL_LINKS,20,70,sin-enlaces-salientes,DATA_MISSING
https://hacecuentas.com/co/calculadora-licencia-paternidad-colombia-2-semanas,,CO,other,,,,,OPTIMIZE_INTERNAL_LINKS,20,70,sin-enlaces-salientes,DATA_MISSING
https://hacecuentas.com/co/calculadora-liquidacion-laboral-colombia-completa-cesantias,,CO,employment_termination,,,,,OPTIMIZE_INTERNAL_LINKS,20,70,sin-enlaces-salientes,DATA_MISSING
https://hacecuentas.com/co/calculadora-monotributo-colombia-pequenos-comercios,,CO,taxes,,,,,OPTIMIZE_INTERNAL_LINKS,20,70,sin-enlaces-salientes,DATA_MISSING
https://hacecuentas.com/co/calculadora-pago-anticipado-credito-hipotecario-colombia-ahorro-intereses,,CO,loans,,,,,OPTIMIZE_INTERNAL_LINKS,20,70,sin-enlaces-salientes,DATA_MISSING
https://hacecuentas.com/co/calculadora-pcs-prestaciones-sociales-colombia-percent-salario,,CO,salary,,,,,OPTIMIZE_INTERNAL_LINKS,20,70,sin-enlaces-salientes,DATA_MISSING
https://hacecuentas.com/co/calculadora-pension-alimentos-colombia-padre-divorcio-tabla,,CO,retirement,,,,,OPTIMIZE_INTERNAL_LINKS,20,70,sin-enlaces-salientes,DATA_MISSING
https://hacecuentas.com/co/calculadora-pension-rais-vs-prima-media-colombia,,CO,retirement,,,,,OPTIMIZE_INTERNAL_LINKS,20,70,sin-enlaces-salientes,DATA_MISSING
https://hacecuentas.com/co/calculadora-pila-independientes-colombia-2026,,CO,savings,,,,,OPTIMIZE_INTERNAL_LINKS,20,70,sin-enlaces-salientes,DATA_MISSING
https://hacecuentas.com/co/calculadora-precio-gasolina-acpm-galon-colombia-2026,,CO,automotive,,,,,OPTIMIZE_INTERNAL_LINKS,20,70,sin-enlaces-salientes,DATA_MISSING
https://hacecuentas.com/co/calculadora-prima-legal-colombia-30-dias-junio-diciembre,,CO,savings,,,,,OPTIMIZE_INTERNAL_LINKS,20,70,sin-enlaces-salientes,DATA_MISSING
https://hacecuentas.com/co/calculadora-recibo-gas-natural-colombia-vanti-epm-naturgas,,CO,utilities,,,,,OPTIMIZE_INTERNAL_LINKS,20,70,sin-enlaces-salientes,DATA_MISSING
https://hacecuentas.com/co/calculadora-reduccion-jornada-42-horas-colombia-2026,,CO,savings,,,,,OPTIMIZE_INTERNAL_LINKS,20,70,sin-enlaces-salientes,DATA_MISSING
https://hacecuentas.com/co/calculadora-reforma-pensional-colombia-2025-pilares-ahorro,,CO,retirement,,,,,OPTIMIZE_INTERNAL_LINKS,20,70,sin-enlaces-salientes,DATA_MISSING
https://hacecuentas.com/co/calculadora-rendimiento-fondo-pensiones-obligatorias-rais-colombia,,CO,retirement,,,,,OPTIMIZE_INTERNAL_LINKS,20,70,sin-enlaces-salientes,DATA_MISSING
https://hacecuentas.com/co/calculadora-renta-personas-naturales-colombia-2026-anual,,CO,taxes,,,,,OPTIMIZE_INTERNAL_LINKS,20,70,sin-enlaces-salientes,DATA_MISSING
https://hacecuentas.com/co/calculadora-rentabilidad-finca-raiz-colombia-renta-fija-comparada,,CO,taxes,,,,,OPTIMIZE_INTERNAL_LINKS,20,70,sin-enlaces-salientes,DATA_MISSING
https://hacecuentas.com/co/calculadora-rentabilidad-fondo-inversion-colectiva-fic-colombia,,CO,taxes,,,,,OPTIMIZE_INTERNAL_LINKS,20,70,sin-enlaces-salientes,DATA_MISSING
https://hacecuentas.com/co/calculadora-retencion-fuente-compras-servicios-2026,,CO,taxes,,,,,OPTIMIZE_INTERNAL_LINKS,20,70,sin-enlaces-salientes,DATA_MISSING
https://hacecuentas.com/co/calculadora-retencion-salarios-procedimiento-1-colombia-2026,,CO,salary,,,,,OPTIMIZE_INTERNAL_LINKS,20,70,sin-enlaces-salientes,DATA_MISSING
https://hacecuentas.com/co/calculadora-revision-tecnomecanica-colombia-precio-multa,,CO,automotive,,,,,OPTIMIZE_INTERNAL_LINKS,20,70,sin-enlaces-salientes,DATA_MISSING
https://hacecuentas.com/co/calculadora-salario-neto-colombia-2026-bruto-a-neto,,CO,salary,,,,,OPTIMIZE_INTERNAL_LINKS,20,70,sin-enlaces-salientes,DATA_MISSING
https://hacecuentas.com/co/calculadora-salarios-minimos-a-pesos-colombia-2026,,CO,salary,,,,,OPTIMIZE_INTERNAL_LINKS,20,70,sin-enlaces-salientes,DATA_MISSING
https://hacecuentas.com/co/calculadora-sancion-minima-dian-colombia-2026-10-uvt,,CO,taxes,,,,,OPTIMIZE_INTERNAL_LINKS,20,70,sin-enlaces-salientes,DATA_MISSING
https://hacecuentas.com/co/calculadora-soat-colombia-precio-2026-vehiculo,,CO,automotive,,,,,OPTIMIZE_INTERNAL_LINKS,20,70,sin-enlaces-salientes,DATA_MISSING
https://hacecuentas.com/co/calculadora-subsidio-vivienda-mi-casa-ya-colombia-2026,,CO,other,,,,,OPTIMIZE_INTERNAL_LINKS,20,70,sin-enlaces-salientes,DATA_MISSING
https://hacecuentas.com/co/calculadora-tabla-impuesto-renta-personas-naturales-colombia-2026,,CO,taxes,,,,,OPTIMIZE_INTERNAL_LINKS,20,70,sin-enlaces-salientes,DATA_MISSING
https://hacecuentas.com/co/calculadora-tarifa-electrica-colombia-mes-recibo-codensa,,CO,utilities,,,,,OPTIMIZE_INTERNAL_LINKS,20,70,sin-enlaces-salientes,DATA_MISSING
https://hacecuentas.com/co/calculadora-tarjeta-credito-colombia-tasa-usura-cuota-pago-minimo,,CO,loans,,,,,OPTIMIZE_INTERNAL_LINKS,20,70,sin-enlaces-salientes,DATA_MISSING
https://hacecuentas.com/co/calculadora-tasa-de-cambio-paralelo-colombia-dolar-blue,,CO,investments,,,,,OPTIMIZE_INTERNAL_LINKS,20,70,sin-enlaces-salientes,DATA_MISSING
https://hacecuentas.com/co/calculadora-tasa-impuesto-renta-fictop-paraisos-fiscales-colombia,,CO,taxes,,,,,OPTIMIZE_INTERNAL_LINKS,20,70,sin-enlaces-salientes,DATA_MISSING
https://hacecuentas.com/co/calculadora-tasacion-vivienda-colombia-precio-m2-zona-estrato,,CO,utilities,,,,,OPTIMIZE_INTERNAL_LINKS,20,70,sin-enlaces-salientes,DATA_MISSING
https://hacecuentas.com/co/calculadora-titulos-tes-colombia-rendimiento-vencimiento,,CO,savings,,,,,OPTIMIZE_INTERNAL_LINKS,20,70,sin-enlaces-salientes,DATA_MISSING
https://hacecuentas.com/co/calculadora-universidad-publica-vs-privada-colombia-coste-2026,,CO,taxes,,,,,OPTIMIZE_INTERNAL_LINKS,20,70,sin-enlaces-salientes,DATA_MISSING
https://hacecuentas.com/cl/calculadora-acciones-bolsa-santiago-chile-comisiones-broker,,CL,investments,,,,,OPTIMIZE_INTERNAL_LINKS,20,70,sin-enlaces-salientes,DATA_MISSING
https://hacecuentas.com/cl/calculadora-afp-pension-chile-2026-tabla-comisiones,,CL,retirement,,,,,OPTIMIZE_INTERNAL_LINKS,20,70,sin-enlaces-salientes,DATA_MISSING
https://hacecuentas.com/cl/calculadora-aguinaldo-fiestas-patrias-navidad-chile-2026,,CL,employment_termination,,,,,OPTIMIZE_INTERNAL_LINKS,20,70,sin-enlaces-salientes,DATA_MISSING
https://hacecuentas.com/cl/calculadora-aporte-empleador-empleado-chile-total-costo-laboral,,CL,business,,,,,OPTIMIZE_INTERNAL_LINKS,20,70,sin-enlaces-salientes,DATA_MISSING
https://hacecuentas.com/cl/calculadora-aporte-mutual-empresa-comparar-ist-asociacion-chilena,,CL,business,,,,,OPTIMIZE_INTERNAL_LINKS,20,70,sin-enlaces-salientes,DATA_MISSING
https://hacecuentas.com/cl/calculadora-aporte-previsional-solidario-aps-chile,,CL,retirement,,,,,OPTIMIZE_INTERNAL_LINKS,20,70,sin-enlaces-salientes,DATA_MISSING
https://hacecuentas.com/cl/calculadora-aporte-trabajador-honorarios-chile-cotizacion-obligatoria,,CL,taxes,,,,,OPTIMIZE_INTERNAL_LINKS,20,70,sin-enlaces-salientes,DATA_MISSING
https://hacecuentas.com/cl/calculadora-apv-beneficio-tributario-chile-regimen-a-b,,CL,savings,,,,,OPTIMIZE_INTERNAL_LINKS,20,70,sin-enlaces-salientes,DATA_MISSING
https://hacecuentas.com/cl/calculadora-arriendo-santiago-vina-concepcion-precio-promedio,,CL,utilities,,,,,OPTIMIZE_INTERNAL_LINKS,20,70,sin-enlaces-salientes,DATA_MISSING
https://hacecuentas.com/cl/calculadora-arriendo-vs-comprar-chile-10-anos-uf,,CL,savings,,,,,OPTIMIZE_INTERNAL_LINKS,20,70,sin-enlaces-salientes,DATA_MISSING
https://hacecuentas.com/cl/calculadora-asignacion-familiar-pareja-no-casados-chile-derechos,,CL,food,,,,,OPTIMIZE_INTERNAL_LINKS,20,70,sin-enlaces-salientes,DATA_MISSING
https://hacecuentas.com/cl/calculadora-asignacion-familiar-vs-gratuidad-chile,,CL,other,,,,,OPTIMIZE_INTERNAL_LINKS,20,70,sin-enlaces-salientes,DATA_MISSING
https://hacecuentas.com/cl/calculadora-asignacion-zona-extrema-chile-aysen-magallanes-arica,,CL,savings,,,,,OPTIMIZE_INTERNAL_LINKS,20,70,sin-enlaces-salientes,DATA_MISSING
https://hacecuentas.com/cl/calculadora-banca-digital-mach-tenpo-chita-tarjeta-comisiones,,CL,taxes,,,,,OPTIMIZE_INTERNAL_LINKS,20,70,sin-enlaces-salientes,DATA_MISSING
https://hacecuentas.com/cl/calculadora-becas-junaeb-chile-cuantia-requisitos-2026,,CL,education,,,,,OPTIMIZE_INTERNAL_LINKS,20,70,sin-enlaces-salientes,DATA_MISSING
https://hacecuentas.com/cl/calculadora-bono-cumplimiento-laboral-chile-pago-empresa,,CL,savings,,,,,OPTIMIZE_INTERNAL_LINKS,20,70,sin-enlaces-salientes,DATA_MISSING
https://hacecuentas.com/cl/calculadora-bono-electrico-chile-subsidio-cuenta-electrica,,CL,utilities,,,,,OPTIMIZE_INTERNAL_LINKS,20,70,sin-enlaces-salientes,DATA_MISSING
https://hacecuentas.com/cl/calculadora-bono-renta-chile-cuanto-vale-mi-tiempo-uf,,CL,utilities,,,,,OPTIMIZE_INTERNAL_LINKS,20,70,sin-enlaces-salientes,DATA_MISSING
https://hacecuentas.com/cl/calculadora-bonos-tesoro-chile-bcu-bce-rendimiento,,CL,savings,,,,,OPTIMIZE_INTERNAL_LINKS,20,70,sin-enlaces-salientes,DATA_MISSING
https://hacecuentas.com/cl/calculadora-cae-credito-aval-estado-chile-vs-becas,,CL,loans,,,,,OPTIMIZE_INTERNAL_LINKS,20,70,sin-enlaces-salientes,DATA_MISSING
https://hacecuentas.com/cl/calculadora-cae-credito-hipotecario-chile-bancos-2026,,CL,loans,,,,,OPTIMIZE_INTERNAL_LINKS,20,70,sin-enlaces-salientes,DATA_MISSING
https://hacecuentas.com/cl/calculadora-canasta-basica-mensual-chile-ine-2026,,CL,utilities,,,,,OPTIMIZE_INTERNAL_LINKS,20,70,sin-enlaces-salientes,DATA_MISSING
https://hacecuentas.com/cl/calculadora-canasta-mascota-perro-gato-chile-mensual,,CL,utilities,,,,,OPTIMIZE_INTERNAL_LINKS,20,70,sin-enlaces-salientes,DATA_MISSING
https://hacecuentas.com/cl/calculadora-cobre-precio-bolsa-chile-impacto-fiscal-codelco,,CL,savings,,,,,OPTIMIZE_INTERNAL_LINKS,20,70,sin-enlaces-salientes,DATA_MISSING
https://hacecuentas.com/cl/calculadora-coche-electrico-vs-gasolina-chile-tco-5-anos,,CL,automotive,,,,,OPTIMIZE_INTERNAL_LINKS,20,70,sin-enlaces-salientes,DATA_MISSING
https://hacecuentas.com/cl/calculadora-coste-funeral-promedio-chile-2026-cremacion-sepelio,,CL,utilities,,,,,OPTIMIZE_INTERNAL_LINKS,20,70,sin-enlaces-salientes,DATA_MISSING
https://hacecuentas.com/cl/calculadora-coste-inscripcion-conservador-bienes-raices-chile,,CL,utilities,,,,,OPTIMIZE_INTERNAL_LINKS,20,70,sin-enlaces-salientes,DATA_MISSING
https://hacecuentas.com/cl/calculadora-coste-medico-particular-vs-fonasa-isapre-chile,,CL,savings,,,,,OPTIMIZE_INTERNAL_LINKS,20,70,sin-enlaces-salientes,DATA_MISSING
https://hacecuentas.com/cl/calculadora-coste-vida-mensual-chile-soltero-pareja-familia,,CL,utilities,,,,,OPTIMIZE_INTERNAL_LINKS,20,70,sin-enlaces-salientes,DATA_MISSING
https://hacecuentas.com/cl/calculadora-credito-hipotecario-chile-uf-cmf-2026,,CL,loans,,,,,OPTIMIZE_INTERNAL_LINKS,20,70,sin-enlaces-salientes,DATA_MISSING
https://hacecuentas.com/cl/calculadora-crefacile-financiar-electrodomesticos-chile-cuota-cae,,CL,loans,,,,,OPTIMIZE_INTERNAL_LINKS,20,70,sin-enlaces-salientes,DATA_MISSING
https://hacecuentas.com/cl/calculadora-cripto-chile-impuestos-trader-2026-sii,,CL,taxes,,,,,OPTIMIZE_INTERNAL_LINKS,20,70,sin-enlaces-salientes,DATA_MISSING
https://hacecuentas.com/cl/calculadora-cuenta-2-afp-chile-aporte-voluntario-rendimiento,,CL,savings,,,,,OPTIMIZE_INTERNAL_LINKS,20,70,sin-enlaces-salientes,DATA_MISSING
https://hacecuentas.com/cl/calculadora-cuenta-rut-chile-banco-estado-comisiones,,CL,savings,,,,,OPTIMIZE_INTERNAL_LINKS,20,70,sin-enlaces-salientes,DATA_MISSING
https://hacecuentas.com/cl/calculadora-deposito-plazo-chile-bancos-2026-tasa,,CL,salary,,,,,OPTIMIZE_INTERNAL_LINKS,20,70,sin-enlaces-salientes,DATA_MISSING
https://hacecuentas.com/cl/calculadora-deposito-vista-vs-cuenta-corriente-chile-comisiones,,CL,savings,,,,,OPTIMIZE_INTERNAL_LINKS,20,70,sin-enlaces-salientes,DATA_MISSING
https://hacecuentas.com/cl/calculadora-divorcio-chile-cese-convivencia-3-anos,,CL,other,,,,,OPTIMIZE_INTERNAL_LINKS,20,70,sin-enlaces-salientes,DATA_MISSING
https://hacecuentas.com/cl/calculadora-divorcio-particion-bienes-chile-sociedad-conyugal-vs-separacion,,CL,other,,,,,OPTIMIZE_INTERNAL_LINKS,20,70,sin-enlaces-salientes,DATA_MISSING
https://hacecuentas.com/cl/calculadora-emprendedor-pyme-chile-puesta-marcha-1-dia,,CL,business,,,,,OPTIMIZE_INTERNAL_LINKS,20,70,sin-enlaces-salientes,DATA_MISSING
https://hacecuentas.com/cl/calculadora-finiquito-chile-completo-causal-despido,,CL,employment_termination,,,,,OPTIMIZE_INTERNAL_LINKS,20,70,sin-enlaces-salientes,DATA_MISSING
https://hacecuentas.com/cl/calculadora-fonasa-chile-tramos-a-b-c-d-cobertura,,CL,savings,,,,,OPTIMIZE_INTERNAL_LINKS,20,70,sin-enlaces-salientes,DATA_MISSING
https://hacecuentas.com/cl/calculadora-fondo-emergencia-chile-meses-gastos-recomendado,,CL,savings,,,,,OPTIMIZE_INTERNAL_LINKS,20,70,sin-enlaces-salientes,DATA_MISSING
https://hacecuentas.com/cl/calculadora-fondo-mutuo-vs-deposito-plazo-chile-rendimiento,,CL,savings,,,,,OPTIMIZE_INTERNAL_LINKS,20,70,sin-enlaces-salientes,DATA_MISSING
https://hacecuentas.com/cl/calculadora-fondos-mutuos-chile-rentabilidad-comparativa-2026,,CL,taxes,,,,,OPTIMIZE_INTERNAL_LINKS,20,70,sin-enlaces-salientes,DATA_MISSING
https://hacecuentas.com/cl/calculadora-gratificacion-legal-chile-25-porcentaje-4-75-utm,,CL,savings,,,,,OPTIMIZE_INTERNAL_LINKS,20,70,sin-enlaces-salientes,DATA_MISSING
https://hacecuentas.com/cl/calculadora-gratuidad-educacion-superior-chile-deciles-1-6,,CL,education,,,,,OPTIMIZE_INTERNAL_LINKS,20,70,sin-enlaces-salientes,DATA_MISSING
https://hacecuentas.com/cl/calculadora-honorarios-vs-contrato-chile-conveniencia-tributaria,,CL,taxes,,,,,OPTIMIZE_INTERNAL_LINKS,20,70,sin-enlaces-salientes,DATA_MISSING
https://hacecuentas.com/cl/calculadora-horas-extras-chile-recargo-50-ley-40-horas,,CL,other,,,,,OPTIMIZE_INTERNAL_LINKS,20,70,sin-enlaces-salientes,DATA_MISSING
https://hacecuentas.com/cl/calculadora-impuesto-aerolinea-chile-tasa-embarque-internacional,,CL,taxes,,,,,OPTIMIZE_INTERNAL_LINKS,20,70,sin-enlaces-salientes,DATA_MISSING
https://hacecuentas.com/cl/calculadora-impuesto-renta-arrendamiento-arrendador-chile,,CL,taxes,,,,,OPTIMIZE_INTERNAL_LINKS,20,70,sin-enlaces-salientes,DATA_MISSING
https://hacecuentas.com/cl/calculadora-impuesto-segunda-categoria-anual-chile-rentas-altas,,CL,taxes,,,,,OPTIMIZE_INTERNAL_LINKS,20,70,sin-enlaces-salientes,DATA_MISSING
https://hacecuentas.com/cl/calculadora-impuesto-seguro-vida-chile-prima-deduccion,,CL,taxes,,,,,OPTIMIZE_INTERNAL_LINKS,20,70,sin-enlaces-salientes,DATA_MISSING
https://hacecuentas.com/cl/calculadora-impuesto-territorial-contribuciones-bienes-raices-chile,,CL,taxes,,,,,OPTIMIZE_INTERNAL_LINKS,20,70,sin-enlaces-salientes,DATA_MISSING
https://hacecuentas.com/cl/calculadora-impuesto-timbres-estampillas-chile-credito-hipotecario,,CL,taxes,,,,,OPTIMIZE_INTERNAL_LINKS,20,70,sin-enlaces-salientes,DATA_MISSING
https://hacecuentas.com/cl/calculadora-impuesto-verde-vehiculo-nuevo-chile-sii,,CL,taxes,,,,,OPTIMIZE_INTERNAL_LINKS,20,70,sin-enlaces-salientes,DATA_MISSING
https://hacecuentas.com/cl/calculadora-indemnizacion-anos-servicio-chile-despido,,CL,employment_termination,,,,,OPTIMIZE_INTERNAL_LINKS,20,70,sin-enlaces-salientes,DATA_MISSING
https://hacecuentas.com/cl/calculadora-internet-fibra-chile-claro-vtr-mundo-mejor-precio,,CL,other,,,,,OPTIMIZE_INTERNAL_LINKS,20,70,sin-enlaces-salientes,DATA_MISSING
https://hacecuentas.com/cl/calculadora-inversion-departamento-arriendo-chile-yield-rentabilidad,,CL,investments,,,,,OPTIMIZE_INTERNAL_LINKS,20,70,sin-enlaces-salientes,DATA_MISSING
https://hacecuentas.com/cl/calculadora-iva-chile-19-porciento-tarifa-general,,CL,taxes,,,,,OPTIMIZE_INTERNAL_LINKS,20,70,sin-enlaces-salientes,DATA_MISSING
https://hacecuentas.com/cl/calculadora-iva-honorarios-chile-10-porciento-retencion,,CL,taxes,,,,,OPTIMIZE_INTERNAL_LINKS,20,70,sin-enlaces-salientes,DATA_MISSING
https://hacecuentas.com/cl/calculadora-iva-importacion-chile-aduanas-tope-30-dolares,,CL,taxes,,,,,OPTIMIZE_INTERNAL_LINKS,20,70,sin-enlaces-salientes,DATA_MISSING
https://hacecuentas.com/cl/calculadora-licencia-conducir-chile-renovacion-precio-vencimiento,,CL,automotive,,,,,OPTIMIZE_INTERNAL_LINKS,20,70,sin-enlaces-salientes,DATA_MISSING
https://hacecuentas.com/cl/calculadora-licencia-medica-chile-pago-subsidio-isapre-fonasa,,CL,savings,,,,,OPTIMIZE_INTERNAL_LINKS,20,70,sin-enlaces-salientes,DATA_MISSING
https://hacecuentas.com/cl/calculadora-mensualidad-universidad-privada-chile-uc-uss-uss,,CL,taxes,,,,,OPTIMIZE_INTERNAL_LINKS,20,70,sin-enlaces-salientes,DATA_MISSING
https://hacecuentas.com/cl/calculadora-multa-no-aviso-uoct-transito-comuna-chile-2026,,CL,automotive,,,,,OPTIMIZE_INTERNAL_LINKS,20,70,sin-enlaces-salientes,DATA_MISSING
https://hacecuentas.com/cl/calculadora-pago-anticipado-credito-hipotecario-chile-ahorro-uf,,CL,loans,,,,,OPTIMIZE_INTERNAL_LINKS,20,70,sin-enlaces-salientes,DATA_MISSING
https://hacecuentas.com/cl/calculadora-pago-electronico-chile-transbank-comisiones-onepay-mach,,CL,business,,,,,OPTIMIZE_INTERNAL_LINKS,20,70,sin-enlaces-salientes,DATA_MISSING
https://hacecuentas.com/cl/calculadora-pase-escolar-tne-chile-precio-2026-recargo,,CL,utilities,,,,,OPTIMIZE_INTERNAL_LINKS,20,70,sin-enlaces-salientes,DATA_MISSING
https://hacecuentas.com/cl/calculadora-pension-de-alimentos-mora-chile-registro-deudores,,CL,retirement,,,,,OPTIMIZE_INTERNAL_LINKS,20,70,sin-enlaces-salientes,DATA_MISSING
https://hacecuentas.com/cl/calculadora-pension-jubilacion-chile-edad-aportes-2026,,CL,retirement,,,,,OPTIMIZE_INTERNAL_LINKS,20,70,sin-enlaces-salientes,DATA_MISSING
https://hacecuentas.com/cl/calculadora-pension-viudez-vitalicia-chile-cuantia,,CL,retirement,,,,,OPTIMIZE_INTERNAL_LINKS,20,70,sin-enlaces-salientes,DATA_MISSING
https://hacecuentas.com/cl/calculadora-permiso-circulacion-chile-vehiculo-2026-comuna,,CL,automotive,,,,,OPTIMIZE_INTERNAL_LINKS,20,70,sin-enlaces-salientes,DATA_MISSING
https://hacecuentas.com/cl/calculadora-permiso-paternidad-chile-5-dias-corridos,,CL,other,,,,,OPTIMIZE_INTERNAL_LINKS,20,70,sin-enlaces-salientes,DATA_MISSING
https://hacecuentas.com/cl/calculadora-postnatal-prenatal-padre-chile-traspaso-6-semanas,,CL,other,,,,,OPTIMIZE_INTERNAL_LINKS,20,70,sin-enlaces-salientes,DATA_MISSING
https://hacecuentas.com/cl/calculadora-prestamo-personal-chile-cae-cmf-cuota,,CL,taxes,,,,,OPTIMIZE_INTERNAL_LINKS,20,70,sin-enlaces-salientes,DATA_MISSING
https://hacecuentas.com/cl/calculadora-pyme-chile-regimen-14d-tributacion-simplificada,,CL,taxes,,,,,OPTIMIZE_INTERNAL_LINKS,20,70,sin-enlaces-salientes,DATA_MISSING
https://hacecuentas.com/cl/calculadora-reajuste-arriendo-ipc-chile,,CL,other,,,,,OPTIMIZE_INTERNAL_LINKS,20,70,sin-enlaces-salientes,DATA_MISSING
https://hacecuentas.com/cl/calculadora-recibo-gas-chile-metrogas-lipigas-cilindro-vs-red,,CL,utilities,,,,,OPTIMIZE_INTERNAL_LINKS,20,70,sin-enlaces-salientes,DATA_MISSING
https://hacecuentas.com/cl/calculadora-recibo-luz-chile-enel-cge-saesa-tarifa-bt1,,CL,utilities,,,,,OPTIMIZE_INTERNAL_LINKS,20,70,sin-enlaces-salientes,DATA_MISSING
https://hacecuentas.com/cl/calculadora-renta-presunta-chile-agricola-transporte-mineria,,CL,taxes,,,,,OPTIMIZE_INTERNAL_LINKS,20,70,sin-enlaces-salientes,DATA_MISSING
https://hacecuentas.com/cl/calculadora-revision-tecnica-chile-precio-vencimiento,,CL,automotive,,,,,OPTIMIZE_INTERNAL_LINKS,20,70,sin-enlaces-salientes,DATA_MISSING
https://hacecuentas.com/cl/calculadora-saldo-afp-rentabilidad-multifondos-chile-2026,,CL,savings,,,,,OPTIMIZE_INTERNAL_LINKS,20,70,sin-enlaces-salientes,DATA_MISSING
https://hacecuentas.com/cl/calculadora-seguro-auto-chile-todo-riesgo-comparador-2026,,CL,automotive,,,,,OPTIMIZE_INTERNAL_LINKS,20,70,sin-enlaces-salientes,DATA_MISSING
https://hacecuentas.com/cl/calculadora-seguro-cesantia-chile-afc-cuota-fondo,,CL,loans,,,,,OPTIMIZE_INTERNAL_LINKS,20,70,sin-enlaces-salientes,DATA_MISSING
https://hacecuentas.com/cl/calculadora-semana-corrida-chile-remuneracion-variable,,CL,other,,,,,OPTIMIZE_INTERNAL_LINKS,20,70,sin-enlaces-salientes,DATA_MISSING
https://hacecuentas.com/cl/calculadora-soap-seguro-obligatorio-chile-precio-2026,,CL,automotive,,,,,OPTIMIZE_INTERNAL_LINKS,20,70,sin-enlaces-salientes,DATA_MISSING
https://hacecuentas.com/cl/calculadora-sueldo-liquido-chile-2026-impuesto-segunda-categoria,,CL,salary,,,,,OPTIMIZE_INTERNAL_LINKS,20,70,sin-enlaces-salientes,DATA_MISSING
https://hacecuentas.com/cl/calculadora-tarifa-vuelo-domestico-chile-impuestos-tasas-aeropuerto,,CL,taxes,,,,,OPTIMIZE_INTERNAL_LINKS,20,70,sin-enlaces-salientes,DATA_MISSING
https://hacecuentas.com/cl/calculadora-tarjeta-credito-chile-tasa-rotativa-pago-minimo,,CL,taxes,,,,,OPTIMIZE_INTERNAL_LINKS,20,70,sin-enlaces-salientes,DATA_MISSING
https://hacecuentas.com/cl/calculadora-tasacion-vivienda-chile-dictuc-perito-precio,,CL,utilities,,,,,OPTIMIZE_INTERNAL_LINKS,20,70,sin-enlaces-salientes,DATA_MISSING
https://hacecuentas.com/cl/calculadora-tipo-cambio-dolar-peso-chile-clp-banco-central,,CL,investments,,,,,OPTIMIZE_INTERNAL_LINKS,20,70,sin-enlaces-salientes,DATA_MISSING
https://hacecuentas.com/cl/calculadora-vacaciones-chile-15-dias-habiles-progresivas,,CL,employment_termination,,,,,OPTIMIZE_INTERNAL_LINKS,20,70,sin-enlaces-salientes,DATA_MISSING
https://hacecuentas.com/pe/calculadora-afp-vs-onp-peru,,PE,savings,,,,,OPTIMIZE_INTERNAL_LINKS,20,70,sin-enlaces-salientes,DATA_MISSING
https://hacecuentas.com/pe/calculadora-alquiler-asequible-ingreso-peru,,PE,salary,,,,,OPTIMIZE_INTERNAL_LINKS,20,70,sin-enlaces-salientes,DATA_MISSING
https://hacecuentas.com/pe/calculadora-aporte-onp-afp-independiente-peru,,PE,other,,,,,OPTIMIZE_INTERNAL_LINKS,20,70,sin-enlaces-salientes,DATA_MISSING
https://hacecuentas.com/pe/calculadora-asignacion-familiar-peru,,PE,savings,,,,,OPTIMIZE_INTERNAL_LINKS,20,70,sin-enlaces-salientes,DATA_MISSING
https://hacecuentas.com/pe/calculadora-comparador-comisiones-afp-peru,,PE,savings,,,,,OPTIMIZE_INTERNAL_LINKS,20,70,sin-enlaces-salientes,DATA_MISSING
https://hacecuentas.com/pe/calculadora-devolucion-renta-quinta-categoria-peru,,PE,taxes,,,,,OPTIMIZE_INTERNAL_LINKS,20,70,sin-enlaces-salientes,DATA_MISSING
https://hacecuentas.com/pe/calculadora-horas-extras-peru,,PE,other,,,,,OPTIMIZE_INTERNAL_LINKS,20,70,sin-enlaces-salientes,DATA_MISSING
https://hacecuentas.com/pe/calculadora-intereses-moratorios-sunat-peru,,PE,taxes,,,,,OPTIMIZE_INTERNAL_LINKS,20,70,sin-enlaces-salientes,DATA_MISSING
https://hacecuentas.com/pe/calculadora-liquidacion-trabajadora-hogar-peru,,PE,other,,,,,OPTIMIZE_INTERNAL_LINKS,20,70,sin-enlaces-salientes,DATA_MISSING
https://hacecuentas.com/pe/calculadora-pension-jubilacion-onp-peru,,PE,retirement,,,,,OPTIMIZE_INTERNAL_LINKS,20,70,sin-enlaces-salientes,DATA_MISSING
https://hacecuentas.com/pe/calculadora-subsidio-incapacidad-temporal-essalud-peru,,PE,other,,,,,OPTIMIZE_INTERNAL_LINKS,20,70,sin-enlaces-salientes,DATA_MISSING
https://hacecuentas.com/pe/calculadora-canasta-basica-peru-inei,,PE,utilities,,,,,OPTIMIZE_INTERNAL_LINKS,20,70,sin-enlaces-salientes,DATA_MISSING
https://hacecuentas.com/pe/calculadora-costo-constitucion-empresa-peru,,PE,business,,,,,OPTIMIZE_INTERNAL_LINKS,20,70,sin-enlaces-salientes,DATA_MISSING
https://hacecuentas.com/pe/calculadora-costo-laboral-total-empleador-peru,,PE,savings,,,,,OPTIMIZE_INTERNAL_LINKS,20,70,sin-enlaces-salientes,DATA_MISSING
https://hacecuentas.com/pe/calculadora-costo-universidad-privada-peru,,PE,taxes,,,,,OPTIMIZE_INTERNAL_LINKS,20,70,sin-enlaces-salientes,DATA_MISSING
https://hacecuentas.com/pe/calculadora-costo-vida-mensual-peru,,PE,utilities,,,,,OPTIMIZE_INTERNAL_LINKS,20,70,sin-enlaces-salientes,DATA_MISSING
https://hacecuentas.com/pe/calculadora-credito-hipotecario-peru,,PE,loans,,,,,OPTIMIZE_INTERNAL_LINKS,20,70,sin-enlaces-salientes,DATA_MISSING
https://hacecuentas.com/pe/calculadora-cts-peru-deposito-semestral,,PE,savings,,,,,OPTIMIZE_INTERNAL_LINKS,20,70,sin-enlaces-salientes,DATA_MISSING
https://hacecuentas.com/pe/calculadora-deposito-plazo-fijo-peru,,PE,investments,,,,,OPTIMIZE_INTERNAL_LINKS,20,70,sin-enlaces-salientes,DATA_MISSING
https://hacecuentas.com/pe/calculadora-descuento-tardanzas-faltas-peru,,PE,savings,,,,,OPTIMIZE_INTERNAL_LINKS,20,70,sin-enlaces-salientes,DATA_MISSING
https://hacecuentas.com/pe/calculadora-detracciones-igv-peru,,PE,investments,,,,,OPTIMIZE_INTERNAL_LINKS,20,70,sin-enlaces-salientes,DATA_MISSING
https://hacecuentas.com/pe/calculadora-essalud-aporte-peru,,PE,savings,,,,,OPTIMIZE_INTERNAL_LINKS,20,70,sin-enlaces-salientes,DATA_MISSING
https://hacecuentas.com/pe/calculadora-gratificacion-peru-julio-diciembre,,PE,savings,,,,,OPTIMIZE_INTERNAL_LINKS,20,70,sin-enlaces-salientes,DATA_MISSING
https://hacecuentas.com/pe/calculadora-gratificacion-trunca-peru,,PE,savings,,,,,OPTIMIZE_INTERNAL_LINKS,20,70,sin-enlaces-salientes,DATA_MISSING
https://hacecuentas.com/pe/calculadora-igv-peru,,PE,taxes,,,,,OPTIMIZE_INTERNAL_LINKS,20,70,sin-enlaces-salientes,DATA_MISSING
https://hacecuentas.com/pe/calculadora-impuesto-alcabala-peru,,PE,taxes,,,,,OPTIMIZE_INTERNAL_LINKS,20,70,sin-enlaces-salientes,DATA_MISSING
https://hacecuentas.com/pe/calculadora-impuesto-predial-peru,,PE,taxes,,,,,OPTIMIZE_INTERNAL_LINKS,20,70,sin-enlaces-salientes,DATA_MISSING
https://hacecuentas.com/pe/calculadora-impuesto-renta-empresa-regimen-general-peru,,PE,taxes,,,,,OPTIMIZE_INTERNAL_LINKS,20,70,sin-enlaces-salientes,DATA_MISSING
https://hacecuentas.com/pe/calculadora-impuesto-renta-quinta-categoria-peru,,PE,taxes,,,,,OPTIMIZE_INTERNAL_LINKS,20,70,sin-enlaces-salientes,DATA_MISSING
https://hacecuentas.com/pe/calculadora-impuesto-vehicular-peru,,PE,taxes,,,,,OPTIMIZE_INTERNAL_LINKS,20,70,sin-enlaces-salientes,DATA_MISSING
https://hacecuentas.com/pe/calculadora-indemnizacion-despido-arbitrario-peru,,PE,employment_termination,,,,,OPTIMIZE_INTERNAL_LINKS,20,70,sin-enlaces-salientes,DATA_MISSING
https://hacecuentas.com/pe/calculadora-itf-peru,,PE,taxes,,,,,OPTIMIZE_INTERNAL_LINKS,20,70,sin-enlaces-salientes,DATA_MISSING
https://hacecuentas.com/pe/calculadora-licencia-paternidad-peru,,PE,salary,,,,,OPTIMIZE_INTERNAL_LINKS,20,70,sin-enlaces-salientes,DATA_MISSING
https://hacecuentas.com/pe/calculadora-liquidacion-beneficios-sociales-peru,,PE,savings,,,,,OPTIMIZE_INTERNAL_LINKS,20,70,sin-enlaces-salientes,DATA_MISSING
https://hacecuentas.com/pe/calculadora-pension-65-peru,,PE,retirement,,,,,OPTIMIZE_INTERNAL_LINKS,20,70,sin-enlaces-salientes,DATA_MISSING
https://hacecuentas.com/pe/calculadora-pension-alimentos-peru,,PE,retirement,,,,,OPTIMIZE_INTERNAL_LINKS,20,70,sin-enlaces-salientes,DATA_MISSING
https://hacecuentas.com/pe/calculadora-pension-sobrevivencia-afp-peru,,PE,retirement,,,,,OPTIMIZE_INTERNAL_LINKS,20,70,sin-enlaces-salientes,DATA_MISSING
https://hacecuentas.com/pe/calculadora-prestamo-personal-tcea-peru,,PE,loans,,,,,OPTIMIZE_INTERNAL_LINKS,20,70,sin-enlaces-salientes,DATA_MISSING
https://hacecuentas.com/pe/calculadora-recibo-agua-sedapal-peru,,PE,utilities,,,,,OPTIMIZE_INTERNAL_LINKS,20,70,sin-enlaces-salientes,DATA_MISSING
https://hacecuentas.com/pe/calculadora-recibo-luz-peru-osinergmin,,PE,utilities,,,,,OPTIMIZE_INTERNAL_LINKS,20,70,sin-enlaces-salientes,DATA_MISSING
https://hacecuentas.com/pe/calculadora-regimen-especial-renta-rer-peru,,PE,loans,,,,,OPTIMIZE_INTERNAL_LINKS,20,70,sin-enlaces-salientes,DATA_MISSING
https://hacecuentas.com/pe/calculadora-regimen-mype-tributario-rmt-peru,,PE,business,,,,,OPTIMIZE_INTERNAL_LINKS,20,70,sin-enlaces-salientes,DATA_MISSING
https://hacecuentas.com/pe/calculadora-renta-cuarta-categoria-honorarios-peru,,PE,taxes,,,,,OPTIMIZE_INTERNAL_LINKS,20,70,sin-enlaces-salientes,DATA_MISSING
https://hacecuentas.com/pe/calculadora-renta-primera-categoria-alquiler-peru,,PE,taxes,,,,,OPTIMIZE_INTERNAL_LINKS,20,70,sin-enlaces-salientes,DATA_MISSING
https://hacecuentas.com/pe/calculadora-renta-segunda-categoria-ganancia-capital-peru,,PE,investments,,,,,OPTIMIZE_INTERNAL_LINKS,20,70,sin-enlaces-salientes,DATA_MISSING
https://hacecuentas.com/pe/calculadora-retiro-afp-jubilacion-peru,,PE,retirement,,,,,OPTIMIZE_INTERNAL_LINKS,20,70,sin-enlaces-salientes,DATA_MISSING
https://hacecuentas.com/pe/calculadora-revision-tecnica-vehicular-peru,,PE,automotive,,,,,OPTIMIZE_INTERNAL_LINKS,20,70,sin-enlaces-salientes,DATA_MISSING
https://hacecuentas.com/pe/calculadora-rus-nuevo-regimen-unico-simplificado-peru,,PE,loans,,,,,OPTIMIZE_INTERNAL_LINKS,20,70,sin-enlaces-salientes,DATA_MISSING
https://hacecuentas.com/pe/calculadora-salario-por-hora-dia-peru,,PE,salary,,,,,OPTIMIZE_INTERNAL_LINKS,20,70,sin-enlaces-salientes,DATA_MISSING
https://hacecuentas.com/pe/calculadora-sueldo-bruto-a-neto-peru,,PE,salary,,,,,OPTIMIZE_INTERNAL_LINKS,20,70,sin-enlaces-salientes,DATA_MISSING
https://hacecuentas.com/pe/calculadora-tarjeta-credito-pago-minimo-peru,,PE,loans,,,,,OPTIMIZE_INTERNAL_LINKS,20,70,sin-enlaces-salientes,DATA_MISSING
https://hacecuentas.com/pe/calculadora-utilidades-peru,,PE,savings,,,,,OPTIMIZE_INTERNAL_LINKS,20,70,sin-enlaces-salientes,DATA_MISSING
https://hacecuentas.com/pe/calculadora-vacaciones-truncas-peru,,PE,employment_termination,,,,,OPTIMIZE_INTERNAL_LINKS,20,70,sin-enlaces-salientes,DATA_MISSING
https://hacecuentas.com/ec/calculadora-anticipo-impuesto-renta-ecuador,,EC,taxes,,,,,OPTIMIZE_INTERNAL_LINKS,20,70,sin-enlaces-salientes,DATA_MISSING
https://hacecuentas.com/ec/calculadora-aporte-iess-ecuador,,EC,savings,,,,,OPTIMIZE_INTERNAL_LINKS,20,70,sin-enlaces-salientes,DATA_MISSING
https://hacecuentas.com/ec/calculadora-arriendo-maximo-legal-ecuador,,EC,utilities,,,,,OPTIMIZE_INTERNAL_LINKS,20,70,sin-enlaces-salientes,DATA_MISSING
https://hacecuentas.com/ec/calculadora-aporte-voluntario-iess-ecuador,,EC,other,,,,,OPTIMIZE_INTERNAL_LINKS,20,70,sin-enlaces-salientes,DATA_MISSING
https://hacecuentas.com/ec/calculadora-decimos-mensualizado-vs-acumulado-ecuador,,EC,other,,,,,OPTIMIZE_INTERNAL_LINKS,20,70,sin-enlaces-salientes,DATA_MISSING
https://hacecuentas.com/ec/calculadora-ingreso-anual-total-decimos-ecuador,,EC,savings,,,,,OPTIMIZE_INTERNAL_LINKS,20,70,sin-enlaces-salientes,DATA_MISSING
https://hacecuentas.com/ec/calculadora-jubilacion-patronal-ecuador,,EC,retirement,,,,,OPTIMIZE_INTERNAL_LINKS,20,70,sin-enlaces-salientes,DATA_MISSING
https://hacecuentas.com/ec/calculadora-multa-interes-mora-sri-ecuador,,EC,taxes,,,,,OPTIMIZE_INTERNAL_LINKS,20,70,sin-enlaces-salientes,DATA_MISSING
https://hacecuentas.com/ec/calculadora-rebaja-gastos-personales-ecuador,,EC,taxes,,,,,OPTIMIZE_INTERNAL_LINKS,20,70,sin-enlaces-salientes,DATA_MISSING
https://hacecuentas.com/ec/calculadora-retencion-honorarios-profesionales-ecuador,,EC,taxes,,,,,OPTIMIZE_INTERNAL_LINKS,20,70,sin-enlaces-salientes,DATA_MISSING
https://hacecuentas.com/ec/calculadora-salario-por-hora-ecuador,,EC,salary,,,,,OPTIMIZE_INTERNAL_LINKS,20,70,sin-enlaces-salientes,DATA_MISSING
https://hacecuentas.com/ec/calculadora-subsidio-enfermedad-iess-ecuador,,EC,other,,,,,OPTIMIZE_INTERNAL_LINKS,20,70,sin-enlaces-salientes,DATA_MISSING
https://hacecuentas.com/ec/calculadora-utilidades-tope-iess-ecuador,,EC,other,,,,,OPTIMIZE_INTERNAL_LINKS,20,70,sin-enlaces-salientes,DATA_MISSING
https://hacecuentas.com/ec/calculadora-canasta-basica-familiar-ecuador,,EC,utilities,,,,,OPTIMIZE_INTERNAL_LINKS,20,70,sin-enlaces-salientes,DATA_MISSING
https://hacecuentas.com/ec/calculadora-cesantia-iess-ecuador,,EC,savings,,,,,OPTIMIZE_INTERNAL_LINKS,20,70,sin-enlaces-salientes,DATA_MISSING
https://hacecuentas.com/ec/calculadora-constitucion-compania-sas-ecuador,,EC,food,,,,,OPTIMIZE_INTERNAL_LINKS,20,70,sin-enlaces-salientes,DATA_MISSING
https://hacecuentas.com/ec/calculadora-costo-laboral-total-empleador-ecuador,,EC,savings,,,,,OPTIMIZE_INTERNAL_LINKS,20,70,sin-enlaces-salientes,DATA_MISSING
https://hacecuentas.com/ec/calculadora-costo-universidad-privada-ecuador,,EC,taxes,,,,,OPTIMIZE_INTERNAL_LINKS,20,70,sin-enlaces-salientes,DATA_MISSING
https://hacecuentas.com/ec/calculadora-credito-vehicular-ecuador,,EC,loans,,,,,OPTIMIZE_INTERNAL_LINKS,20,70,sin-enlaces-salientes,DATA_MISSING
https://hacecuentas.com/ec/calculadora-decimo-cuarto-sueldo-ecuador,,EC,salary,,,,,OPTIMIZE_INTERNAL_LINKS,20,70,sin-enlaces-salientes,DATA_MISSING
https://hacecuentas.com/ec/calculadora-decimo-tercer-sueldo-ecuador,,EC,salary,,,,,OPTIMIZE_INTERNAL_LINKS,20,70,sin-enlaces-salientes,DATA_MISSING
https://hacecuentas.com/ec/calculadora-deposito-plazo-fijo-ecuador,,EC,taxes,,,,,OPTIMIZE_INTERNAL_LINKS,20,70,sin-enlaces-salientes,DATA_MISSING
https://hacecuentas.com/ec/calculadora-fondos-de-reserva-ecuador,,EC,savings,,,,,OPTIMIZE_INTERNAL_LINKS,20,70,sin-enlaces-salientes,DATA_MISSING
https://hacecuentas.com/ec/calculadora-horas-extra-suplementarias-ecuador,,EC,savings,,,,,OPTIMIZE_INTERNAL_LINKS,20,70,sin-enlaces-salientes,DATA_MISSING
https://hacecuentas.com/ec/calculadora-impuesto-1-5-por-mil-activos-ecuador,,EC,taxes,,,,,OPTIMIZE_INTERNAL_LINKS,20,70,sin-enlaces-salientes,DATA_MISSING
https://hacecuentas.com/ec/calculadora-impuesto-alcabala-ecuador,,EC,taxes,,,,,OPTIMIZE_INTERNAL_LINKS,20,70,sin-enlaces-salientes,DATA_MISSING
https://hacecuentas.com/ec/calculadora-impuesto-plusvalia-inmueble-ecuador,,EC,taxes,,,,,OPTIMIZE_INTERNAL_LINKS,20,70,sin-enlaces-salientes,DATA_MISSING
https://hacecuentas.com/ec/calculadora-impuesto-predial-ecuador,,EC,taxes,,,,,OPTIMIZE_INTERNAL_LINKS,20,70,sin-enlaces-salientes,DATA_MISSING
https://hacecuentas.com/ec/calculadora-impuesto-renta-ecuador,,EC,taxes,,,,,OPTIMIZE_INTERNAL_LINKS,20,70,sin-enlaces-salientes,DATA_MISSING
https://hacecuentas.com/ec/calculadora-impuesto-rodaje-vehiculos-ecuador,,EC,taxes,,,,,OPTIMIZE_INTERNAL_LINKS,20,70,sin-enlaces-salientes,DATA_MISSING
https://hacecuentas.com/ec/calculadora-impuesto-salida-divisas-isd-ecuador,,EC,taxes,,,,,OPTIMIZE_INTERNAL_LINKS,20,70,sin-enlaces-salientes,DATA_MISSING
https://hacecuentas.com/ec/calculadora-indemnizacion-despido-intempestivo-ecuador,,EC,employment_termination,,,,,OPTIMIZE_INTERNAL_LINKS,20,70,sin-enlaces-salientes,DATA_MISSING
https://hacecuentas.com/ec/calculadora-iva-ecuador,,EC,taxes,,,,,OPTIMIZE_INTERNAL_LINKS,20,70,sin-enlaces-salientes,DATA_MISSING
https://hacecuentas.com/ec/calculadora-liquidacion-finiquito-ecuador,,EC,savings,,,,,OPTIMIZE_INTERNAL_LINKS,20,70,sin-enlaces-salientes,DATA_MISSING
https://hacecuentas.com/ec/calculadora-matriculacion-vehicular-ecuador,,EC,automotive,,,,,OPTIMIZE_INTERNAL_LINKS,20,70,sin-enlaces-salientes,DATA_MISSING
https://hacecuentas.com/ec/calculadora-planilla-luz-cnel-ecuador,,EC,utilities,,,,,OPTIMIZE_INTERNAL_LINKS,20,70,sin-enlaces-salientes,DATA_MISSING
https://hacecuentas.com/ec/calculadora-retencion-fuente-dependencia-ecuador,,EC,taxes,,,,,OPTIMIZE_INTERNAL_LINKS,20,70,sin-enlaces-salientes,DATA_MISSING
https://hacecuentas.com/ec/calculadora-rimpe-emprendedor-ecuador,,EC,loans,,,,,OPTIMIZE_INTERNAL_LINKS,20,70,sin-enlaces-salientes,DATA_MISSING
https://hacecuentas.com/ec/calculadora-rimpe-negocio-popular-ecuador,,EC,loans,,,,,OPTIMIZE_INTERNAL_LINKS,20,70,sin-enlaces-salientes,DATA_MISSING
https://hacecuentas.com/ec/calculadora-salario-digno-ecuador,,EC,salary,,,,,OPTIMIZE_INTERNAL_LINKS,20,70,sin-enlaces-salientes,DATA_MISSING
https://hacecuentas.com/ec/calculadora-sueldo-neto-ecuador,,EC,salary,,,,,OPTIMIZE_INTERNAL_LINKS,20,70,sin-enlaces-salientes,DATA_MISSING
https://hacecuentas.com/ec/calculadora-tarjeta-credito-pago-minimo-ecuador,,EC,loans,,,,,OPTIMIZE_INTERNAL_LINKS,20,70,sin-enlaces-salientes,DATA_MISSING
https://hacecuentas.com/ec/calculadora-utilidades-ecuador,,EC,savings,,,,,OPTIMIZE_INTERNAL_LINKS,20,70,sin-enlaces-salientes,DATA_MISSING
https://hacecuentas.com/ve/calculadora-antiguedad-laboral-venezuela,,VE,other,,,,,OPTIMIZE_INTERNAL_LINKS,20,70,sin-enlaces-salientes,DATA_MISSING
https://hacecuentas.com/ve/calculadora-bono-nocturno-venezuela,,VE,other,,,,,OPTIMIZE_INTERNAL_LINKS,20,70,sin-enlaces-salientes,DATA_MISSING
https://hacecuentas.com/ve/calculadora-brecha-dolar-bcv-paralelo,,VE,investments,,,,,OPTIMIZE_INTERNAL_LINKS,20,70,sin-enlaces-salientes,DATA_MISSING
https://hacecuentas.com/ve/calculadora-cestaticket-bono-alimentacion-venezuela,,VE,other,,,,,OPTIMIZE_INTERNAL_LINKS,20,70,sin-enlaces-salientes,DATA_MISSING
https://hacecuentas.com/ve/calculadora-cuanto-vale-mi-sueldo-en-dolares-venezuela,,VE,salary,,,,,OPTIMIZE_INTERNAL_LINKS,20,70,sin-enlaces-salientes,DATA_MISSING
https://hacecuentas.com/ve/calculadora-cupo-gasolina-subsidiada-venezuela,,VE,utilities,,,,,OPTIMIZE_INTERNAL_LINKS,20,70,sin-enlaces-salientes,DATA_MISSING
https://hacecuentas.com/ve/calculadora-horas-extras-venezuela,,VE,other,,,,,OPTIMIZE_INTERNAL_LINKS,20,70,sin-enlaces-salientes,DATA_MISSING
https://hacecuentas.com/ve/calculadora-igtf-venezuela-3,,VE,investments,,,,,OPTIMIZE_INTERNAL_LINKS,20,70,sin-enlaces-salientes,DATA_MISSING
https://hacecuentas.com/ve/calculadora-inces-venezuela,,VE,taxes,,,,,OPTIMIZE_INTERNAL_LINKS,20,70,sin-enlaces-salientes,DATA_MISSING
https://hacecuentas.com/ve/calculadora-intereses-prestaciones-sociales-venezuela,,VE,other,,,,,OPTIMIZE_INTERNAL_LINKS,20,70,sin-enlaces-salientes,DATA_MISSING
https://hacecuentas.com/ve/calculadora-islr-venezuela-2026,,VE,taxes,,,,,OPTIMIZE_INTERNAL_LINKS,20,70,sin-enlaces-salientes,DATA_MISSING
https://hacecuentas.com/ve/calculadora-iva-venezuela-16,,VE,taxes,,,,,OPTIMIZE_INTERNAL_LINKS,20,70,sin-enlaces-salientes,DATA_MISSING
https://hacecuentas.com/ve/calculadora-liquidacion-finiquito-venezuela,,VE,savings,,,,,OPTIMIZE_INTERNAL_LINKS,20,70,sin-enlaces-salientes,DATA_MISSING
https://hacecuentas.com/ve/calculadora-preaviso-venezuela,,VE,employment_termination,,,,,OPTIMIZE_INTERNAL_LINKS,20,70,sin-enlaces-salientes,DATA_MISSING
https://hacecuentas.com/ve/calculadora-precio-dolares-a-bolivares-bcv-venezuela,,VE,taxes,,,,,OPTIMIZE_INTERNAL_LINKS,20,70,sin-enlaces-salientes,DATA_MISSING
https://hacecuentas.com/ve/calculadora-prestaciones-sociales-venezuela,,VE,savings,,,,,OPTIMIZE_INTERNAL_LINKS,20,70,sin-enlaces-salientes,DATA_MISSING
https://hacecuentas.com/ve/calculadora-remesa-zelle-bolivares-venezuela,,VE,taxes,,,,,OPTIMIZE_INTERNAL_LINKS,20,70,sin-enlaces-salientes,DATA_MISSING
https://hacecuentas.com/ve/calculadora-retencion-islr-venezuela,,VE,taxes,,,,,OPTIMIZE_INTERNAL_LINKS,20,70,sin-enlaces-salientes,DATA_MISSING
https://hacecuentas.com/ve/calculadora-retroactivo-aumento-sueldo-venezuela,,VE,salary,,,,,OPTIMIZE_INTERNAL_LINKS,20,70,sin-enlaces-salientes,DATA_MISSING
https://hacecuentas.com/ve/calculadora-salario-integral-venezuela,,VE,salary,,,,,OPTIMIZE_INTERNAL_LINKS,20,70,sin-enlaces-salientes,DATA_MISSING
https://hacecuentas.com/ve/calculadora-sueldo-neto-deducciones-venezuela,,VE,salary,,,,,OPTIMIZE_INTERNAL_LINKS,20,70,sin-enlaces-salientes,DATA_MISSING
https://hacecuentas.com/ve/calculadora-utilidades-aguinaldo-venezuela,,VE,employment_termination,,,,,OPTIMIZE_INTERNAL_LINKS,20,70,sin-enlaces-salientes,DATA_MISSING
https://hacecuentas.com/ve/calculadora-vacaciones-bono-vacacional-venezuela,,VE,employment_termination,,,,,OPTIMIZE_INTERNAL_LINKS,20,70,sin-enlaces-salientes,DATA_MISSING
https://hacecuentas.com/ve/cuanto-cuesta-llenar-tanque-gasolina-venezuela,,VE,utilities,,,,,OPTIMIZE_INTERNAL_LINKS,20,70,sin-enlaces-salientes,DATA_MISSING
https://hacecuentas.com/ve/cuanto-es-bolivares-en-dolares,,VE,taxes,,,,,OPTIMIZE_INTERNAL_LINKS,20,70,sin-enlaces-salientes,DATA_MISSING
https://hacecuentas.com/ve/cuanto-es-dolares-en-bolivares,,VE,taxes,,,,,OPTIMIZE_INTERNAL_LINKS,20,70,sin-enlaces-salientes,DATA_MISSING
https://hacecuentas.com/ve/cuanto-es-unidad-tributaria-bolivares,,VE,taxes,,,,,OPTIMIZE_INTERNAL_LINKS,20,70,sin-enlaces-salientes,DATA_MISSING
https://hacecuentas.com/ve/dolar-bcv-paralelo-bolivares-hoy,,VE,taxes,,,,,OPTIMIZE_INTERNAL_LINKS,20,70,sin-enlaces-salientes,DATA_MISSING
https://hacecuentas.com/py/bonificacion-familiar-paraguay,,PY,savings,,,,,OPTIMIZE_INTERNAL_LINKS,20,70,sin-enlaces-salientes,DATA_MISSING
https://hacecuentas.com/py/calculadora-costo-vida-paraguay,,PY,savings,,,,,OPTIMIZE_INTERNAL_LINKS,20,70,sin-enlaces-salientes,DATA_MISSING
https://hacecuentas.com/py/calculadora-cuantos-salarios-minimos-paraguay,,PY,salary,,,,,OPTIMIZE_INTERNAL_LINKS,20,70,sin-enlaces-salientes,DATA_MISSING
https://hacecuentas.com/py/calculadora-cuota-prestamo-paraguay,,PY,loans,,,,,OPTIMIZE_INTERNAL_LINKS,20,70,sin-enlaces-salientes,DATA_MISSING
https://hacecuentas.com/py/calculadora-horas-extras-paraguay,,PY,savings,,,,,OPTIMIZE_INTERNAL_LINKS,20,70,sin-enlaces-salientes,DATA_MISSING
https://hacecuentas.com/py/calculadora-iva-paraguay,,PY,taxes,,,,,OPTIMIZE_INTERNAL_LINKS,20,70,sin-enlaces-salientes,DATA_MISSING
https://hacecuentas.com/py/calculadora-liquidacion-final-paraguay,,PY,employment_termination,,,,,OPTIMIZE_INTERNAL_LINKS,20,70,sin-enlaces-salientes,DATA_MISSING
https://hacecuentas.com/py/calculadora-plazo-fijo-paraguay,,PY,investments,,,,,OPTIMIZE_INTERNAL_LINKS,20,70,sin-enlaces-salientes,DATA_MISSING
https://hacecuentas.com/py/calculadora-preaviso-paraguay,,PY,employment_termination,,,,,OPTIMIZE_INTERNAL_LINKS,20,70,sin-enlaces-salientes,DATA_MISSING
https://hacecuentas.com/py/calculadora-vacaciones-paraguay,,PY,employment_termination,,,,,OPTIMIZE_INTERNAL_LINKS,20,70,sin-enlaces-salientes,DATA_MISSING
https://hacecuentas.com/py/indemnizacion-despido-paraguay,,PY,employment_termination,,,,,OPTIMIZE_INTERNAL_LINKS,20,70,sin-enlaces-salientes,DATA_MISSING
https://hacecuentas.com/py/irp-paraguay-tramos,,PY,taxes,,,,,OPTIMIZE_INTERNAL_LINKS,20,70,sin-enlaces-salientes,DATA_MISSING
https://hacecuentas.com/uy/aguinaldo-uruguay,,UY,employment_termination,,,,,OPTIMIZE_INTERNAL_LINKS,20,70,sin-enlaces-salientes,DATA_MISSING
https://hacecuentas.com/uy/calculadora-aporte-patronal-uruguay,,UY,other,,,,,OPTIMIZE_INTERNAL_LINKS,20,70,sin-enlaces-salientes,DATA_MISSING
https://hacecuentas.com/uy/calculadora-bps-aportes,,UY,savings,,,,,OPTIMIZE_INTERNAL_LINKS,20,70,sin-enlaces-salientes,DATA_MISSING
https://hacecuentas.com/uy/calculadora-despido-uruguay,,UY,employment_termination,,,,,OPTIMIZE_INTERNAL_LINKS,20,70,sin-enlaces-salientes,DATA_MISSING
https://hacecuentas.com/uy/calculadora-fonasa-aporte-uruguay,,UY,taxes,,,,,OPTIMIZE_INTERNAL_LINKS,20,70,sin-enlaces-salientes,DATA_MISSING
https://hacecuentas.com/uy/calculadora-horas-extra-uruguay,,UY,savings,,,,,OPTIMIZE_INTERNAL_LINKS,20,70,sin-enlaces-salientes,DATA_MISSING
https://hacecuentas.com/uy/calculadora-iass-uruguay,,UY,retirement,,,,,OPTIMIZE_INTERNAL_LINKS,20,70,sin-enlaces-salientes,DATA_MISSING
https://hacecuentas.com/uy/calculadora-irae-uruguay,,UY,taxes,,,,,OPTIMIZE_INTERNAL_LINKS,20,70,sin-enlaces-salientes,DATA_MISSING
https://hacecuentas.com/uy/calculadora-irpf-aguinaldo-uruguay,,UY,employment_termination,,,,,OPTIMIZE_INTERNAL_LINKS,20,70,sin-enlaces-salientes,DATA_MISSING
https://hacecuentas.com/uy/calculadora-irpf-alquiler-uruguay,,UY,housing,,,,,OPTIMIZE_INTERNAL_LINKS,20,70,sin-enlaces-salientes,DATA_MISSING
https://hacecuentas.com/uy/calculadora-irpf-anual-devolucion-uruguay,,UY,taxes,,,,,OPTIMIZE_INTERNAL_LINKS,20,70,sin-enlaces-salientes,DATA_MISSING
https://hacecuentas.com/uy/calculadora-irpf-uruguay,,UY,taxes,,,,,OPTIMIZE_INTERNAL_LINKS,20,70,sin-enlaces-salientes,DATA_MISSING
https://hacecuentas.com/uy/calculadora-itp-uruguay,,UY,taxes,,,,,OPTIMIZE_INTERNAL_LINKS,20,70,sin-enlaces-salientes,DATA_MISSING
https://hacecuentas.com/uy/calculadora-iva-uruguay,,UY,taxes,,,,,OPTIMIZE_INTERNAL_LINKS,20,70,sin-enlaces-salientes,DATA_MISSING
https://hacecuentas.com/uy/calculadora-jubilacion-bps-uruguay,,UY,retirement,,,,,OPTIMIZE_INTERNAL_LINKS,20,70,sin-enlaces-salientes,DATA_MISSING
https://hacecuentas.com/uy/calculadora-licencia-uruguay,,UY,savings,,,,,OPTIMIZE_INTERNAL_LINKS,20,70,sin-enlaces-salientes,DATA_MISSING
https://hacecuentas.com/uy/calculadora-monotributo-uruguay,,UY,taxes,,,,,OPTIMIZE_INTERNAL_LINKS,20,70,sin-enlaces-salientes,DATA_MISSING
https://hacecuentas.com/uy/calculadora-salario-minimo-uruguay,,UY,salary,,,,,OPTIMIZE_INTERNAL_LINKS,20,70,sin-enlaces-salientes,DATA_MISSING
https://hacecuentas.com/uy/calculadora-subsidio-maternidad-uruguay,,UY,food,,,,,OPTIMIZE_INTERNAL_LINKS,20,70,sin-enlaces-salientes,DATA_MISSING
https://hacecuentas.com/uy/costo-empleador-uruguay,,UY,savings,,,,,OPTIMIZE_INTERNAL_LINKS,20,70,sin-enlaces-salientes,DATA_MISSING
https://hacecuentas.com/uy/irpf-servicios-personales-uruguay,,UY,taxes,,,,,OPTIMIZE_INTERNAL_LINKS,20,70,sin-enlaces-salientes,DATA_MISSING
https://hacecuentas.com/uy/liquidacion-final-uruguay,,UY,employment_termination,,,,,OPTIMIZE_INTERNAL_LINKS,20,70,sin-enlaces-salientes,DATA_MISSING
https://hacecuentas.com/uy/salario-liquido-uruguay,,UY,salary,,,,,OPTIMIZE_INTERNAL_LINKS,20,70,sin-enlaces-salientes,DATA_MISSING
https://hacecuentas.com/uy/salario-vacacional-uruguay,,UY,salary,,,,,OPTIMIZE_INTERNAL_LINKS,20,70,sin-enlaces-salientes,DATA_MISSING
https://hacecuentas.com/uy/sueldo-nominal-a-liquido-uruguay,,UY,salary,,,,,OPTIMIZE_INTERNAL_LINKS,20,70,sin-enlaces-salientes,DATA_MISSING
https://hacecuentas.com/do/calculadora-articulo-86-retraso-prestaciones-republica-dominicana,,DO,salary,,,,,OPTIMIZE_INTERNAL_LINKS,20,70,sin-enlaces-salientes,DATA_MISSING
https://hacecuentas.com/do/calculadora-bonificacion-republica-dominicana,,DO,savings,,,,,OPTIMIZE_INTERNAL_LINKS,20,70,sin-enlaces-salientes,DATA_MISSING
https://hacecuentas.com/do/calculadora-despido-injustificado-republica-dominicana,,DO,employment_termination,,,,,OPTIMIZE_INTERNAL_LINKS,20,70,sin-enlaces-salientes,DATA_MISSING
https://hacecuentas.com/do/calculadora-doble-sueldo-republica-dominicana,,DO,salary,,,,,OPTIMIZE_INTERNAL_LINKS,20,70,sin-enlaces-salientes,DATA_MISSING
https://hacecuentas.com/do/calculadora-horas-extras-republica-dominicana,,DO,savings,,,,,OPTIMIZE_INTERNAL_LINKS,20,70,sin-enlaces-salientes,DATA_MISSING
https://hacecuentas.com/do/calculadora-isr-republica-dominicana,,DO,taxes,,,,,OPTIMIZE_INTERNAL_LINKS,20,70,sin-enlaces-salientes,DATA_MISSING
https://hacecuentas.com/do/calculadora-marbete-republica-dominicana,,DO,taxes,,,,,OPTIMIZE_INTERNAL_LINKS,20,70,sin-enlaces-salientes,DATA_MISSING
https://hacecuentas.com/do/calculadora-pension-afp-republica-dominicana,,DO,retirement,,,,,OPTIMIZE_INTERNAL_LINKS,20,70,sin-enlaces-salientes,DATA_MISSING
https://hacecuentas.com/do/calculadora-retencion-isr-salario-republica-dominicana,,DO,salary,,,,,OPTIMIZE_INTERNAL_LINKS,20,70,sin-enlaces-salientes,DATA_MISSING
https://hacecuentas.com/do/calculadora-salario-minimo-republica-dominicana,,DO,salary,,,,,OPTIMIZE_INTERNAL_LINKS,20,70,sin-enlaces-salientes,DATA_MISSING
https://hacecuentas.com/do/calculadora-traspaso-vehiculo-republica-dominicana,,DO,taxes,,,,,OPTIMIZE_INTERNAL_LINKS,20,70,sin-enlaces-salientes,DATA_MISSING
https://hacecuentas.com/do/calculadora-tss-afp-sfs-republica-dominicana,,DO,savings,,,,,OPTIMIZE_INTERNAL_LINKS,20,70,sin-enlaces-salientes,DATA_MISSING
https://hacecuentas.com/do/calculadora-vacaciones-republica-dominicana,,DO,employment_termination,,,,,OPTIMIZE_INTERNAL_LINKS,20,70,sin-enlaces-salientes,DATA_MISSING
https://hacecuentas.com/do/costo-empleador-republica-dominicana,,DO,savings,,,,,OPTIMIZE_INTERNAL_LINKS,20,70,sin-enlaces-salientes,DATA_MISSING
https://hacecuentas.com/do/sueldo-bruto-a-neto-republica-dominicana,,DO,salary,,,,,OPTIMIZE_INTERNAL_LINKS,20,70,sin-enlaces-salientes,DATA_MISSING
https://hacecuentas.com/en/10000-hours-mastery-gladwell,,EN,education,,,,,OPTIMIZE_INTERNAL_LINKS,20,70,sin-enlaces-salientes,DATA_MISSING
https://hacecuentas.com/en/10k-projection-from-5k-riegel,,EN,sports_non_medical,,,,,OPTIMIZE_INTERNAL_LINKS,20,70,sin-enlaces-salientes,DATA_MISSING
https://hacecuentas.com/en/10k-training-plan-weeks,,EN,sports_non_medical,,,,,OPTIMIZE_INTERNAL_LINKS,20,70,sin-enlaces-salientes,DATA_MISSING
https://hacecuentas.com/en/1rm-bench-press-estimator,,EN,sports_non_medical,,,,,OPTIMIZE_INTERNAL_LINKS,20,70,sin-enlaces-salientes,DATA_MISSING
https://hacecuentas.com/en/1rm-calculator,,EN,sports_non_medical,,,,,OPTIMIZE_INTERNAL_LINKS,20,70,sin-enlaces-salientes,DATA_MISSING
https://hacecuentas.com/en/1rm-deadlift-estimator,,EN,food,,,,,OPTIMIZE_INTERNAL_LINKS,20,70,sin-enlaces-salientes,DATA_MISSING
https://hacecuentas.com/en/1rm-squat-estimator,,EN,food,,,,,OPTIMIZE_INTERNAL_LINKS,20,70,sin-enlaces-salientes,DATA_MISSING
https://hacecuentas.com/en/21k-training-plan-weeks,,EN,sports_non_medical,,,,,OPTIMIZE_INTERNAL_LINKS,20,70,sin-enlaces-salientes,DATA_MISSING
https://hacecuentas.com/en/2x2-linear-system-cramer-rule,,EN,mathematics,,,,,OPTIMIZE_INTERNAL_LINKS,20,70,sin-enlaces-salientes,DATA_MISSING
https://hacecuentas.com/en/2x2-matrix-determinant-inverse,,EN,mathematics,,,,,OPTIMIZE_INTERNAL_LINKS,20,70,sin-enlaces-salientes,DATA_MISSING
https://hacecuentas.com/en/3d-print-cost-per-part,,EN,other,,,,,OPTIMIZE_INTERNAL_LINKS,20,70,sin-enlaces-salientes,DATA_MISSING
https://hacecuentas.com/en/3d-print-time-layer-height,,EN,other,,,,,OPTIMIZE_INTERNAL_LINKS,20,70,sin-enlaces-salientes,DATA_MISSING
https://hacecuentas.com/en/401k-contribution-match-calculator,,EN,savings,,,,,OPTIMIZE_INTERNAL_LINKS,20,70,sin-enlaces-salientes,DATA_MISSING
https://hacecuentas.com/en/50-30-20-family-budget,,EN,savings,,,,,OPTIMIZE_INTERNAL_LINKS,20,70,sin-enlaces-salientes,DATA_MISSING
https://hacecuentas.com/en/5k-training-plan-weeks,,EN,sports_non_medical,,,,,OPTIMIZE_INTERNAL_LINKS,20,70,sin-enlaces-salientes,DATA_MISSING
https://hacecuentas.com/en/80-20-learning-curve-hours-mastery,,EN,education,,,,,OPTIMIZE_INTERNAL_LINKS,20,70,sin-enlaces-salientes,DATA_MISSING
https://hacecuentas.com/en/a1c-to-average-glucose,,EN,health_low_risk,,,,,OPTIMIZE_INTERNAL_LINKS,20,70,sin-enlaces-salientes,DATA_MISSING
https://hacecuentas.com/en/abdominal-circumference-cardiovascular-risk,,EN,health_low_risk,,,,,OPTIMIZE_INTERNAL_LINKS,20,70,sin-enlaces-salientes,DATA_MISSING
https://hacecuentas.com/en/aceite-motor-capacidad-cambio-km,,EN,automotive,,,,,OPTIMIZE_INTERNAL_LINKS,20,70,sin-enlaces-salientes,DATA_MISSING
https://hacecuentas.com/en/added-sugars-daily-oms-mg-grams,,EN,health_low_risk,,,,,OPTIMIZE_INTERNAL_LINKS,20,70,sin-enlaces-salientes,DATA_MISSING
https://hacecuentas.com/en/adolescent-final-height-prediction,,EN,other,,,,,OPTIMIZE_INTERNAL_LINKS,20,70,sin-enlaces-salientes,DATA_MISSING
https://hacecuentas.com/en/adult-sleep-hours-by-age,,EN,health_low_risk,,,,,OPTIMIZE_INTERNAL_LINKS,20,70,sin-enlaces-salientes,DATA_MISSING
https://hacecuentas.com/en/age-discuss-difficult-topics-with-kids,,EN,other,,,,,OPTIMIZE_INTERNAL_LINKS,20,70,sin-enlaces-salientes,DATA_MISSING
https://hacecuentas.com/en/athlete-hydration-calculator,,EN,sports_non_medical,,,,,OPTIMIZE_INTERNAL_LINKS,20,70,sin-enlaces-salientes,DATA_MISSING
https://hacecuentas.com/en/agua-riego-plantas-dia,,EN,other,,,,,OPTIMIZE_INTERNAL_LINKS,20,70,sin-enlaces-salientes,DATA_MISSING
https://hacecuentas.com/en/aguinaldo-calculator-argentina,,EN,employment_termination,,,,,OPTIMIZE_INTERNAL_LINKS,20,70,sin-enlaces-salientes,DATA_MISSING
https://hacecuentas.com/en/air-conditioning-btu-room-calculator,,EN,construction,,,,,OPTIMIZE_INTERNAL_LINKS,20,70,sin-enlaces-salientes,DATA_MISSING
https://hacecuentas.com/en/airbnb-short-term-rental-net-profit,,EN,savings,,,,,OPTIMIZE_INTERNAL_LINKS,20,70,sin-enlaces-salientes,DATA_MISSING
https://hacecuentas.com/en/airdrop-historical-value-tokens-qualifying,,EN,savings,,,,,OPTIMIZE_INTERNAL_LINKS,20,70,sin-enlaces-salientes,DATA_MISSING
https://hacecuentas.com/en/al30-gd30-bond-yield,,EN,food,,,,,OPTIMIZE_INTERNAL_LINKS,20,70,sin-enlaces-salientes,DATA_MISSING
https://hacecuentas.com/en/alcohol-calories-beer-wine-fernet,,EN,health_low_risk,,,,,OPTIMIZE_INTERNAL_LINKS,20,70,sin-enlaces-salientes,DATA_MISSING
https://hacecuentas.com/en/alcohol-per-guest-event-calculator,,EN,utilities,,,,,OPTIMIZE_INTERNAL_LINKS,20,70,sin-enlaces-salientes,DATA_MISSING
https://hacecuentas.com/en/aluminum-profile-linear-meters-window,,EN,construction,,,,,OPTIMIZE_INTERNAL_LINKS,20,70,sin-enlaces-salientes,DATA_MISSING
https://hacecuentas.com/en/alyc-commissions-calculator,,EN,savings,,,,,OPTIMIZE_INTERNAL_LINKS,20,70,sin-enlaces-salientes,DATA_MISSING
https://hacecuentas.com/en/amh-ovarian-reserve-age,,EN,health_low_risk,,,,,OPTIMIZE_INTERNAL_LINKS,20,70,sin-enlaces-salientes,DATA_MISSING
https://hacecuentas.com/en/amplifier-watts-per-channel,,EN,other,,,,,OPTIMIZE_INTERNAL_LINKS,20,70,sin-enlaces-salientes,DATA_MISSING
https://hacecuentas.com/en/anki-daily-flashcards-memorization-vocabulary,,EN,education,,,,,OPTIMIZE_INTERNAL_LINKS,20,70,sin-enlaces-salientes,DATA_MISSING
https://hacecuentas.com/en/annual-bonus-net,,EN,savings,,,,,OPTIMIZE_INTERNAL_LINKS,20,70,sin-enlaces-salientes,DATA_MISSING
https://hacecuentas.com/en/annual-car-co2-emissions,,EN,automotive,,,,,OPTIMIZE_INTERNAL_LINKS,20,70,sin-enlaces-salientes,DATA_MISSING
https://hacecuentas.com/en/annual-pet-carbon-footprint,,EN,food,,,,,OPTIMIZE_INTERNAL_LINKS,20,70,sin-enlaces-salientes,DATA_MISSING
https://hacecuentas.com/en/annual-refrigerator-energy-consumption-kwh,,EN,other,,,,,OPTIMIZE_INTERNAL_LINKS,20,70,sin-enlaces-salientes,DATA_MISSING
https://hacecuentas.com/en/annual-salary-to-hourly-rate-converter,,EN,mathematics,,,,,OPTIMIZE_INTERNAL_LINKS,20,70,sin-enlaces-salientes,DATA_MISSING
https://hacecuentas.com/en/annuity-payout-monthly-calculator,,EN,savings,,,,,OPTIMIZE_INTERNAL_LINKS,20,70,sin-enlaces-salientes,DATA_MISSING
https://hacecuentas.com/en/apy-defi-aave-compound,,EN,savings,,,,,OPTIMIZE_INTERNAL_LINKS,20,70,sin-enlaces-salientes,DATA_MISSING
https://hacecuentas.com/en/circle-area-perimeter-sector,,EN,mathematics,,,,,OPTIMIZE_INTERNAL_LINKS,20,70,sin-enlaces-salientes,DATA_MISSING
https://hacecuentas.com/en/arithmetic-progression-nth-term-sum,,EN,mathematics,,,,,OPTIMIZE_INTERNAL_LINKS,20,70,sin-enlaces-salientes,DATA_MISSING
https://hacecuentas.com/en/aumento-alquiler-trimestral-cuatrimestral-semestral,,EN,housing,,,,,OPTIMIZE_INTERNAL_LINKS,20,70,sin-enlaces-salientes,DATA_MISSING
https://hacecuentas.com/en/auto-debt-free-certificate-cost,,EN,automotive,,,,,OPTIMIZE_INTERNAL_LINKS,20,70,sin-enlaces-salientes,DATA_MISSING
https://hacecuentas.com/en/auto-insurance-monthly-premium-coverage,,EN,automotive,,,,,OPTIMIZE_INTERNAL_LINKS,20,70,sin-enlaces-salientes,DATA_MISSING
https://hacecuentas.com/en/baby-diaper-calculator,,EN,other,,,,,OPTIMIZE_INTERNAL_LINKS,20,70,sin-enlaces-salientes,DATA_MISSING
https://hacecuentas.com/en/baby-feeding-amount-by-age-calculator,,EN,other,,,,,OPTIMIZE_INTERNAL_LINKS,20,70,sin-enlaces-salientes,DATA_MISSING
https://hacecuentas.com/en/baby-name-meaning,,EN,health_low_risk,,,,,OPTIMIZE_INTERNAL_LINKS,20,70,sin-enlaces-salientes,DATA_MISSING
https://hacecuentas.com/en/baby-shoe-size,,EN,health_low_risk,,,,,OPTIMIZE_INTERNAL_LINKS,20,70,sin-enlaces-salientes,DATA_MISSING
https://hacecuentas.com/en/baby-shower-budget-calculator,,EN,other,,,,,OPTIMIZE_INTERNAL_LINKS,20,70,sin-enlaces-salientes,DATA_MISSING
https://hacecuentas.com/en/baby-sleep-hours-by-age-chart,,EN,other,,,,,OPTIMIZE_INTERNAL_LINKS,20,70,sin-enlaces-salientes,DATA_MISSING
https://hacecuentas.com/en/baby-sleep-hours-by-age,,EN,health_low_risk,,,,,OPTIMIZE_INTERNAL_LINKS,20,70,sin-enlaces-salientes,DATA_MISSING
https://hacecuentas.com/en/baby-teeth-eruption-timeline,,EN,health_low_risk,,,,,OPTIMIZE_INTERNAL_LINKS,20,70,sin-enlaces-salientes,DATA_MISSING
https://hacecuentas.com/en/bakers-percentage-calculator,,EN,food,,,,,OPTIMIZE_INTERNAL_LINKS,20,70,sin-enlaces-salientes,DATA_MISSING
https://hacecuentas.com/en/bandwidth-streaming-bitrate-resolution-youtube,,EN,other,,,,,OPTIMIZE_INTERNAL_LINKS,20,70,sin-enlaces-salientes,DATA_MISSING
https://hacecuentas.com/en/barrel-aging-whiskey-calculator,,EN,food,,,,,OPTIMIZE_INTERNAL_LINKS,20,70,sin-enlaces-salientes,DATA_MISSING
https://hacecuentas.com/en/basal-body-temperature-ovulation,,EN,health_low_risk,,,,,OPTIMIZE_INTERNAL_LINKS,20,70,sin-enlaces-salientes,DATA_MISSING
https://hacecuentas.com/en/base-conversion-decimal-binary-hex,,EN,mathematics,,,,,OPTIMIZE_INTERNAL_LINKS,20,70,sin-enlaces-salientes,DATA_MISSING
https://hacecuentas.com/en/baseboard-linear-meters,,EN,construction,,,,,OPTIMIZE_INTERNAL_LINKS,20,70,sin-enlaces-salientes,DATA_MISSING
https://hacecuentas.com/en/battery-capacity-runtime-ah,,EN,other,,,,,OPTIMIZE_INTERNAL_LINKS,20,70,sin-enlaces-salientes,DATA_MISSING
https://hacecuentas.com/en/battery-runtime-mah-calculator,,EN,other,,,,,OPTIMIZE_INTERNAL_LINKS,20,70,sin-enlaces-salientes,DATA_MISSING
https://hacecuentas.com/en/bbq-meat-portions-per-person,,EN,food,,,,,OPTIMIZE_INTERNAL_LINKS,20,70,sin-enlaces-salientes,DATA_MISSING
https://hacecuentas.com/en/bcra-interest-rate-savings-impact,,EN,savings,,,,,OPTIMIZE_INTERNAL_LINKS,20,70,sin-enlaces-salientes,DATA_MISSING
https://hacecuentas.com/en/best-languages-by-profession,,EN,education,,,,,OPTIMIZE_INTERNAL_LINKS,20,70,sin-enlaces-salientes,DATA_MISSING
https://hacecuentas.com/en/big-o-complexity-calculator,,EN,other,,,,,OPTIMIZE_INTERNAL_LINKS,20,70,sin-enlaces-salientes,DATA_MISSING
https://hacecuentas.com/en/bilingue-simultaneo-ninos,,EN,education,,,,,OPTIMIZE_INTERNAL_LINKS,20,70,sin-enlaces-salientes,DATA_MISSING
https://hacecuentas.com/en/binomial-probability-calculator,,EN,mathematics,,,,,OPTIMIZE_INTERNAL_LINKS,20,70,sin-enlaces-salientes,DATA_MISSING
https://hacecuentas.com/en/birthday-cake-servings-calculator,,EN,food,,,,,OPTIMIZE_INTERNAL_LINKS,20,70,sin-enlaces-salientes,DATA_MISSING
https://hacecuentas.com/en/bitcoin-halving-2028-proyeccion,,EN,savings,,,,,OPTIMIZE_INTERNAL_LINKS,20,70,sin-enlaces-salientes,DATA_MISSING
https://hacecuentas.com/en/bitcoin-profit-loss-calculator,,EN,savings,,,,,OPTIMIZE_INTERNAL_LINKS,20,70,sin-enlaces-salientes,DATA_MISSING
https://hacecuentas.com/en/blood-alcohol-bac-widmark,,EN,health_low_risk,,,,,OPTIMIZE_INTERNAL_LINKS,20,70,sin-enlaces-salientes,DATA_MISSING
https://hacecuentas.com/en/blood-oxygen-saturation-spo2-altitude,,EN,health_low_risk,,,,,OPTIMIZE_INTERNAL_LINKS,20,70,sin-enlaces-salientes,DATA_MISSING
https://hacecuentas.com/en/blood-oxygen-saturation-spo2,,EN,health_low_risk,,,,,OPTIMIZE_INTERNAL_LINKS,20,70,sin-enlaces-salientes,DATA_MISSING
https://hacecuentas.com/en/blood-pressure-normal-hypertension,,EN,health_low_risk,,,,,OPTIMIZE_INTERNAL_LINKS,20,70,sin-enlaces-salientes,DATA_MISSING
https://hacecuentas.com/en/blood-pressure-who-classification,,EN,health_low_risk,,,,,OPTIMIZE_INTERNAL_LINKS,20,70,sin-enlaces-salientes,DATA_MISSING
https://hacecuentas.com/en/blw-introduction-6-months,,EN,other,,,,,OPTIMIZE_INTERNAL_LINKS,20,70,sin-enlaces-salientes,DATA_MISSING
https://hacecuentas.com/en/bmi-seniors-65-plus-table,,EN,health_low_risk,,,,,OPTIMIZE_INTERNAL_LINKS,20,70,sin-enlaces-salientes,DATA_MISSING
https://hacecuentas.com/en/bmr-basal-harris-benedict-metabolism,,EN,health_low_risk,,,,,OPTIMIZE_INTERNAL_LINKS,20,70,sin-enlaces-salientes,DATA_MISSING
https://hacecuentas.com/en/bmr-mifflin-st-jeor-calculator,,EN,health_low_risk,,,,,OPTIMIZE_INTERNAL_LINKS,20,70,sin-enlaces-salientes,DATA_MISSING
https://hacecuentas.com/en/basal-metabolic-rate-calculator,,EN,health_low_risk,,,,,OPTIMIZE_INTERNAL_LINKS,20,70,sin-enlaces-salientes,DATA_MISSING
https://hacecuentas.com/en/body-composition-fat-vs-lean,,EN,health_low_risk,,,,,OPTIMIZE_INTERNAL_LINKS,20,70,sin-enlaces-salientes,DATA_MISSING
https://hacecuentas.com/en/bogleheads-3-fund-portfolio-calculator,,EN,savings,,,,,OPTIMIZE_INTERNAL_LINKS,20,70,sin-enlaces-salientes,DATA_MISSING
https://hacecuentas.com/en/boiler-kw-m2-heating,,EN,construction,,,,,OPTIMIZE_INTERNAL_LINKS,20,70,sin-enlaces-salientes,DATA_MISSING
https://hacecuentas.com/en/bond-al30-al35-al41-yield,,EN,savings,,,,,OPTIMIZE_INTERNAL_LINKS,20,70,sin-enlaces-salientes,DATA_MISSING
https://hacecuentas.com/en/bond-modified-duration,,EN,savings,,,,,OPTIMIZE_INTERNAL_LINKS,20,70,sin-enlaces-salientes,DATA_MISSING
https://hacecuentas.com/en/bond-present-value-zero-coupon,,EN,savings,,,,,OPTIMIZE_INTERNAL_LINKS,20,70,sin-enlaces-salientes,DATA_MISSING
https://hacecuentas.com/en/boxing-calories-burned,,EN,sports_non_medical,,,,,OPTIMIZE_INTERNAL_LINKS,20,70,sin-enlaces-salientes,DATA_MISSING
https://hacecuentas.com/en/bread-rising-time-yeast-calculator,,EN,food,,,,,OPTIMIZE_INTERNAL_LINKS,20,70,sin-enlaces-salientes,DATA_MISSING
https://hacecuentas.com/en/breast-milk-formula,,EN,health_low_risk,,,,,OPTIMIZE_INTERNAL_LINKS,20,70,sin-enlaces-salientes,DATA_MISSING
https://hacecuentas.com/en/breast-pump-production,,EN,health_low_risk,,,,,OPTIMIZE_INTERNAL_LINKS,20,70,sin-enlaces-salientes,DATA_MISSING
https://hacecuentas.com/en/breastfeeding-calories,,EN,health_low_risk,,,,,OPTIMIZE_INTERNAL_LINKS,20,70,sin-enlaces-salientes,DATA_MISSING
https://hacecuentas.com/en/bricks-per-square-meter-wall,,EN,construction,,,,,OPTIMIZE_INTERNAL_LINKS,20,70,sin-enlaces-salientes,DATA_MISSING
https://hacecuentas.com/en/bridge-fee-cripto-crosschain-costo,,EN,investments,,,,,OPTIMIZE_INTERNAL_LINKS,20,70,sin-enlaces-salientes,DATA_MISSING
https://hacecuentas.com/en/btc-nasdaq-sp500-correlation,,EN,savings,,,,,OPTIMIZE_INTERNAL_LINKS,20,70,sin-enlaces-salientes,DATA_MISSING
https://hacecuentas.com/en/buoyancy-force-volume,,EN,statistics,,,,,OPTIMIZE_INTERNAL_LINKS,20,70,sin-enlaces-salientes,DATA_MISSING
https://hacecuentas.com/en/burnout-mbi-assessment,,EN,health_low_risk,,,,,OPTIMIZE_INTERNAL_LINKS,20,70,sin-enlaces-salientes,DATA_MISSING
https://hacecuentas.com/en/cable-awg-amperage-section,,EN,other,,,,,OPTIMIZE_INTERNAL_LINKS,20,70,sin-enlaces-salientes,DATA_MISSING
https://hacecuentas.com/en/cafeina-dosis-rendimiento,,EN,sports_non_medical,,,,,OPTIMIZE_INTERNAL_LINKS,20,70,sin-enlaces-salientes,DATA_MISSING
https://hacecuentas.com/en/cafeina-dosis-segura-diaria-peso,,EN,health_low_risk,,,,,OPTIMIZE_INTERNAL_LINKS,20,70,sin-enlaces-salientes,DATA_MISSING
https://hacecuentas.com/en/cagr-calculator,,EN,savings,,,,,OPTIMIZE_INTERNAL_LINKS,20,70,sin-enlaces-salientes,DATA_MISSING
https://hacecuentas.com/en/calcium-daily-intake-by-age-lactation-menopause,,EN,health_low_risk,,,,,OPTIMIZE_INTERNAL_LINKS,20,70,sin-enlaces-salientes,DATA_MISSING
https://hacecuentas.com/en/caldera-potencia-kw-ambiente-metros,,EN,construction,,,,,OPTIMIZE_INTERNAL_LINKS,20,70,sin-enlaces-salientes,DATA_MISSING
https://hacecuentas.com/en/pittsburgh-sleep-quality-index,,EN,utilities,,,,,OPTIMIZE_INTERNAL_LINKS,20,70,sin-enlaces-salientes,DATA_MISSING
https://hacecuentas.com/en/walking-calories-calculator,,EN,health_low_risk,,,,,OPTIMIZE_INTERNAL_LINKS,20,70,sin-enlaces-salientes,DATA_MISSING
https://hacecuentas.com/en/cycling-calories-calculator,,EN,sports_non_medical,,,,,OPTIMIZE_INTERNAL_LINKS,20,70,sin-enlaces-salientes,DATA_MISSING
https://hacecuentas.com/en/calories-burned-calculator,,EN,sports_non_medical,,,,,OPTIMIZE_INTERNAL_LINKS,20,70,sin-enlaces-salientes,DATA_MISSING
https://hacecuentas.com/en/swimming-calories-calculator,,EN,sports_non_medical,,,,,OPTIMIZE_INTERNAL_LINKS,20,70,sin-enlaces-salientes,DATA_MISSING
https://hacecuentas.com/en/tdee-calorie-calculator,,EN,health_low_risk,,,,,OPTIMIZE_INTERNAL_LINKS,20,70,sin-enlaces-salientes,DATA_MISSING
https://hacecuentas.com/en/caloric-surplus-muscle-gain,,EN,sports_non_medical,,,,,OPTIMIZE_INTERNAL_LINKS,20,70,sin-enlaces-salientes,DATA_MISSING
https://hacecuentas.com/en/calories-burned-household-chores,,EN,health_low_risk,,,,,OPTIMIZE_INTERNAL_LINKS,20,70,sin-enlaces-salientes,DATA_MISSING
https://hacecuentas.com/en/cantidad-hamburguesas-parrilla-cumpleanos,,EN,events,,,,,OPTIMIZE_INTERNAL_LINKS,20,70,sin-enlaces-salientes,DATA_MISSING
https://hacecuentas.com/en/car-battery-cca-calculator,,EN,automotive,,,,,OPTIMIZE_INTERNAL_LINKS,20,70,sin-enlaces-salientes,DATA_MISSING
https://hacecuentas.com/en/car-depreciation-annual-residual-value,,EN,automotive,,,,,OPTIMIZE_INTERNAL_LINKS,20,70,sin-enlaces-salientes,DATA_MISSING
https://hacecuentas.com/en/car-deregistration-scrapping,,EN,savings,,,,,OPTIMIZE_INTERNAL_LINKS,20,70,sin-enlaces-salientes,DATA_MISSING
https://hacecuentas.com/en/car-loan-monthly-payment-calculator,,EN,savings,,,,,OPTIMIZE_INTERNAL_LINKS,20,70,sin-enlaces-salientes,DATA_MISSING
https://hacecuentas.com/en/carbohydrates-during-exercise,,EN,sports_non_medical,,,,,OPTIMIZE_INTERNAL_LINKS,20,70,sin-enlaces-salientes,DATA_MISSING
https://hacecuentas.com/en/carbon-offset-trees-flight,,EN,food,,,,,OPTIMIZE_INTERNAL_LINKS,20,70,sin-enlaces-salientes,DATA_MISSING
https://hacecuentas.com/en/caregiver-child-ratio-by-age,,EN,other,,,,,OPTIMIZE_INTERNAL_LINKS,20,70,sin-enlaces-salientes,DATA_MISSING
https://hacecuentas.com/en/cat-age-to-human-years,,EN,pets_non_medical,,,,,OPTIMIZE_INTERNAL_LINKS,20,70,sin-enlaces-salientes,DATA_MISSING
https://hacecuentas.com/en/cedear-dividend-yield-2026,,EN,investments,,,,,OPTIMIZE_INTERNAL_LINKS,20,70,sin-enlaces-salientes,DATA_MISSING
https://hacecuentas.com/en/cedears-ratio-conversion-apple-microsoft,,EN,investments,,,,,OPTIMIZE_INTERNAL_LINKS,20,70,sin-enlaces-salientes,DATA_MISSING
https://hacecuentas.com/en/cedular-investment-income-tax,,EN,savings,,,,,OPTIMIZE_INTERNAL_LINKS,20,70,sin-enlaces-salientes,DATA_MISSING
https://hacecuentas.com/en/celiac-gluten-free-tacc-foods,,EN,health_low_risk,,,,,OPTIMIZE_INTERNAL_LINKS,20,70,sin-enlaces-salientes,DATA_MISSING
https://hacecuentas.com/en/ceramic-tile-adhesive-bags,,EN,construction,,,,,OPTIMIZE_INTERNAL_LINKS,20,70,sin-enlaces-salientes,DATA_MISSING
https://hacecuentas.com/en/ceramic-tile-calculator,,EN,construction,,,,,OPTIMIZE_INTERNAL_LINKS,20,70,sin-enlaces-salientes,DATA_MISSING
https://hacecuentas.com/en/ceramic-tiles-m2-boxes,,EN,construction,,,,,OPTIMIZE_INTERNAL_LINKS,20,70,sin-enlaces-salientes,DATA_MISSING
https://hacecuentas.com/en/cft-personal-loan-calculator,,EN,savings,,,,,OPTIMIZE_INTERNAL_LINKS,20,70,sin-enlaces-salientes,DATA_MISSING
https://hacecuentas.com/en/child-allowance-by-age,,EN,other,,,,,OPTIMIZE_INTERNAL_LINKS,20,70,sin-enlaces-salientes,DATA_MISSING
https://hacecuentas.com/en/child-bmi-percentile,,EN,health_low_risk,,,,,OPTIMIZE_INTERNAL_LINKS,20,70,sin-enlaces-salientes,DATA_MISSING
https://hacecuentas.com/en/child-support-percentage-salary,,EN,savings,,,,,OPTIMIZE_INTERNAL_LINKS,20,70,sin-enlaces-salientes,DATA_MISSING
https://hacecuentas.com/en/choking-heimlich-age-maneuver,,EN,health_low_risk,,,,,OPTIMIZE_INTERNAL_LINKS,20,70,sin-enlaces-salientes,DATA_MISSING
https://hacecuentas.com/en/cholesterol-total-ldl-hdl-levels,,EN,health_low_risk,,,,,OPTIMIZE_INTERNAL_LINKS,20,70,sin-enlaces-salientes,DATA_MISSING
https://hacecuentas.com/en/cidr-subnetting-calculator,,EN,other,,,,,OPTIMIZE_INTERNAL_LINKS,20,70,sin-enlaces-salientes,DATA_MISSING
https://hacecuentas.com/en/claude-gemini-tokens-pricing-comparison,,EN,other,,,,,OPTIMIZE_INTERNAL_LINKS,20,70,sin-enlaces-salientes,DATA_MISSING
https://hacecuentas.com/en/cloud-aws-gcp-azure-ec2-monthly-on-demand,,EN,other,,,,,OPTIMIZE_INTERNAL_LINKS,20,70,sin-enlaces-salientes,DATA_MISSING
https://hacecuentas.com/en/co2-savings-idle-chargers,,EN,other,,,,,OPTIMIZE_INTERNAL_LINKS,20,70,sin-enlaces-salientes,DATA_MISSING
https://hacecuentas.com/en/code-lines-project-complexity-kloc,,EN,other,,,,,OPTIMIZE_INTERNAL_LINKS,20,70,sin-enlaces-salientes,DATA_MISSING
https://hacecuentas.com/en/coffee-hydration-myths,,EN,health_low_risk,,,,,OPTIMIZE_INTERNAL_LINKS,20,70,sin-enlaces-salientes,DATA_MISSING
https://hacecuentas.com/en/coffee-water-ratio-brewing-calculator,,EN,food,,,,,OPTIMIZE_INTERNAL_LINKS,20,70,sin-enlaces-salientes,DATA_MISSING
https://hacecuentas.com/en/cold-wallet-vs-hot-wallet-riesgo,,EN,savings,,,,,OPTIMIZE_INTERNAL_LINKS,20,70,sin-enlaces-salientes,DATA_MISSING
https://hacecuentas.com/en/combinations-n-choose-k,,EN,mathematics,,,,,OPTIMIZE_INTERNAL_LINKS,20,70,sin-enlaces-salientes,DATA_MISSING
https://hacecuentas.com/en/comida-gato-gramos-peso-ideal-racion,,EN,food,,,,,OPTIMIZE_INTERNAL_LINKS,20,70,sin-enlaces-salientes,DATA_MISSING
https://hacecuentas.com/en/complete-vegan-protein-combinations,,EN,food,,,,,OPTIMIZE_INTERNAL_LINKS,20,70,sin-enlaces-salientes,DATA_MISSING
https://hacecuentas.com/en/compost-maturation-time,,EN,other,,,,,OPTIMIZE_INTERNAL_LINKS,20,70,sin-enlaces-salientes,DATA_MISSING
https://hacecuentas.com/en/compound-interest-calculator,,EN,savings,,,,,OPTIMIZE_INTERNAL_LINKS,20,70,sin-enlaces-salientes,DATA_MISSING
https://hacecuentas.com/en/conception-date-from-due-date-calculator,,EN,other,,,,,OPTIMIZE_INTERNAL_LINKS,20,70,sin-enlaces-salientes,DATA_MISSING
https://hacecuentas.com/en/concrete-beam-sizing-dimensions,,EN,food,,,,,OPTIMIZE_INTERNAL_LINKS,20,70,sin-enlaces-salientes,DATA_MISSING
https://hacecuentas.com/en/concrete-mix-ratio-calculator,,EN,construction,,,,,OPTIMIZE_INTERNAL_LINKS,20,70,sin-enlaces-salientes,DATA_MISSING
https://hacecuentas.com/en/condo-fees-apartment-m2-category,,EN,food,,,,,OPTIMIZE_INTERNAL_LINKS,20,70,sin-enlaces-salientes,DATA_MISSING
https://hacecuentas.com/en/cone-volume-radius-height,,EN,mathematics,,,,,OPTIMIZE_INTERNAL_LINKS,20,70,sin-enlaces-salientes,DATA_MISSING
https://hacecuentas.com/en/continuous-footing-m3-concrete,,EN,construction,,,,,OPTIMIZE_INTERNAL_LINKS,20,70,sin-enlaces-salientes,DATA_MISSING
https://hacecuentas.com/en/conversion-btu-kcal-air-conditioning,,EN,mathematics,,,,,OPTIMIZE_INTERNAL_LINKS,20,70,sin-enlaces-salientes,DATA_MISSING
https://hacecuentas.com/en/conversion-bytes-kb-mb-gb-tb,,EN,other,,,,,OPTIMIZE_INTERNAL_LINKS,20,70,sin-enlaces-salientes,DATA_MISSING
https://hacecuentas.com/en/conversion-celsius-fahrenheit-kelvin,,EN,mathematics,,,,,OPTIMIZE_INTERNAL_LINKS,20,70,sin-enlaces-salientes,DATA_MISSING
https://hacecuentas.com/en/conversion-degrees-radians-gradians,,EN,mathematics,,,,,OPTIMIZE_INTERNAL_LINKS,20,70,sin-enlaces-salientes,DATA_MISSING
https://hacecuentas.com/en/conversion-gallons-to-liters-us-uk,,EN,mathematics,,,,,OPTIMIZE_INTERNAL_LINKS,20,70,sin-enlaces-salientes,DATA_MISSING
https://hacecuentas.com/en/conversion-meters-to-feet,,EN,mathematics,,,,,OPTIMIZE_INTERNAL_LINKS,20,70,sin-enlaces-salientes,DATA_MISSING
https://hacecuentas.com/en/conversion-miles-kilometers,,EN,mathematics,,,,,OPTIMIZE_INTERNAL_LINKS,20,70,sin-enlaces-salientes,DATA_MISSING
https://hacecuentas.com/en/conversion-ounce-gram-cooking,,EN,mathematics,,,,,OPTIMIZE_INTERNAL_LINKS,20,70,sin-enlaces-salientes,DATA_MISSING
https://hacecuentas.com/en/conversion-ppm-mg-l-quimica-agua,,EN,mathematics,,,,,OPTIMIZE_INTERNAL_LINKS,20,70,sin-enlaces-salientes,DATA_MISSING
https://hacecuentas.com/en/conversion-torque-nm-lb-ft-kgm,,EN,automotive,,,,,OPTIMIZE_INTERNAL_LINKS,20,70,sin-enlaces-salientes,DATA_MISSING
https://hacecuentas.com/en/cornell-notes-chapter-study-time,,EN,education,,,,,OPTIMIZE_INTERNAL_LINKS,20,70,sin-enlaces-salientes,DATA_MISSING
https://hacecuentas.com/en/aws-ec2-monthly-cost-calculator,,EN,other,,,,,OPTIMIZE_INTERNAL_LINKS,20,70,sin-enlaces-salientes,DATA_MISSING
https://hacecuentas.com/en/cpr-bls-chest-compressions-rate,,EN,health_low_risk,,,,,OPTIMIZE_INTERNAL_LINKS,20,70,sin-enlaces-salientes,DATA_MISSING
https://hacecuentas.com/en/creatine-loading-maintenance,,EN,health_low_risk,,,,,OPTIMIZE_INTERNAL_LINKS,20,70,sin-enlaces-salientes,DATA_MISSING
https://hacecuentas.com/en/credit-card-minimum-payment,,EN,savings,,,,,OPTIMIZE_INTERNAL_LINKS,20,70,sin-enlaces-salientes,DATA_MISSING
https://hacecuentas.com/en/credit-card-payoff-time-calculator,,EN,savings,,,,,OPTIMIZE_INTERNAL_LINKS,20,70,sin-enlaces-salientes,DATA_MISSING
https://hacecuentas.com/en/criminal-background-certificate-cost,,EN,savings,,,,,OPTIMIZE_INTERNAL_LINKS,20,70,sin-enlaces-salientes,DATA_MISSING
https://hacecuentas.com/en/critical-power-cp,,EN,sports_non_medical,,,,,OPTIMIZE_INTERNAL_LINKS,20,70,sin-enlaces-salientes,DATA_MISSING
https://hacecuentas.com/en/crossfit-fran-benchmark-time,,EN,sports_non_medical,,,,,OPTIMIZE_INTERNAL_LINKS,20,70,sin-enlaces-salientes,DATA_MISSING
https://hacecuentas.com/en/crypto-balance-to-local-currency,,EN,savings,,,,,OPTIMIZE_INTERNAL_LINKS,20,70,sin-enlaces-salientes,DATA_MISSING
https://hacecuentas.com/en/cups-to-grams-converter,,EN,food,,,,,OPTIMIZE_INTERNAL_LINKS,20,70,sin-enlaces-salientes,DATA_MISSING
https://hacecuentas.com/en/currency-converter,,EN,savings,,,,,OPTIMIZE_INTERNAL_LINKS,20,70,sin-enlaces-salientes,DATA_MISSING
https://hacecuentas.com/en/curtain-fabric-window-calculator,,EN,construction,,,,,OPTIMIZE_INTERNAL_LINKS,20,70,sin-enlaces-salientes,DATA_MISSING
https://hacecuentas.com/en/cylinder-volume-radius-height,,EN,mathematics,,,,,OPTIMIZE_INTERNAL_LINKS,20,70,sin-enlaces-salientes,DATA_MISSING
https://hacecuentas.com/en/daily-caffeine-safe-maximum-cups,,EN,health_low_risk,,,,,OPTIMIZE_INTERNAL_LINKS,20,70,sin-enlaces-salientes,DATA_MISSING
https://hacecuentas.com/en/daily-calcium-intake,,EN,health_low_risk,,,,,OPTIMIZE_INTERNAL_LINKS,20,70,sin-enlaces-salientes,DATA_MISSING
https://hacecuentas.com/en/daily-dietary-fiber-intake-calculator,,EN,health_low_risk,,,,,OPTIMIZE_INTERNAL_LINKS,20,70,sin-enlaces-salientes,DATA_MISSING
https://hacecuentas.com/en/daily-iron-requirements-by-sex-age,,EN,health_low_risk,,,,,OPTIMIZE_INTERNAL_LINKS,20,70,sin-enlaces-salientes,DATA_MISSING
https://hacecuentas.com/en/daily-protein-intake-by-goal-calculator,,EN,health_low_risk,,,,,OPTIMIZE_INTERNAL_LINKS,20,70,sin-enlaces-salientes,DATA_MISSING
https://hacecuentas.com/en/daily-sodium-intake-mg-hypertension,,EN,health_low_risk,,,,,OPTIMIZE_INTERNAL_LINKS,20,70,sin-enlaces-salientes,DATA_MISSING
https://hacecuentas.com/en/daily-steps-calculator,,EN,health_low_risk,,,,,OPTIMIZE_INTERNAL_LINKS,20,70,sin-enlaces-salientes,DATA_MISSING
https://hacecuentas.com/en/daily-water-intake-by-weight-calculator,,EN,health_low_risk,,,,,OPTIMIZE_INTERNAL_LINKS,20,70,sin-enlaces-salientes,DATA_MISSING
https://hacecuentas.com/en/daily-water-intake-calculator,,EN,health_low_risk,,,,,OPTIMIZE_INTERNAL_LINKS,20,70,sin-enlaces-salientes,DATA_MISSING
https://hacecuentas.com/en/daily-water-intake-exercise-climate,,EN,food,,,,,OPTIMIZE_INTERNAL_LINKS,20,70,sin-enlaces-salientes,DATA_MISSING
https://hacecuentas.com/en/daltons-law-partial-pressure,,EN,statistics,,,,,OPTIMIZE_INTERNAL_LINKS,20,70,sin-enlaces-salientes,DATA_MISSING
https://hacecuentas.com/en/dash-diet-daily-sodium,,EN,health_low_risk,,,,,OPTIMIZE_INTERNAL_LINKS,20,70,sin-enlaces-salientes,DATA_MISSING
https://hacecuentas.com/en/db-pool-max-connections,,EN,other,,,,,OPTIMIZE_INTERNAL_LINKS,20,70,sin-enlaces-salientes,DATA_MISSING
https://hacecuentas.com/en/dc-power-supply-watts-amperage,,EN,other,,,,,OPTIMIZE_INTERNAL_LINKS,20,70,sin-enlaces-salientes,DATA_MISSING
https://hacecuentas.com/en/dca-bitcoin-historical-returns,,EN,savings,,,,,OPTIMIZE_INTERNAL_LINKS,20,70,sin-enlaces-salientes,DATA_MISSING
https://hacecuentas.com/en/debt-avalanche-payoff-calculator,,EN,savings,,,,,OPTIMIZE_INTERNAL_LINKS,20,70,sin-enlaces-salientes,DATA_MISSING
https://hacecuentas.com/en/debt-snowball-payoff-calculator,,EN,savings,,,,,OPTIMIZE_INTERNAL_LINKS,20,70,sin-enlaces-salientes,DATA_MISSING
https://hacecuentas.com/en/deck-boards-patio,,EN,construction,,,,,OPTIMIZE_INTERNAL_LINKS,20,70,sin-enlaces-salientes,DATA_MISSING
https://hacecuentas.com/en/deuda-bola-nieve,,EN,savings,,,,,OPTIMIZE_INTERNAL_LINKS,20,70,sin-enlaces-salientes,DATA_MISSING
https://hacecuentas.com/en/date-difference-calculator,,EN,utilities,,,,,OPTIMIZE_INTERNAL_LINKS,20,70,sin-enlaces-salientes,DATA_MISSING
https://hacecuentas.com/en/dieta-mediterranea-adherencia-score-test,,EN,health_low_risk,,,,,OPTIMIZE_INTERNAL_LINKS,20,70,sin-enlaces-salientes,DATA_MISSING
https://hacecuentas.com/en/dilution-concentration-c1v1-c2v2,,EN,statistics,,,,,OPTIMIZE_INTERNAL_LINKS,20,70,sin-enlaces-salientes,DATA_MISSING
https://hacecuentas.com/en/discount-calculator,,EN,savings,,,,,OPTIMIZE_INTERNAL_LINKS,20,70,sin-enlaces-salientes,DATA_MISSING
https://hacecuentas.com/en/distance-two-points-cartesian-plane,,EN,mathematics,,,,,OPTIMIZE_INTERNAL_LINKS,20,70,sin-enlaces-salientes,DATA_MISSING
https://hacecuentas.com/en/divorce-settlement-cost-calculator,,EN,savings,,,,,OPTIMIZE_INTERNAL_LINKS,20,70,sin-enlaces-salientes,DATA_MISSING
https://hacecuentas.com/en/docker-image-size-calculator,,EN,other,,,,,OPTIMIZE_INTERNAL_LINKS,20,70,sin-enlaces-salientes,DATA_MISSING
https://hacecuentas.com/en/dog-age-by-breed,,EN,pets_non_medical,,,,,OPTIMIZE_INTERNAL_LINKS,20,70,sin-enlaces-salientes,DATA_MISSING
https://hacecuentas.com/en/dog-apartment-compatibility,,EN,pets_non_medical,,,,,OPTIMIZE_INTERNAL_LINKS,20,70,sin-enlaces-salientes,DATA_MISSING
https://hacecuentas.com/en/dog-calories-by-breed-age,,EN,pets_non_medical,,,,,OPTIMIZE_INTERNAL_LINKS,20,70,sin-enlaces-salientes,DATA_MISSING
https://hacecuentas.com/en/dog-food-calculator-by-weight,,EN,pets_non_medical,,,,,OPTIMIZE_INTERNAL_LINKS,20,70,sin-enlaces-salientes,DATA_MISSING
https://hacecuentas.com/en/dog-shedding-by-season-calculator,,EN,pets_non_medical,,,,,OPTIMIZE_INTERNAL_LINKS,20,70,sin-enlaces-salientes,DATA_MISSING
https://hacecuentas.com/en/dog-vaccination-schedule-puppy-adult,,EN,pets_non_medical,,,,,OPTIMIZE_INTERNAL_LINKS,20,70,sin-enlaces-salientes,DATA_MISSING
https://hacecuentas.com/en/dog-walking-minutes-by-breed,,EN,pets_non_medical,,,,,OPTIMIZE_INTERNAL_LINKS,20,70,sin-enlaces-salientes,DATA_MISSING
https://hacecuentas.com/en/door-hinge-screw-calculator,,EN,construction,,,,,OPTIMIZE_INTERNAL_LINKS,20,70,sin-enlaces-salientes,DATA_MISSING
https://hacecuentas.com/en/doppler-effect-frequency-calculator,,EN,statistics,,,,,OPTIMIZE_INTERNAL_LINKS,20,70,sin-enlaces-salientes,DATA_MISSING
https://hacecuentas.com/en/dpi-ppp-print-resolution,,EN,other,,,,,OPTIMIZE_INTERNAL_LINKS,20,70,sin-enlaces-salientes,DATA_MISSING
https://hacecuentas.com/en/drain-grate-size-calculator,,EN,construction,,,,,OPTIMIZE_INTERNAL_LINKS,20,70,sin-enlaces-salientes,DATA_MISSING
https://hacecuentas.com/en/drive-time-calculator-stops,,EN,automotive,,,,,OPTIMIZE_INTERNAL_LINKS,20,70,sin-enlaces-salientes,DATA_MISSING
https://hacecuentas.com/en/driver-license-cost-by-category,,EN,savings,,,,,OPTIMIZE_INTERNAL_LINKS,20,70,sin-enlaces-salientes,DATA_MISSING
https://hacecuentas.com/en/dry-pasta-portions-per-person,,EN,food,,,,,OPTIMIZE_INTERNAL_LINKS,20,70,sin-enlaces-salientes,DATA_MISSING
https://hacecuentas.com/en/due-date-from-conception-date,,EN,other,,,,,OPTIMIZE_INTERNAL_LINKS,20,70,sin-enlaces-salientes,DATA_MISSING
https://hacecuentas.com/en/duolingo-time-cefr-level-progress,,EN,education,,,,,OPTIMIZE_INTERNAL_LINKS,20,70,sin-enlaces-salientes,DATA_MISSING
https://hacecuentas.com/en/ebbinghaus-forgetting-curve-spaced-repetition,,EN,education,,,,,OPTIMIZE_INTERNAL_LINKS,20,70,sin-enlaces-salientes,DATA_MISSING
https://hacecuentas.com/en/exact-age-calculator,,EN,utilities,,,,,OPTIMIZE_INTERNAL_LINKS,20,70,sin-enlaces-salientes,DATA_MISSING
https://hacecuentas.com/en/eficiencia-carnot-termodinamica,,EN,statistics,,,,,OPTIMIZE_INTERNAL_LINKS,20,70,sin-enlaces-salientes,DATA_MISSING
https://hacecuentas.com/en/egg-size-gram-equivalents,,EN,taxes,,,,,OPTIMIZE_INTERNAL_LINKS,20,70,sin-enlaces-salientes,DATA_MISSING
https://hacecuentas.com/en/electric-car-savings-vs-gas-annual,,EN,automotive,,,,,OPTIMIZE_INTERNAL_LINKS,20,70,sin-enlaces-salientes,DATA_MISSING
https://hacecuentas.com/en/electrical-cable-gauge-amperage-distance,,EN,construction,,,,,OPTIMIZE_INTERNAL_LINKS,20,70,sin-enlaces-salientes,DATA_MISSING
https://hacecuentas.com/en/electricidad-cable-amperaje-seccion,,EN,construction,,,,,OPTIMIZE_INTERNAL_LINKS,20,70,sin-enlaces-salientes,DATA_MISSING
https://hacecuentas.com/en/electrolyte-replacement-exercise,,EN,health_low_risk,,,,,OPTIMIZE_INTERNAL_LINKS,20,70,sin-enlaces-salientes,DATA_MISSING
https://hacecuentas.com/en/elo-rating-change-calculator,,EN,other,,,,,OPTIMIZE_INTERNAL_LINKS,20,70,sin-enlaces-salientes,DATA_MISSING
https://hacecuentas.com/en/email-emissions-calculator,,EN,food,,,,,OPTIMIZE_INTERNAL_LINKS,20,70,sin-enlaces-salientes,DATA_MISSING
https://hacecuentas.com/en/embryo-implantation,,EN,health_low_risk,,,,,OPTIMIZE_INTERNAL_LINKS,20,70,sin-enlaces-salientes,DATA_MISSING
https://hacecuentas.com/en/emergency-fund-calculator-months-expenses,,EN,savings,,,,,OPTIMIZE_INTERNAL_LINKS,20,70,sin-enlaces-salientes,DATA_MISSING
https://hacecuentas.com/en/emergency-fund-target-calculator,,EN,savings,,,,,OPTIMIZE_INTERNAL_LINKS,20,70,sin-enlaces-salientes,DATA_MISSING
https://hacecuentas.com/en/empanadas-per-guest,,EN,food,,,,,OPTIMIZE_INTERNAL_LINKS,20,70,sin-enlaces-salientes,DATA_MISSING
https://hacecuentas.com/en/employee-vs-freelance-income,,EN,savings,,,,,OPTIMIZE_INTERNAL_LINKS,20,70,sin-enlaces-salientes,DATA_MISSING
https://hacecuentas.com/en/endurance-race-gel-calculator,,EN,sports_non_medical,,,,,OPTIMIZE_INTERNAL_LINKS,20,70,sin-enlaces-salientes,DATA_MISSING
https://hacecuentas.com/en/energy-efficient-appliance-savings,,EN,other,,,,,OPTIMIZE_INTERNAL_LINKS,20,70,sin-enlaces-salientes,DATA_MISSING
https://hacecuentas.com/en/english-levels-cambridge-duolingo-time-conversion,,EN,education,,,,,OPTIMIZE_INTERNAL_LINKS,20,70,sin-enlaces-salientes,DATA_MISSING
https://hacecuentas.com/en/english-mcer-level-hours-fsi,,EN,education,,,,,OPTIMIZE_INTERNAL_LINKS,20,70,sin-enlaces-salientes,DATA_MISSING
https://hacecuentas.com/en/entropia-cambio-fase,,EN,statistics,,,,,OPTIMIZE_INTERNAL_LINKS,20,70,sin-enlaces-salientes,DATA_MISSING
https://hacecuentas.com/en/epinephrine-dosage-weight-anaphylaxis,,EN,health_low_risk,,,,,OPTIMIZE_INTERNAL_LINKS,20,70,sin-enlaces-salientes,DATA_MISSING
https://hacecuentas.com/en/estate-settlement-costs-attorney-fees,,EN,savings,,,,,OPTIMIZE_INTERNAL_LINKS,20,70,sin-enlaces-salientes,DATA_MISSING
https://hacecuentas.com/en/estrogen-progesterone-cycle-phases,,EN,health_low_risk,,,,,OPTIMIZE_INTERNAL_LINKS,20,70,sin-enlaces-salientes,DATA_MISSING
https://hacecuentas.com/en/ethereum-gas-fee-estimator,,EN,savings,,,,,OPTIMIZE_INTERNAL_LINKS,20,70,sin-enlaces-salientes,DATA_MISSING
https://hacecuentas.com/en/ethernet-cable-category-speed-distance,,EN,other,,,,,OPTIMIZE_INTERNAL_LINKS,20,70,sin-enlaces-salientes,DATA_MISSING
https://hacecuentas.com/en/event-catering-cost-per-head-calculator,,EN,utilities,,,,,OPTIMIZE_INTERNAL_LINKS,20,70,sin-enlaces-salientes,DATA_MISSING
https://hacecuentas.com/en/eviction-timeline-attorney-fees,,EN,savings,,,,,OPTIMIZE_INTERNAL_LINKS,20,70,sin-enlaces-salientes,DATA_MISSING
https://hacecuentas.com/en/exam-study-time-pages-difficulty,,EN,education,,,,,OPTIMIZE_INTERNAL_LINKS,20,70,sin-enlaces-salientes,DATA_MISSING
https://hacecuentas.com/en/extra-ac-fuel-consumption,,EN,automotive,,,,,OPTIMIZE_INTERNAL_LINKS,20,70,sin-enlaces-salientes,DATA_MISSING
https://hacecuentas.com/en/factorial-numero-n,,EN,mathematics,,,,,OPTIMIZE_INTERNAL_LINKS,20,70,sin-enlaces-salientes,DATA_MISSING
https://hacecuentas.com/en/factorial-combinations-permutations,,EN,mathematics,,,,,OPTIMIZE_INTERNAL_LINKS,20,70,sin-enlaces-salientes,DATA_MISSING
https://hacecuentas.com/en/fasting-blood-glucose-levels,,EN,health_low_risk,,,,,OPTIMIZE_INTERNAL_LINKS,20,70,sin-enlaces-salientes,DATA_MISSING
https://hacecuentas.com/en/federal-income-tax-brackets-2026-calculator,,EN,savings,,,,,OPTIMIZE_INTERNAL_LINKS,20,70,sin-enlaces-salientes,DATA_MISSING
https://hacecuentas.com/en/female-dog-cat-spaying-age,,EN,pets_non_medical,,,,,OPTIMIZE_INTERNAL_LINKS,20,70,sin-enlaces-salientes,DATA_MISSING
https://hacecuentas.com/en/fertilizante-npk-dosis,,EN,other,,,,,OPTIMIZE_INTERNAL_LINKS,20,70,sin-enlaces-salientes,DATA_MISSING
https://hacecuentas.com/en/fetal-weight-percentile-by-week,,EN,other,,,,,OPTIMIZE_INTERNAL_LINKS,20,70,sin-enlaces-salientes,DATA_MISSING
https://hacecuentas.com/en/fideicomiso-construccion-aporte-cuotas,,EN,loans,,,,,OPTIMIZE_INTERNAL_LINKS,20,70,sin-enlaces-salientes,DATA_MISSING
https://hacecuentas.com/en/file-compression-ratio,,EN,other,,,,,OPTIMIZE_INTERNAL_LINKS,20,70,sin-enlaces-salientes,DATA_MISSING
https://hacecuentas.com/en/file-download-time,,EN,other,,,,,OPTIMIZE_INTERNAL_LINKS,20,70,sin-enlaces-salientes,DATA_MISSING
https://hacecuentas.com/en/financial-independence-fire-movement,,EN,savings,,,,,OPTIMIZE_INTERNAL_LINKS,20,70,sin-enlaces-salientes,DATA_MISSING
https://hacecuentas.com/en/fire-retirement-number-calculator,,EN,savings,,,,,OPTIMIZE_INTERNAL_LINKS,20,70,sin-enlaces-salientes,DATA_MISSING
https://hacecuentas.com/en/first-home-purchase-costs,,EN,savings,,,,,OPTIMIZE_INTERNAL_LINKS,20,70,sin-enlaces-salientes,DATA_MISSING
https://hacecuentas.com/en/fish-tank-water-calculator,,EN,pets_non_medical,,,,,OPTIMIZE_INTERNAL_LINKS,20,70,sin-enlaces-salientes,DATA_MISSING
https://hacecuentas.com/en/fixed-deposit-net-annual-returns,,EN,savings,,,,,OPTIMIZE_INTERNAL_LINKS,20,70,sin-enlaces-salientes,DATA_MISSING
https://hacecuentas.com/en/flashcards-daily-goal-retention,,EN,education,,,,,OPTIMIZE_INTERNAL_LINKS,20,70,sin-enlaces-salientes,DATA_MISSING
https://hacecuentas.com/en/fodmap-foods-intolerance-chart,,EN,health_low_risk,,,,,OPTIMIZE_INTERNAL_LINKS,20,70,sin-enlaces-salientes,DATA_MISSING
https://hacecuentas.com/en/food-digestion-time-calculator,,EN,health_low_risk,,,,,OPTIMIZE_INTERNAL_LINKS,20,70,sin-enlaces-salientes,DATA_MISSING
https://hacecuentas.com/en/food-handler-permit-cost,,EN,savings,,,,,OPTIMIZE_INTERNAL_LINKS,20,70,sin-enlaces-salientes,DATA_MISSING
https://hacecuentas.com/en/food-ph-acidity-calculator,,EN,health_low_risk,,,,,OPTIMIZE_INTERNAL_LINKS,20,70,sin-enlaces-salientes,DATA_MISSING
https://hacecuentas.com/en/food-satiety-index,,EN,health_low_risk,,,,,OPTIMIZE_INTERNAL_LINKS,20,70,sin-enlaces-salientes,DATA_MISSING
https://hacecuentas.com/en/foreigner-residency-id-cost-argentina,,EN,savings,,,,,OPTIMIZE_INTERNAL_LINKS,20,70,sin-enlaces-salientes,DATA_MISSING
https://hacecuentas.com/en/fps-perceived-smoothness-gaming,,EN,other,,,,,OPTIMIZE_INTERNAL_LINKS,20,70,sin-enlaces-salientes,DATA_MISSING
https://hacecuentas.com/en/free-fall-distance,,EN,statistics,,,,,OPTIMIZE_INTERNAL_LINKS,20,70,sin-enlaces-salientes,DATA_MISSING
https://hacecuentas.com/en/free-fall-velocity-by-time,,EN,statistics,,,,,OPTIMIZE_INTERNAL_LINKS,20,70,sin-enlaces-salientes,DATA_MISSING
https://hacecuentas.com/en/freelance-hourly-rate-calculator,,EN,business,,,,,OPTIMIZE_INTERNAL_LINKS,20,70,sin-enlaces-salientes,DATA_MISSING
https://hacecuentas.com/en/freelance-rate-usd-per-hour-by-experience,,EN,savings,,,,,OPTIMIZE_INTERNAL_LINKS,20,70,sin-enlaces-salientes,DATA_MISSING
https://hacecuentas.com/en/friction-force-coefficient,,EN,statistics,,,,,OPTIMIZE_INTERNAL_LINKS,20,70,sin-enlaces-salientes,DATA_MISSING
https://hacecuentas.com/en/fsh-lh-menopause-perimenopause-age,,EN,health_low_risk,,,,,OPTIMIZE_INTERNAL_LINKS,20,70,sin-enlaces-salientes,DATA_MISSING
https://hacecuentas.com/en/ftp-cycling-watts,,EN,sports_non_medical,,,,,OPTIMIZE_INTERNAL_LINKS,20,70,sin-enlaces-salientes,DATA_MISSING
https://hacecuentas.com/en/fuel-tank-range-calculator,,EN,automotive,,,,,OPTIMIZE_INTERNAL_LINKS,20,70,sin-enlaces-salientes,DATA_MISSING
https://hacecuentas.com/en/funding-rate-perpetual-bitcoin-cost,,EN,savings,,,,,OPTIMIZE_INTERNAL_LINKS,20,70,sin-enlaces-salientes,DATA_MISSING
https://hacecuentas.com/en/furniture-paint-varnish-coverage,,EN,construction,,,,,OPTIMIZE_INTERNAL_LINKS,20,70,sin-enlaces-salientes,DATA_MISSING
https://hacecuentas.com/en/gaming-pc-budget-fps-components,,EN,other,,,,,OPTIMIZE_INTERNAL_LINKS,20,70,sin-enlaces-salientes,DATA_MISSING
https://hacecuentas.com/en/garden-harvest-expected-kg,,EN,other,,,,,OPTIMIZE_INTERNAL_LINKS,20,70,sin-enlaces-salientes,DATA_MISSING
https://hacecuentas.com/en/garden-soil-volume-calculator,,EN,construction,,,,,OPTIMIZE_INTERNAL_LINKS,20,70,sin-enlaces-salientes,DATA_MISSING
https://hacecuentas.com/en/gas-ideal-pv-nrt,,EN,statistics,,,,,OPTIMIZE_INTERNAL_LINKS,20,70,sin-enlaces-salientes,DATA_MISSING
https://hacecuentas.com/en/gcd-lcm-two-integers,,EN,mathematics,,,,,OPTIMIZE_INTERNAL_LINKS,20,70,sin-enlaces-salientes,DATA_MISSING
https://hacecuentas.com/en/geometric-progression-sum-term,,EN,mathematics,,,,,OPTIMIZE_INTERNAL_LINKS,20,70,sin-enlaces-salientes,DATA_MISSING
https://hacecuentas.com/en/git-repo-size-calculator,,EN,food,,,,,OPTIMIZE_INTERNAL_LINKS,20,70,sin-enlaces-salientes,DATA_MISSING
https://hacecuentas.com/en/glycemic-index-load-food-portion,,EN,health_low_risk,,,,,OPTIMIZE_INTERNAL_LINKS,20,70,sin-enlaces-salientes,DATA_MISSING
https://hacecuentas.com/en/glycemic-load-meal,,EN,health_low_risk,,,,,OPTIMIZE_INTERNAL_LINKS,20,70,sin-enlaces-salientes,DATA_MISSING
https://hacecuentas.com/en/gnc-vs-gasoline-annual-savings,,EN,automotive,,,,,OPTIMIZE_INTERNAL_LINKS,20,70,sin-enlaces-salientes,DATA_MISSING
https://hacecuentas.com/en/gpa-4-0-american-scale-calculator,,EN,education,,,,,OPTIMIZE_INTERNAL_LINKS,20,70,sin-enlaces-salientes,DATA_MISSING
https://hacecuentas.com/en/gpu-rental-cost-vast-runpod-calculator,,EN,other,,,,,OPTIMIZE_INTERNAL_LINKS,20,70,sin-enlaces-salientes,DATA_MISSING
https://hacecuentas.com/en/graduation-timeline-calculator,,EN,education,,,,,OPTIMIZE_INTERNAL_LINKS,20,70,sin-enlaces-salientes,DATA_MISSING
https://hacecuentas.com/en/body-fat-skinfolds-jackson-pollock,,EN,sports_non_medical,,,,,OPTIMIZE_INTERNAL_LINKS,20,70,sin-enlaces-salientes,DATA_MISSING
https://hacecuentas.com/en/body-fat-calculator,,EN,health_low_risk,,,,,OPTIMIZE_INTERNAL_LINKS,20,70,sin-enlaces-salientes,DATA_MISSING
https://hacecuentas.com/en/grass-seed-per-m2-lawn,,EN,construction,,,,,OPTIMIZE_INTERNAL_LINKS,20,70,sin-enlaces-salientes,DATA_MISSING
https://hacecuentas.com/en/gravitational-potential-energy,,EN,statistics,,,,,OPTIMIZE_INTERNAL_LINKS,20,70,sin-enlaces-salientes,DATA_MISSING
https://hacecuentas.com/en/ground-coffee-per-cup-brewing-method,,EN,food,,,,,OPTIMIZE_INTERNAL_LINKS,20,70,sin-enlaces-salientes,DATA_MISSING
https://hacecuentas.com/en/guinea-pig-vitamin-c-daily-dosage,,EN,pets_non_medical,,,,,OPTIMIZE_INTERNAL_LINKS,20,70,sin-enlaces-salientes,DATA_MISSING
https://hacecuentas.com/en/half-marathon-projection-from-10k-cameron,,EN,sports_non_medical,,,,,OPTIMIZE_INTERNAL_LINKS,20,70,sin-enlaces-salientes,DATA_MISSING
https://hacecuentas.com/en/hashes-bcrypt-costo-tiempo-cracking,,EN,other,,,,,OPTIMIZE_INTERNAL_LINKS,20,70,sin-enlaces-salientes,DATA_MISSING
https://hacecuentas.com/en/healthy-caloric-deficit,,EN,health_low_risk,,,,,OPTIMIZE_INTERNAL_LINKS,20,70,sin-enlaces-salientes,DATA_MISSING
https://hacecuentas.com/en/healthy-snacks-150-300-calories,,EN,health_low_risk,,,,,OPTIMIZE_INTERNAL_LINKS,20,70,sin-enlaces-salientes,DATA_MISSING
https://hacecuentas.com/en/heart-rate-zones-karvonen,,EN,sports_non_medical,,,,,OPTIMIZE_INTERNAL_LINKS,20,70,sin-enlaces-salientes,DATA_MISSING
https://hacecuentas.com/en/hemoglobin-a1c-diabetes-calculator,,EN,health_low_risk,,,,,OPTIMIZE_INTERNAL_LINKS,20,70,sin-enlaces-salientes,DATA_MISSING
https://hacecuentas.com/en/high-school-gpa-calculator,,EN,education,,,,,OPTIMIZE_INTERNAL_LINKS,20,70,sin-enlaces-salientes,DATA_MISSING
https://hacecuentas.com/en/home-affordability-by-income-calculator,,EN,savings,,,,,OPTIMIZE_INTERNAL_LINKS,20,70,sin-enlaces-salientes,DATA_MISSING
https://hacecuentas.com/en/home-electricity-usage-monthly-cost,,EN,other,,,,,OPTIMIZE_INTERNAL_LINKS,20,70,sin-enlaces-salientes,DATA_MISSING
https://hacecuentas.com/en/homemade-chocolate-bonbons-calculator,,EN,food,,,,,OPTIMIZE_INTERNAL_LINKS,20,70,sin-enlaces-salientes,DATA_MISSING
https://hacecuentas.com/en/homemade-pizza-dough-grams-guests,,EN,food,,,,,OPTIMIZE_INTERNAL_LINKS,20,70,sin-enlaces-salientes,DATA_MISSING
https://hacecuentas.com/en/hookes-law-spring-force,,EN,statistics,,,,,OPTIMIZE_INTERNAL_LINKS,20,70,sin-enlaces-salientes,DATA_MISSING
https://hacecuentas.com/en/hotel-split-cost-calculator,,EN,travel,,,,,OPTIMIZE_INTERNAL_LINKS,20,70,sin-enlaces-salientes,DATA_MISSING
https://hacecuentas.com/en/hours-between-times-calculator,,EN,mathematics,,,,,OPTIMIZE_INTERNAL_LINKS,20,70,sin-enlaces-salientes,DATA_MISSING
https://hacecuentas.com/en/huron-ferret-dieta-proteina-animal,,EN,pets_non_medical,,,,,OPTIMIZE_INTERNAL_LINKS,20,70,sin-enlaces-salientes,DATA_MISSING
https://hacecuentas.com/en/hydration-exercise-ml,,EN,sports_non_medical,,,,,OPTIMIZE_INTERNAL_LINKS,20,70,sin-enlaces-salientes,DATA_MISSING
https://hacecuentas.com/en/hydration-hot-climate-daily-activity,,EN,food,,,,,OPTIMIZE_INTERNAL_LINKS,20,70,sin-enlaces-salientes,DATA_MISSING
https://hacecuentas.com/en/hydroponic-nutrients-ec-ppm,,EN,other,,,,,OPTIMIZE_INTERNAL_LINKS,20,70,sin-enlaces-salientes,DATA_MISSING
https://hacecuentas.com/en/hydrostatic-pressure-depth,,EN,statistics,,,,,OPTIMIZE_INTERNAL_LINKS,20,70,sin-enlaces-salientes,DATA_MISSING
https://hacecuentas.com/en/ibu-beer-hops-tinseth,,EN,food,,,,,OPTIMIZE_INTERNAL_LINKS,20,70,sin-enlaces-salientes,DATA_MISSING
https://hacecuentas.com/en/ice-party-calculator,,EN,food,,,,,OPTIMIZE_INTERNAL_LINKS,20,70,sin-enlaces-salientes,DATA_MISSING
https://hacecuentas.com/en/ideal-weight-for-women,,EN,health_low_risk,,,,,OPTIMIZE_INTERNAL_LINKS,20,70,sin-enlaces-salientes,DATA_MISSING
https://hacecuentas.com/en/ideal-weight-lorentz-devine-formula,,EN,health_low_risk,,,,,OPTIMIZE_INTERNAL_LINKS,20,70,sin-enlaces-salientes,DATA_MISSING
https://hacecuentas.com/en/idioma-paralelo-2-al-mismo,,EN,education,,,,,OPTIMIZE_INTERNAL_LINKS,20,70,sin-enlaces-salientes,DATA_MISSING
https://hacecuentas.com/en/ielts-toefl-cefr-equivalency,,EN,taxes,,,,,OPTIMIZE_INTERNAL_LINKS,20,70,sin-enlaces-salientes,DATA_MISSING
https://hacecuentas.com/en/bmi-calculator,,EN,health_low_risk,,,,,OPTIMIZE_INTERNAL_LINKS,20,70,sin-enlaces-salientes,DATA_MISSING
https://hacecuentas.com/en/inches-to-cm-screen-converter,,EN,mathematics,,,,,OPTIMIZE_INTERNAL_LINKS,20,70,sin-enlaces-salientes,DATA_MISSING
https://hacecuentas.com/en/severance-calculator-argentina,,EN,savings,,,,,OPTIMIZE_INTERNAL_LINKS,20,70,sin-enlaces-salientes,DATA_MISSING
https://hacecuentas.com/en/inductive-capacitive-reactance,,EN,other,,,,,OPTIMIZE_INTERNAL_LINKS,20,70,sin-enlaces-salientes,DATA_MISSING
https://hacecuentas.com/en/infant-formula-bottle-ml-by-age,,EN,other,,,,,OPTIMIZE_INTERNAL_LINKS,20,70,sin-enlaces-salientes,DATA_MISSING
https://hacecuentas.com/en/compound-interest-calculator-long-term,,EN,savings,,,,,OPTIMIZE_INTERNAL_LINKS,20,70,sin-enlaces-salientes,DATA_MISSING
https://hacecuentas.com/en/simple-interest-calculator,,EN,mathematics,,,,,OPTIMIZE_INTERNAL_LINKS,20,70,sin-enlaces-salientes,DATA_MISSING
https://hacecuentas.com/en/interest-rate-spread-arbitrage-fixed-deposit,,EN,savings,,,,,OPTIMIZE_INTERNAL_LINKS,20,70,sin-enlaces-salientes,DATA_MISSING
https://hacecuentas.com/en/intermittent-fasting-16-8-calculator,,EN,food,,,,,OPTIMIZE_INTERNAL_LINKS,20,70,sin-enlaces-salientes,DATA_MISSING
https://hacecuentas.com/en/intermittent-fasting-16-8-calories,,EN,health_low_risk,,,,,OPTIMIZE_INTERNAL_LINKS,20,70,sin-enlaces-salientes,DATA_MISSING
https://hacecuentas.com/en/ira-401k-argentina-equivalent,,EN,taxes,,,,,OPTIMIZE_INTERNAL_LINKS,20,70,sin-enlaces-salientes,DATA_MISSING
https://hacecuentas.com/en/iron-ferritin-anemia,,EN,health_low_risk,,,,,OPTIMIZE_INTERNAL_LINKS,20,70,sin-enlaces-salientes,DATA_MISSING
https://hacecuentas.com/en/irregular-fertile-window,,EN,health_low_risk,,,,,OPTIMIZE_INTERNAL_LINKS,20,70,sin-enlaces-salientes,DATA_MISSING
https://hacecuentas.com/en/isolated-footing-columns,,EN,construction,,,,,OPTIMIZE_INTERNAL_LINKS,20,70,sin-enlaces-salientes,DATA_MISSING
https://hacecuentas.com/en/itba-utdt-costo-carrera-anual-privada,,EN,taxes,,,,,OPTIMIZE_INTERNAL_LINKS,20,70,sin-enlaces-salientes,DATA_MISSING
https://hacecuentas.com/en/vat-tax-calculator,,EN,savings,,,,,OPTIMIZE_INTERNAL_LINKS,20,70,sin-enlaces-salientes,DATA_MISSING
https://hacecuentas.com/en/iva-refund-debit-card,,EN,taxes,,,,,OPTIMIZE_INTERNAL_LINKS,20,70,sin-enlaces-salientes,DATA_MISSING
https://hacecuentas.com/en/ivf-due-date-calculator,,EN,other,,,,,OPTIMIZE_INTERNAL_LINKS,20,70,sin-enlaces-salientes,DATA_MISSING
https://hacecuentas.com/en/jpg-quality-size-web-optimization,,EN,other,,,,,OPTIMIZE_INTERNAL_LINKS,20,70,sin-enlaces-salientes,DATA_MISSING
https://hacecuentas.com/en/karaoke-songs-per-hour,,EN,other,,,,,OPTIMIZE_INTERNAL_LINKS,20,70,sin-enlaces-salientes,DATA_MISSING
https://hacecuentas.com/en/keto-macros-deficit-complete,,EN,food,,,,,OPTIMIZE_INTERNAL_LINKS,20,70,sin-enlaces-salientes,DATA_MISSING
https://hacecuentas.com/en/kilos-to-pounds-converter,,EN,mathematics,,,,,OPTIMIZE_INTERNAL_LINKS,20,70,sin-enlaces-salientes,DATA_MISSING
https://hacecuentas.com/en/kinematic-equations-constant-acceleration,,EN,loans,,,,,OPTIMIZE_INTERNAL_LINKS,20,70,sin-enlaces-salientes,DATA_MISSING
https://hacecuentas.com/en/kinetic-energy-ec,,EN,statistics,,,,,OPTIMIZE_INTERNAL_LINKS,20,70,sin-enlaces-salientes,DATA_MISSING
https://hacecuentas.com/en/language-app-effectiveness-comparison,,EN,education,,,,,OPTIMIZE_INTERNAL_LINKS,20,70,sin-enlaces-salientes,DATA_MISSING
https://hacecuentas.com/en/language-learning-hours-calculator,,EN,education,,,,,OPTIMIZE_INTERNAL_LINKS,20,70,sin-enlaces-salientes,DATA_MISSING
https://hacecuentas.com/en/language-learning-monthly-cost-options,,EN,education,,,,,OPTIMIZE_INTERNAL_LINKS,20,70,sin-enlaces-salientes,DATA_MISSING
https://hacecuentas.com/en/language-lessons-per-week,,EN,education,,,,,OPTIMIZE_INTERNAL_LINKS,20,70,sin-enlaces-salientes,DATA_MISSING
https://hacecuentas.com/en/language-variants-by-region,,EN,food,,,,,OPTIMIZE_INTERNAL_LINKS,20,70,sin-enlaces-salientes,DATA_MISSING
https://hacecuentas.com/en/lean-body-mass-calculator,,EN,health_low_risk,,,,,OPTIMIZE_INTERNAL_LINKS,20,70,sin-enlaces-salientes,DATA_MISSING
https://hacecuentas.com/en/lease-comparison-2-vs-3-years,,EN,savings,,,,,OPTIMIZE_INTERNAL_LINKS,20,70,sin-enlaces-salientes,DATA_MISSING
https://hacecuentas.com/en/leasing-vs-auto-loan-comparison,,EN,automotive,,,,,OPTIMIZE_INTERNAL_LINKS,20,70,sin-enlaces-salientes,DATA_MISSING
https://hacecuentas.com/en/lectura-velocidad-paginas-hora-wpm,,EN,education,,,,,OPTIMIZE_INTERNAL_LINKS,20,70,sin-enlaces-salientes,DATA_MISSING
https://hacecuentas.com/en/leer-mes-libros-meta-anual-reto,,EN,education,,,,,OPTIMIZE_INTERNAL_LINKS,20,70,sin-enlaces-salientes,DATA_MISSING
https://hacecuentas.com/en/leverage-trading-liquidation-price,,EN,savings,,,,,OPTIMIZE_INTERNAL_LINKS,20,70,sin-enlaces-salientes,DATA_MISSING
https://hacecuentas.com/en/llm-token-cost-calculator,,EN,other,,,,,OPTIMIZE_INTERNAL_LINKS,20,70,sin-enlaces-salientes,DATA_MISSING
https://hacecuentas.com/en/logarithm-base-any-number,,EN,mathematics,,,,,OPTIMIZE_INTERNAL_LINKS,20,70,sin-enlaces-salientes,DATA_MISSING
https://hacecuentas.com/en/macros-16-8-intermittent-fasting,,EN,health_low_risk,,,,,OPTIMIZE_INTERNAL_LINKS,20,70,sin-enlaces-salientes,DATA_MISSING
https://hacecuentas.com/en/macros-atkins-fases,,EN,health_low_risk,,,,,OPTIMIZE_INTERNAL_LINKS,20,70,sin-enlaces-salientes,DATA_MISSING
https://hacecuentas.com/en/macros-carnivore-diet,,EN,health_low_risk,,,,,OPTIMIZE_INTERNAL_LINKS,20,70,sin-enlaces-salientes,DATA_MISSING
https://hacecuentas.com/en/macros-cutting-bulking-calculator,,EN,health_low_risk,,,,,OPTIMIZE_INTERNAL_LINKS,20,70,sin-enlaces-salientes,DATA_MISSING
https://hacecuentas.com/en/macros-dash-hypertension,,EN,health_low_risk,,,,,OPTIMIZE_INTERNAL_LINKS,20,70,sin-enlaces-salientes,DATA_MISSING
https://hacecuentas.com/en/macros-iifym-flexible,,EN,health_low_risk,,,,,OPTIMIZE_INTERNAL_LINKS,20,70,sin-enlaces-salientes,DATA_MISSING
https://hacecuentas.com/en/macros-low-fodmap-sibo,,EN,health_low_risk,,,,,OPTIMIZE_INTERNAL_LINKS,20,70,sin-enlaces-salientes,DATA_MISSING
https://hacecuentas.com/en/macros-mediterranea,,EN,health_low_risk,,,,,OPTIMIZE_INTERNAL_LINKS,20,70,sin-enlaces-salientes,DATA_MISSING
https://hacecuentas.com/en/macros-recomp-cut-bulk-lean-calorias,,EN,health_low_risk,,,,,OPTIMIZE_INTERNAL_LINKS,20,70,sin-enlaces-salientes,DATA_MISSING
https://hacecuentas.com/en/magnesio-dosis-deficiencia-sintomas,,EN,health_low_risk,,,,,OPTIMIZE_INTERNAL_LINKS,20,70,sin-enlaces-salientes,DATA_MISSING
https://hacecuentas.com/en/magnesium-daily-requirement,,EN,health_low_risk,,,,,OPTIMIZE_INTERNAL_LINKS,20,70,sin-enlaces-salientes,DATA_MISSING
https://hacecuentas.com/en/male-fertility-age,,EN,health_low_risk,,,,,OPTIMIZE_INTERNAL_LINKS,20,70,sin-enlaces-salientes,DATA_MISSING
https://hacecuentas.com/en/marathon-42k-training-plan-weeks,,EN,sports_non_medical,,,,,OPTIMIZE_INTERNAL_LINKS,20,70,sin-enlaces-salientes,DATA_MISSING
https://hacecuentas.com/en/marathon-pace-goal-time-split-kilometer,,EN,automotive,,,,,OPTIMIZE_INTERNAL_LINKS,20,70,sin-enlaces-salientes,DATA_MISSING
https://hacecuentas.com/en/profit-margin-calculator,,EN,business,,,,,OPTIMIZE_INTERNAL_LINKS,20,70,sin-enlaces-salientes,DATA_MISSING
https://hacecuentas.com/en/material-biodegradation-time,,EN,food,,,,,OPTIMIZE_INTERNAL_LINKS,20,70,sin-enlaces-salientes,DATA_MISSING
https://hacecuentas.com/en/maximum-heart-rate-by-age,,EN,health_low_risk,,,,,OPTIMIZE_INTERNAL_LINKS,20,70,sin-enlaces-salientes,DATA_MISSING
https://hacecuentas.com/en/mean-median-mode-range-statistics,,EN,mathematics,,,,,OPTIMIZE_INTERNAL_LINKS,20,70,sin-enlaces-salientes,DATA_MISSING
https://hacecuentas.com/en/mechanical-work-force-distance,,EN,statistics,,,,,OPTIMIZE_INTERNAL_LINKS,20,70,sin-enlaces-salientes,DATA_MISSING
https://hacecuentas.com/en/medicine-entrance-cbc-score-uba-2026,,EN,education,,,,,OPTIMIZE_INTERNAL_LINKS,20,70,sin-enlaces-salientes,DATA_MISSING
https://hacecuentas.com/en/mediterranean-diet-weekly-plan-kcal,,EN,health_low_risk,,,,,OPTIMIZE_INTERNAL_LINKS,20,70,sin-enlaces-salientes,DATA_MISSING
https://hacecuentas.com/en/meeting-cost-calculator,,EN,savings,,,,,OPTIMIZE_INTERNAL_LINKS,20,70,sin-enlaces-salientes,DATA_MISSING
https://hacecuentas.com/en/melamine-board-cutting-calculator,,EN,construction,,,,,OPTIMIZE_INTERNAL_LINKS,20,70,sin-enlaces-salientes,DATA_MISSING
https://hacecuentas.com/en/membrana-asfaltica-rollos,,EN,construction,,,,,OPTIMIZE_INTERNAL_LINKS,20,70,sin-enlaces-salientes,DATA_MISSING
https://hacecuentas.com/en/memorization-spaced-repetition-anki-cards-dia,,EN,education,,,,,OPTIMIZE_INTERNAL_LINKS,20,70,sin-enlaces-salientes,DATA_MISSING
https://hacecuentas.com/en/midjourney-stable-diffusion-credits-monthly,,EN,other,,,,,OPTIMIZE_INTERNAL_LINKS,20,70,sin-enlaces-salientes,DATA_MISSING
https://hacecuentas.com/en/minimum-grade-pass-final-exam-average,,EN,education,,,,,OPTIMIZE_INTERNAL_LINKS,20,70,sin-enlaces-salientes,DATA_MISSING
https://hacecuentas.com/en/minimum-retirement-pension-bonus-2026,,EN,retirement,,,,,OPTIMIZE_INTERNAL_LINKS,20,70,sin-enlaces-salientes,DATA_MISSING
https://hacecuentas.com/en/minimum-wage-2026-comparison,,EN,savings,,,,,OPTIMIZE_INTERNAL_LINKS,20,70,sin-enlaces-salientes,DATA_MISSING
https://hacecuentas.com/en/mlss-max-lactate-steady-state,,EN,sports_non_medical,,,,,OPTIMIZE_INTERNAL_LINKS,20,70,sin-enlaces-salientes,DATA_MISSING
https://hacecuentas.com/en/moles-masa-formula-molecular,,EN,statistics,,,,,OPTIMIZE_INTERNAL_LINKS,20,70,sin-enlaces-salientes,DATA_MISSING
https://hacecuentas.com/en/momento-angular-rotacion,,EN,statistics,,,,,OPTIMIZE_INTERNAL_LINKS,20,70,sin-enlaces-salientes,DATA_MISSING
https://hacecuentas.com/en/monetary-policy-rate-tpm-return,,EN,savings,,,,,OPTIMIZE_INTERNAL_LINKS,20,70,sin-enlaces-salientes,DATA_MISSING
https://hacecuentas.com/en/money-market-fund-yield,,EN,savings,,,,,OPTIMIZE_INTERNAL_LINKS,20,70,sin-enlaces-salientes,DATA_MISSING
https://hacecuentas.com/en/mortgage-payment-monthly-calculator,,EN,savings,,,,,OPTIMIZE_INTERNAL_LINKS,20,70,sin-enlaces-salientes,DATA_MISSING
https://hacecuentas.com/en/mortgage-refinance-break-even-calculator,,EN,savings,,,,,OPTIMIZE_INTERNAL_LINKS,20,70,sin-enlaces-salientes,DATA_MISSING
https://hacecuentas.com/en/movie-duration-snacks,,EN,other,,,,,OPTIMIZE_INTERNAL_LINKS,20,70,sin-enlaces-salientes,DATA_MISSING
https://hacecuentas.com/en/movie-series-language-immersion-hours,,EN,education,,,,,OPTIMIZE_INTERNAL_LINKS,20,70,sin-enlaces-salientes,DATA_MISSING
https://hacecuentas.com/en/moving-truck-cost-calculator,,EN,savings,,,,,OPTIMIZE_INTERNAL_LINKS,20,70,sin-enlaces-salientes,DATA_MISSING
https://hacecuentas.com/en/mulching-espesor-cantidad,,EN,other,,,,,OPTIMIZE_INTERNAL_LINKS,20,70,sin-enlaces-salientes,DATA_MISSING
https://hacecuentas.com/en/muscle-recovery-hours,,EN,sports_non_medical,,,,,OPTIMIZE_INTERNAL_LINKS,20,70,sin-enlaces-salientes,DATA_MISSING
https://hacecuentas.com/en/music-equipment-budget-calculator,,EN,other,,,,,OPTIMIZE_INTERNAL_LINKS,20,70,sin-enlaces-salientes,DATA_MISSING
https://hacecuentas.com/en/natural-light-energy-savings,,EN,other,,,,,OPTIMIZE_INTERNAL_LINKS,20,70,sin-enlaces-salientes,DATA_MISSING
https://hacecuentas.com/en/net-worth-tracker-calculator,,EN,savings,,,,,OPTIMIZE_INTERNAL_LINKS,20,70,sin-enlaces-salientes,DATA_MISSING
https://hacecuentas.com/en/nft-royalty-creator-secondary-market,,EN,savings,,,,,OPTIMIZE_INTERNAL_LINKS,20,70,sin-enlaces-salientes,DATA_MISSING
https://hacecuentas.com/en/omega-3-daily-dha-epa-dose,,EN,health_low_risk,,,,,OPTIMIZE_INTERNAL_LINKS,20,70,sin-enlaces-salientes,DATA_MISSING
https://hacecuentas.com/en/openai-api-monthly-cost-estimator,,EN,other,,,,,OPTIMIZE_INTERNAL_LINKS,20,70,sin-enlaces-salientes,DATA_MISSING
https://hacecuentas.com/en/optimal-age-language-learning,,EN,education,,,,,OPTIMIZE_INTERNAL_LINKS,20,70,sin-enlaces-salientes,DATA_MISSING
https://hacecuentas.com/en/optimal-exam-review-schedule,,EN,education,,,,,OPTIMIZE_INTERNAL_LINKS,20,70,sin-enlaces-salientes,DATA_MISSING
https://hacecuentas.com/en/optimal-protein-per-meal,,EN,sports_non_medical,,,,,OPTIMIZE_INTERNAL_LINKS,20,70,sin-enlaces-salientes,DATA_MISSING
https://hacecuentas.com/en/orbital-period-planet,,EN,statistics,,,,,OPTIMIZE_INTERNAL_LINKS,20,70,sin-enlaces-salientes,DATA_MISSING
https://hacecuentas.com/en/oven-temperature-conversion-calculator,,EN,food,,,,,OPTIMIZE_INTERNAL_LINKS,20,70,sin-enlaces-salientes,DATA_MISSING
https://hacecuentas.com/en/oven-temperature-gas-electric-conversion,,EN,food,,,,,OPTIMIZE_INTERNAL_LINKS,20,70,sin-enlaces-salientes,DATA_MISSING
https://hacecuentas.com/en/overtime-pay-calculator,,EN,savings,,,,,OPTIMIZE_INTERNAL_LINKS,20,70,sin-enlaces-salientes,DATA_MISSING
https://hacecuentas.com/en/ovulation-calculator,,EN,health_low_risk,,,,,OPTIMIZE_INTERNAL_LINKS,20,70,sin-enlaces-salientes,DATA_MISSING
https://hacecuentas.com/en/ovulation-fertile-window-calculator,,EN,other,,,,,OPTIMIZE_INTERNAL_LINKS,20,70,sin-enlaces-salientes,DATA_MISSING
https://hacecuentas.com/en/oxidation-number-element,,EN,statistics,,,,,OPTIMIZE_INTERNAL_LINKS,20,70,sin-enlaces-salientes,DATA_MISSING
https://hacecuentas.com/en/pace-objetivo-maraton-tiempo,,EN,sports_non_medical,,,,,OPTIMIZE_INTERNAL_LINKS,20,70,sin-enlaces-salientes,DATA_MISSING
https://hacecuentas.com/en/running-pace-calculator,,EN,automotive,,,,,OPTIMIZE_INTERNAL_LINKS,20,70,sin-enlaces-salientes,DATA_MISSING
https://hacecuentas.com/en/padel-ranking-puntos-apt-aap-subir,,EN,sports_non_medical,,,,,OPTIMIZE_INTERNAL_LINKS,20,70,sin-enlaces-salientes,DATA_MISSING
https://hacecuentas.com/en/page-load-time-core-web-vitals,,EN,other,,,,,OPTIMIZE_INTERNAL_LINKS,20,70,sin-enlaces-salientes,DATA_MISSING
https://hacecuentas.com/en/paint-coverage-liters-per-square-meter,,EN,construction,,,,,OPTIMIZE_INTERNAL_LINKS,20,70,sin-enlaces-salientes,DATA_MISSING
https://hacecuentas.com/en/paint-liters-m2-coats,,EN,construction,,,,,OPTIMIZE_INTERNAL_LINKS,20,70,sin-enlaces-salientes,DATA_MISSING
https://hacecuentas.com/en/paper-saved-double-sided-printing,,EN,other,,,,,OPTIMIZE_INTERNAL_LINKS,20,70,sin-enlaces-salientes,DATA_MISSING
https://hacecuentas.com/en/parallax-distance-parsecs,,EN,statistics,,,,,OPTIMIZE_INTERNAL_LINKS,20,70,sin-enlaces-salientes,DATA_MISSING
https://hacecuentas.com/en/parrot-parakeet-seed-distribution,,EN,pets_non_medical,,,,,OPTIMIZE_INTERNAL_LINKS,20,70,sin-enlaces-salientes,DATA_MISSING
https://hacecuentas.com/en/party-drinks-beer-wine-soda,,EN,food,,,,,OPTIMIZE_INTERNAL_LINKS,20,70,sin-enlaces-salientes,DATA_MISSING
https://hacecuentas.com/en/passive-income-from-investments-calculator,,EN,savings,,,,,OPTIMIZE_INTERNAL_LINKS,20,70,sin-enlaces-salientes,DATA_MISSING
https://hacecuentas.com/en/password-cracking-time-length,,EN,other,,,,,OPTIMIZE_INTERNAL_LINKS,20,70,sin-enlaces-salientes,DATA_MISSING
https://hacecuentas.com/en/paycheck-take-home-pay-calculator-usa,,EN,savings,,,,,OPTIMIZE_INTERNAL_LINKS,20,70,sin-enlaces-salientes,DATA_MISSING
https://hacecuentas.com/en/pc-power-consumption-psu,,EN,other,,,,,OPTIMIZE_INTERNAL_LINKS,20,70,sin-enlaces-salientes,DATA_MISSING
https://hacecuentas.com/en/pe-ratio-calculator,,EN,savings,,,,,OPTIMIZE_INTERNAL_LINKS,20,70,sin-enlaces-salientes,DATA_MISSING
https://hacecuentas.com/en/percentage-increase-decrease-calculator,,EN,mathematics,,,,,OPTIMIZE_INTERNAL_LINKS,20,70,sin-enlaces-salientes,DATA_MISSING
https://hacecuentas.com/en/percentage-of-number-calculator,,EN,mathematics,,,,,OPTIMIZE_INTERNAL_LINKS,20,70,sin-enlaces-salientes,DATA_MISSING
https://hacecuentas.com/en/percentile-data,,EN,mathematics,,,,,OPTIMIZE_INTERNAL_LINKS,20,70,sin-enlaces-salientes,DATA_MISSING
https://hacecuentas.com/en/perimeter-enclosure-brick-cost,,EN,construction,,,,,OPTIMIZE_INTERNAL_LINKS,20,70,sin-enlaces-salientes,DATA_MISSING
https://hacecuentas.com/en/permutaciones-n-tomados-k-pnk,,EN,mathematics,,,,,OPTIMIZE_INTERNAL_LINKS,20,70,sin-enlaces-salientes,DATA_MISSING
https://hacecuentas.com/en/peso-ideal-ninos,,EN,health_low_risk,,,,,OPTIMIZE_INTERNAL_LINKS,20,70,sin-enlaces-salientes,DATA_MISSING
https://hacecuentas.com/en/ideal-weight-calculator,,EN,health_low_risk,,,,,OPTIMIZE_INTERNAL_LINKS,20,70,sin-enlaces-salientes,DATA_MISSING
https://hacecuentas.com/en/competition-weight-calculator,,EN,sports_non_medical,,,,,OPTIMIZE_INTERNAL_LINKS,20,70,sin-enlaces-salientes,DATA_MISSING
https://hacecuentas.com/en/peso-posparto,,EN,health_low_risk,,,,,OPTIMIZE_INTERNAL_LINKS,20,70,sin-enlaces-salientes,DATA_MISSING
https://hacecuentas.com/en/pet-age-calculator-human-years-breed-size,,EN,pets_non_medical,,,,,OPTIMIZE_INTERNAL_LINKS,20,70,sin-enlaces-salientes,DATA_MISSING
https://hacecuentas.com/en/pet-medication-dosage-by-weight,,EN,pets_non_medical,,,,,OPTIMIZE_INTERNAL_LINKS,20,70,sin-enlaces-salientes,DATA_MISSING
https://hacecuentas.com/en/ph-hydrogen-ion-concentration,,EN,statistics,,,,,OPTIMIZE_INTERNAL_LINKS,20,70,sin-enlaces-salientes,DATA_MISSING
https://hacecuentas.com/en/ph-soil-correction-lime-sulfur,,EN,other,,,,,OPTIMIZE_INTERNAL_LINKS,20,70,sin-enlaces-salientes,DATA_MISSING
https://hacecuentas.com/en/photon-energy-frequency-wavelength,,EN,statistics,,,,,OPTIMIZE_INTERNAL_LINKS,20,70,sin-enlaces-salientes,DATA_MISSING
https://hacecuentas.com/en/pilates-reformer-frequency-weekly,,EN,health_low_risk,,,,,OPTIMIZE_INTERNAL_LINKS,20,70,sin-enlaces-salientes,DATA_MISSING
https://hacecuentas.com/en/ping-latency-distance,,EN,other,,,,,OPTIMIZE_INTERNAL_LINKS,20,70,sin-enlaces-salientes,DATA_MISSING
https://hacecuentas.com/en/pythagorean-theorem-calculator,,EN,mathematics,,,,,OPTIMIZE_INTERNAL_LINKS,20,70,sin-enlaces-salientes,DATA_MISSING
https://hacecuentas.com/en/pizzas-by-guests,,EN,food,,,,,OPTIMIZE_INTERNAL_LINKS,20,70,sin-enlaces-salientes,DATA_MISSING
https://hacecuentas.com/en/plant-spacing-vegetable-garden,,EN,other,,,,,OPTIMIZE_INTERNAL_LINKS,20,70,sin-enlaces-salientes,DATA_MISSING
https://hacecuentas.com/en/plant-sunlight-hours,,EN,other,,,,,OPTIMIZE_INTERNAL_LINKS,20,70,sin-enlaces-salientes,DATA_MISSING
https://hacecuentas.com/en/planting-calendar-northern-hemisphere,,EN,other,,,,,OPTIMIZE_INTERNAL_LINKS,20,70,sin-enlaces-salientes,DATA_MISSING
https://hacecuentas.com/en/planting-calendar-southern-hemisphere,,EN,other,,,,,OPTIMIZE_INTERNAL_LINKS,20,70,sin-enlaces-salientes,DATA_MISSING
https://hacecuentas.com/en/plants-per-meter-hedge,,EN,other,,,,,OPTIMIZE_INTERNAL_LINKS,20,70,sin-enlaces-salientes,DATA_MISSING
https://hacecuentas.com/en/playlist-duration-songs,,EN,other,,,,,OPTIMIZE_INTERNAL_LINKS,20,70,sin-enlaces-salientes,DATA_MISSING
https://hacecuentas.com/en/pnl-futures-long-short-perpetual,,EN,savings,,,,,OPTIMIZE_INTERNAL_LINKS,20,70,sin-enlaces-salientes,DATA_MISSING
https://hacecuentas.com/en/podcasts-learn-language-daily-minutes,,EN,education,,,,,OPTIMIZE_INTERNAL_LINKS,20,70,sin-enlaces-salientes,DATA_MISSING
https://hacecuentas.com/en/poh-hydroxide-concentration,,EN,statistics,,,,,OPTIMIZE_INTERNAL_LINKS,20,70,sin-enlaces-salientes,DATA_MISSING
https://hacecuentas.com/en/polynomial-derivative-calculator,,EN,taxes,,,,,OPTIMIZE_INTERNAL_LINKS,20,70,sin-enlaces-salientes,DATA_MISSING
https://hacecuentas.com/en/polynomial-integral-calculator,,EN,mathematics,,,,,OPTIMIZE_INTERNAL_LINKS,20,70,sin-enlaces-salientes,DATA_MISSING
https://hacecuentas.com/en/pomodoro-sessions-calculator,,EN,education,,,,,OPTIMIZE_INTERNAL_LINKS,20,70,sin-enlaces-salientes,DATA_MISSING
https://hacecuentas.com/en/percentage-calculator,,EN,utilities,,,,,OPTIMIZE_INTERNAL_LINKS,20,70,sin-enlaces-salientes,DATA_MISSING
https://hacecuentas.com/en/sushi-per-person-calculator,,EN,food,,,,,OPTIMIZE_INTERNAL_LINKS,20,70,sin-enlaces-salientes,DATA_MISSING
https://hacecuentas.com/en/portfolio-60-40-crypto-traditional-allocation,,EN,savings,,,,,OPTIMIZE_INTERNAL_LINKS,20,70,sin-enlaces-salientes,DATA_MISSING
https://hacecuentas.com/en/position-size-stocks-percentage,,EN,savings,,,,,OPTIMIZE_INTERNAL_LINKS,20,70,sin-enlaces-salientes,DATA_MISSING
https://hacecuentas.com/en/post-marathon-rest-days-calculator,,EN,sports_non_medical,,,,,OPTIMIZE_INTERNAL_LINKS,20,70,sin-enlaces-salientes,DATA_MISSING
https://hacecuentas.com/en/postpartum-depression-screening,,EN,health_low_risk,,,,,OPTIMIZE_INTERNAL_LINKS,20,70,sin-enlaces-salientes,DATA_MISSING
https://hacecuentas.com/en/pot-drainage-gravel,,EN,other,,,,,OPTIMIZE_INTERNAL_LINKS,20,70,sin-enlaces-salientes,DATA_MISSING
https://hacecuentas.com/en/pot-size-calculator,,EN,other,,,,,OPTIMIZE_INTERNAL_LINKS,20,70,sin-enlaces-salientes,DATA_MISSING
https://hacecuentas.com/en/power-factor-correction,,EN,other,,,,,OPTIMIZE_INTERNAL_LINKS,20,70,sin-enlaces-salientes,DATA_MISSING
https://hacecuentas.com/en/pral-urine-acidity,,EN,health_low_risk,,,,,OPTIMIZE_INTERNAL_LINKS,20,70,sin-enlaces-salientes,DATA_MISSING
https://hacecuentas.com/en/pregnancy-calendar-week-by-week,,EN,other,,,,,OPTIMIZE_INTERNAL_LINKS,20,70,sin-enlaces-salientes,DATA_MISSING
https://hacecuentas.com/en/pregnancy-weeks-by-ultrasound-crl,,EN,other,,,,,OPTIMIZE_INTERNAL_LINKS,20,70,sin-enlaces-salientes,DATA_MISSING
https://hacecuentas.com/en/pregnancy-weeks-to-months-converter,,EN,other,,,,,OPTIMIZE_INTERNAL_LINKS,20,70,sin-enlaces-salientes,DATA_MISSING
https://hacecuentas.com/en/pregnancy-weight-gain-bmi,,EN,other,,,,,OPTIMIZE_INTERNAL_LINKS,20,70,sin-enlaces-salientes,DATA_MISSING
https://hacecuentas.com/en/premature-infant-corrected-age,,EN,health_low_risk,,,,,OPTIMIZE_INTERNAL_LINKS,20,70,sin-enlaces-salientes,DATA_MISSING
https://hacecuentas.com/en/loan-payment-calculator,,EN,savings,,,,,OPTIMIZE_INTERNAL_LINKS,20,70,sin-enlaces-salientes,DATA_MISSING
https://hacecuentas.com/en/price-to-book-ratio,,EN,savings,,,,,OPTIMIZE_INTERNAL_LINKS,20,70,sin-enlaces-salientes,DATA_MISSING
https://hacecuentas.com/en/priming-sugar-carbonation,,EN,food,,,,,OPTIMIZE_INTERNAL_LINKS,20,70,sin-enlaces-salientes,DATA_MISSING
https://hacecuentas.com/en/probability-drop-loot,,EN,other,,,,,OPTIMIZE_INTERNAL_LINKS,20,70,sin-enlaces-salientes,DATA_MISSING
https://hacecuentas.com/en/probiotic-daily-cfu-dosage,,EN,health_low_risk,,,,,OPTIMIZE_INTERNAL_LINKS,20,70,sin-enlaces-salientes,DATA_MISSING
https://hacecuentas.com/en/average-calculator,,EN,mathematics,,,,,OPTIMIZE_INTERNAL_LINKS,20,70,sin-enlaces-salientes,DATA_MISSING
https://hacecuentas.com/en/property-deed-transfer-cost,,EN,savings,,,,,OPTIMIZE_INTERNAL_LINKS,20,70,sin-enlaces-salientes,DATA_MISSING
https://hacecuentas.com/en/tip-calculator,,EN,utilities,,,,,OPTIMIZE_INTERNAL_LINKS,20,70,sin-enlaces-salientes,DATA_MISSING
https://hacecuentas.com/en/puppy-cost-first-year,,EN,pets_non_medical,,,,,OPTIMIZE_INTERNAL_LINKS,20,70,sin-enlaces-salientes,DATA_MISSING
https://hacecuentas.com/en/quadratic-equation-roots-discriminant,,EN,mathematics,,,,,OPTIMIZE_INTERNAL_LINKS,20,70,sin-enlaces-salientes,DATA_MISSING
https://hacecuentas.com/en/quintal-to-metric-ton-converter,,EN,mathematics,,,,,OPTIMIZE_INTERNAL_LINKS,20,70,sin-enlaces-salientes,DATA_MISSING
https://hacecuentas.com/en/rabbit-age-in-human-years,,EN,pets_non_medical,,,,,OPTIMIZE_INTERNAL_LINKS,20,70,sin-enlaces-salientes,DATA_MISSING
https://hacecuentas.com/en/rabbit-diet-hay-pellets,,EN,pets_non_medical,,,,,OPTIMIZE_INTERNAL_LINKS,20,70,sin-enlaces-salientes,DATA_MISSING
https://hacecuentas.com/en/radians-to-degrees-angle,,EN,mathematics,,,,,OPTIMIZE_INTERNAL_LINKS,20,70,sin-enlaces-salientes,DATA_MISSING
https://hacecuentas.com/en/radiative-forcing-co2-ppm,,EN,statistics,,,,,OPTIMIZE_INTERNAL_LINKS,20,70,sin-enlaces-salientes,DATA_MISSING
https://hacecuentas.com/en/radioactive-decay-half-life,,EN,statistics,,,,,OPTIMIZE_INTERNAL_LINKS,20,70,sin-enlaces-salientes,DATA_MISSING
https://hacecuentas.com/en/raid-capacity-calculator,,EN,other,,,,,OPTIMIZE_INTERNAL_LINKS,20,70,sin-enlaces-salientes,DATA_MISSING
https://hacecuentas.com/en/rate-limit-api-rpm-rps,,EN,other,,,,,OPTIMIZE_INTERNAL_LINKS,20,70,sin-enlaces-salientes,DATA_MISSING
https://hacecuentas.com/en/ratio-simplifier-calculator,,EN,mathematics,,,,,OPTIMIZE_INTERNAL_LINKS,20,70,sin-enlaces-salientes,DATA_MISSING
https://hacecuentas.com/en/reading-speed-wpm-book-time,,EN,education,,,,,OPTIMIZE_INTERNAL_LINKS,20,70,sin-enlaces-salientes,DATA_MISSING
https://hacecuentas.com/en/recipe-scaling-calculator,,EN,food,,,,,OPTIMIZE_INTERNAL_LINKS,20,70,sin-enlaces-salientes,DATA_MISSING
https://hacecuentas.com/en/recommended-sleep-hours-by-age,,EN,other,,,,,OPTIMIZE_INTERNAL_LINKS,20,70,sin-enlaces-salientes,DATA_MISSING
https://hacecuentas.com/en/redshift-radial-velocity,,EN,statistics,,,,,OPTIMIZE_INTERNAL_LINKS,20,70,sin-enlaces-salientes,DATA_MISSING
https://hacecuentas.com/en/registro-dnrpa-auto-0km-arancel,,EN,automotive,,,,,OPTIMIZE_INTERNAL_LINKS,20,70,sin-enlaces-salientes,DATA_MISSING
https://hacecuentas.com/en/rule-of-72-calculator,,EN,savings,,,,,OPTIMIZE_INTERNAL_LINKS,20,70,sin-enlaces-salientes,DATA_MISSING
https://hacecuentas.com/en/rule-of-three-calculator,,EN,utilities,,,,,OPTIMIZE_INTERNAL_LINKS,20,70,sin-enlaces-salientes,DATA_MISSING
https://hacecuentas.com/en/rent-to-own-property-calculator,,EN,savings,,,,,OPTIMIZE_INTERNAL_LINKS,20,70,sin-enlaces-salientes,DATA_MISSING
https://hacecuentas.com/en/rent-vs-buy-5-year-calculator,,EN,savings,,,,,OPTIMIZE_INTERNAL_LINKS,20,70,sin-enlaces-salientes,DATA_MISSING
https://hacecuentas.com/en/rental-contract-usd-pesification,,EN,savings,,,,,OPTIMIZE_INTERNAL_LINKS,20,70,sin-enlaces-salientes,DATA_MISSING
https://hacecuentas.com/en/rental-deposit-months-return,,EN,savings,,,,,OPTIMIZE_INTERNAL_LINKS,20,70,sin-enlaces-salientes,DATA_MISSING
https://hacecuentas.com/en/rental-guarantee-insurance-monthly-cost,,EN,savings,,,,,OPTIMIZE_INTERNAL_LINKS,20,70,sin-enlaces-salientes,DATA_MISSING
https://hacecuentas.com/en/rest-between-sets-intensity,,EN,sports_non_medical,,,,,OPTIMIZE_INTERNAL_LINKS,20,70,sin-enlaces-salientes,DATA_MISSING
https://hacecuentas.com/en/rice-grams-per-person,,EN,food,,,,,OPTIMIZE_INTERNAL_LINKS,20,70,sin-enlaces-salientes,DATA_MISSING
https://hacecuentas.com/en/rice-portions-per-person-side-dish,,EN,food,,,,,OPTIMIZE_INTERNAL_LINKS,20,70,sin-enlaces-salientes,DATA_MISSING
https://hacecuentas.com/en/richter-scale-magnitude-energy,,EN,statistics,,,,,OPTIMIZE_INTERNAL_LINKS,20,70,sin-enlaces-salientes,DATA_MISSING
https://hacecuentas.com/en/ring-size-finger,,EN,health_low_risk,,,,,OPTIMIZE_INTERNAL_LINKS,20,70,sin-enlaces-salientes,DATA_MISSING
https://hacecuentas.com/en/risk-reward-ratio-trade,,EN,savings,,,,,OPTIMIZE_INTERNAL_LINKS,20,70,sin-enlaces-salientes,DATA_MISSING
https://hacecuentas.com/en/one-rep-max-calculator,,EN,sports_non_medical,,,,,OPTIMIZE_INTERNAL_LINKS,20,70,sin-enlaces-salientes,DATA_MISSING
https://hacecuentas.com/en/road-trip-time-distance-calculator,,EN,travel,,,,,OPTIMIZE_INTERNAL_LINKS,20,70,sin-enlaces-salientes,DATA_MISSING
https://hacecuentas.com/en/roi-calculator,,EN,savings,,,,,OPTIMIZE_INTERNAL_LINKS,20,70,sin-enlaces-salientes,DATA_MISSING
https://hacecuentas.com/en/roof-waterproofing-kg-m2-calculator,,EN,construction,,,,,OPTIMIZE_INTERNAL_LINKS,20,70,sin-enlaces-salientes,DATA_MISSING
https://hacecuentas.com/en/roth-vs-traditional-ira-calculator,,EN,savings,,,,,OPTIMIZE_INTERNAL_LINKS,20,70,sin-enlaces-salientes,DATA_MISSING
https://hacecuentas.com/en/rough-plaster-mortar-calculator,,EN,construction,,,,,OPTIMIZE_INTERNAL_LINKS,20,70,sin-enlaces-salientes,DATA_MISSING
https://hacecuentas.com/en/rpe-rir-training-percentage,,EN,health_low_risk,,,,,OPTIMIZE_INTERNAL_LINKS,20,70,sin-enlaces-salientes,DATA_MISSING
https://hacecuentas.com/en/rugby-handicap-points-relegation-average,,EN,sports_non_medical,,,,,OPTIMIZE_INTERNAL_LINKS,20,70,sin-enlaces-salientes,DATA_MISSING
https://hacecuentas.com/en/rule-of-three-simple-direct-inverse,,EN,mathematics,,,,,OPTIMIZE_INTERNAL_LINKS,20,70,sin-enlaces-salientes,DATA_MISSING
https://hacecuentas.com/en/running-10-percent-rule,,EN,sports_non_medical,,,,,OPTIMIZE_INTERNAL_LINKS,20,70,sin-enlaces-salientes,DATA_MISSING
https://hacecuentas.com/en/safe-deposit-box-bank-cost-comparison,,EN,savings,,,,,OPTIMIZE_INTERNAL_LINKS,20,70,sin-enlaces-salientes,DATA_MISSING
https://hacecuentas.com/en/sales-tax-calculator,,EN,savings,,,,,OPTIMIZE_INTERNAL_LINKS,20,70,sin-enlaces-salientes,DATA_MISSING
https://hacecuentas.com/en/savings-goal-monthly-amount-calculator,,EN,savings,,,,,OPTIMIZE_INTERNAL_LINKS,20,70,sin-enlaces-salientes,DATA_MISSING
https://hacecuentas.com/en/scale-vanilla-pound-cake-recipe,,EN,food,,,,,OPTIMIZE_INTERNAL_LINKS,20,70,sin-enlaces-salientes,DATA_MISSING
https://hacecuentas.com/en/scholarship-minimum-gpa-requirement,,EN,education,,,,,OPTIMIZE_INTERNAL_LINKS,20,70,sin-enlaces-salientes,DATA_MISSING
https://hacecuentas.com/en/screen-ppi-pixel-density,,EN,other,,,,,OPTIMIZE_INTERNAL_LINKS,20,70,sin-enlaces-salientes,DATA_MISSING
https://hacecuentas.com/en/screen-time-recommendations-by-age,,EN,other,,,,,OPTIMIZE_INTERNAL_LINKS,20,70,sin-enlaces-salientes,DATA_MISSING
https://hacecuentas.com/en/seed-germination-days-temperature,,EN,other,,,,,OPTIMIZE_INTERNAL_LINKS,20,70,sin-enlaces-salientes,DATA_MISSING
https://hacecuentas.com/en/semillas-por-m2-huerta,,EN,other,,,,,OPTIMIZE_INTERNAL_LINKS,20,70,sin-enlaces-salientes,DATA_MISSING
https://hacecuentas.com/en/servo-pwm-angle,,EN,other,,,,,OPTIMIZE_INTERNAL_LINKS,20,70,sin-enlaces-salientes,DATA_MISSING
https://hacecuentas.com/en/sharpe-ratio-backtest-calculator,,EN,savings,,,,,OPTIMIZE_INTERNAL_LINKS,20,70,sin-enlaces-salientes,DATA_MISSING
https://hacecuentas.com/en/side-hustle-tax-savings-calculator,,EN,business,,,,,OPTIMIZE_INTERNAL_LINKS,20,70,sin-enlaces-salientes,DATA_MISSING
https://hacecuentas.com/en/simple-interest-vs-compound-comparison,,EN,savings,,,,,OPTIMIZE_INTERNAL_LINKS,20,70,sin-enlaces-salientes,DATA_MISSING
https://hacecuentas.com/en/simple-linear-regression-least-squares,,EN,mathematics,,,,,OPTIMIZE_INTERNAL_LINKS,20,70,sin-enlaces-salientes,DATA_MISSING
https://hacecuentas.com/en/simple-pendulum-period,,EN,statistics,,,,,OPTIMIZE_INTERNAL_LINKS,20,70,sin-enlaces-salientes,DATA_MISSING
https://hacecuentas.com/en/sine-cosine-tangent-angle-calculator,,EN,mathematics,,,,,OPTIMIZE_INTERNAL_LINKS,20,70,sin-enlaces-salientes,DATA_MISSING
https://hacecuentas.com/en/sla-uptime-downtime-calculator,,EN,other,,,,,OPTIMIZE_INTERNAL_LINKS,20,70,sin-enlaces-salientes,DATA_MISSING
https://hacecuentas.com/en/snells-law-refraction,,EN,statistics,,,,,OPTIMIZE_INTERNAL_LINKS,20,70,sin-enlaces-salientes,DATA_MISSING
https://hacecuentas.com/en/solar-panel-kw-home-calculator,,EN,food,,,,,OPTIMIZE_INTERNAL_LINKS,20,70,sin-enlaces-salientes,DATA_MISSING
https://hacecuentas.com/en/specific-heat-calculator,,EN,statistics,,,,,OPTIMIZE_INTERNAL_LINKS,20,70,sin-enlaces-salientes,DATA_MISSING
https://hacecuentas.com/en/speed-conversion-kmh-mph-knots,,EN,automotive,,,,,OPTIMIZE_INTERNAL_LINKS,20,70,sin-enlaces-salientes,DATA_MISSING
https://hacecuentas.com/en/speed-reading-progress-improvement,,EN,education,,,,,OPTIMIZE_INTERNAL_LINKS,20,70,sin-enlaces-salientes,DATA_MISSING
https://hacecuentas.com/en/spermiogram-reference-values-who-2021,,EN,health_low_risk,,,,,OPTIMIZE_INTERNAL_LINKS,20,70,sin-enlaces-salientes,DATA_MISSING
https://hacecuentas.com/en/spf-sun-protection-minutes-skin-type,,EN,health_low_risk,,,,,OPTIMIZE_INTERNAL_LINKS,20,70,sin-enlaces-salientes,DATA_MISSING
https://hacecuentas.com/en/sphere-volume-surface-area,,EN,mathematics,,,,,OPTIMIZE_INTERNAL_LINKS,20,70,sin-enlaces-salientes,DATA_MISSING
https://hacecuentas.com/en/split-ac-btu-calculator,,EN,construction,,,,,OPTIMIZE_INTERNAL_LINKS,20,70,sin-enlaces-salientes,DATA_MISSING
https://hacecuentas.com/en/sports-hydration-electrolytes-exercise,,EN,health_low_risk,,,,,OPTIMIZE_INTERNAL_LINKS,20,70,sin-enlaces-salientes,DATA_MISSING
https://hacecuentas.com/en/square-feet-to-square-meters-real-estate,,EN,mathematics,,,,,OPTIMIZE_INTERNAL_LINKS,20,70,sin-enlaces-salientes,DATA_MISSING
https://hacecuentas.com/en/srm-color-cerveza-morey,,EN,food,,,,,OPTIMIZE_INTERNAL_LINKS,20,70,sin-enlaces-salientes,DATA_MISSING
https://hacecuentas.com/en/srs-next-review-calculator,,EN,education,,,,,OPTIMIZE_INTERNAL_LINKS,20,70,sin-enlaces-salientes,DATA_MISSING
https://hacecuentas.com/en/stages-of-grief-family-loss,,EN,other,,,,,OPTIMIZE_INTERNAL_LINKS,20,70,sin-enlaces-salientes,DATA_MISSING
https://hacecuentas.com/en/stair-calculator-blondel-rule,,EN,construction,,,,,OPTIMIZE_INTERNAL_LINKS,20,70,sin-enlaces-salientes,DATA_MISSING
https://hacecuentas.com/en/staking-ethereum-yield-apy,,EN,savings,,,,,OPTIMIZE_INTERNAL_LINKS,20,70,sin-enlaces-salientes,DATA_MISSING
https://hacecuentas.com/en/standard-deviation-variance-calculator,,EN,mathematics,,,,,OPTIMIZE_INTERNAL_LINKS,20,70,sin-enlaces-salientes,DATA_MISSING
https://hacecuentas.com/en/steel-kg-m2-slab,,EN,construction,,,,,OPTIMIZE_INTERNAL_LINKS,20,70,sin-enlaces-salientes,DATA_MISSING
https://hacecuentas.com/en/stepper-pasos-grado,,EN,other,,,,,OPTIMIZE_INTERNAL_LINKS,20,70,sin-enlaces-salientes,DATA_MISSING
https://hacecuentas.com/en/stock-options-vesting-tech-startup,,EN,savings,,,,,OPTIMIZE_INTERNAL_LINKS,20,70,sin-enlaces-salientes,DATA_MISSING
https://hacecuentas.com/en/stopping-distance-speed-friction,,EN,automotive,,,,,OPTIMIZE_INTERNAL_LINKS,20,70,sin-enlaces-salientes,DATA_MISSING
https://hacecuentas.com/en/streaming-carbon-emissions-calculator,,EN,food,,,,,OPTIMIZE_INTERNAL_LINKS,20,70,sin-enlaces-salientes,DATA_MISSING
https://hacecuentas.com/en/student-loan-payoff-time-calculator,,EN,savings,,,,,OPTIMIZE_INTERNAL_LINKS,20,70,sin-enlaces-salientes,DATA_MISSING
https://hacecuentas.com/en/study-abroad-costs-budget,,EN,education,,,,,OPTIMIZE_INTERNAL_LINKS,20,70,sin-enlaces-salientes,DATA_MISSING
https://hacecuentas.com/en/subcutaneous-visceral-fat-difference,,EN,health_low_risk,,,,,OPTIMIZE_INTERNAL_LINKS,20,70,sin-enlaces-salientes,DATA_MISSING
https://hacecuentas.com/en/salary-calculator-argentina,,EN,savings,,,,,OPTIMIZE_INTERNAL_LINKS,20,70,sin-enlaces-salientes,DATA_MISSING
https://hacecuentas.com/en/superficie-corporal-du-bois,,EN,health_low_risk,,,,,OPTIMIZE_INTERNAL_LINKS,20,70,sin-enlaces-salientes,DATA_MISSING
https://hacecuentas.com/en/suplementos-deportivos-stack-principiante,,EN,health_low_risk,,,,,OPTIMIZE_INTERNAL_LINKS,20,70,sin-enlaces-salientes,DATA_MISSING
https://hacecuentas.com/en/swimming-pace-100m,,EN,sports_non_medical,,,,,OPTIMIZE_INTERNAL_LINKS,20,70,sin-enlaces-salientes,DATA_MISSING
https://hacecuentas.com/en/swolf-swimming-index,,EN,sports_non_medical,,,,,OPTIMIZE_INTERNAL_LINKS,20,70,sin-enlaces-salientes,DATA_MISSING
https://hacecuentas.com/en/tdee-mifflin-st-jeor,,EN,health_low_risk,,,,,OPTIMIZE_INTERNAL_LINKS,20,70,sin-enlaces-salientes,DATA_MISSING
https://hacecuentas.com/en/teacher-competition-scoring-calculator,,EN,education,,,,,OPTIMIZE_INTERNAL_LINKS,20,70,sin-enlaces-salientes,DATA_MISSING
https://hacecuentas.com/en/teaspoon-to-grams-converter,,EN,food,,,,,OPTIMIZE_INTERNAL_LINKS,20,70,sin-enlaces-salientes,DATA_MISSING
https://hacecuentas.com/en/testosterone-normal-levels-by-age-men,,EN,health_low_risk,,,,,OPTIMIZE_INTERNAL_LINKS,20,70,sin-enlaces-salientes,DATA_MISSING
https://hacecuentas.com/en/thermal-k-minimum-zone,,EN,construction,,,,,OPTIMIZE_INTERNAL_LINKS,20,70,sin-enlaces-salientes,DATA_MISSING
https://hacecuentas.com/en/thesis-writing-time-word-count,,EN,education,,,,,OPTIMIZE_INTERNAL_LINKS,20,70,sin-enlaces-salientes,DATA_MISSING
https://hacecuentas.com/en/thin-lens-equation-calculator,,EN,statistics,,,,,OPTIMIZE_INTERNAL_LINKS,20,70,sin-enlaces-salientes,DATA_MISSING
https://hacecuentas.com/en/tile-boxes-coverage-calculator,,EN,construction,,,,,OPTIMIZE_INTERNAL_LINKS,20,70,sin-enlaces-salientes,DATA_MISSING
https://hacecuentas.com/en/time-card-hours-worked-calculator,,EN,mathematics,,,,,OPTIMIZE_INTERNAL_LINKS,20,70,sin-enlaces-salientes,DATA_MISSING
https://hacecuentas.com/en/timing-belt-change-interval-km,,EN,automotive,,,,,OPTIMIZE_INTERNAL_LINKS,20,70,sin-enlaces-salientes,DATA_MISSING
https://hacecuentas.com/en/tip-by-state-bill-calculator,,EN,travel,,,,,OPTIMIZE_INTERNAL_LINKS,20,70,sin-enlaces-salientes,DATA_MISSING
https://hacecuentas.com/en/tir-van-inversion,,EN,investments,,,,,OPTIMIZE_INTERNAL_LINKS,20,70,sin-enlaces-salientes,DATA_MISSING
https://hacecuentas.com/en/tire-diameter-calculator,,EN,automotive,,,,,OPTIMIZE_INTERNAL_LINKS,20,70,sin-enlaces-salientes,DATA_MISSING
https://hacecuentas.com/en/tire-pressure-psi-bar-conversion,,EN,automotive,,,,,OPTIMIZE_INTERNAL_LINKS,20,70,sin-enlaces-salientes,DATA_MISSING
https://hacecuentas.com/en/total-employment-cost-with-taxes,,EN,savings,,,,,OPTIMIZE_INTERNAL_LINKS,20,70,sin-enlaces-salientes,DATA_MISSING
https://hacecuentas.com/en/trail-running-elevation-pace-adjustment,,EN,sports_non_medical,,,,,OPTIMIZE_INTERNAL_LINKS,20,70,sin-enlaces-salientes,DATA_MISSING
https://hacecuentas.com/en/transfer-car-registration-province,,EN,savings,,,,,OPTIMIZE_INTERNAL_LINKS,20,70,sin-enlaces-salientes,DATA_MISSING
https://hacecuentas.com/en/triangle-area-herons-formula,,EN,mathematics,,,,,OPTIMIZE_INTERNAL_LINKS,20,70,sin-enlaces-salientes,DATA_MISSING
https://hacecuentas.com/en/triglyceride-levels-normal-high,,EN,health_low_risk,,,,,OPTIMIZE_INTERNAL_LINKS,20,70,sin-enlaces-salientes,DATA_MISSING
https://hacecuentas.com/en/trip-fuel-cost-calculator,,EN,automotive,,,,,OPTIMIZE_INTERNAL_LINKS,20,70,sin-enlaces-salientes,DATA_MISSING
https://hacecuentas.com/en/truck-payload-capacity-calculator,,EN,automotive,,,,,OPTIMIZE_INTERNAL_LINKS,20,70,sin-enlaces-salientes,DATA_MISSING
https://hacecuentas.com/en/ttl-dns-registro-cache-propagacion,,EN,other,,,,,OPTIMIZE_INTERNAL_LINKS,20,70,sin-enlaces-salientes,DATA_MISSING
https://hacecuentas.com/en/uba-cbc-requirements,,EN,education,,,,,OPTIMIZE_INTERNAL_LINKS,20,70,sin-enlaces-salientes,DATA_MISSING
https://hacecuentas.com/en/uba-xxi-nota-final-promedio,,EN,education,,,,,OPTIMIZE_INTERNAL_LINKS,20,70,sin-enlaces-salientes,DATA_MISSING
https://hacecuentas.com/en/unit-converter,,EN,automotive,,,,,OPTIMIZE_INTERNAL_LINKS,20,70,sin-enlaces-salientes,DATA_MISSING
https://hacecuentas.com/en/ups-backup-runtime,,EN,other,,,,,OPTIMIZE_INTERNAL_LINKS,20,70,sin-enlaces-salientes,DATA_MISSING
https://hacecuentas.com/en/us-b1-b2-tourist-visa-cost,,EN,savings,,,,,OPTIMIZE_INTERNAL_LINKS,20,70,sin-enlaces-salientes,DATA_MISSING
https://hacecuentas.com/en/usb-transfer-time-calculator,,EN,other,,,,,OPTIMIZE_INTERNAL_LINKS,20,70,sin-enlaces-salientes,DATA_MISSING
https://hacecuentas.com/en/usd-broker-investment-calculator,,EN,savings,,,,,OPTIMIZE_INTERNAL_LINKS,20,70,sin-enlaces-salientes,DATA_MISSING
https://hacecuentas.com/en/usda-hardiness-zone,,EN,other,,,,,OPTIMIZE_INTERNAL_LINKS,20,70,sin-enlaces-salientes,DATA_MISSING
https://hacecuentas.com/en/usdt-vs-usdc-commission-exchange,,EN,savings,,,,,OPTIMIZE_INTERNAL_LINKS,20,70,sin-enlaces-salientes,DATA_MISSING
https://hacecuentas.com/en/used-car-depreciation-calculator,,EN,automotive,,,,,OPTIMIZE_INTERNAL_LINKS,20,70,sin-enlaces-salientes,DATA_MISSING
https://hacecuentas.com/en/used-car-transfer-cost,,EN,savings,,,,,OPTIMIZE_INTERNAL_LINKS,20,70,sin-enlaces-salientes,DATA_MISSING
https://hacecuentas.com/en/vacation-days-seniority-lct,,EN,savings,,,,,OPTIMIZE_INTERNAL_LINKS,20,70,sin-enlaces-salientes,DATA_MISSING
https://hacecuentas.com/en/vegan-diet-macros,,EN,health_low_risk,,,,,OPTIMIZE_INTERNAL_LINKS,20,70,sin-enlaces-salientes,DATA_MISSING
https://hacecuentas.com/en/vegan-macro-calculator-plant-protein,,EN,health_low_risk,,,,,OPTIMIZE_INTERNAL_LINKS,20,70,sin-enlaces-salientes,DATA_MISSING
https://hacecuentas.com/en/vegetable-cooking-times-steamed-boiled,,EN,food,,,,,OPTIMIZE_INTERNAL_LINKS,20,70,sin-enlaces-salientes,DATA_MISSING
https://hacecuentas.com/en/ventilation-cfm-room,,EN,construction,,,,,OPTIMIZE_INTERNAL_LINKS,20,70,sin-enlaces-salientes,DATA_MISSING
https://hacecuentas.com/en/split-travel-expenses,,EN,travel,,,,,OPTIMIZE_INTERNAL_LINKS,20,70,sin-enlaces-salientes,DATA_MISSING
https://hacecuentas.com/en/video-storage-bitrate-duration,,EN,other,,,,,OPTIMIZE_INTERNAL_LINKS,20,70,sin-enlaces-salientes,DATA_MISSING
https://hacecuentas.com/en/vitamin-b12-dosage-vegan-monthly,,EN,health_low_risk,,,,,OPTIMIZE_INTERNAL_LINKS,20,70,sin-enlaces-salientes,DATA_MISSING
https://hacecuentas.com/en/vitamin-d-dosage-daily-sun-exposure-age,,EN,health_low_risk,,,,,OPTIMIZE_INTERNAL_LINKS,20,70,sin-enlaces-salientes,DATA_MISSING
https://hacecuentas.com/en/vitamina-b12-vegano,,EN,health_low_risk,,,,,OPTIMIZE_INTERNAL_LINKS,20,70,sin-enlaces-salientes,DATA_MISSING
https://hacecuentas.com/en/vo2-max-cooper-12min-calculator,,EN,health_low_risk,,,,,OPTIMIZE_INTERNAL_LINKS,20,70,sin-enlaces-salientes,DATA_MISSING
https://hacecuentas.com/en/vocabulary-active-words-language-level,,EN,education,,,,,OPTIMIZE_INTERNAL_LINKS,20,70,sin-enlaces-salientes,DATA_MISSING
https://hacecuentas.com/en/vocabulary-level-calculator,,EN,education,,,,,OPTIMIZE_INTERNAL_LINKS,20,70,sin-enlaces-salientes,DATA_MISSING
https://hacecuentas.com/en/vodka-fruit-infusion-time,,EN,food,,,,,OPTIMIZE_INTERNAL_LINKS,20,70,sin-enlaces-salientes,DATA_MISSING
https://hacecuentas.com/en/net-present-value-calculator,,EN,savings,,,,,OPTIMIZE_INTERNAL_LINKS,20,70,sin-enlaces-salientes,DATA_MISSING
https://hacecuentas.com/en/waist-to-hip-ratio-cardiovascular-health,,EN,health_low_risk,,,,,OPTIMIZE_INTERNAL_LINKS,20,70,sin-enlaces-salientes,DATA_MISSING
https://hacecuentas.com/en/water-heater-capacity-calculator,,EN,construction,,,,,OPTIMIZE_INTERNAL_LINKS,20,70,sin-enlaces-salientes,DATA_MISSING
https://hacecuentas.com/en/water-mineralization-coffee,,EN,food,,,,,OPTIMIZE_INTERNAL_LINKS,20,70,sin-enlaces-salientes,DATA_MISSING
https://hacecuentas.com/en/water-pipe-diameter-by-flow-rate,,EN,construction,,,,,OPTIMIZE_INTERNAL_LINKS,20,70,sin-enlaces-salientes,DATA_MISSING
https://hacecuentas.com/en/water-pump-power-watts,,EN,construction,,,,,OPTIMIZE_INTERNAL_LINKS,20,70,sin-enlaces-salientes,DATA_MISSING
https://hacecuentas.com/en/water-tank-capacity-by-people,,EN,construction,,,,,OPTIMIZE_INTERNAL_LINKS,20,70,sin-enlaces-salientes,DATA_MISSING
https://hacecuentas.com/en/water-turtle-diet-weight-age,,EN,pets_non_medical,,,,,OPTIMIZE_INTERNAL_LINKS,20,70,sin-enlaces-salientes,DATA_MISSING
https://hacecuentas.com/en/wave-frequency-wavelength-velocity,,EN,statistics,,,,,OPTIMIZE_INTERNAL_LINKS,20,70,sin-enlaces-salientes,DATA_MISSING
https://hacecuentas.com/en/wedding-budget-allocation-calculator,,EN,utilities,,,,,OPTIMIZE_INTERNAL_LINKS,20,70,sin-enlaces-salientes,DATA_MISSING
https://hacecuentas.com/en/wedding-carbon-footprint,,EN,food,,,,,OPTIMIZE_INTERNAL_LINKS,20,70,sin-enlaces-salientes,DATA_MISSING
https://hacecuentas.com/en/weekly-essay-writing-language-level,,EN,education,,,,,OPTIMIZE_INTERNAL_LINKS,20,70,sin-enlaces-salientes,DATA_MISSING
https://hacecuentas.com/en/weekly-hypertrophy-volume,,EN,health_low_risk,,,,,OPTIMIZE_INTERNAL_LINKS,20,70,sin-enlaces-salientes,DATA_MISSING
https://hacecuentas.com/en/weekly-training-frequency-muscle-group,,EN,sports_non_medical,,,,,OPTIMIZE_INTERNAL_LINKS,20,70,sin-enlaces-salientes,DATA_MISSING
https://hacecuentas.com/en/weekly-volume-muscle-group,,EN,sports_non_medical,,,,,OPTIMIZE_INTERNAL_LINKS,20,70,sin-enlaces-salientes,DATA_MISSING
https://hacecuentas.com/en/weight-on-other-planets,,EN,statistics,,,,,OPTIMIZE_INTERNAL_LINKS,20,70,sin-enlaces-salientes,DATA_MISSING
https://hacecuentas.com/en/weight-plateau-diet-reset-strategy,,EN,health_low_risk,,,,,OPTIMIZE_INTERNAL_LINKS,20,70,sin-enlaces-salientes,DATA_MISSING
https://hacecuentas.com/en/weighted-average-calculator,,EN,education,,,,,OPTIMIZE_INTERNAL_LINKS,20,70,sin-enlaces-salientes,DATA_MISSING
https://hacecuentas.com/en/weighted-average-cost-crypto,,EN,savings,,,,,OPTIMIZE_INTERNAL_LINKS,20,70,sin-enlaces-salientes,DATA_MISSING
https://hacecuentas.com/en/when-to-prune-roses,,EN,other,,,,,OPTIMIZE_INTERNAL_LINKS,20,70,sin-enlaces-salientes,DATA_MISSING
https://hacecuentas.com/en/when-to-take-pregnancy-test,,EN,health_low_risk,,,,,OPTIMIZE_INTERNAL_LINKS,20,70,sin-enlaces-salientes,DATA_MISSING
https://hacecuentas.com/en/whey-protein-daily-scoops,,EN,health_low_risk,,,,,OPTIMIZE_INTERNAL_LINKS,20,70,sin-enlaces-salientes,DATA_MISSING
https://hacecuentas.com/en/wifi-optimal-channels-24-5-ghz,,EN,other,,,,,OPTIMIZE_INTERNAL_LINKS,20,70,sin-enlaces-salientes,DATA_MISSING
https://hacecuentas.com/en/yield-farming-impermanent-loss-pool,,EN,savings,,,,,OPTIMIZE_INTERNAL_LINKS,20,70,sin-enlaces-salientes,DATA_MISSING
https://hacecuentas.com/en/yodo-diario-embarazo,,EN,health_low_risk,,,,,OPTIMIZE_INTERNAL_LINKS,20,70,sin-enlaces-salientes,DATA_MISSING
https://hacecuentas.com/en/yoga-calories-by-style,,EN,health_low_risk,,,,,OPTIMIZE_INTERNAL_LINKS,20,70,sin-enlaces-salientes,DATA_MISSING
https://hacecuentas.com/en/zinc-daily-requirement,,EN,health_low_risk,,,,,OPTIMIZE_INTERNAL_LINKS,20,70,sin-enlaces-salientes,DATA_MISSING
https://hacecuentas.com/pt/1rm-agachamento-estimador,,PT,sports_non_medical,,,,,OPTIMIZE_INTERNAL_LINKS,20,70,sin-enlaces-salientes,DATA_MISSING
https://hacecuentas.com/pt/1rm-levantamento-terra-estimador,,PT,sports_non_medical,,,,,OPTIMIZE_INTERNAL_LINKS,20,70,sin-enlaces-salientes,DATA_MISSING
https://hacecuentas.com/pt/1rm-supino-estimador,,PT,sports_non_medical,,,,,OPTIMIZE_INTERNAL_LINKS,20,70,sin-enlaces-salientes,DATA_MISSING
https://hacecuentas.com/pt/aco-kg-m2-laje,,PT,construction,,,,,OPTIMIZE_INTERNAL_LINKS,20,70,sin-enlaces-salientes,DATA_MISSING
https://hacecuentas.com/pt/aluguel-com-opcao-de-compra-leasing-imovel,,PT,savings,,,,,OPTIMIZE_INTERNAL_LINKS,20,70,sin-enlaces-salientes,DATA_MISSING
https://hacecuentas.com/pt/aplicativos-idioma-efetividade-comparacao-nivel,,PT,education,,,,,OPTIMIZE_INTERNAL_LINKS,20,70,sin-enlaces-salientes,DATA_MISSING
https://hacecuentas.com/pt/aquario-litros-peixes,,PT,pets_non_medical,,,,,OPTIMIZE_INTERNAL_LINKS,20,70,sin-enlaces-salientes,DATA_MISSING
https://hacecuentas.com/pt/area-triangulo-heron-tres-lados,,PT,mathematics,,,,,OPTIMIZE_INTERNAL_LINKS,20,70,sin-enlaces-salientes,DATA_MISSING
https://hacecuentas.com/pt/aulas-semanais-italki-online-frequencia,,PT,education,,,,,OPTIMIZE_INTERNAL_LINKS,20,70,sin-enlaces-salientes,DATA_MISSING
https://hacecuentas.com/pt/bandwidth-streaming-bitrate-resolucao-youtube,,PT,other,,,,,OPTIMIZE_INTERNAL_LINKS,20,70,sin-enlaces-salientes,DATA_MISSING
https://hacecuentas.com/pt/bateria-autonomia-ah,,PT,automotive,,,,,OPTIMIZE_INTERNAL_LINKS,20,70,sin-enlaces-salientes,DATA_MISSING
https://hacecuentas.com/pt/biberon-ml-idade,,PT,other,,,,,OPTIMIZE_INTERNAL_LINKS,20,70,sin-enlaces-salientes,DATA_MISSING
https://hacecuentas.com/pt/blw-introducao-alimentos,,PT,other,,,,,OPTIMIZE_INTERNAL_LINKS,20,70,sin-enlaces-salientes,DATA_MISSING
https://hacecuentas.com/pt/cafe-moido-por-xicara,,PT,food,,,,,OPTIMIZE_INTERNAL_LINKS,20,70,sin-enlaces-salientes,DATA_MISSING
https://hacecuentas.com/pt/calculadora-13-salario-liquido-bruto-clt,,PT,salary,,,,,OPTIMIZE_INTERNAL_LINKS,20,70,sin-enlaces-salientes,DATA_MISSING
https://hacecuentas.com/pt/calculadora-aposentadoria-inss-2026-tempo-contribuicao,,PT,savings,,,,,OPTIMIZE_INTERNAL_LINKS,20,70,sin-enlaces-salientes,DATA_MISSING
https://hacecuentas.com/pt/calculadora-data-parto-dum-naegele-portugues,,PT,other,,,,,OPTIMIZE_INTERNAL_LINKS,20,70,sin-enlaces-salientes,DATA_MISSING
https://hacecuentas.com/pt/calculadora-energia-cinetica,,PT,statistics,,,,,OPTIMIZE_INTERNAL_LINKS,20,70,sin-enlaces-salientes,DATA_MISSING
https://hacecuentas.com/pt/calculadora-ferias-1-3-empregado-clt,,PT,savings,,,,,OPTIMIZE_INTERNAL_LINKS,20,70,sin-enlaces-salientes,DATA_MISSING
https://hacecuentas.com/pt/calculadora-financiamento-imovel-prestacao-sac-price,,PT,savings,,,,,OPTIMIZE_INTERNAL_LINKS,20,70,sin-enlaces-salientes,DATA_MISSING
https://hacecuentas.com/pt/calculadora-financiamento-veiculo-cdc-banco,,PT,savings,,,,,OPTIMIZE_INTERNAL_LINKS,20,70,sin-enlaces-salientes,DATA_MISSING
https://hacecuentas.com/pt/calculadora-imc-tabela-oms-classificacao,,PT,health_low_risk,,,,,OPTIMIZE_INTERNAL_LINKS,20,70,sin-enlaces-salientes,DATA_MISSING
https://hacecuentas.com/pt/calculadora-imposto-renda-2026-brasil-completa-simplificada,,PT,taxes,,,,,OPTIMIZE_INTERNAL_LINKS,20,70,sin-enlaces-salientes,DATA_MISSING
https://hacecuentas.com/pt/calculadora-juros-compostos-investimento-mensal,,PT,savings,,,,,OPTIMIZE_INTERNAL_LINKS,20,70,sin-enlaces-salientes,DATA_MISSING
https://hacecuentas.com/pt/calculadora-macros-emagrecimento-ganho-massa,,PT,health_low_risk,,,,,OPTIMIZE_INTERNAL_LINKS,20,70,sin-enlaces-salientes,DATA_MISSING
https://hacecuentas.com/pt/calculadora-mei-brasil-limite-faturamento-2026-categoria,,PT,taxes,,,,,OPTIMIZE_INTERNAL_LINKS,20,70,sin-enlaces-salientes,DATA_MISSING
https://hacecuentas.com/pt/calculadora-ovulacao-periodo-fertil-ciclo,,PT,other,,,,,OPTIMIZE_INTERNAL_LINKS,20,70,sin-enlaces-salientes,DATA_MISSING
https://hacecuentas.com/pt/calculadora-rentabilidade-cdb-poupanca-tesouro,,PT,food,,,,,OPTIMIZE_INTERNAL_LINKS,20,70,sin-enlaces-salientes,DATA_MISSING
https://hacecuentas.com/pt/calculadora-rescisao-clt-completa-aviso-multa,,PT,savings,,,,,OPTIMIZE_INTERNAL_LINKS,20,70,sin-enlaces-salientes,DATA_MISSING
https://hacecuentas.com/pt/calculadora-tmb-mifflin-st-jeor-portugues,,PT,health_low_risk,,,,,OPTIMIZE_INTERNAL_LINKS,20,70,sin-enlaces-salientes,DATA_MISSING
https://hacecuentas.com/pt/caldeira-kw-m2-aquecimento,,PT,construction,,,,,OPTIMIZE_INTERNAL_LINKS,20,70,sin-enlaces-salientes,DATA_MISSING
https://hacecuentas.com/pt/calendario-plantio-hemisferio-sul,,PT,other,,,,,OPTIMIZE_INTERNAL_LINKS,20,70,sin-enlaces-salientes,DATA_MISSING
https://hacecuentas.com/pt/capacidade-carga-pickup-peso-util,,PT,automotive,,,,,OPTIMIZE_INTERNAL_LINKS,20,70,sin-enlaces-salientes,DATA_MISSING
https://hacecuentas.com/pt/cbc-uba-materias-regularidade-requisitos,,PT,food,,,,,OPTIMIZE_INTERNAL_LINKS,20,70,sin-enlaces-salientes,DATA_MISSING
https://hacecuentas.com/pt/cedears-razao-conversao-apple-microsoft,,PT,investments,,,,,OPTIMIZE_INTERNAL_LINKS,20,70,sin-enlaces-salientes,DATA_MISSING
https://hacecuentas.com/pt/chocolate-bombons-caseiro-receita,,PT,food,,,,,OPTIMIZE_INTERNAL_LINKS,20,70,sin-enlaces-salientes,DATA_MISSING
https://hacecuentas.com/pt/claude-gemini-tokens-comparacao-preco-uso,,PT,other,,,,,OPTIMIZE_INTERNAL_LINKS,20,70,sin-enlaces-salientes,DATA_MISSING
https://hacecuentas.com/pt/cobaia-vitamina-c-dosagem-diaria,,PT,pets_non_medical,,,,,OPTIMIZE_INTERNAL_LINKS,20,70,sin-enlaces-salientes,DATA_MISSING
https://hacecuentas.com/pt/coelho-comida-feno-peso-idade,,PT,food,,,,,OPTIMIZE_INTERNAL_LINKS,20,70,sin-enlaces-salientes,DATA_MISSING
https://hacecuentas.com/pt/colheita-esperada-horta-kg,,PT,other,,,,,OPTIMIZE_INTERNAL_LINKS,20,70,sin-enlaces-salientes,DATA_MISSING
https://hacecuentas.com/pt/combinacoes-n-tomados-k-cnk,,PT,mathematics,,,,,OPTIMIZE_INTERNAL_LINKS,20,70,sin-enlaces-salientes,DATA_MISSING
https://hacecuentas.com/pt/consumo-geladeira-anual-kwh,,PT,other,,,,,OPTIMIZE_INTERNAL_LINKS,20,70,sin-enlaces-salientes,DATA_MISSING
https://hacecuentas.com/pt/contrato-aluguel-2-anos-vs-3-anos,,PT,savings,,,,,OPTIMIZE_INTERNAL_LINKS,20,70,sin-enlaces-salientes,DATA_MISSING
https://hacecuentas.com/pt/conversao-colher-cha-gramas,,PT,food,,,,,OPTIMIZE_INTERNAL_LINKS,20,70,sin-enlaces-salientes,DATA_MISSING
https://hacecuentas.com/pt/conversao-cups-gramas-farinha-acucar-oleo,,PT,food,,,,,OPTIMIZE_INTERNAL_LINKS,20,70,sin-enlaces-salientes,DATA_MISSING
https://hacecuentas.com/pt/conversao-medida-pneu-diametro,,PT,automotive,,,,,OPTIMIZE_INTERNAL_LINKS,20,70,sin-enlaces-salientes,DATA_MISSING
https://hacecuentas.com/pt/conversao-quintal-tonelada-kg-agro,,PT,mathematics,,,,,OPTIMIZE_INTERNAL_LINKS,20,70,sin-enlaces-salientes,DATA_MISSING
https://hacecuentas.com/pt/conversao-temperaturas-forno-gas-eletrico,,PT,food,,,,,OPTIMIZE_INTERNAL_LINKS,20,70,sin-enlaces-salientes,DATA_MISSING
https://hacecuentas.com/pt/conversao-torque-nm-lb-ft-kgm,,PT,automotive,,,,,OPTIMIZE_INTERNAL_LINKS,20,70,sin-enlaces-salientes,DATA_MISSING
https://hacecuentas.com/pt/conversao-velocidade-kmh-mph-nos,,PT,automotive,,,,,OPTIMIZE_INTERNAL_LINKS,20,70,sin-enlaces-salientes,DATA_MISSING
https://hacecuentas.com/pt/conversor-idade-cachorro-gato-humana,,PT,pets_non_medical,,,,,OPTIMIZE_INTERNAL_LINKS,20,70,sin-enlaces-salientes,DATA_MISSING
https://hacecuentas.com/pt/crossfit-fran-benchmark-tempo-rx,,PT,sports_non_medical,,,,,OPTIMIZE_INTERNAL_LINKS,20,70,sin-enlaces-salientes,DATA_MISSING
https://hacecuentas.com/pt/custo-mensal-aprender-idioma-opcoes,,PT,education,,,,,OPTIMIZE_INTERNAL_LINKS,20,70,sin-enlaces-salientes,DATA_MISSING
https://hacecuentas.com/pt/dash-sodio-diario-tabela,,PT,health_low_risk,,,,,OPTIMIZE_INTERNAL_LINKS,20,70,sin-enlaces-salientes,DATA_MISSING
https://hacecuentas.com/pt/depositos-aluguel-quantos-meses-devolucao,,PT,savings,,,,,OPTIMIZE_INTERNAL_LINKS,20,70,sin-enlaces-salientes,DATA_MISSING
https://hacecuentas.com/pt/despejo-causa-prazos-honorarios-processo,,PT,savings,,,,,OPTIMIZE_INTERNAL_LINKS,20,70,sin-enlaces-salientes,DATA_MISSING
https://hacecuentas.com/pt/despesas-condominio-m2,,PT,savings,,,,,OPTIMIZE_INTERNAL_LINKS,20,70,sin-enlaces-salientes,DATA_MISSING
https://hacecuentas.com/pt/desvio-padrao-variancia,,PT,mathematics,,,,,OPTIMIZE_INTERNAL_LINKS,20,70,sin-enlaces-salientes,DATA_MISSING
https://hacecuentas.com/pt/determinante-inversa-matriz-2x2,,PT,mathematics,,,,,OPTIMIZE_INTERNAL_LINKS,20,70,sin-enlaces-salientes,DATA_MISSING
https://hacecuentas.com/pt/diluicao-concentracao-c1v1-c2v2,,PT,statistics,,,,,OPTIMIZE_INTERNAL_LINKS,20,70,sin-enlaces-salientes,DATA_MISSING
https://hacecuentas.com/pt/distancia-queda-livre-altura,,PT,statistics,,,,,OPTIMIZE_INTERNAL_LINKS,20,70,sin-enlaces-salientes,DATA_MISSING
https://hacecuentas.com/pt/divorcio-liquidacao-bens-custo,,PT,savings,,,,,OPTIMIZE_INTERNAL_LINKS,20,70,sin-enlaces-salientes,DATA_MISSING
https://hacecuentas.com/pt/drenagem-brita-vaso,,PT,other,,,,,OPTIMIZE_INTERNAL_LINKS,20,70,sin-enlaces-salientes,DATA_MISSING
https://hacecuentas.com/pt/economia-eletrodomestico-eficiencia,,PT,other,,,,,OPTIMIZE_INTERNAL_LINKS,20,70,sin-enlaces-salientes,DATA_MISSING
https://hacecuentas.com/pt/elo-xadrez-vitoria-derrota-variacao,,PT,education,,,,,OPTIMIZE_INTERNAL_LINKS,20,70,sin-enlaces-salientes,DATA_MISSING
https://hacecuentas.com/pt/emissoes-email-anexos,,PT,other,,,,,OPTIMIZE_INTERNAL_LINKS,20,70,sin-enlaces-salientes,DATA_MISSING
https://hacecuentas.com/pt/empuxo-arquimedes-volume,,PT,statistics,,,,,OPTIMIZE_INTERNAL_LINKS,20,70,sin-enlaces-salientes,DATA_MISSING
https://hacecuentas.com/pt/fideicomisso-construcao-aporte-cotas,,PT,savings,,,,,OPTIMIZE_INTERNAL_LINKS,20,70,sin-enlaces-salientes,DATA_MISSING
https://hacecuentas.com/pt/fraldas-por-dia-mes-bebe-idade,,PT,other,,,,,OPTIMIZE_INTERNAL_LINKS,20,70,sin-enlaces-salientes,DATA_MISSING
https://hacecuentas.com/pt/furao-dieta-proteina-animal,,PT,pets_non_medical,,,,,OPTIMIZE_INTERNAL_LINKS,20,70,sin-enlaces-salientes,DATA_MISSING
https://hacecuentas.com/pt/grelha-sifao-ralo,,PT,construction,,,,,OPTIMIZE_INTERNAL_LINKS,20,70,sin-enlaces-salientes,DATA_MISSING
https://hacecuentas.com/pt/idiomas-mais-uteis-profissao-internacional,,PT,education,,,,,OPTIMIZE_INTERNAL_LINKS,20,70,sin-enlaces-salientes,DATA_MISSING
https://hacecuentas.com/pt/integral-indefinida-polinomio,,PT,mathematics,,,,,OPTIMIZE_INTERNAL_LINKS,20,70,sin-enlaces-salientes,DATA_MISSING
https://hacecuentas.com/pt/leasing-versus-financiamento-auto,,PT,automotive,,,,,OPTIMIZE_INTERNAL_LINKS,20,70,sin-enlaces-salientes,DATA_MISSING
https://hacecuentas.com/pt/maratona-ritmo-quilometro,,PT,automotive,,,,,OPTIMIZE_INTERNAL_LINKS,20,70,sin-enlaces-salientes,DATA_MISSING
https://hacecuentas.com/pt/mdc-mmc-dois-numeros-inteiros,,PT,mathematics,,,,,OPTIMIZE_INTERNAL_LINKS,20,70,sin-enlaces-salientes,DATA_MISSING
https://hacecuentas.com/pt/media-escolar-ensino-medio,,PT,education,,,,,OPTIMIZE_INTERNAL_LINKS,20,70,sin-enlaces-salientes,DATA_MISSING
https://hacecuentas.com/pt/membrana-asfaltica-rolos,,PT,construction,,,,,OPTIMIZE_INTERNAL_LINKS,20,70,sin-enlaces-salientes,DATA_MISSING
https://hacecuentas.com/pt/mesada-semanal-filho-idade,,PT,other,,,,,OPTIMIZE_INTERNAL_LINKS,20,70,sin-enlaces-salientes,DATA_MISSING
https://hacecuentas.com/pt/midjourney-creditos-mensais,,PT,loans,,,,,OPTIMIZE_INTERNAL_LINKS,20,70,sin-enlaces-salientes,DATA_MISSING
https://hacecuentas.com/pt/moles-massa-formula-molecular,,PT,statistics,,,,,OPTIMIZE_INTERNAL_LINKS,20,70,sin-enlaces-salientes,DATA_MISSING
https://hacecuentas.com/pt/mudanca-custo-frete-caminhao-km-caixa,,PT,automotive,,,,,OPTIMIZE_INTERNAL_LINKS,20,70,sin-enlaces-salientes,DATA_MISSING
https://hacecuentas.com/pt/mulch-espessura-quantidade,,PT,other,,,,,OPTIMIZE_INTERNAL_LINKS,20,70,sin-enlaces-salientes,DATA_MISSING
https://hacecuentas.com/pt/nuvem-aws-gcp-azure-ec2-mensal-sob-demanda,,PT,other,,,,,OPTIMIZE_INTERNAL_LINKS,20,70,sin-enlaces-salientes,DATA_MISSING
https://hacecuentas.com/pt/pace-natacao-100m-ritmo,,PT,sports_non_medical,,,,,OPTIMIZE_INTERNAL_LINKS,20,70,sin-enlaces-salientes,DATA_MISSING
https://hacecuentas.com/pt/padel-ranking-pontos-apt-aap-subir,,PT,sports_non_medical,,,,,OPTIMIZE_INTERNAL_LINKS,20,70,sin-enlaces-salientes,DATA_MISSING
https://hacecuentas.com/pt/papel-poupado-impressao-dupla,,PT,other,,,,,OPTIMIZE_INTERNAL_LINKS,20,70,sin-enlaces-salientes,DATA_MISSING
https://hacecuentas.com/pt/paralaxe-distancia-em-parsec,,PT,statistics,,,,,OPTIMIZE_INTERNAL_LINKS,20,70,sin-enlaces-salientes,DATA_MISSING
https://hacecuentas.com/pt/parede-tijolos-m2,,PT,construction,,,,,OPTIMIZE_INTERNAL_LINKS,20,70,sin-enlaces-salientes,DATA_MISSING
https://hacecuentas.com/pt/passeios-cachorro-minutos-raca,,PT,pets_non_medical,,,,,OPTIMIZE_INTERNAL_LINKS,20,70,sin-enlaces-salientes,DATA_MISSING
https://hacecuentas.com/pt/pc-gamer-fps-componentes-orcamento,,PT,other,,,,,OPTIMIZE_INTERNAL_LINKS,20,70,sin-enlaces-salientes,DATA_MISSING
https://hacecuentas.com/pt/pegada-carbono-casamento-evento,,PT,food,,,,,OPTIMIZE_INTERNAL_LINKS,20,70,sin-enlaces-salientes,DATA_MISSING
https://hacecuentas.com/pt/pensao-alimenticia-percentual-salario-filho,,PT,salary,,,,,OPTIMIZE_INTERNAL_LINKS,20,70,sin-enlaces-salientes,DATA_MISSING
https://hacecuentas.com/pt/permutacoes-n-escolhidos-k,,PT,mathematics,,,,,OPTIMIZE_INTERNAL_LINKS,20,70,sin-enlaces-salientes,DATA_MISSING
https://hacecuentas.com/pt/podcasts-aprender-idioma-minutos-dia,,PT,education,,,,,OPTIMIZE_INTERNAL_LINKS,20,70,sin-enlaces-salientes,DATA_MISSING
https://hacecuentas.com/pt/porcentagem-de-numero-calculadora,,PT,mathematics,,,,,OPTIMIZE_INTERNAL_LINKS,20,70,sin-enlaces-salientes,DATA_MISSING
https://hacecuentas.com/pt/porcoes-bolo-tamanho,,PT,food,,,,,OPTIMIZE_INTERNAL_LINKS,20,70,sin-enlaces-salientes,DATA_MISSING
https://hacecuentas.com/pt/porcoes-sushi-por-pessoa-media,,PT,food,,,,,OPTIMIZE_INTERNAL_LINKS,20,70,sin-enlaces-salientes,DATA_MISSING
https://hacecuentas.com/pt/pressao-pneu-psi-bar-auto,,PT,automotive,,,,,OPTIMIZE_INTERNAL_LINKS,20,70,sin-enlaces-salientes,DATA_MISSING
https://hacecuentas.com/pt/probabilidade-binomial-ensaios-sucessos,,PT,mathematics,,,,,OPTIMIZE_INTERNAL_LINKS,20,70,sin-enlaces-salientes,DATA_MISSING
https://hacecuentas.com/pt/progressao-geometrica-soma-termo,,PT,mathematics,,,,,OPTIMIZE_INTERNAL_LINKS,20,70,sin-enlaces-salientes,DATA_MISSING
https://hacecuentas.com/pt/projecao-21k-de-10k-cameron,,PT,sports_non_medical,,,,,OPTIMIZE_INTERNAL_LINKS,20,70,sin-enlaces-salientes,DATA_MISSING
https://hacecuentas.com/pt/proteina-vegana-completa-combinacao-aminoacidos,,PT,food,,,,,OPTIMIZE_INTERNAL_LINKS,20,70,sin-enlaces-salientes,DATA_MISSING
https://hacecuentas.com/pt/quando-podar-rosa,,PT,other,,,,,OPTIMIZE_INTERNAL_LINKS,20,70,sin-enlaces-salientes,DATA_MISSING
https://hacecuentas.com/pt/quantidade-hamburguer-churrasco-aniversario,,PT,food,,,,,OPTIMIZE_INTERNAL_LINKS,20,70,sin-enlaces-salientes,DATA_MISSING
https://hacecuentas.com/pt/regressao-linear-minimos-quadrados,,PT,mathematics,,,,,OPTIMIZE_INTERNAL_LINKS,20,70,sin-enlaces-salientes,DATA_MISSING
https://hacecuentas.com/pt/rugby-handicap-pontos-descenso-media,,PT,sports_non_medical,,,,,OPTIMIZE_INTERNAL_LINKS,20,70,sin-enlaces-salientes,DATA_MISSING
https://hacecuentas.com/pt/seno-cosseno-tangente-angulo-triangulo,,PT,mathematics,,,,,OPTIMIZE_INTERNAL_LINKS,20,70,sin-enlaces-salientes,DATA_MISSING
https://hacecuentas.com/pt/servo-pwm-angulo,,PT,other,,,,,OPTIMIZE_INTERNAL_LINKS,20,70,sin-enlaces-salientes,DATA_MISSING
https://hacecuentas.com/pt/stepper-passos-grau,,PT,other,,,,,OPTIMIZE_INTERNAL_LINKS,20,70,sin-enlaces-salientes,DATA_MISSING
https://hacecuentas.com/pt/tartaruga-agua-dieta-peso-idade,,PT,pets_non_medical,,,,,OPTIMIZE_INTERNAL_LINKS,20,70,sin-enlaces-salientes,DATA_MISSING
https://hacecuentas.com/pt/tempo-biodegradacao-material,,PT,food,,,,,OPTIMIZE_INTERNAL_LINKS,20,70,sin-enlaces-salientes,DATA_MISSING
https://hacecuentas.com/pt/tempos-cozimento-verduras-vapor-cozido,,PT,food,,,,,OPTIMIZE_INTERNAL_LINKS,20,70,sin-enlaces-salientes,DATA_MISSING
https://hacecuentas.com/pt/tokens-openai-gpt-custo-mensal,,PT,other,,,,,OPTIMIZE_INTERNAL_LINKS,20,70,sin-enlaces-salientes,DATA_MISSING
https://hacecuentas.com/pt/trail-running-desnivel-ritmo-ajustado,,PT,sports_non_medical,,,,,OPTIMIZE_INTERNAL_LINKS,20,70,sin-enlaces-salientes,DATA_MISSING
https://hacecuentas.com/pt/velocidade-usb-transferencia-arquivo,,PT,other,,,,,OPTIMIZE_INTERNAL_LINKS,20,70,sin-enlaces-salientes,DATA_MISSING
https://hacecuentas.com/pt/viga-concreto-h-b-dimensoes,,PT,construction,,,,,OPTIMIZE_INTERNAL_LINKS,20,70,sin-enlaces-salientes,DATA_MISSING
https://hacecuentas.com/pt/volume-cone-raio-altura,,PT,mathematics,,,,,OPTIMIZE_INTERNAL_LINKS,20,70,sin-enlaces-salientes,DATA_MISSING
https://hacecuentas.com/pt-pt/calculadora-compensacao-despedimento-portugal,,PT,savings,,,,,OPTIMIZE_INTERNAL_LINKS,20,70,sin-enlaces-salientes,DATA_MISSING
https://hacecuentas.com/pt-pt/calculadora-custo-trabalhador-entidade-empregadora-portugal,,PT,savings,,,,,OPTIMIZE_INTERNAL_LINKS,20,70,sin-enlaces-salientes,DATA_MISSING
https://hacecuentas.com/pt-pt/calculadora-horas-extraordinarias-portugal,,PT,savings,,,,,OPTIMIZE_INTERNAL_LINKS,20,70,sin-enlaces-salientes,DATA_MISSING
https://hacecuentas.com/pt-pt/calculadora-imi-portugal,,PT,taxes,,,,,OPTIMIZE_INTERNAL_LINKS,20,70,sin-enlaces-salientes,DATA_MISSING
https://hacecuentas.com/pt-pt/calculadora-imt-compra-casa-portugal,,PT,taxes,,,,,OPTIMIZE_INTERNAL_LINKS,20,70,sin-enlaces-salientes,DATA_MISSING
https://hacecuentas.com/pt-pt/calculadora-irs-jovem-portugal,,PT,taxes,,,,,OPTIMIZE_INTERNAL_LINKS,20,70,sin-enlaces-salientes,DATA_MISSING
https://hacecuentas.com/pt-pt/calculadora-irs-portugal-2026,,PT,taxes,,,,,OPTIMIZE_INTERNAL_LINKS,20,70,sin-enlaces-salientes,DATA_MISSING
https://hacecuentas.com/pt-pt/calculadora-iuc-portugal,,PT,taxes,,,,,OPTIMIZE_INTERNAL_LINKS,20,70,sin-enlaces-salientes,DATA_MISSING
https://hacecuentas.com/pt-pt/calculadora-iva-portugal,,PT,taxes,,,,,OPTIMIZE_INTERNAL_LINKS,20,70,sin-enlaces-salientes,DATA_MISSING
https://hacecuentas.com/pt-pt/calculadora-mais-valias-venda-imovel-portugal,,PT,taxes,,,,,OPTIMIZE_INTERNAL_LINKS,20,70,sin-enlaces-salientes,DATA_MISSING
https://hacecuentas.com/pt-pt/calculadora-pensao-reforma-seguranca-social-portugal,,PT,savings,,,,,OPTIMIZE_INTERNAL_LINKS,20,70,sin-enlaces-salientes,DATA_MISSING
https://hacecuentas.com/pt-pt/calculadora-prestacao-credito-habitacao-portugal,,PT,loans,,,,,OPTIMIZE_INTERNAL_LINKS,20,70,sin-enlaces-salientes,DATA_MISSING
https://hacecuentas.com/pt-pt/calculadora-recibos-verdes-trabalhador-independente-portugal,,PT,taxes,,,,,OPTIMIZE_INTERNAL_LINKS,20,70,sin-enlaces-salientes,DATA_MISSING
https://hacecuentas.com/pt-pt/calculadora-salario-anual-14-meses-portugal,,PT,salary,,,,,OPTIMIZE_INTERNAL_LINKS,20,70,sin-enlaces-salientes,DATA_MISSING
https://hacecuentas.com/pt-pt/calculadora-salario-liquido-portugal,,PT,salary,,,,,OPTIMIZE_INTERNAL_LINKS,20,70,sin-enlaces-salientes,DATA_MISSING
https://hacecuentas.com/pt-pt/calculadora-salario-minimo-portugal-hora,,PT,salary,,,,,OPTIMIZE_INTERNAL_LINKS,20,70,sin-enlaces-salientes,DATA_MISSING
https://hacecuentas.com/pt-pt/calculadora-subsidio-desemprego-portugal,,PT,savings,,,,,OPTIMIZE_INTERNAL_LINKS,20,70,sin-enlaces-salientes,DATA_MISSING
https://hacecuentas.com/pt-pt/calculadora-subsidio-ferias-portugal,,PT,salary,,,,,OPTIMIZE_INTERNAL_LINKS,20,70,sin-enlaces-salientes,DATA_MISSING
https://hacecuentas.com/pt-pt/calculadora-subsidio-natal-portugal,,PT,salary,,,,,OPTIMIZE_INTERNAL_LINKS,20,70,sin-enlaces-salientes,DATA_MISSING
https://hacecuentas.com/pt-pt/calculadora-subsidio-refeicao-portugal,,PT,taxes,,,,,OPTIMIZE_INTERNAL_LINKS,20,70,sin-enlaces-salientes,DATA_MISSING
https://hacecuentas.com/cl/calculadora-permiso-postnatal-chile-12-semanas-extension,,CL,other,3,11,0.2727,3.00,KEEP,19,60,"pos 3.0, 11 impr — sin acción prioritaria",AVAILABLE
https://hacecuentas.com/cl/calculadora-isapre-cotizacion-chile-7-porcentaje-plan,,CL,savings,2,11,0.1818,3.00,KEEP,19,60,"pos 3.0, 11 impr — sin acción prioritaria",AVAILABLE
https://hacecuentas.com/calculadora-huella-hidrica-alimentos-litros,,AR,other,4,6,0.6667,2.00,KEEP,17,60,"pos 2.0, 6 impr — sin acción prioritaria",AVAILABLE
https://hacecuentas.com/calculadora-reciclaje-ahorro-residuos,,AR,other,1,4,0.25,3.00,KEEP,16,60,"pos 3.0, 4 impr — sin acción prioritaria",AVAILABLE
https://hacecuentas.com/es/calculadora-comunidad-vecinos-gastos-mensuales-espana,,ES,loans,1,3,0.3333,3.00,KEEP,15,60,"pos 3.0, 3 impr — sin acción prioritaria",AVAILABLE
https://hacecuentas.com/calculadora-cano-estructural-peso-ml,,AR,construction,1,3,0.3333,1.00,KEEP,15,60,"pos 1.0, 3 impr — sin acción prioritaria",AVAILABLE
https://hacecuentas.com/argentina/santiago-del-estero/calculadora-ingresos-brutos-provincial,,,other,1,3,0.3333,1.00,KEEP,15,60,"pos 1.0, 3 impr — sin acción prioritaria",AVAILABLE
https://hacecuentas.com/calculadora-porcelanato-liquido-litros-m2,,AR,construction,1,3,0.3333,1.00,KEEP,15,60,"pos 1.0, 3 impr — sin acción prioritaria",AVAILABLE
https://hacecuentas.com/calculadora-valuacion-fiscal-automotor-neuquen,,,other,3,2,1.5,2.00,KEEP,14,60,"pos 2.0, 2 impr — sin acción prioritaria",AVAILABLE
https://hacecuentas.com/argentina/neuquen/calculadora-impuesto-sellos-inmueble-contrato,,,other,1,2,0.5,2.00,KEEP,14,60,"pos 2.0, 2 impr — sin acción prioritaria",AVAILABLE
https://hacecuentas.com/calculadora-dividendos-yield-anual,,AR,savings,1,1,1,3.00,KEEP,12,60,"pos 3.0, 1 impr — sin acción prioritaria",AVAILABLE
https://hacecuentas.com/calculadora-angel-guardian-fecha,,AR,utilities,1,1,1,3.00,KEEP,12,60,"pos 3.0, 1 impr — sin acción prioritaria",AVAILABLE
https://hacecuentas.com/calculadora-dioptrias-receta-optica,,AR,health_low_risk,1,1,1,2.00,KEEP,12,60,"pos 2.0, 1 impr — sin acción prioritaria",AVAILABLE
https://hacecuentas.com/calculadora-horas-aprender-italiano-b1,,AR,education,1,1,1,1.00,KEEP,12,60,"pos 1.0, 1 impr — sin acción prioritaria",AVAILABLE
https://hacecuentas.com/calculadora-duolingo-xp-objetivo,,AR,education,1,1,1,1.00,KEEP,12,60,"pos 1.0, 1 impr — sin acción prioritaria",AVAILABLE
