query,url,country,device,date_range,clicks,impressions,ctr,average_position,sessions,engaged_sessions,source_file
,https://hacecuentas.com/fixture-mundial-2026,AR,,28d-to-2026-07-02,135,45407,0.003,7.165,0,,data/bing-perf-latest.json (pages)
,https://hacecuentas.com/feriados-colombia-2026,AR,,28d-to-2026-07-02,37,17377,0.0021,8,0,,data/bing-perf-latest.json (pages)
,https://hacecuentas.com/co/datos-salario-minimo-colombia-2026,CO,,28d-to-2026-07-02,142,11035,0.0129,4,0,,data/bing-perf-latest.json (pages)
,https://hacecuentas.com/feriados-chile-2026,AR,,28d-to-2026-07-02,41,10690,0.0038,7,0,,data/bing-perf-latest.json (pages)
,https://hacecuentas.com/posiciones-mundial-2026,AR,,28d-to-2026-07-02,55,10437,0.0053,7,0,,data/bing-perf-latest.json (pages)
,https://hacecuentas.com/tabla/tabla-categorias-monotributo-2026,AR,,28d-to-2026-07-02,44,9154,0.0048,6.2882,0,,data/bing-perf-latest.json (pages)
,https://hacecuentas.com/feriados-peru-2026,AR,,28d-to-2026-07-02,17,9056,0.0019,7.3568,0,,data/bing-perf-latest.json (pages)
,https://hacecuentas.com/calculadora-actualizacion-inflacion-ipc,AR,,28d-to-2026-07-02,167,5754,0.029,6.6955,118,,data/bing-perf-latest.json (pages)
,https://hacecuentas.com/co/calculadora-aportes-arl-colombia-empleador-empleado-riesgo,CO,,28d-to-2026-07-02,205,5459,0.0376,5.0049,0,,data/bing-perf-latest.json (pages)
,https://hacecuentas.com/ec/calculadora-prestamo-quirografario-iess-ecuador,EC,,28d-to-2026-07-02,20,5293,0.0038,7.3404,0,,data/bing-perf-latest.json (pages)
,https://hacecuentas.com/mx/calculadora-prima-antiguedad-mexico,MX,,28d-to-2026-07-02,130,4990,0.0261,6.0854,0,,data/bing-perf-latest.json (pages)
,https://hacecuentas.com/datos-monotributo-2026,AR,,28d-to-2026-07-02,72,4489,0.016,6.3382,0,,data/bing-perf-latest.json (pages)
,https://hacecuentas.com/cl/calculadora-uf-uta-utm-chile-conversion-pesos-2026,CL,,28d-to-2026-07-02,32,4488,0.0071,7.5252,0,,data/bing-perf-latest.json (pages)
,https://hacecuentas.com/mx/calculadora-isn-impuesto-sobre-nominas-estado,MX,,28d-to-2026-07-02,45,4435,0.0101,7.1932,0,,data/bing-perf-latest.json (pages)
,https://hacecuentas.com/mx/datos-salario-minimo-mexico-2026,MX,,28d-to-2026-07-02,20,4381,0.0046,6,0,,data/bing-perf-latest.json (pages)
,https://hacecuentas.com/calculadora-generacion-perteneces,AR,,28d-to-2026-07-02,39,4035,0.0097,6.3113,39,,data/bing-perf-latest.json (pages)
,https://hacecuentas.com/partidos-hoy-mundial-2026,AR,,28d-to-2026-07-02,23,3947,0.0058,7.603,0,,data/bing-perf-latest.json (pages)
,https://hacecuentas.com/calculadora-conversor-metros-lineales-a-metros-cuadrados,AR,,28d-to-2026-07-02,239,3399,0.0703,3.6061,0,,data/bing-perf-latest.json (pages)
,https://hacecuentas.com/calculadora-millas-avianca-lifemiles,AR,,28d-to-2026-07-02,263,2965,0.0887,5.0057,55,,data/bing-perf-latest.json (pages)
,https://hacecuentas.com/co/calculadora-impuesto-industria-comercio-ica-colombia-municipios,CO,,28d-to-2026-07-02,88,2773,0.0317,6,4,,data/bing-perf-latest.json (pages)
,https://hacecuentas.com/calculadora-semanas-gestacion-ecografia,AR,,28d-to-2026-07-02,40,2752,0.0145,5.4473,7,,data/bing-perf-latest.json (pages)
,https://hacecuentas.com/mx/calculadora-salario-diario-integrado-sdi-mexico,MX,,28d-to-2026-07-02,73,2611,0.028,6,0,,data/bing-perf-latest.json (pages)
,https://hacecuentas.com/co/calculadora-recargo-dominical-festivo-colombia-2026,CO,,28d-to-2026-07-02,134,2595,0.0516,5,103,,data/bing-perf-latest.json (pages)
,https://hacecuentas.com/feriados-ecuador-2026,AR,,28d-to-2026-07-02,18,2210,0.0081,6.5425,0,,data/bing-perf-latest.json (pages)
,https://hacecuentas.com/co/calculadora-sancion-extemporaneidad-dian-2026,CO,,28d-to-2026-07-02,62,2152,0.0288,5.4902,25,,data/bing-perf-latest.json (pages)
,https://hacecuentas.com/mx/calculadora-pension-imss-ley-73-mexico,MX,,28d-to-2026-07-02,38,2136,0.0178,6.2978,0,,data/bing-perf-latest.json (pages)
,https://hacecuentas.com/calculadora-costo-m2-construccion-argentina,AR,,28d-to-2026-07-02,235,2054,0.1144,3.6392,35,,data/bing-perf-latest.json (pages)
,https://hacecuentas.com/calculadora-impuesto-ganancias-sueldo,AR,,28d-to-2026-07-02,87,1972,0.0441,6.0467,62,,data/bing-perf-latest.json (pages)
,https://hacecuentas.com/calculadora-palabras-paginas-conversor,AR,,28d-to-2026-07-02,24,1930,0.0124,5.6321,3,,data/bing-perf-latest.json (pages)
,https://hacecuentas.com/calculadora-retencion-ganancias-rg-830,AR,,28d-to-2026-07-02,70,1910,0.0366,5.3382,0,,data/bing-perf-latest.json (pages)
,https://hacecuentas.com/calculadora-ladrillos-por-m2-construccion,AR,,28d-to-2026-07-02,78,1842,0.0423,4.6737,0,,data/bing-perf-latest.json (pages)
,https://hacecuentas.com/co/calculadora-horas-extras-colombia-2026,CO,,28d-to-2026-07-02,58,1782,0.0325,6,41,,data/bing-perf-latest.json (pages)
,https://hacecuentas.com/calculadora-interes-judicial-tasa,AR,,28d-to-2026-07-02,130,1774,0.0733,5.0891,0,,data/bing-perf-latest.json (pages)
,https://hacecuentas.com/valores-bcra,AR,,28d-to-2026-07-02,12,1721,0.007,6,0,,data/bing-perf-latest.json (pages)
,https://hacecuentas.com/calculadora-comparador-messi-vs-cristiano-goles-asistencias-titulos,AR,,28d-to-2026-07-02,21,1568,0.0134,6,0,,data/bing-perf-latest.json (pages)
,https://hacecuentas.com/calculadora-impuesto-renta-colombia-persona-natural-2026,AR,,28d-to-2026-07-02,120,1565,0.0767,4.4051,0,,data/bing-perf-latest.json (pages)
,https://hacecuentas.com/es/calculadora-irpf-2026-tramos-espana-nomina,ES,,28d-to-2026-07-02,2,1520,0.0013,7.8888,6,,data/bing-perf-latest.json (pages)
,https://hacecuentas.com/datos-aguinaldo-2026,AR,,28d-to-2026-07-02,47,1508,0.0312,6,0,,data/bing-perf-latest.json (pages)
,https://hacecuentas.com/blog/como-calcular-porcentajes,AR,,28d-to-2026-07-02,13,1433,0.0091,6.3545,0,,data/bing-perf-latest.json (pages)
,https://hacecuentas.com/calculadora-contador-de-palabras-y-caracteres,AR,,28d-to-2026-07-02,14,1320,0.0106,7,19,,data/bing-perf-latest.json (pages)
,https://hacecuentas.com/calculadora-isr-republica-dominicana-2026,AR,,28d-to-2026-07-02,30,1313,0.0228,6.655,0,,data/bing-perf-latest.json (pages)
,https://hacecuentas.com/calculadora-antiguedad-laboral,AR,,28d-to-2026-07-02,102,1280,0.0797,4.6133,15,,data/bing-perf-latest.json (pages)
,https://hacecuentas.com/es/calculadora-convenio-hosteleria-espana-sueldo-2026-categoria,ES,,28d-to-2026-07-02,92,1265,0.0727,4.1115,0,,data/bing-perf-latest.json (pages)
,https://hacecuentas.com/co/calculadora-recargo-nocturno-colombia-2026,CO,,28d-to-2026-07-02,25,1225,0.0204,5.6106,17,,data/bing-perf-latest.json (pages)
,https://hacecuentas.com/co/calculadora-gastos-notariales-registro-compraventa-2026,CO,,28d-to-2026-07-02,89,1219,0.073,5,0,,data/bing-perf-latest.json (pages)
,https://hacecuentas.com/calculadora-presion-atmosferica-altitud-barometrica,AR,,28d-to-2026-07-02,69,1211,0.057,4.4566,0,,data/bing-perf-latest.json (pages)
,https://hacecuentas.com/co/calculadora-interes-mora-dian-colombia-2026,CO,,28d-to-2026-07-02,33,1166,0.0283,6,0,,data/bing-perf-latest.json (pages)
,https://hacecuentas.com/co/calculadora-incapacidad-medica-eps-colombia,CO,,28d-to-2026-07-02,44,1164,0.0378,5,0,,data/bing-perf-latest.json (pages)
,https://hacecuentas.com/do/calculadora-liquidacion-republica-dominicana,DO,,28d-to-2026-07-02,14,1147,0.0122,6,0,,data/bing-perf-latest.json (pages)
,https://hacecuentas.com/calculadora-hemoglobina-glicosilada-a1c-glucosa,AR,,28d-to-2026-07-02,26,1137,0.0229,6.4758,0,,data/bing-perf-latest.json (pages)
,https://hacecuentas.com/calculadora-islr-venezuela-personas-naturales,AR,,28d-to-2026-07-02,50,1052,0.0475,5.7044,0,,data/bing-perf-latest.json (pages)
,https://hacecuentas.com/mx/calculadora-imss-cuotas-empleado-patron-mexico-2026,MX,,28d-to-2026-07-02,47,1034,0.0455,7.1228,0,,data/bing-perf-latest.json (pages)
,https://hacecuentas.com/mx/calculadora-impuesto-cedular-arrendamiento-mexico,MX,,28d-to-2026-07-02,36,966,0.0373,6.3333,0,,data/bing-perf-latest.json (pages)
,https://hacecuentas.com/calculadora-indice-masa-corporal-pediatrico,AR,,28d-to-2026-07-02,19,953,0.0199,7,0,,data/bing-perf-latest.json (pages)
,https://hacecuentas.com/calculadora-clearance-creatinina-cockcroft-gault,AR,,28d-to-2026-07-02,18,948,0.019,6.7015,0,,data/bing-perf-latest.json (pages)
,https://hacecuentas.com/mx/calculadora-placas-auto-costo-mexico,MX,,28d-to-2026-07-02,53,918,0.0577,4.5904,0,,data/bing-perf-latest.json (pages)
,https://hacecuentas.com/calculadora-millas-latam-destino,AR,,28d-to-2026-07-02,68,909,0.0748,5.2211,16,,data/bing-perf-latest.json (pages)
,https://hacecuentas.com/calculadora-duracion-bateria-mah-consumo,AR,,28d-to-2026-07-02,36,879,0.041,4.4551,0,,data/bing-perf-latest.json (pages)
,https://hacecuentas.com/co/calculadora-salario-aprendiz-sena-2026,CO,,28d-to-2026-07-02,48,829,0.0579,5,0,,data/bing-perf-latest.json (pages)
,https://hacecuentas.com/feriados-mexico-2026,AR,,28d-to-2026-07-02,6,795,0.0075,7,0,,data/bing-perf-latest.json (pages)
,https://hacecuentas.com/datos-ganancias-2026,AR,,28d-to-2026-07-02,23,788,0.0292,6,0,,data/bing-perf-latest.json (pages)
,https://hacecuentas.com/mx/calculadora-recargos-actualizacion-sat-mexico-2026,MX,,28d-to-2026-07-02,24,779,0.0308,6,23,,data/bing-perf-latest.json (pages)
,https://hacecuentas.com/ec/calculadora-patente-municipal-ecuador,EC,,28d-to-2026-07-02,35,777,0.045,6,0,,data/bing-perf-latest.json (pages)
,https://hacecuentas.com/pe/datos-sueldo-minimo-peru-2026,PE,,28d-to-2026-07-02,9,765,0.0118,5,0,,data/bing-perf-latest.json (pages)
,https://hacecuentas.com/calculadora-transfer-auto-costo-registro,AR,,28d-to-2026-07-02,12,759,0.0158,7.1686,0,,data/bing-perf-latest.json (pages)
,https://hacecuentas.com/calculadora-semanas-embarazo,AR,,28d-to-2026-07-02,16,748,0.0214,5.7366,0,,data/bing-perf-latest.json (pages)
,https://hacecuentas.com/calculadora-ingresos-brutos-provincial,AR,,28d-to-2026-07-02,34,730,0.0466,5.7507,0,,data/bing-perf-latest.json (pages)
,https://hacecuentas.com/calculadora-imc,AR,,28d-to-2026-07-02,15,710,0.0211,6.738,8,,data/bing-perf-latest.json (pages)
,https://hacecuentas.com/calculadora-porcion-arroz-gramos-personas,AR,,28d-to-2026-07-02,39,690,0.0565,4.1217,14,,data/bing-perf-latest.json (pages)
,https://hacecuentas.com/calculadora-jubilacion-anses-monto-minimo-maxima-2026,AR,,28d-to-2026-07-02,26,682,0.0381,5,23,,data/bing-perf-latest.json (pages)
,https://hacecuentas.com/simulador-jubilacion-anses,AR,,28d-to-2026-07-02,100,672,0.1488,4,0,,data/bing-perf-latest.json (pages)
,https://hacecuentas.com/datos-topes-sipa-2026,AR,,28d-to-2026-07-02,17,668,0.0254,4.232,0,,data/bing-perf-latest.json (pages)
,https://hacecuentas.com/py/salario-minimo-paraguay-2026,PY,,28d-to-2026-07-02,14,656,0.0213,4,0,,data/bing-perf-latest.json (pages)
,https://hacecuentas.com/calculadora-peso-ideal-ninos,AR,,28d-to-2026-07-02,11,655,0.0168,6.5481,0,,data/bing-perf-latest.json (pages)
,https://hacecuentas.com/calculadora-combustible-viaje-auto,AR,,28d-to-2026-07-02,72,649,0.1109,4.1202,0,,data/bing-perf-latest.json (pages)
,https://hacecuentas.com/ec/calculadora-jubilacion-iess-ecuador,EC,,28d-to-2026-07-02,17,638,0.0266,6,0,,data/bing-perf-latest.json (pages)
,https://hacecuentas.com/co/calculadora-recibo-luz-codensa-epm-colombia-estrato,CO,,28d-to-2026-07-02,55,622,0.0884,4.4887,17,,data/bing-perf-latest.json (pages)
,https://hacecuentas.com/tabla/tabla-escalas-ganancias-2026,AR,,28d-to-2026-07-02,11,618,0.0178,4.6861,0,,data/bing-perf-latest.json (pages)
,https://hacecuentas.com/calculadora-presentismo-puntualidad,AR,,28d-to-2026-07-02,40,593,0.0675,3.7757,11,,data/bing-perf-latest.json (pages)
,https://hacecuentas.com/ec/calculadora-pension-alimenticia-ecuador,EC,,28d-to-2026-07-02,25,567,0.0441,5,0,,data/bing-perf-latest.json (pages)
,https://hacecuentas.com/calculadora-actualizacion-alquiler-icl,AR,,28d-to-2026-07-02,23,559,0.0411,7,8,,data/bing-perf-latest.json (pages)
,https://hacecuentas.com/mx/calculadora-credito-infonavit-descuento,MX,,28d-to-2026-07-02,52,553,0.094,4.6474,0,,data/bing-perf-latest.json (pages)
,https://hacecuentas.com/co/calculadora-empleada-domestica-dias-colombia-2026,CO,,28d-to-2026-07-02,39,552,0.0707,5,49,,data/bing-perf-latest.json (pages)
,https://hacecuentas.com/co/calculadora-salario-integral-colombia-2026,CO,,28d-to-2026-07-02,18,549,0.0328,6,0,,data/bing-perf-latest.json (pages)
,https://hacecuentas.com/calculadora-costo-peaje-ruta,AR,,28d-to-2026-07-02,42,529,0.0794,5.6238,0,,data/bing-perf-latest.json (pages)
,https://hacecuentas.com/calculadora-vacaciones-argentina,AR,,28d-to-2026-07-02,8,522,0.0153,6.4789,0,,data/bing-perf-latest.json (pages)
,https://hacecuentas.com/calculadora-envejecer-mascota-humano-tabla-raza-tamano,AR,,28d-to-2026-07-02,8,519,0.0154,5,0,,data/bing-perf-latest.json (pages)
,https://hacecuentas.com/mx/calculadora-isr-honorarios-persona-fisica,MX,,28d-to-2026-07-02,26,508,0.0512,5.6378,15,,data/bing-perf-latest.json (pages)
,https://hacecuentas.com/guia/sueldos-argentina-2026,AR,,28d-to-2026-07-02,20,504,0.0397,5.8571,0,,data/bing-perf-latest.json (pages)
,https://hacecuentas.com/blog/escala-ganancias-2026-argentina-tabla-completa-explicada,AR,,28d-to-2026-07-02,16,461,0.0347,6,0,,data/bing-perf-latest.json (pages)
,https://hacecuentas.com/co/calculadora-aporte-fondo-solidaridad-pension-fsp-colombia,CO,,28d-to-2026-07-02,9,456,0.0197,6,0,,data/bing-perf-latest.json (pages)
,https://hacecuentas.com/calculadora-impuesto-cheque-debitos-creditos,AR,,28d-to-2026-07-02,30,440,0.0682,4.6545,6,,data/bing-perf-latest.json (pages)
,https://hacecuentas.com/llave-mundial-2026,AR,,28d-to-2026-07-02,29,439,0.0661,7,0,,data/bing-perf-latest.json (pages)
,https://hacecuentas.com/calculadora-cuando-son-las-proximas-elecciones-por-pais,AR,,28d-to-2026-07-02,11,422,0.0261,6,11,,data/bing-perf-latest.json (pages)
,https://hacecuentas.com/calculadora-depreciacion-activos-linea-recta,AR,,28d-to-2026-07-02,8,400,0.02,5.7925,3,,data/bing-perf-latest.json (pages)
,https://hacecuentas.com/argentina/buenos-aires/calculadora-impuesto-sellos-inmueble-contrato,AR,,28d-to-2026-07-02,17,374,0.0455,5.9733,0,,data/bing-perf-latest.json (pages)
,https://hacecuentas.com/cl/calculadora-impuesto-renta-segunda-categoria-chile-2026-tabla,CL,,28d-to-2026-07-02,2,366,0.0055,8,0,,data/bing-perf-latest.json (pages)
,https://hacecuentas.com/calculadora-conversion-tna-tem-tea,AR,,28d-to-2026-07-02,42,355,0.1183,3.2507,4,,data/bing-perf-latest.json (pages)
,https://hacecuentas.com/precio-nafta-hoy,AR,,28d-to-2026-07-02,11,345,0.0319,7,0,,data/bing-perf-latest.json (pages)
,https://hacecuentas.com/calculadora-cuota-prestamo,AR,,28d-to-2026-07-02,18,344,0.0523,5.8953,0,,data/bing-perf-latest.json (pages)
,https://hacecuentas.com/co/calculadora-liquidacion-empleada-domestica-por-dias-colombia-2026,CO,,28d-to-2026-07-02,32,341,0.0938,5,48,,data/bing-perf-latest.json (pages)
,https://hacecuentas.com/calculadora-watts-fuente-alimentacion-pc,AR,,28d-to-2026-07-02,10,339,0.0295,6.5398,6,,data/bing-perf-latest.json (pages)
,https://hacecuentas.com/cl/calculadora-impuesto-herencias-donaciones-chile-tabla,CL,,28d-to-2026-07-02,31,323,0.096,5.3344,10,,data/bing-perf-latest.json (pages)
,https://hacecuentas.com/pe/calculadora-soat-peru-precio,PE,,28d-to-2026-07-02,23,307,0.0749,4,0,,data/bing-perf-latest.json (pages)
,https://hacecuentas.com/dias-entre-dos-fechas,AR,,28d-to-2026-07-02,0,303,0,8,0,,data/bing-perf-latest.json (pages)
,https://hacecuentas.com/calculadora-capacidad-tanque-cisterna-litros,AR,,28d-to-2026-07-02,8,302,0.0265,5.6722,0,,data/bing-perf-latest.json (pages)
,https://hacecuentas.com/mx/calculadora-canasta-basica-mexico-costo-mensual-familia,MX,,28d-to-2026-07-02,22,302,0.0728,4.8709,8,,data/bing-perf-latest.json (pages)
,https://hacecuentas.com/tabla/tabla-imc-peso-altura,AR,,28d-to-2026-07-02,2,302,0.0066,6,0,,data/bing-perf-latest.json (pages)
,https://hacecuentas.com/co/calculadora-conversion-uvt-uvr-colombia-actualizacion-2026,CO,,28d-to-2026-07-02,3,298,0.0101,7,0,,data/bing-perf-latest.json (pages)
,https://hacecuentas.com/mx/calculadora-pension-imss-modalidad-40-mexico-aportacion,MX,,28d-to-2026-07-02,19,287,0.0662,8,0,,data/bing-perf-latest.json (pages)
,https://hacecuentas.com/calculadora-palabras-por-pagina-trabajo,AR,,28d-to-2026-07-02,5,286,0.0175,6,0,,data/bing-perf-latest.json (pages)
,https://hacecuentas.com/cl/calculadora-tarifa-electrica-distribuidoras-chile-bt1-bt2-bt3,CL,,28d-to-2026-07-02,21,284,0.0739,5,0,,data/bing-perf-latest.json (pages)
,https://hacecuentas.com/mx/calculadora-uma-conversion-mexico,MX,,28d-to-2026-07-02,2,281,0.0071,8,3,,data/bing-perf-latest.json (pages)
,https://hacecuentas.com/mundial-2026,AR,,28d-to-2026-07-02,9,281,0.032,7,0,,data/bing-perf-latest.json (pages)
,https://hacecuentas.com/calculadora-fecha-probable-parto-ecografia,AR,,28d-to-2026-07-02,0,275,0,6.7236,0,,data/bing-perf-latest.json (pages)
,https://hacecuentas.com/calculadora-porciones-torta-tamano-molde,AR,,28d-to-2026-07-02,18,271,0.0664,4.2952,0,,data/bing-perf-latest.json (pages)
,https://hacecuentas.com/calculadora-correccion-calcio-albumina,AR,,28d-to-2026-07-02,0,270,0,7.8889,0,,data/bing-perf-latest.json (pages)
,https://hacecuentas.com/es/calculadora-becas-mec-2026-espana-renta-familiar-rendimiento,ES,,28d-to-2026-07-02,5,269,0.0186,7,0,,data/bing-perf-latest.json (pages)
,https://hacecuentas.com/iibb,AR,,28d-to-2026-07-02,8,259,0.0309,6,0,,data/bing-perf-latest.json (pages)
,https://hacecuentas.com/calculadora-sueldo-por-hora,AR,,28d-to-2026-07-02,38,258,0.1473,3,0,,data/bing-perf-latest.json (pages)
,https://hacecuentas.com/cl/calculadora-asignacion-familiar-chile-2026-tramos-renta,CL,,28d-to-2026-07-02,8,252,0.0317,5.4802,8,,data/bing-perf-latest.json (pages)
,https://hacecuentas.com/calculadora-liquidacion-final-renuncia,AR,,28d-to-2026-07-02,23,247,0.0931,5.502,13,,data/bing-perf-latest.json (pages)
,https://hacecuentas.com/comparador-plazo-fijo,AR,,28d-to-2026-07-02,5,244,0.0205,6,0,,data/bing-perf-latest.json (pages)
,https://hacecuentas.com/co/calculadora-salario-minimo-colombia-2026-auxilio-transporte,CO,,28d-to-2026-07-02,7,235,0.0298,6,11,,data/bing-perf-latest.json (pages)
,https://hacecuentas.com/salario-minimo-vital-movil-argentina,AR,,28d-to-2026-07-02,1,234,0.0043,7.3761,0,,data/bing-perf-latest.json (pages)
,https://hacecuentas.com/calculadora-love-calculator,AR,,28d-to-2026-07-02,7,234,0.0299,8.9017,1,,data/bing-perf-latest.json (pages)
,https://hacecuentas.com/calculadora-stream-bitrate-calidad,AR,,28d-to-2026-07-02,9,230,0.0391,4.7391,0,,data/bing-perf-latest.json (pages)
,https://hacecuentas.com/ec/calculadora-credito-hipotecario-biess-ecuador,EC,,28d-to-2026-07-02,6,221,0.0271,7,0,,data/bing-perf-latest.json (pages)
,https://hacecuentas.com/es/calculadora-renta-vitalicia-mayores-65-espana-fiscalidad,ES,,28d-to-2026-07-02,31,219,0.1416,5.1918,0,,data/bing-perf-latest.json (pages)
,https://hacecuentas.com/mx/calculadora-tarjeta-credito-interes-cat-mexico,MX,,28d-to-2026-07-02,6,209,0.0287,4.8612,0,,data/bing-perf-latest.json (pages)
,https://hacecuentas.com/co/calculadora-impuesto-timbre-nacional-colombia-2026,CO,,28d-to-2026-07-02,34,209,0.1627,3,0,,data/bing-perf-latest.json (pages)
,https://hacecuentas.com/co/calculadora-sancion-correccion-declaracion-dian-colombia-2026,CO,,28d-to-2026-07-02,6,206,0.0291,6,0,,data/bing-perf-latest.json (pages)
,https://hacecuentas.com/mx/calculadora-pension-issste-decimo-transitorio-mexico-2026,MX,,28d-to-2026-07-02,14,205,0.0683,7,19,,data/bing-perf-latest.json (pages)
,https://hacecuentas.com/calculadora-frecuencia-respiratoria-normal,AR,,28d-to-2026-07-02,0,201,0,6.8159,0,,data/bing-perf-latest.json (pages)
,https://hacecuentas.com/co/calculadora-retefuente-colombia-2026-empleado-tabla,CO,,28d-to-2026-07-02,3,196,0.0153,7,0,,data/bing-perf-latest.json (pages)
,https://hacecuentas.com/co/calculadora-comparendos-transito-colombia-2026,CO,,28d-to-2026-07-02,12,195,0.0615,5,0,,data/bing-perf-latest.json (pages)
,https://hacecuentas.com/es/calculadora-impuesto-matriculacion-iedmt-coche-espana,ES,,28d-to-2026-07-02,9,189,0.0476,6.3175,0,,data/bing-perf-latest.json (pages)
,https://hacecuentas.com/calculadora-riesgo-caida-adulto-mayor-escala,AR,,28d-to-2026-07-02,1,183,0.0055,7,0,,data/bing-perf-latest.json (pages)
,https://hacecuentas.com/calculadora-horario-llegada-zona-horaria,AR,,28d-to-2026-07-02,23,182,0.1264,3.4725,0,,data/bing-perf-latest.json (pages)
,https://hacecuentas.com/calculadora-cupos-copa-libertadores-pais-conmebol,AR,,28d-to-2026-07-02,4,179,0.0223,7,0,,data/bing-perf-latest.json (pages)
,https://hacecuentas.com/iibb/santa-fe,AR,,28d-to-2026-07-02,21,179,0.1173,4.4693,0,,data/bing-perf-latest.json (pages)
,https://hacecuentas.com/calculadora-biodegradacion-tiempo-materiales,AR,,28d-to-2026-07-02,9,177,0.0508,5,5,,data/bing-perf-latest.json (pages)
,https://hacecuentas.com/calculadora-costo-supermercado-canasta-basica,AR,,28d-to-2026-07-02,9,175,0.0514,6,4,,data/bing-perf-latest.json (pages)
,https://hacecuentas.com/es/calculadora-tasa-basura-municipios-espana-anual,ES,,28d-to-2026-07-02,20,174,0.1149,3.8563,0,,data/bing-perf-latest.json (pages)
,https://hacecuentas.com/calculadora-edad-exacta,AR,,28d-to-2026-07-02,0,174,0,6.5517,2,,data/bing-perf-latest.json (pages)
,https://hacecuentas.com/calculadora-memoria-fotos-capacidad,AR,,28d-to-2026-07-02,11,171,0.0643,3.5556,0,,data/bing-perf-latest.json (pages)
,https://hacecuentas.com/calculadora-consumo-nafta-litros-100km,AR,,28d-to-2026-07-02,19,163,0.1166,3.0982,7,,data/bing-perf-latest.json (pages)
,https://hacecuentas.com/co/calculadora-vacaciones-colombia-15-dias-habiles-laborales,CO,,28d-to-2026-07-02,8,151,0.053,7,0,,data/bing-perf-latest.json (pages)
,https://hacecuentas.com/do/calculadora-itbis-republica-dominicana,DO,,28d-to-2026-07-02,11,148,0.0743,5,0,,data/bing-perf-latest.json (pages)
,https://hacecuentas.com/co/calculadora-obligado-declarar-renta-2026,CO,,28d-to-2026-07-02,4,146,0.0274,7,0,,data/bing-perf-latest.json (pages)
,https://hacecuentas.com/calculadora-ripte-actualizacion-jubilatoria-sueldo,AR,,28d-to-2026-07-02,6,144,0.0417,6,4,,data/bing-perf-latest.json (pages)
,https://hacecuentas.com/ec/calculadora-licencia-maternidad-ecuador,EC,,28d-to-2026-07-02,14,142,0.0986,5,0,,data/bing-perf-latest.json (pages)
,https://hacecuentas.com/blog/recategorizacion-monotributo-julio-2026-guia-completa,AR,,28d-to-2026-07-02,20,138,0.1449,3.3333,0,,data/bing-perf-latest.json (pages)
,https://hacecuentas.com/co/calculadora-tasa-interes-mora-colombia-tarjeta-credito-2026,CO,,28d-to-2026-07-02,11,137,0.0803,6,0,,data/bing-perf-latest.json (pages)
,https://hacecuentas.com/calculadora-valuacion-fiscal-automotor-buenos-aires,AR,,28d-to-2026-07-02,0,135,0,7.2,0,,data/bing-perf-latest.json (pages)
,https://hacecuentas.com/calculadora-aguinaldo-mexico-2026,AR,,28d-to-2026-07-02,0,126,0,8,0,,data/bing-perf-latest.json (pages)
,https://hacecuentas.com/calculadora-dias-vacaciones-ley,AR,,28d-to-2026-07-02,2,125,0.016,6.64,0,,data/bing-perf-latest.json (pages)
,https://hacecuentas.com/ec/calculadora-impuesto-herencias-legados-donaciones-ecuador,EC,,28d-to-2026-07-02,13,123,0.1057,4.3415,0,,data/bing-perf-latest.json (pages)
,https://hacecuentas.com/ec/calculadora-vacaciones-ecuador,EC,,28d-to-2026-07-02,9,122,0.0738,6,0,,data/bing-perf-latest.json (pages)
,https://hacecuentas.com/co/calculadora-pension-colombia-2026-edad-semanas-cotizadas,CO,,28d-to-2026-07-02,8,121,0.0661,6,0,,data/bing-perf-latest.json (pages)
,https://hacecuentas.com/calculadora-valuacion-fiscal-automotor-argentina,AR,,28d-to-2026-07-02,2,118,0.0169,7,0,,data/bing-perf-latest.json (pages)
,https://hacecuentas.com/calculadora-mundial-2026-predictor-campeon-ranking,AR,,28d-to-2026-07-02,7,114,0.0614,6.7719,7,,data/bing-perf-latest.json (pages)
,https://hacecuentas.com/calculadora-notacion-cientifica,AR,,28d-to-2026-07-02,1,110,0.0091,7,0,,data/bing-perf-latest.json (pages)
,https://hacecuentas.com/calculadora-porcentajes,AR,,28d-to-2026-07-02,0,110,0,8,3,,data/bing-perf-latest.json (pages)
,https://hacecuentas.com/es/calculadora-evau-nota-media-ponderaciones-grado-espana,ES,,28d-to-2026-07-02,2,106,0.0189,8,0,,data/bing-perf-latest.json (pages)
,https://hacecuentas.com/calculadora-bienes-personales-2026,AR,,28d-to-2026-07-02,8,105,0.0762,4.219,0,,data/bing-perf-latest.json (pages)
,https://hacecuentas.com/calculadora-corte-optimo-tablero,AR,,28d-to-2026-07-02,15,104,0.1442,4.5962,3,,data/bing-perf-latest.json (pages)
,https://hacecuentas.com/calculadora-compatibilidad-nombres,AR,,28d-to-2026-07-02,7,104,0.0673,5.6154,0,,data/bing-perf-latest.json (pages)
,https://hacecuentas.com/calculadora-derechos-tv-mundial-2026-argentina-espana-mexico-brasil,AR,,28d-to-2026-07-02,7,98,0.0714,5,0,,data/bing-perf-latest.json (pages)
,https://hacecuentas.com/blog/como-calcular-interes-compuesto,AR,,28d-to-2026-07-02,3,96,0.0313,6.875,0,,data/bing-perf-latest.json (pages)
,https://hacecuentas.com/calculadora-indice-asistencia-faltas,AR,,28d-to-2026-07-02,7,95,0.0737,4.7684,3,,data/bing-perf-latest.json (pages)
,https://hacecuentas.com/es/calculadora-beca-comedor-escolar-espana-renta-umbrales,ES,,28d-to-2026-07-02,15,94,0.1596,3.8085,0,,data/bing-perf-latest.json (pages)
,https://hacecuentas.com/calculadora-consumo-electrico-kwh-factura-luz,AR,,28d-to-2026-07-02,8,94,0.0851,5.8723,0,,data/bing-perf-latest.json (pages)
,https://hacecuentas.com/argentina/caba/calculadora-impuesto-sellos-inmueble-contrato,AR,,28d-to-2026-07-02,12,93,0.129,4.129,0,,data/bing-perf-latest.json (pages)
,https://hacecuentas.com/calculadora-ticket-promedio-ventas,AR,,28d-to-2026-07-02,2,92,0.0217,6,0,,data/bing-perf-latest.json (pages)
,https://hacecuentas.com/calculadora-tiempo-lectura-libro-paginas,AR,,28d-to-2026-07-02,0,90,0,6,0,,data/bing-perf-latest.json (pages)
,https://hacecuentas.com/es/calculadora-convenio-comercio-espana-sueldo-categoria-2026,ES,,28d-to-2026-07-02,12,89,0.1348,3.9663,0,,data/bing-perf-latest.json (pages)
,https://hacecuentas.com/calculadora-impuesto-sellos-inmueble-contrato,AR,,28d-to-2026-07-02,11,88,0.125,4,12,,data/bing-perf-latest.json (pages)
,https://hacecuentas.com/mx/calculadora-coste-funeral-mexico-promedio-2026-paquetes,MX,,28d-to-2026-07-02,6,87,0.069,3.8046,5,,data/bing-perf-latest.json (pages)
,https://hacecuentas.com/calculadora-correccion-sodio-glucemia,AR,,28d-to-2026-07-02,0,87,0,8,0,,data/bing-perf-latest.json (pages)
,https://hacecuentas.com/cl/calculadora-pension-alimenticia-chile-padre-tribunal-familia,CL,,28d-to-2026-07-02,10,87,0.1149,5,3,,data/bing-perf-latest.json (pages)
,https://hacecuentas.com/calculadora-score-wells-trombosis-venosa,AR,,28d-to-2026-07-02,0,86,0,6.7907,0,,data/bing-perf-latest.json (pages)
,https://hacecuentas.com/calculadora-colesterol-total-ldl-hdl-valores-deseables,AR,,28d-to-2026-07-02,3,85,0.0353,6,0,,data/bing-perf-latest.json (pages)
,https://hacecuentas.com/calculadora-llegada-aeropuerto-minutos-vuelo,AR,,28d-to-2026-07-02,11,81,0.1358,3.8765,0,,data/bing-perf-latest.json (pages)
,https://hacecuentas.com/ve/cuanto-es-salario-minimo-venezuela-2026,VE,,28d-to-2026-07-02,8,81,0.0988,5,0,,data/bing-perf-latest.json (pages)
,https://hacecuentas.com/calculadora-indemnizacion-despido,AR,,28d-to-2026-07-02,3,80,0.0375,6.4,7,,data/bing-perf-latest.json (pages)
,https://hacecuentas.com/argentina/buenos-aires/calculadora-ingresos-brutos-provincial,AR,,28d-to-2026-07-02,5,78,0.0641,6,0,,data/bing-perf-latest.json (pages)
,https://hacecuentas.com/calculadora-patente-auto-provincia,AR,,28d-to-2026-07-02,7,77,0.0909,4.6623,4,,data/bing-perf-latest.json (pages)
,https://hacecuentas.com/es/calculadora-bonos-estado-espana-rentabilidad-vencimiento,ES,,28d-to-2026-07-02,4,76,0.0526,5.4737,0,,data/bing-perf-latest.json (pages)
,https://hacecuentas.com/calculadora-impuesto-renta-peru-4ta-5ta-2026,AR,,28d-to-2026-07-02,4,76,0.0526,6.5789,0,,data/bing-perf-latest.json (pages)
,https://hacecuentas.com/cl/calculadora-aporte-mutual-empresa-chile-trabajador-tasa-base,CL,,28d-to-2026-07-02,12,76,0.1579,3.6842,0,,data/bing-perf-latest.json (pages)
,https://hacecuentas.com/calculadora-cuanto-falta-mundial-fifa-2026-2030,AR,,28d-to-2026-07-02,0,75,0,9,0,,data/bing-perf-latest.json (pages)
,https://hacecuentas.com/calculadora-ciclo-menstrual,AR,,28d-to-2026-07-02,10,75,0.1333,5.36,0,,data/bing-perf-latest.json (pages)
,https://hacecuentas.com/es/calculadora-impuesto-circulacion-vehiculos-espana-municipio,ES,,28d-to-2026-07-02,1,74,0.0135,7.5676,0,,data/bing-perf-latest.json (pages)
,https://hacecuentas.com/calculadora-mundial-2026-bonus-jugador-fase,AR,,28d-to-2026-07-02,12,74,0.1622,5,11,,data/bing-perf-latest.json (pages)
,https://hacecuentas.com/calculadora-potencia-electrica-watts,AR,,28d-to-2026-07-02,3,71,0.0423,6.8451,2,,data/bing-perf-latest.json (pages)
,https://hacecuentas.com/calculadora-imc-infantil-percentil,AR,,28d-to-2026-07-02,6,68,0.0882,6,0,,data/bing-perf-latest.json (pages)
,https://hacecuentas.com/co/calculadora-cuota-moderadora-copago-eps-colombia-2026,CO,,28d-to-2026-07-02,3,66,0.0455,5,0,,data/bing-perf-latest.json (pages)
,https://hacecuentas.com/co/calculadora-impuesto-vehiculos-bogota-2026-tabla,CO,,28d-to-2026-07-02,3,66,0.0455,6,0,,data/bing-perf-latest.json (pages)
,https://hacecuentas.com/calculadora-hierro-ferritina-anemia-diagnostico,AR,,28d-to-2026-07-02,4,66,0.0606,6,0,,data/bing-perf-latest.json (pages)
,https://hacecuentas.com/calculadora-ganancias-4ta-categoria-2026,AR,,28d-to-2026-07-02,8,65,0.1231,4.9846,0,,data/bing-perf-latest.json (pages)
,https://hacecuentas.com/co/calculadora-retencion-procedimiento-2-colombia-2026,CO,,28d-to-2026-07-02,8,65,0.1231,5,6,,data/bing-perf-latest.json (pages)
,https://hacecuentas.com/calculadora-mortero-juntas-ladrillos-m2-pared,AR,,28d-to-2026-07-02,1,64,0.0156,4.1875,3,,data/bing-perf-latest.json (pages)
,https://hacecuentas.com/calculadora-aportes-patronales-empleado-registrado-cargas-sociales-2026,AR,,28d-to-2026-07-02,8,64,0.125,4,14,,data/bing-perf-latest.json (pages)
,https://hacecuentas.com/calculadora-nota-necesaria-aprobar,AR,,28d-to-2026-07-02,3,63,0.0476,4.5238,0,,data/bing-perf-latest.json (pages)
,https://hacecuentas.com/argentina/entre-rios/calculadora-ingresos-brutos-provincial,AR,,28d-to-2026-07-02,7,62,0.1129,3.8387,0,,data/bing-perf-latest.json (pages)
,https://hacecuentas.com/mx/calculadora-infonavit-credito-mexico-puntaje-monto-2026,MX,,28d-to-2026-07-02,6,62,0.0968,6,0,,data/bing-perf-latest.json (pages)
,https://hacecuentas.com/cuanto-falta-para-Navidad-2026,AR,,28d-to-2026-07-02,2,61,0.0328,4,0,,data/bing-perf-latest.json (pages)
,https://hacecuentas.com/cl/calculadora-credito-aval-cae-chile-deuda-final-promedio,CL,,28d-to-2026-07-02,3,61,0.0492,6,5,,data/bing-perf-latest.json (pages)
,https://hacecuentas.com/mx/calculadora-prima-dominical-dias-festivos-mexico,MX,,28d-to-2026-07-02,6,60,0.1,6,0,,data/bing-perf-latest.json (pages)
,https://hacecuentas.com/calculadora-honorarios-abogado,AR,,28d-to-2026-07-02,6,59,0.1017,6,0,,data/bing-perf-latest.json (pages)
,https://hacecuentas.com/calculadora-tamano-imagen-pixeles-megapixeles,AR,,28d-to-2026-07-02,5,59,0.0847,4.4576,8,,data/bing-perf-latest.json (pages)
,https://hacecuentas.com/calculadora-bebidas-evento-litros-por-persona,AR,,28d-to-2026-07-02,11,57,0.193,3,0,,data/bing-perf-latest.json (pages)
,https://hacecuentas.com/calculadora-clearance-creatinina-cockcroft,AR,,28d-to-2026-07-02,4,56,0.0714,6,0,,data/bing-perf-latest.json (pages)
,https://hacecuentas.com/calculadora-feriados-argentina-2026-calendario,AR,,28d-to-2026-07-02,0,55,0,7,0,,data/bing-perf-latest.json (pages)
,https://hacecuentas.com/calculadora-dso-dias-promedio-cobro,AR,,28d-to-2026-07-02,0,54,0,4,0,,data/bing-perf-latest.json (pages)
,https://hacecuentas.com/calculadora-cuantos-dias-faltan-Navidad-2026,AR,,28d-to-2026-07-02,3,53,0.0566,3.7925,0,,data/bing-perf-latest.json (pages)
,https://hacecuentas.com/argentina/santa-fe/calculadora-impuesto-sellos-inmueble-contrato,AR,,28d-to-2026-07-02,3,53,0.0566,5,0,,data/bing-perf-latest.json (pages)
,https://hacecuentas.com/calculadora-inflacion-acumulada-periodo,AR,,28d-to-2026-07-02,2,48,0.0417,7,4,,data/bing-perf-latest.json (pages)
,https://hacecuentas.com/calculadora-conversion-quintal-tonelada-kg-agro,AR,,28d-to-2026-07-02,7,47,0.1489,5.5745,0,,data/bing-perf-latest.json (pages)
,https://hacecuentas.com/calculadora-peso-ideal,AR,,28d-to-2026-07-02,1,46,0.0217,6.7609,0,,data/bing-perf-latest.json (pages)
,https://hacecuentas.com/argentina/mendoza/calculadora-ingresos-brutos-provincial,AR,,28d-to-2026-07-02,14,44,0.3182,3.4091,0,,data/bing-perf-latest.json (pages)
,https://hacecuentas.com/calculadora-gastos-escritura-compraventa,AR,,28d-to-2026-07-02,6,42,0.1429,4.9048,0,,data/bing-perf-latest.json (pages)
,https://hacecuentas.com/calculadora-horas-extras-50-100,AR,,28d-to-2026-07-02,1,42,0.0238,5.381,0,,data/bing-perf-latest.json (pages)
,https://hacecuentas.com/calculadora-prestaciones-sociales-venezuela-lottt,AR,,28d-to-2026-07-02,3,40,0.075,6,4,,data/bing-perf-latest.json (pages)
,https://hacecuentas.com/iibb/caba,AR,,28d-to-2026-07-02,3,39,0.0769,5,0,,data/bing-perf-latest.json (pages)
,https://hacecuentas.com/calculadora-autonomia-tanque-combustible,AR,,28d-to-2026-07-02,10,39,0.2564,4,0,,data/bing-perf-latest.json (pages)
,https://hacecuentas.com/calculadora-biorhythm,AR,,28d-to-2026-07-02,2,38,0.0526,5,2,,data/bing-perf-latest.json (pages)
,https://hacecuentas.com/es/calculadora-modelo-145-irpf-situacion-familiar-nomina,ES,,28d-to-2026-07-02,6,38,0.1579,4,5,,data/bing-perf-latest.json (pages)
,https://hacecuentas.com/calculadora-payback-periodo-recupero-inversion,AR,,28d-to-2026-07-02,0,34,0,7,0,,data/bing-perf-latest.json (pages)
,https://hacecuentas.com/ec/calculadora-licencia-paternidad-ecuador,EC,,28d-to-2026-07-02,6,34,0.1765,4,0,,data/bing-perf-latest.json (pages)
,https://hacecuentas.com/calculadora-millaje-frecuente-aerolineas-argentinas-programas,AR,,28d-to-2026-07-02,3,33,0.0909,5,0,,data/bing-perf-latest.json (pages)
,https://hacecuentas.com/ec/calculadora-planilla-agua-ecuador,EC,,28d-to-2026-07-02,5,32,0.1563,5,0,,data/bing-perf-latest.json (pages)
,https://hacecuentas.com/calculadora-pintura-por-m2-litros-latas,AR,,28d-to-2026-07-02,4,29,0.1379,5.4138,9,,data/bing-perf-latest.json (pages)
,https://hacecuentas.com/calculadora-aguinaldo-sac,AR,,28d-to-2026-07-02,1,28,0.0357,7,0,,data/bing-perf-latest.json (pages)
,https://hacecuentas.com/calculadora-consumo-watts-pc-gamer-fuente,AR,,28d-to-2026-07-02,3,28,0.1071,4,0,,data/bing-perf-latest.json (pages)
,https://hacecuentas.com/mx/calculadora-isr-mensual-empleados-subsidio-empleo-mexico,MX,,28d-to-2026-07-02,3,28,0.1071,6,6,,data/bing-perf-latest.json (pages)
,https://hacecuentas.com/calculadora-superficie-quemadura-regla-nueves,AR,,28d-to-2026-07-02,3,27,0.1111,4,0,,data/bing-perf-latest.json (pages)
,https://hacecuentas.com/calculadora-indice-bienestar-who5,AR,,28d-to-2026-07-02,1,26,0.0385,5,0,,data/bing-perf-latest.json (pages)
,https://hacecuentas.com/calculadora-tiempo-lectura-por-paginas,AR,,28d-to-2026-07-02,0,25,0,4,2,,data/bing-perf-latest.json (pages)
,https://hacecuentas.com/mx/calculadora-licencia-maternidad-mexico-imss-12-semanas,MX,,28d-to-2026-07-02,4,25,0.16,6,0,,data/bing-perf-latest.json (pages)
,https://hacecuentas.com/calculadora-mundial-2026-botin-oro-goleador-estimador,AR,,28d-to-2026-07-02,2,25,0.08,6,0,,data/bing-perf-latest.json (pages)
,https://hacecuentas.com/calculadora-ropa-maleta-dias-viaje,AR,,28d-to-2026-07-02,5,24,0.2083,3,3,,data/bing-perf-latest.json (pages)
,https://hacecuentas.com/calculadora-licencia-maternidad-paternidad,AR,,28d-to-2026-07-02,3,24,0.125,6,0,,data/bing-perf-latest.json (pages)
,https://hacecuentas.com/calculadora-plazo-fijo,AR,,28d-to-2026-07-02,2,23,0.087,6.1304,0,,data/bing-perf-latest.json (pages)
,https://hacecuentas.com/calculadora-descuento-vuelo-millas-vs-cash,AR,,28d-to-2026-07-02,0,21,0,9,0,,data/bing-perf-latest.json (pages)
,https://hacecuentas.com/calculadora-retencion-afip-cuit-regimen-general,AR,,28d-to-2026-07-02,0,21,0,5,6,,data/bing-perf-latest.json (pages)
,https://hacecuentas.com/calculadora-filamento-3d-necesario-modelo,AR,,28d-to-2026-07-02,2,19,0.1053,4,0,,data/bing-perf-latest.json (pages)
,https://hacecuentas.com/calculadora-puntos-amex-membership-rewards,AR,,28d-to-2026-07-02,2,18,0.1111,5,0,,data/bing-perf-latest.json (pages)
,https://hacecuentas.com/es/calculadora-autonomo-cuota-2026-espana-rendimiento-neto,ES,,28d-to-2026-07-02,0,17,0,6,0,,data/bing-perf-latest.json (pages)
,https://hacecuentas.com/calculadora-foco-led-equivalencia-watts-lumens,AR,,28d-to-2026-07-02,2,17,0.1176,5,2,,data/bing-perf-latest.json (pages)
,https://hacecuentas.com/es/calculadora-dependencia-grado-prestacion-espana-2026,ES,,28d-to-2026-07-02,2,15,0.1333,6,5,,data/bing-perf-latest.json (pages)
,https://hacecuentas.com/cl/calculadora-impuesto-primera-categoria-chile-empresas-2026,CL,,28d-to-2026-07-02,2,15,0.1333,6,5,,data/bing-perf-latest.json (pages)
,https://hacecuentas.com/es/calculadora-recargo-equivalencia-comerciantes-espana,ES,,28d-to-2026-07-02,0,14,0,6,0,,data/bing-perf-latest.json (pages)
,https://hacecuentas.com/calculadora-escala-dolor-numerica,AR,,28d-to-2026-07-02,1,14,0.0714,5,0,,data/bing-perf-latest.json (pages)
,https://hacecuentas.com/calculadora-rendimiento-masa-empanadas-cantidad,AR,,28d-to-2026-07-02,1,13,0.0769,4,3,,data/bing-perf-latest.json (pages)
,https://hacecuentas.com/calculadora-alquiler-vs-comprar,AR,,28d-to-2026-07-02,2,13,0.1538,6,0,,data/bing-perf-latest.json (pages)
,https://hacecuentas.com/calculadora-conversor-leguas-a-kilometros,AR,,28d-to-2026-07-02,0,12,0,6,0,,data/bing-perf-latest.json (pages)
,https://hacecuentas.com/calculadora-agua-diaria-recomendada,AR,,28d-to-2026-07-02,1,12,0.0833,5,0,,data/bing-perf-latest.json (pages)
,https://hacecuentas.com/calculadora-credito-uva-cuota-actual,AR,,28d-to-2026-07-02,1,12,0.0833,6,3,,data/bing-perf-latest.json (pages)
,https://hacecuentas.com/calculadora-estimador-costo-viaje-taxi-remis,AR,,28d-to-2026-07-02,4,12,0.3333,4,0,,data/bing-perf-latest.json (pages)
,https://hacecuentas.com/calculadora-autonomia-ups-tiempo-respaldo-servidor,AR,,28d-to-2026-07-02,3,12,0.25,5,4,,data/bing-perf-latest.json (pages)
,https://hacecuentas.com/calculadora-conversion-colesterol-mg-mmol,AR,,28d-to-2026-07-02,0,11,0,7,0,,data/bing-perf-latest.json (pages)
,https://hacecuentas.com/es/calculadora-plusvalia-municipal-iivtnu-espana,ES,,28d-to-2026-07-02,0,11,0,7,0,,data/bing-perf-latest.json (pages)
,https://hacecuentas.com/glosario/uva,AR,,28d-to-2026-07-02,1,11,0.0909,6,0,,data/bing-perf-latest.json (pages)
,https://hacecuentas.com/calculadora-rotacion-inventario-stock,AR,,28d-to-2026-07-02,2,11,0.1818,6,0,,data/bing-perf-latest.json (pages)
,https://hacecuentas.com/mx/calculadora-prima-vacacional-mexico,MX,,28d-to-2026-07-02,1,11,0.0909,8,0,,data/bing-perf-latest.json (pages)
,https://hacecuentas.com/cl/calculadora-permiso-postnatal-chile-12-semanas-extension,CL,,28d-to-2026-07-02,3,11,0.2727,3,0,,data/bing-perf-latest.json (pages)
,https://hacecuentas.com/cl/calculadora-isapre-cotizacion-chile-7-porcentaje-plan,CL,,28d-to-2026-07-02,2,11,0.1818,3,0,,data/bing-perf-latest.json (pages)
,https://hacecuentas.com/calculadora-irpf-cataluna-2026-asalariado,AR,,28d-to-2026-07-02,0,10,0,8,0,,data/bing-perf-latest.json (pages)
,https://hacecuentas.com/calculadora-cuota-alimentaria-estimacion,AR,,28d-to-2026-07-02,3,9,0.3333,5,0,,data/bing-perf-latest.json (pages)
,https://hacecuentas.com/calculadora-valuacion-fiscal-automotor-cordoba,AR,,28d-to-2026-07-02,4,9,0.4444,4,0,,data/bing-perf-latest.json (pages)
,https://hacecuentas.com/mx/calculadora-pension-alimenticia-mexico-padre-divorcio,MX,,28d-to-2026-07-02,2,9,0.2222,6,1,,data/bing-perf-latest.json (pages)
,https://hacecuentas.com/calculadora-espesor-vidrio-ventana-m2,AR,,28d-to-2026-07-02,2,8,0.25,4,0,,data/bing-perf-latest.json (pages)
,https://hacecuentas.com/calculadora-huella-hidrica-alimentos-litros,AR,,28d-to-2026-07-02,4,6,0.6667,2,0,,data/bing-perf-latest.json (pages)
,https://hacecuentas.com/es/calculadora-beca-erasmus-mensualidad-pais-destino-2026,ES,,28d-to-2026-07-02,1,6,0.1667,7,0,,data/bing-perf-latest.json (pages)
,https://hacecuentas.com/glosario/cer,AR,,28d-to-2026-07-02,1,5,0.2,4,0,,data/bing-perf-latest.json (pages)
,https://hacecuentas.com/calculadora-punto-equilibrio-break-even,AR,,28d-to-2026-07-02,0,5,0,5,0,,data/bing-perf-latest.json (pages)
,https://hacecuentas.com/calculadora-resistencia-paralelo-serie,AR,,28d-to-2026-07-02,0,5,0,4,0,,data/bing-perf-latest.json (pages)
,https://hacecuentas.com/calculadora-rankeo-elo-puntos,AR,,28d-to-2026-07-02,1,5,0.2,4,0,,data/bing-perf-latest.json (pages)
,https://hacecuentas.com/calculadora-puntos-ranking-ajedrez-elo,AR,,28d-to-2026-07-02,1,5,0.2,9,0,,data/bing-perf-latest.json (pages)
,https://hacecuentas.com/es/calculadora-ibi-cuota-anual-espana-valor-catastral-municipio,ES,,28d-to-2026-07-02,1,5,0.2,6,0,,data/bing-perf-latest.json (pages)
,https://hacecuentas.com/calculadora-reciclaje-ahorro-residuos,AR,,28d-to-2026-07-02,1,4,0.25,3,0,,data/bing-perf-latest.json (pages)
,https://hacecuentas.com/calculadora-dia-nacimiento-semana,AR,,28d-to-2026-07-02,3,4,0.75,4,0,,data/bing-perf-latest.json (pages)
,https://hacecuentas.com/es/calculadora-comunidad-vecinos-gastos-mensuales-espana,ES,,28d-to-2026-07-02,1,3,0.3333,3,0,,data/bing-perf-latest.json (pages)
,https://hacecuentas.com/calculadora-cano-estructural-peso-ml,AR,,28d-to-2026-07-02,1,3,0.3333,1,0,,data/bing-perf-latest.json (pages)
,https://hacecuentas.com/calculadora-promedio-ponderado-notas-materias,AR,,28d-to-2026-07-02,1,3,0.3333,5,0,,data/bing-perf-latest.json (pages)
,https://hacecuentas.com/argentina/santiago-del-estero/calculadora-ingresos-brutos-provincial,AR,,28d-to-2026-07-02,1,3,0.3333,1,0,,data/bing-perf-latest.json (pages)
,https://hacecuentas.com/calculadora-porcelanato-liquido-litros-m2,AR,,28d-to-2026-07-02,1,3,0.3333,1,0,,data/bing-perf-latest.json (pages)
,https://hacecuentas.com/calculadora-palabras-por-minuto-lectura-nivel,AR,,28d-to-2026-07-02,1,3,0.3333,6,0,,data/bing-perf-latest.json (pages)
,https://hacecuentas.com/iibb/santiago-del-estero,AR,,28d-to-2026-07-02,1,3,0.3333,4,0,,data/bing-perf-latest.json (pages)
,https://hacecuentas.com/calculadora-valuacion-fiscal-automotor-neuquen,AR,,28d-to-2026-07-02,3,2,1.5,2,0,,data/bing-perf-latest.json (pages)
,https://hacecuentas.com/calculadora-dividir-gastos-pareja-proporcional,AR,,28d-to-2026-07-02,1,2,0.5,4,0,,data/bing-perf-latest.json (pages)
,https://hacecuentas.com/calculadora-abl-expensas-quien-paga-inquilino-propietario,AR,,28d-to-2026-07-02,0,2,0,4,0,,data/bing-perf-latest.json (pages)
,https://hacecuentas.com/es/calculadora-tipo-marginal-irpf-espana-2026-tramos-rapido,ES,,28d-to-2026-07-02,0,2,0,8,0,,data/bing-perf-latest.json (pages)
,https://hacecuentas.com/argentina/neuquen/calculadora-impuesto-sellos-inmueble-contrato,AR,,28d-to-2026-07-02,1,2,0.5,2,0,,data/bing-perf-latest.json (pages)
,https://hacecuentas.com/calculadora-dividendos-yield-anual,AR,,28d-to-2026-07-02,1,1,1,3,0,,data/bing-perf-latest.json (pages)
,https://hacecuentas.com/calculadora-angel-guardian-fecha,AR,,28d-to-2026-07-02,1,1,1,3,1,,data/bing-perf-latest.json (pages)
,https://hacecuentas.com/es/calculadora-universidad-publica-vs-privada-coste-grado-espana,ES,,28d-to-2026-07-02,0,1,0,2,0,,data/bing-perf-latest.json (pages)
,https://hacecuentas.com/calculadora-calorias-caminando,AR,,28d-to-2026-07-02,0,1,0,3,0,,data/bing-perf-latest.json (pages)
,https://hacecuentas.com/calculadora-fondo-emergencia-meses,AR,,28d-to-2026-07-02,0,1,0,3,0,,data/bing-perf-latest.json (pages)
,https://hacecuentas.com/calculadora-agua-pasta-litros-gramos,AR,,28d-to-2026-07-02,0,1,0,2,0,,data/bing-perf-latest.json (pages)
,https://hacecuentas.com/calculadora-puntaje-dele-spanish,AR,,28d-to-2026-07-02,1,1,1,4,0,,data/bing-perf-latest.json (pages)
,https://hacecuentas.com/calculadora-dioptrias-receta-optica,AR,,28d-to-2026-07-02,1,1,1,2,0,,data/bing-perf-latest.json (pages)
,https://hacecuentas.com/calculadora-horas-aprender-italiano-b1,AR,,28d-to-2026-07-02,1,1,1,1,0,,data/bing-perf-latest.json (pages)
,https://hacecuentas.com/calculadora-duolingo-xp-objetivo,AR,,28d-to-2026-07-02,1,1,1,1,0,,data/bing-perf-latest.json (pages)
,https://hacecuentas.com/calculadora-regla-de-tres-simple,AR,,28d-to-2026-07-02,1,1,1,9,0,,data/bing-perf-latest.json (pages)
,https://hacecuentas.com/calculadora-numero-oxidacion-elemento,AR,,28d-to-2026-07-02,3,1,3,5,2,,data/bing-perf-latest.json (pages)
calendario colombia 2026,DATA_MISSING,,,28d-to-2026-07-02,3,5768,0.0005,,,,data/bing-perf-latest.json (queries)
partidos del mundial 2026,DATA_MISSING,,,28d-to-2026-07-02,5,5211,0.001,,,,data/bing-perf-latest.json (queries)
partidos mundial 2026,DATA_MISSING,,,28d-to-2026-07-02,1,4972,0.0002,,,,data/bing-perf-latest.json (queries)
partidos de hoy mundial 2026,DATA_MISSING,,,28d-to-2026-07-02,11,4789,0.0023,,,,data/bing-perf-latest.json (queries)
salario mínimo 2026,DATA_MISSING,,,28d-to-2026-07-02,22,2940,0.0075,,,,data/bing-perf-latest.json (queries)
fixture mundial 2026,DATA_MISSING,,,28d-to-2026-07-02,10,2525,0.004,,,,data/bing-perf-latest.json (queries)
categorías monotributo 2026,DATA_MISSING,,,28d-to-2026-07-02,4,2494,0.0016,,,,data/bing-perf-latest.json (queries)
feriados 2026,DATA_MISSING,,,28d-to-2026-07-02,4,2224,0.0018,,,,data/bing-perf-latest.json (queries)
fixture del mundial 2026,DATA_MISSING,,,28d-to-2026-07-02,4,1954,0.002,,,,data/bing-perf-latest.json (queries)
salário mínimo 2026,DATA_MISSING,,,28d-to-2026-07-02,4,1366,0.0029,,,,data/bing-perf-latest.json (queries)
partidos del mundial hoy,DATA_MISSING,,,28d-to-2026-07-02,2,1028,0.0019,,,,data/bing-perf-latest.json (queries)
festivos colombia 2026,DATA_MISSING,,,28d-to-2026-07-02,2,916,0.0022,,,,data/bing-perf-latest.json (queries)
tabla de posiciones mundial 2026,DATA_MISSING,,,28d-to-2026-07-02,1,888,0.0011,,,,data/bing-perf-latest.json (queries)
partidos hoy mundial,DATA_MISSING,,,28d-to-2026-07-02,1,853,0.0012,,,,data/bing-perf-latest.json (queries)
salario minimo 2026,DATA_MISSING,,,28d-to-2026-07-02,8,786,0.0102,,,,data/bing-perf-latest.json (queries)
mundial 2026 partidos,DATA_MISSING,,,28d-to-2026-07-02,2,707,0.0028,,,,data/bing-perf-latest.json (queries)
festivos en colombia 2026,DATA_MISSING,,,28d-to-2026-07-02,2,681,0.0029,,,,data/bing-perf-latest.json (queries)
tabla monotributo 2026,DATA_MISSING,,,28d-to-2026-07-02,2,675,0.003,,,,data/bing-perf-latest.json (queries)
categoría monotributo 2026,DATA_MISSING,,,28d-to-2026-07-02,3,588,0.0051,,,,data/bing-perf-latest.json (queries)
salario mínimo 2026 colombia,DATA_MISSING,,,28d-to-2026-07-02,6,544,0.011,,,,data/bing-perf-latest.json (queries)
feriados colombia 2026,DATA_MISSING,,,28d-to-2026-07-02,2,512,0.0039,,,,data/bing-perf-latest.json (queries)
contador de palabras,DATA_MISSING,,,28d-to-2026-07-02,2,494,0.004,,,,data/bing-perf-latest.json (queries)
feriados perú 2026,DATA_MISSING,,,28d-to-2026-07-02,3,474,0.0063,,,,data/bing-perf-latest.json (queries)
mundial 2026 hoy,DATA_MISSING,,,28d-to-2026-07-02,1,400,0.0025,,,,data/bing-perf-latest.json (queries)
salario diario integrado 2026,DATA_MISSING,,,28d-to-2026-07-02,33,361,0.0914,,,,data/bing-perf-latest.json (queries)
calculo de prestaciones laborales,DATA_MISSING,,,28d-to-2026-07-02,2,325,0.0062,,,,data/bing-perf-latest.json (queries)
prima de antigüedad 2026,DATA_MISSING,,,28d-to-2026-07-02,14,318,0.044,,,,data/bing-perf-latest.json (queries)
cálculo retenciones 2026,DATA_MISSING,,,28d-to-2026-07-02,1,271,0.0037,,,,data/bing-perf-latest.json (queries)
salario 2026,DATA_MISSING,,,28d-to-2026-07-02,2,237,0.0084,,,,data/bing-perf-latest.json (queries)
tabla del mundial 2026,DATA_MISSING,,,28d-to-2026-07-02,1,231,0.0043,,,,data/bing-perf-latest.json (queries)
salario mínimo 2026 valor,DATA_MISSING,,,28d-to-2026-07-02,1,231,0.0043,,,,data/bing-perf-latest.json (queries)
ipc junio 2026,DATA_MISSING,,,28d-to-2026-07-02,22,215,0.1023,,,,data/bing-perf-latest.json (queries)
calendario 2026 chile,DATA_MISSING,,,28d-to-2026-07-02,1,204,0.0049,,,,data/bing-perf-latest.json (queries)
tabla de monotributo 2026,DATA_MISSING,,,28d-to-2026-07-02,2,197,0.0102,,,,data/bing-perf-latest.json (queries)
calendario chile 2026,DATA_MISSING,,,28d-to-2026-07-02,1,196,0.0051,,,,data/bing-perf-latest.json (queries)
tabla posiciones mundial 2026,DATA_MISSING,,,28d-to-2026-07-02,1,174,0.0057,,,,data/bing-perf-latest.json (queries)
horas extras 2026,DATA_MISSING,,,28d-to-2026-07-02,5,170,0.0294,,,,data/bing-perf-latest.json (queries)
partidos de hoy mundial,DATA_MISSING,,,28d-to-2026-07-02,1,169,0.0059,,,,data/bing-perf-latest.json (queries)
recargo nocturno 2026,DATA_MISSING,,,28d-to-2026-07-02,6,163,0.0368,,,,data/bing-perf-latest.json (queries)
cálculo irpf 2026,DATA_MISSING,,,28d-to-2026-07-02,1,156,0.0064,,,,data/bing-perf-latest.json (queries)
sanción por extemporaneidad 2026,DATA_MISSING,,,28d-to-2026-07-02,8,153,0.0523,,,,data/bing-perf-latest.json (queries)
monotributo categorías 2026,DATA_MISSING,,,28d-to-2026-07-02,2,149,0.0134,,,,data/bing-perf-latest.json (queries)
partido mundial 2026,DATA_MISSING,,,28d-to-2026-07-02,1,144,0.0069,,,,data/bing-perf-latest.json (queries)
categorias monotributo 2026,DATA_MISSING,,,28d-to-2026-07-02,3,138,0.0217,,,,data/bing-perf-latest.json (queries)
calendario colombia 2026 con festivos,DATA_MISSING,,,28d-to-2026-07-02,1,137,0.0073,,,,data/bing-perf-latest.json (queries)
prima de antigüedad,DATA_MISSING,,,28d-to-2026-07-02,2,121,0.0165,,,,data/bing-perf-latest.json (queries)
minimo 2026,DATA_MISSING,,,28d-to-2026-07-02,2,116,0.0172,,,,data/bing-perf-latest.json (queries)
calcio corregido por albúmina,DATA_MISSING,,,28d-to-2026-07-02,0,115,0,,,,data/bing-perf-latest.json (queries)
salario mínimo 2026 méxico,DATA_MISSING,,,28d-to-2026-07-02,1,114,0.0088,,,,data/bing-perf-latest.json (queries)
metros lineales a metros,DATA_MISSING,,,28d-to-2026-07-02,0,113,0,,,,data/bing-perf-latest.json (queries)
factor de integración 2026,DATA_MISSING,,,28d-to-2026-07-02,1,112,0.0089,,,,data/bing-perf-latest.json (queries)
categorías de monotributo 2026,DATA_MISSING,,,28d-to-2026-07-02,2,96,0.0208,,,,data/bing-perf-latest.json (queries)
dolar hoy colombia,DATA_MISSING,,,28d-to-2026-07-02,1,95,0.0105,,,,data/bing-perf-latest.json (queries)
partidos jugados mundial 2026,DATA_MISSING,,,28d-to-2026-07-02,4,89,0.0449,,,,data/bing-perf-latest.json (queries)
salario mínimo colombia 2026,DATA_MISSING,,,28d-to-2026-07-02,4,86,0.0465,,,,data/bing-perf-latest.json (queries)
partidos jugados del mundial 2026,DATA_MISSING,,,28d-to-2026-07-02,5,81,0.0617,,,,data/bing-perf-latest.json (queries)
uf sii 2026,DATA_MISSING,,,28d-to-2026-07-02,0,80,0,,,,data/bing-perf-latest.json (queries)
clearance de creatinina,DATA_MISSING,,,28d-to-2026-07-02,2,80,0.025,,,,data/bing-perf-latest.json (queries)
mínimo 2026,DATA_MISSING,,,28d-to-2026-07-02,1,78,0.0128,,,,data/bing-perf-latest.json (queries)
partidos del mundial de hoy,DATA_MISSING,,,28d-to-2026-07-02,1,77,0.013,,,,data/bing-perf-latest.json (queries)
mínimo en colombia 2026,DATA_MISSING,,,28d-to-2026-07-02,4,75,0.0533,,,,data/bing-perf-latest.json (queries)
quien juega hoy mundial 2026,DATA_MISSING,,,28d-to-2026-07-02,1,72,0.0139,,,,data/bing-perf-latest.json (queries)
fixture 2026,DATA_MISSING,,,28d-to-2026-07-02,1,71,0.0141,,,,data/bing-perf-latest.json (queries)
sueldo mínimo 2026,DATA_MISSING,,,28d-to-2026-07-02,1,70,0.0143,,,,data/bing-perf-latest.json (queries)
salarios mínimos 2026,DATA_MISSING,,,28d-to-2026-07-02,3,68,0.0441,,,,data/bing-perf-latest.json (queries)
festivos 2026,DATA_MISSING,,,28d-to-2026-07-02,1,66,0.0152,,,,data/bing-perf-latest.json (queries)
categoria monotributo 2026,DATA_MISSING,,,28d-to-2026-07-02,2,64,0.0313,,,,data/bing-perf-latest.json (queries)
salario minimo colombia 2026,DATA_MISSING,,,28d-to-2026-07-02,3,63,0.0476,,,,data/bing-perf-latest.json (queries)
mundial 2026 partidos de hoy,DATA_MISSING,,,28d-to-2026-07-02,2,61,0.0328,,,,data/bing-perf-latest.json (queries)
tabla de pensiones alimenticias 2026,DATA_MISSING,,,28d-to-2026-07-02,10,55,0.1818,,,,data/bing-perf-latest.json (queries)
escala monotributo 2026,DATA_MISSING,,,28d-to-2026-07-02,1,55,0.0182,,,,data/bing-perf-latest.json (queries)
calculadora retenciones 2026,DATA_MISSING,,,28d-to-2026-07-02,1,53,0.0189,,,,data/bing-perf-latest.json (queries)
categorías monotributo,DATA_MISSING,,,28d-to-2026-07-02,2,52,0.0385,,,,data/bing-perf-latest.json (queries)
partidos del mundial para hoy,DATA_MISSING,,,28d-to-2026-07-02,1,51,0.0196,,,,data/bing-perf-latest.json (queries)
salario minimo 2026 mexico,DATA_MISSING,,,28d-to-2026-07-02,2,51,0.0392,,,,data/bing-perf-latest.json (queries)
feriados 2026 peru,DATA_MISSING,,,28d-to-2026-07-02,1,51,0.0196,,,,data/bing-perf-latest.json (queries)
recategorización monotributo julio 2026,DATA_MISSING,,,28d-to-2026-07-02,2,49,0.0408,,,,data/bing-perf-latest.json (queries)
calendario chile 2026 con feriados,DATA_MISSING,,,28d-to-2026-07-02,3,47,0.0638,,,,data/bing-perf-latest.json (queries)
hora extra diurna 2026,DATA_MISSING,,,28d-to-2026-07-02,3,45,0.0667,,,,data/bing-perf-latest.json (queries)
salario mínimo 2026 en colombia,DATA_MISSING,,,28d-to-2026-07-02,2,45,0.0444,,,,data/bing-perf-latest.json (queries)
lista de partidos mundial 2026,DATA_MISSING,,,28d-to-2026-07-02,1,44,0.0227,,,,data/bing-perf-latest.json (queries)
salario mínimo en colombia 2026,DATA_MISSING,,,28d-to-2026-07-02,3,44,0.0682,,,,data/bing-perf-latest.json (queries)
qué partidos hay hoy mundial,DATA_MISSING,,,28d-to-2026-07-02,1,43,0.0233,,,,data/bing-perf-latest.json (queries)
fixture mundial fifa 2026,DATA_MISSING,,,28d-to-2026-07-02,1,42,0.0238,,,,data/bing-perf-latest.json (queries)
posiciones mundial 2026,DATA_MISSING,,,28d-to-2026-07-02,1,42,0.0238,,,,data/bing-perf-latest.json (queries)
calendario con festivos colombia 2026,DATA_MISSING,,,28d-to-2026-07-02,2,40,0.05,,,,data/bing-perf-latest.json (queries)
partidos jugados del mundial,DATA_MISSING,,,28d-to-2026-07-02,1,37,0.027,,,,data/bing-perf-latest.json (queries)
prima de antiguedad,DATA_MISSING,,,28d-to-2026-07-02,2,36,0.0556,,,,data/bing-perf-latest.json (queries)
uva hoy,DATA_MISSING,,,28d-to-2026-07-02,1,36,0.0278,,,,data/bing-perf-latest.json (queries)
retención de islr sueldos y salarios 2026 venezuela,DATA_MISSING,,,28d-to-2026-07-02,0,33,0,,,,data/bing-perf-latest.json (queries)
valor utm 2026,DATA_MISSING,,,28d-to-2026-07-02,1,32,0.0313,,,,data/bing-perf-latest.json (queries)
calculadora libertadores,DATA_MISSING,,,28d-to-2026-07-02,2,32,0.0625,,,,data/bing-perf-latest.json (queries)
como se calcula el payback meses,DATA_MISSING,,,28d-to-2026-07-02,0,30,0,,,,data/bing-perf-latest.json (queries)
valor uta 2026,DATA_MISSING,,,28d-to-2026-07-02,2,28,0.0714,,,,data/bing-perf-latest.json (queries)
edad gestacional por ecografia,DATA_MISSING,,,28d-to-2026-07-02,1,28,0.0357,,,,data/bing-perf-latest.json (queries)
fixture eliminatorias 2026,DATA_MISSING,,,28d-to-2026-07-02,1,28,0.0357,,,,data/bing-perf-latest.json (queries)
ipc abril 2026 argentina,DATA_MISSING,,,28d-to-2026-07-02,1,27,0.037,,,,data/bing-perf-latest.json (queries)
liquidador intereses moratorios dian 2026,DATA_MISSING,,,28d-to-2026-07-02,1,27,0.037,,,,data/bing-perf-latest.json (queries)
ipc indec,DATA_MISSING,,,28d-to-2026-07-02,1,27,0.037,,,,data/bing-perf-latest.json (queries)
calculadora de watts pc,DATA_MISSING,,,28d-to-2026-07-02,4,26,0.1538,,,,data/bing-perf-latest.json (queries)
cálculo irpf 2026 aeat,DATA_MISSING,,,28d-to-2026-07-02,0,25,0,,,,data/bing-perf-latest.json (queries)
festivo colombia 2026,DATA_MISSING,,,28d-to-2026-07-02,1,25,0.04,,,,data/bing-perf-latest.json (queries)
rg 830 tabla actualizada 2026,DATA_MISSING,,,28d-to-2026-07-02,5,23,0.2174,,,,data/bing-perf-latest.json (queries)
puntaje mundial 2026,DATA_MISSING,,,28d-to-2026-07-02,4,23,0.1739,,,,data/bing-perf-latest.json (queries)
smmlv 2026,DATA_MISSING,,,28d-to-2026-07-02,1,23,0.0435,,,,data/bing-perf-latest.json (queries)
sii uf 2026,DATA_MISSING,,,28d-to-2026-07-02,0,22,0,,,,data/bing-perf-latest.json (queries)
metro lineal a metro cuadrado,DATA_MISSING,,,28d-to-2026-07-02,8,21,0.381,,,,data/bing-perf-latest.json (queries)
smmlv 2026 colombia,DATA_MISSING,,,28d-to-2026-07-02,1,21,0.0476,,,,data/bing-perf-latest.json (queries)
tabla de impuesto a la ganancia 2026,DATA_MISSING,,,28d-to-2026-07-02,0,20,0,,,,data/bing-perf-latest.json (queries)
se puede canjear millas por efectivo club miles; cual es valor en efectivo que recibes por cada milla si deaseas canjearlas para pagar tus consumos?,DATA_MISSING,,,28d-to-2026-07-02,0,20,0,,,,data/bing-perf-latest.json (queries)
aeat cálculo retenciones 2026,DATA_MISSING,,,28d-to-2026-07-02,0,20,0,,,,data/bing-perf-latest.json (queries)
festivos colombianos 2026,DATA_MISSING,,,28d-to-2026-07-02,1,20,0.05,,,,data/bing-perf-latest.json (queries)
tabla ganancias 2026,DATA_MISSING,,,28d-to-2026-07-02,2,19,0.1053,,,,data/bing-perf-latest.json (queries)
calculo irpf 2026,DATA_MISSING,,,28d-to-2026-07-02,0,19,0,,,,data/bing-perf-latest.json (queries)
calendario con feriados 2026 chile,DATA_MISSING,,,28d-to-2026-07-02,1,19,0.0526,,,,data/bing-perf-latest.json (queries)
puntos mundial 2026,DATA_MISSING,,,28d-to-2026-07-02,1,18,0.0556,,,,data/bing-perf-latest.json (queries)
valor uva,DATA_MISSING,,,28d-to-2026-07-02,1,18,0.0556,,,,data/bing-perf-latest.json (queries)
tabla de posiciones mundial 2026 actualizada,DATA_MISSING,,,28d-to-2026-07-02,3,18,0.1667,,,,data/bing-perf-latest.json (queries)
tasa activa banco nación,DATA_MISSING,,,28d-to-2026-07-02,2,18,0.1111,,,,data/bing-perf-latest.json (queries)
calculadora isr,DATA_MISSING,,,28d-to-2026-07-02,1,18,0.0556,,,,data/bing-perf-latest.json (queries)
calculadora dso,DATA_MISSING,,,28d-to-2026-07-02,0,17,0,,,,data/bing-perf-latest.json (queries)
convertir metros lineales a metros cuadrados,DATA_MISSING,,,28d-to-2026-07-02,8,17,0.4706,,,,data/bing-perf-latest.json (queries)
feriados de junio 2026,DATA_MISSING,,,28d-to-2026-07-02,1,17,0.0588,,,,data/bing-perf-latest.json (queries)
escalas monotributo 2026,DATA_MISSING,,,28d-to-2026-07-02,1,17,0.0588,,,,data/bing-perf-latest.json (queries)
calculadora de dso,DATA_MISSING,,,28d-to-2026-07-02,0,15,0,,,,data/bing-perf-latest.json (queries)
valor uta,DATA_MISSING,,,28d-to-2026-07-02,1,15,0.0667,,,,data/bing-perf-latest.json (queries)
mexico meses con intereses revolving credit card cat tasa interes promedio banxico 2024 porcentaje cartera,DATA_MISSING,,,28d-to-2026-07-02,1,14,0.0714,,,,data/bing-perf-latest.json (queries)
prestaciones laborales cálculo,DATA_MISSING,,,28d-to-2026-07-02,1,14,0.0714,,,,data/bing-perf-latest.json (queries)
valor salário mínimo 2026,DATA_MISSING,,,28d-to-2026-07-02,1,14,0.0714,,,,data/bing-perf-latest.json (queries)
metros lineales a metros cuadrados,DATA_MISSING,,,28d-to-2026-07-02,3,13,0.2308,,,,data/bing-perf-latest.json (queries)
como calcular porcentaje,DATA_MISSING,,,28d-to-2026-07-02,0,13,0,,,,data/bing-perf-latest.json (queries)
hace cuentas,DATA_MISSING,,,28d-to-2026-07-02,4,13,0.3077,,,,data/bing-perf-latest.json (queries)
cuánto es el salario mínimo 2026,DATA_MISSING,,,28d-to-2026-07-02,1,13,0.0769,,,,data/bing-perf-latest.json (queries)
calculadora aeat 2026,DATA_MISSING,,,28d-to-2026-07-02,0,12,0,,,,data/bing-perf-latest.json (queries)
sancion minima 2026,DATA_MISSING,,,28d-to-2026-07-02,2,12,0.1667,,,,data/bing-perf-latest.json (queries)
programación partidos mundial 2026,DATA_MISSING,,,28d-to-2026-07-02,1,12,0.0833,,,,data/bing-perf-latest.json (queries)
mundial 2026 partidos jugados,DATA_MISSING,,,28d-to-2026-07-02,1,12,0.0833,,,,data/bing-perf-latest.json (queries)
salario básico 2026,DATA_MISSING,,,28d-to-2026-07-02,1,12,0.0833,,,,data/bing-perf-latest.json (queries)
tabla renta personas naturales 2026,DATA_MISSING,,,28d-to-2026-07-02,2,11,0.1818,,,,data/bing-perf-latest.json (queries)
valor hora extra nocturna 2026,DATA_MISSING,,,28d-to-2026-07-02,1,11,0.0909,,,,data/bing-perf-latest.json (queries)
partidos del mundia,DATA_MISSING,,,28d-to-2026-07-02,1,11,0.0909,,,,data/bing-perf-latest.json (queries)
tope de deducciones personales 2026,DATA_MISSING,,,28d-to-2026-07-02,1,11,0.0909,,,,data/bing-perf-latest.json (queries)
fixture de mundial 2026,DATA_MISSING,,,28d-to-2026-07-02,1,11,0.0909,,,,data/bing-perf-latest.json (queries)
tabla mundial 2026 hoy,DATA_MISSING,,,28d-to-2026-07-02,1,10,0.1,,,,data/bing-perf-latest.json (queries)
renta vitalicia mayores 65 años,DATA_MISSING,,,28d-to-2026-07-02,2,8,0.25,,,,data/bing-perf-latest.json (queries)
icl bcra,DATA_MISSING,,,28d-to-2026-07-02,1,8,0.125,,,,data/bing-perf-latest.json (queries)
calculadora de clearance de creatinina,DATA_MISSING,,,28d-to-2026-07-02,1,8,0.125,,,,data/bing-perf-latest.json (queries)
calculadora del amor,DATA_MISSING,,,28d-to-2026-07-02,1,8,0.125,,,,data/bing-perf-latest.json (queries)
recargo dominical 2026,DATA_MISSING,,,28d-to-2026-07-02,1,8,0.125,,,,data/bing-perf-latest.json (queries)
cálculo de prima de antigüedad,DATA_MISSING,,,28d-to-2026-07-02,1,7,0.1429,,,,data/bing-perf-latest.json (queries)
calculadora agencia tributaria 2026,DATA_MISSING,,,28d-to-2026-07-02,0,6,0,,,,data/bing-perf-latest.json (queries)
calculadora de consumo pc,DATA_MISSING,,,28d-to-2026-07-02,0,6,0,,,,data/bing-perf-latest.json (queries)
calculadora de antigüedad laboral,DATA_MISSING,,,28d-to-2026-07-02,3,6,0.5,,,,data/bing-perf-latest.json (queries)
prima de antiguedad 2026,DATA_MISSING,,,28d-to-2026-07-02,2,6,0.3333,,,,data/bing-perf-latest.json (queries)
alicuota impuestos sellos salta,DATA_MISSING,,,28d-to-2026-07-02,1,6,0.1667,,,,data/bing-perf-latest.json (queries)
calculadora copa libertadores 2026,DATA_MISSING,,,28d-to-2026-07-02,2,6,0.3333,,,,data/bing-perf-latest.json (queries)
tabla islr 2026,DATA_MISSING,,,28d-to-2026-07-02,2,6,0.3333,,,,data/bing-perf-latest.json (queries)
calculadora filtrado glomerular,DATA_MISSING,,,28d-to-2026-07-02,1,6,0.1667,,,,data/bing-perf-latest.json (queries)
reducción de acento extranjero,DATA_MISSING,,,28d-to-2026-07-02,2,6,0.3333,,,,data/bing-perf-latest.json (queries)
calculo de cuota constante de prestamo frances,DATA_MISSING,,,28d-to-2026-07-02,1,6,0.1667,,,,data/bing-perf-latest.json (queries)
como calcular jubilacion argentina 2026,DATA_MISSING,,,28d-to-2026-07-02,6,6,1,,,,data/bing-perf-latest.json (queries)
clearance de creatinina calculadora,DATA_MISSING,,,28d-to-2026-07-02,0,5,0,,,,data/bing-perf-latest.json (queries)
calculadora cuota alimentaria 2026,DATA_MISSING,,,28d-to-2026-07-02,4,5,0.8,,,,data/bing-perf-latest.json (queries)
cuantas fotos podria almacenar en 400gb,DATA_MISSING,,,28d-to-2026-07-02,2,5,0.4,,,,data/bing-perf-latest.json (queries)
iibb santa fe,DATA_MISSING,,,28d-to-2026-07-02,2,5,0.4,,,,data/bing-perf-latest.json (queries)
calculadora sueldo neto colombia,DATA_MISSING,,,28d-to-2026-07-02,5,5,1,,,,data/bing-perf-latest.json (queries)
calculadora autonomia ups,DATA_MISSING,,,28d-to-2026-07-02,2,5,0.4,,,,data/bing-perf-latest.json (queries)
m2 a metros lineales,DATA_MISSING,,,28d-to-2026-07-02,1,4,0.25,,,,data/bing-perf-latest.json (queries)
clearance de creatinina medcalc,DATA_MISSING,,,28d-to-2026-07-02,0,4,0,,,,data/bing-perf-latest.json (queries)
calculadora irpf 2026,DATA_MISSING,,,28d-to-2026-07-02,0,4,0,,,,data/bing-perf-latest.json (queries)
days sales outstanding calculadora,DATA_MISSING,,,28d-to-2026-07-02,0,4,0,,,,data/bing-perf-latest.json (queries)
convertidor uf a utm,DATA_MISSING,,,28d-to-2026-07-02,1,4,0.25,,,,data/bing-perf-latest.json (queries)
renta per capita para beca de comedor,DATA_MISSING,,,28d-to-2026-07-02,0,4,0,,,,data/bing-perf-latest.json (queries)
calcular fecha probable de parto por eco,DATA_MISSING,,,28d-to-2026-07-02,0,4,0,,,,data/bing-perf-latest.json (queries)
calculo de dias de baja lt,DATA_MISSING,,,28d-to-2026-07-02,0,4,0,,,,data/bing-perf-latest.json (queries)
calculo de renovaciones de aire tiro natural,DATA_MISSING,,,28d-to-2026-07-02,2,4,0.5,,,,data/bing-perf-latest.json (queries)
rendimiento del bono del estado,DATA_MISSING,,,28d-to-2026-07-02,1,4,0.25,,,,data/bing-perf-latest.json (queries)
calculadora de la libertadores,DATA_MISSING,,,28d-to-2026-07-02,1,4,0.25,,,,data/bing-perf-latest.json (queries)
cuántos días faltan para navidad 2026,DATA_MISSING,,,28d-to-2026-07-02,1,4,0.25,,,,data/bing-perf-latest.json (queries)
índice de bienestar de la oms (who-5),DATA_MISSING,,,28d-to-2026-07-02,1,4,0.25,,,,data/bing-perf-latest.json (queries)
requerimiento calórico durante la lactancia materna,DATA_MISSING,,,28d-to-2026-07-02,2,4,0.5,,,,data/bing-perf-latest.json (queries)
tabla canje millas latam,DATA_MISSING,,,28d-to-2026-07-02,2,4,0.5,,,,data/bing-perf-latest.json (queries)
ruta 0 para calcular gasto de nafta,DATA_MISSING,,,28d-to-2026-07-02,1,4,0.25,,,,data/bing-perf-latest.json (queries)
estimador de consumo watt de pc,DATA_MISSING,,,28d-to-2026-07-02,1,4,0.25,,,,data/bing-perf-latest.json (queries)
convenio comercio 2026,DATA_MISSING,,,28d-to-2026-07-02,1,4,0.25,,,,data/bing-perf-latest.json (queries)
renta persona natural 2026,DATA_MISSING,,,28d-to-2026-07-02,1,4,0.25,,,,data/bing-perf-latest.json (queries)
valor de m2 de construccion en caba en pesos,DATA_MISSING,,,28d-to-2026-07-02,3,4,0.75,,,,data/bing-perf-latest.json (queries)
alicuotas de iibb 2026,DATA_MISSING,,,28d-to-2026-07-02,2,4,0.5,,,,data/bing-perf-latest.json (queries)
calculadora de saesa,DATA_MISSING,,,28d-to-2026-07-02,2,4,0.5,,,,data/bing-perf-latest.json (queries)
elevation and oxygen levels spo2 chart,DATA_MISSING,,,28d-to-2026-07-02,1,4,0.25,,,,data/bing-perf-latest.json (queries)
resultados fútbol eliminatorias mundial 2026,DATA_MISSING,,,28d-to-2026-07-02,1,4,0.25,,,,data/bing-perf-latest.json (queries)
trucos para calcular porcentajes,DATA_MISSING,,,28d-to-2026-07-02,2,3,0.6667,,,,data/bing-perf-latest.json (queries)
calculadora de escrituracion en argentina mayo 2026,DATA_MISSING,,,28d-to-2026-07-02,1,3,0.3333,,,,data/bing-perf-latest.json (queries)
arca como liquidar vacaciones y sac por renuncia,DATA_MISSING,,,28d-to-2026-07-02,1,3,0.3333,,,,data/bing-perf-latest.json (queries)
calculadora saturacion de o2 a presion de o2 arterial,DATA_MISSING,,,28d-to-2026-07-02,1,3,0.3333,,,,data/bing-perf-latest.json (queries)
cuantas paginas son 1000 palabras,DATA_MISSING,,,28d-to-2026-07-02,0,3,0,,,,data/bing-perf-latest.json (queries)
corrección de sodio por glucosa,DATA_MISSING,,,28d-to-2026-07-02,0,3,0,,,,data/bing-perf-latest.json (queries)
impuestos catalunya tabla de tramos 2026,DATA_MISSING,,,28d-to-2026-07-02,0,3,0,,,,data/bing-perf-latest.json (queries)
conversion de tea a tna,DATA_MISSING,,,28d-to-2026-07-02,3,3,1,,,,data/bing-perf-latest.json (queries)
calculadora de fuerza por aceleracion,DATA_MISSING,,,28d-to-2026-07-02,1,3,0.3333,,,,data/bing-perf-latest.json (queries)
calculadora de arrendamiento 2026,DATA_MISSING,,,28d-to-2026-07-02,1,3,0.3333,,,,data/bing-perf-latest.json (queries)
calculadora de intereses presuntos tasa activa bna,DATA_MISSING,,,28d-to-2026-07-02,1,3,0.3333,,,,data/bing-perf-latest.json (queries)
calculadora de la universidad popular de césar ponderado,DATA_MISSING,,,28d-to-2026-07-02,1,3,0.3333,,,,data/bing-perf-latest.json (queries)
tabla para convertir estone en kilos,DATA_MISSING,,,28d-to-2026-07-02,0,3,0,,,,data/bing-perf-latest.json (queries)
calculadora neto a bruto argentina,DATA_MISSING,,,28d-to-2026-07-02,0,3,0,,,,data/bing-perf-latest.json (queries)
biorritmo calculadora,DATA_MISSING,,,28d-to-2026-07-02,0,3,0,,,,data/bing-perf-latest.json (queries)
cuanta basura general 5 personals en 5 dias,DATA_MISSING,,,28d-to-2026-07-02,0,3,0,,,,data/bing-perf-latest.json (queries)
como se calculan los porcentajes ?,DATA_MISSING,,,28d-to-2026-07-02,0,3,0,,,,data/bing-perf-latest.json (queries)
alison compatibilidad nombre con rosaura,DATA_MISSING,,,28d-to-2026-07-02,0,3,0,,,,data/bing-perf-latest.json (queries)
calcular intereses tasa activa banco nación,DATA_MISSING,,,28d-to-2026-07-02,3,3,1,,,,data/bing-perf-latest.json (queries)
nomina botones 40 horas madrid hoteles 4 estrellas 2026,DATA_MISSING,,,28d-to-2026-07-02,1,3,0.3333,,,,data/bing-perf-latest.json (queries)
sueldo minimo de camarera de piso por 40 horas en malaga neto,DATA_MISSING,,,28d-to-2026-07-02,1,3,0.3333,,,,data/bing-perf-latest.json (queries)
cuanto pago cada pais por los derechos televisivos del mundial,DATA_MISSING,,,28d-to-2026-07-02,1,3,0.3333,,,,data/bing-perf-latest.json (queries)
calculadora kdp amazon,DATA_MISSING,,,28d-to-2026-07-02,1,3,0.3333,,,,data/bing-perf-latest.json (queries)
de metros cuadrados a metros lineales,DATA_MISSING,,,28d-to-2026-07-02,1,3,0.3333,,,,data/bing-perf-latest.json (queries)
como sacar el calculo completo de imss 2026 de un trabajador,DATA_MISSING,,,28d-to-2026-07-02,2,3,0.6667,,,,data/bing-perf-latest.json (queries)
de metros lineales a metros cuadrados,DATA_MISSING,,,28d-to-2026-07-02,2,3,0.6667,,,,data/bing-perf-latest.json (queries)
retencion honoracion aplicacion de alicuotas montos 2026 rg 830,DATA_MISSING,,,28d-to-2026-07-02,2,3,0.6667,,,,data/bing-perf-latest.json (queries)
mct en aeropuerto dallas,DATA_MISSING,,,28d-to-2026-07-02,1,3,0.3333,,,,data/bing-perf-latest.json (queries)
cuanto equivale una milla de avianca en pesos colombianos,DATA_MISSING,,,28d-to-2026-07-02,1,3,0.3333,,,,data/bing-perf-latest.json (queries)
calculadora bono social eléctrico,DATA_MISSING,,,28d-to-2026-07-02,1,3,0.3333,,,,data/bing-perf-latest.json (queries)
1-2 semanas beta cuantitativa,DATA_MISSING,,,28d-to-2026-07-02,1,3,0.3333,,,,data/bing-perf-latest.json (queries)
como calcular la prima de antiguedad 2026,DATA_MISSING,,,28d-to-2026-07-02,2,3,0.6667,,,,data/bing-perf-latest.json (queries)
como calcular la prima legal en colombia,DATA_MISSING,,,28d-to-2026-07-02,2,3,0.6667,,,,data/bing-perf-latest.json (queries)
cuánto cuesta cambio de estado las placas de autos,DATA_MISSING,,,28d-to-2026-07-02,2,3,0.6667,,,,data/bing-perf-latest.json (queries)
calculadora imss 2026 mexico,DATA_MISSING,,,28d-to-2026-07-02,2,3,0.6667,,,,data/bing-perf-latest.json (queries)
cuanto cuesta un biage de funerari de mexico city a tetela de ocampo puebla,DATA_MISSING,,,28d-to-2026-07-02,2,3,0.6667,,,,data/bing-perf-latest.json (queries)
como saber cuanto es de descuento infonavit si son 13.528 vsm,DATA_MISSING,,,28d-to-2026-07-02,2,3,0.6667,,,,data/bing-perf-latest.json (queries)
cuanro abarca una guinalda de 40 globos del 12,DATA_MISSING,,,28d-to-2026-07-02,1,3,0.3333,,,,data/bing-perf-latest.json (queries)
formula para calcula zona 2 fc,DATA_MISSING,,,28d-to-2026-07-02,1,3,0.3333,,,,data/bing-perf-latest.json (queries)
calendario agricultor junio 2026 hemisferio norte,DATA_MISSING,,,28d-to-2026-07-02,1,3,0.3333,,,,data/bing-perf-latest.json (queries)
what is normal oxygen level at 6500m,DATA_MISSING,,,28d-to-2026-07-02,1,3,0.3333,,,,data/bing-perf-latest.json (queries)
diferencia entre metro lineal y cuadrado,DATA_MISSING,,,28d-to-2026-07-02,1,3,0.3333,,,,data/bing-perf-latest.json (queries)
"cuanto es aproximadamente el ibi de un piso en madrid moncloa aravaca con valor catastral de 127.738,71 €",DATA_MISSING,,,28d-to-2026-07-02,1,3,0.3333,,,,data/bing-perf-latest.json (queries)
calculo de rendimiento de ladrillo por m2 de fabrica de 1 pie,DATA_MISSING,,,28d-to-2026-07-02,1,3,0.3333,,,,data/bing-perf-latest.json (queries)
como calcular presupuesto para agua de sabor para 100 personas,DATA_MISSING,,,28d-to-2026-07-02,1,3,0.3333,,,,data/bing-perf-latest.json (queries)
presupuesto comunidades vecinos,DATA_MISSING,,,28d-to-2026-07-02,1,3,0.3333,,,,data/bing-perf-latest.json (queries)
precio de galloso por velatorio,DATA_MISSING,,,28d-to-2026-07-02,3,3,1,,,,data/bing-perf-latest.json (queries)
ingrese nombres a calcular amor tu nombresu nombre,DATA_MISSING,,,28d-to-2026-07-02,2,3,0.6667,,,,data/bing-perf-latest.json (queries)
tabla de posiciones mundial 2026 en vivo,DATA_MISSING,,,28d-to-2026-07-02,1,3,0.3333,,,,data/bing-perf-latest.json (queries)
canasta de la compra colombia,DATA_MISSING,,,28d-to-2026-07-02,1,3,0.3333,,,,data/bing-perf-latest.json (queries)
calculo de jubilacion cesantias,DATA_MISSING,,,28d-to-2026-07-02,3,3,1,,,,data/bing-perf-latest.json (queries)
cuantos litros de agua al mes consume una familia tipo en argentina,DATA_MISSING,,,28d-to-2026-07-02,2,3,0.6667,,,,data/bing-perf-latest.json (queries)
calculadora de itbis,DATA_MISSING,,,28d-to-2026-07-02,2,3,0.6667,,,,data/bing-perf-latest.json (queries)
canto sale el impuesto de automotor en neuquen,DATA_MISSING,,,28d-to-2026-07-02,3,2,1.5,,,,data/bing-perf-latest.json (queries)
"huella hidica {cuanta agua se necesita paranproducir alimentos,productos}",DATA_MISSING,,,28d-to-2026-07-02,3,2,1.5,,,,data/bing-perf-latest.json (queries)
calculadora sueldo neto 2026 argentina,DATA_MISSING,,,28d-to-2026-07-02,2,2,1,,,,data/bing-perf-latest.json (queries)
calculadora impuesto ganancias sobre sueldo bruto,DATA_MISSING,,,28d-to-2026-07-02,1,2,0.5,,,,data/bing-perf-latest.json (queries)
que autonomia dan 22 l de diesel,DATA_MISSING,,,28d-to-2026-07-02,1,2,0.5,,,,data/bing-perf-latest.json (queries)
calculadora de plusvalia piso obra nueva,DATA_MISSING,,,28d-to-2026-07-02,1,2,0.5,,,,data/bing-perf-latest.json (queries)
calculadora metros lineales a cuadrados,DATA_MISSING,,,28d-to-2026-07-02,1,2,0.5,,,,data/bing-perf-latest.json (queries)
calculadora ayuda dependencia segun renta,DATA_MISSING,,,28d-to-2026-07-02,1,2,0.5,,,,data/bing-perf-latest.json (queries)
abril 2026 feriados argentina feriado,DATA_MISSING,,,28d-to-2026-07-02,0,2,0,,,,data/bing-perf-latest.json (queries)
capacidad en litros de cisterna,DATA_MISSING,,,28d-to-2026-07-02,0,2,0,,,,data/bing-perf-latest.json (queries)
cuántos km hace por un litro de nafta el citroen sabatl gris 2026,DATA_MISSING,,,28d-to-2026-07-02,0,2,0,,,,data/bing-perf-latest.json (queries)
tipos marginales irpf 2026,DATA_MISSING,,,28d-to-2026-07-02,0,2,0,,,,data/bing-perf-latest.json (queries)
juntas mortero 2 cm,DATA_MISSING,,,28d-to-2026-07-02,0,2,0,,,,data/bing-perf-latest.json (queries)
calculo irpf aeat 2026,DATA_MISSING,,,28d-to-2026-07-02,0,2,0,,,,data/bing-perf-latest.json (queries)
fum calculadora por semanas en eco,DATA_MISSING,,,28d-to-2026-07-02,0,2,0,,,,data/bing-perf-latest.json (queries)
cuál es el valor del impuesto patrimonial y tp de un piso cuyo va su valor de referencia es €400000,DATA_MISSING,,,28d-to-2026-07-02,0,2,0,,,,data/bing-perf-latest.json (queries)
tangue 250x250 cuando litro tiene,DATA_MISSING,,,28d-to-2026-07-02,0,2,0,,,,data/bing-perf-latest.json (queries)
calculadora retencion 2026,DATA_MISSING,,,28d-to-2026-07-02,0,2,0,,,,data/bing-perf-latest.json (queries)
molde de 22 cm cuántas porciones,DATA_MISSING,,,28d-to-2026-07-02,0,2,0,,,,data/bing-perf-latest.json (queries)
feriado argentina 2026,DATA_MISSING,,,28d-to-2026-07-02,0,2,0,,,,data/bing-perf-latest.json (queries)
cuántos galones hace un litro,DATA_MISSING,,,28d-to-2026-07-02,0,2,0,,,,data/bing-perf-latest.json (queries)
molde de 17 cm y 17 cms de altura para cuantas porciones alcanza cuántas porciones,DATA_MISSING,,,28d-to-2026-07-02,0,2,0,,,,data/bing-perf-latest.json (queries)
torta de 1200 gr para cuanta sporciones alcanza,DATA_MISSING,,,28d-to-2026-07-02,0,2,0,,,,data/bing-perf-latest.json (queries)
costo de construcción por m2,DATA_MISSING,,,28d-to-2026-07-02,2,2,1,,,,data/bing-perf-latest.json (queries)
calculadora de fuente para pc,DATA_MISSING,,,28d-to-2026-07-02,2,2,1,,,,data/bing-perf-latest.json (queries)
como se calcula el 7 % mas adicional de isapre,DATA_MISSING,,,28d-to-2026-07-02,2,2,1,,,,data/bing-perf-latest.json (queries)
convertir metros lineales metal a metros cuadrados,DATA_MISSING,,,28d-to-2026-07-02,2,2,1,,,,data/bing-perf-latest.json (queries)
calculo de cnat de ladrillos macizos,DATA_MISSING,,,28d-to-2026-07-02,2,2,1,,,,data/bing-perf-latest.json (queries)
convenio hostelería cuanto se paga en españa,DATA_MISSING,,,28d-to-2026-07-02,1,2,0.5,,,,data/bing-perf-latest.json (queries)
2 200 wtt cuántos amperes consume una,DATA_MISSING,,,28d-to-2026-07-02,1,2,0.5,,,,data/bing-perf-latest.json (queries)
arquitectura y construccion materiales con precios 2026 argentina,DATA_MISSING,,,28d-to-2026-07-02,1,2,0.5,,,,data/bing-perf-latest.json (queries)
cuanto vale cada milla acumulada en avianca,DATA_MISSING,,,28d-to-2026-07-02,1,2,0.5,,,,data/bing-perf-latest.json (queries)
a que distancia del servidor tienes que estar para ir a 2800 de pingg,DATA_MISSING,,,28d-to-2026-07-02,1,2,0.5,,,,data/bing-perf-latest.json (queries)
toma de fotos vs capacidad de memoria,DATA_MISSING,,,28d-to-2026-07-02,1,2,0.5,,,,data/bing-perf-latest.json (queries)
gramos de pasta por litros de agua,DATA_MISSING,,,28d-to-2026-07-02,1,2,0.5,,,,data/bing-perf-latest.json (queries)
cuanto cobra un abogado familiarpara representar buenos aires 2026,DATA_MISSING,,,28d-to-2026-07-02,1,2,0.5,,,,data/bing-perf-latest.json (queries)
como sacar el volumen de leche según peso,DATA_MISSING,,,28d-to-2026-07-02,1,2,0.5,,,,data/bing-perf-latest.json (queries)
calculadora indemnizacion por despido mayo 2026,DATA_MISSING,,,28d-to-2026-07-02,1,2,0.5,,,,data/bing-perf-latest.json (queries)
claculo de cuota alimetaria con colegio privado y obra social,DATA_MISSING,,,28d-to-2026-07-02,1,2,0.5,,,,data/bing-perf-latest.json (queries)
google calorías quemadas 30 minutos de gym pesado,DATA_MISSING,,,28d-to-2026-07-02,1,2,0.5,,,,data/bing-perf-latest.json (queries)
calcolatore hacienda por dipendente in catalunya agencia tributaria,DATA_MISSING,,,28d-to-2026-07-02,1,2,0.5,,,,data/bing-perf-latest.json (queries)
calculadora cuantia it inss,DATA_MISSING,,,28d-to-2026-07-02,1,2,0.5,,,,data/bing-perf-latest.json (queries)
impuesto al cheque para tarjetas de credito,DATA_MISSING,,,28d-to-2026-07-02,1,2,0.5,,,,data/bing-perf-latest.json (queries)
cómo calcular las kcal que necesita un corredor según su mets,DATA_MISSING,,,28d-to-2026-07-02,1,2,0.5,,,,data/bing-perf-latest.json (queries)
compatibilidad de nombres,DATA_MISSING,,,28d-to-2026-07-02,0,2,0,,,,data/bing-perf-latest.json (queries)
calculadora para hacer cuentas,DATA_MISSING,,,28d-to-2026-07-02,0,2,0,,,,data/bing-perf-latest.json (queries)
como es mi edad en los planetas,DATA_MISSING,,,28d-to-2026-07-02,0,2,0,,,,data/bing-perf-latest.json (queries)
15.6 inch in cm screen size,DATA_MISSING,,,28d-to-2026-07-02,0,2,0,,,,data/bing-perf-latest.json (queries)
cuantos dias son 61 desde el 16 de abril de 2026,DATA_MISSING,,,28d-to-2026-07-02,0,2,0,,,,data/bing-perf-latest.json (queries)
calculo de payback mensual,DATA_MISSING,,,28d-to-2026-07-02,0,2,0,,,,data/bing-perf-latest.json (queries)
calculadora b1 cambridge,DATA_MISSING,,,28d-to-2026-07-02,0,2,0,,,,data/bing-perf-latest.json (queries)
"peso de cano estructural 5"" x 3.2mm",DATA_MISSING,,,28d-to-2026-07-02,0,2,0,,,,data/bing-perf-latest.json (queries)
"100, metros por 4 liniales cuantos metros cuadrados son",DATA_MISSING,,,28d-to-2026-07-02,0,2,0,,,,data/bing-perf-latest.json (queries)
ut venezuela 2026,DATA_MISSING,,,28d-to-2026-07-02,0,2,0,,,,data/bing-perf-latest.json (queries)
parametros para medir la edad metabolica,DATA_MISSING,,,28d-to-2026-07-02,2,2,1,,,,data/bing-perf-latest.json (queries)
como calculo lo que pago irp 2026 por alquler,DATA_MISSING,,,28d-to-2026-07-02,2,2,1,,,,data/bing-perf-latest.json (queries)
costo por sqft en argentina,DATA_MISSING,,,28d-to-2026-07-02,2,2,1,,,,data/bing-perf-latest.json (queries)
calcular costo financiero total,DATA_MISSING,,,28d-to-2026-07-02,2,2,1,,,,data/bing-perf-latest.json (queries)
cuadro calcular semanas paternidad 2026,DATA_MISSING,,,28d-to-2026-07-02,2,2,1,,,,data/bing-perf-latest.json (queries)
calcular escala downton,DATA_MISSING,,,28d-to-2026-07-02,2,2,1,,,,data/bing-perf-latest.json (queries)
calculadora de millas lifemiles avianca,DATA_MISSING,,,28d-to-2026-07-02,2,2,1,,,,data/bing-perf-latest.json (queries)
calculadora pensión de alimentos en colombia,DATA_MISSING,,,28d-to-2026-07-02,2,2,1,,,,data/bing-perf-latest.json (queries)
cuanto tienes que ganar para que te acepten la veca comedor barcelona,DATA_MISSING,,,28d-to-2026-07-02,2,2,1,,,,data/bing-perf-latest.json (queries)
como calculas mis dioptrías,DATA_MISSING,,,28d-to-2026-07-02,1,2,0.5,,,,data/bing-perf-latest.json (queries)
tasa basuras por provincia 2026,DATA_MISSING,,,28d-to-2026-07-02,1,2,0.5,,,,data/bing-perf-latest.json (queries)
como sacar porcentaje de tranferncia de auto,DATA_MISSING,,,28d-to-2026-07-02,1,2,0.5,,,,data/bing-perf-latest.json (queries)
calculadora de pago de afc empleadores,DATA_MISSING,,,28d-to-2026-07-02,1,2,0.5,,,,data/bing-perf-latest.json (queries)
salarios por convenio hosteleria madrid 2026,DATA_MISSING,,,28d-to-2026-07-02,1,2,0.5,,,,data/bing-perf-latest.json (queries)
costo de gastos funerarios,DATA_MISSING,,,28d-to-2026-07-02,1,2,0.5,,,,data/bing-perf-latest.json (queries)
calcular material tabla de mdf,DATA_MISSING,,,28d-to-2026-07-02,1,2,0.5,,,,data/bing-perf-latest.json (queries)
conversor de metros cuadrados a metros lineales,DATA_MISSING,,,28d-to-2026-07-02,1,2,0.5,,,,data/bing-perf-latest.json (queries)
como sacar porcentajes practicas,DATA_MISSING,,,28d-to-2026-07-02,1,2,0.5,,,,data/bing-perf-latest.json (queries)
calculadora escala quemaduras,DATA_MISSING,,,28d-to-2026-07-02,1,2,0.5,,,,data/bing-perf-latest.json (queries)
impuesto al cheque cuanto es,DATA_MISSING,,,28d-to-2026-07-02,1,2,0.5,,,,data/bing-perf-latest.json (queries)
calcular watts de tu pc,DATA_MISSING,,,28d-to-2026-07-02,1,2,0.5,,,,data/bing-perf-latest.json (queries)
cuota monotributo social junio 2026,DATA_MISSING,,,28d-to-2026-07-02,1,2,0.5,,,,data/bing-perf-latest.json (queries)
como conocer los costos por afiliar a un empleado de riesgo 5,DATA_MISSING,,,28d-to-2026-07-02,1,2,0.5,,,,data/bing-perf-latest.json (queries)
que costaria agregar 3 tablas a un deck,DATA_MISSING,,,28d-to-2026-07-02,1,2,0.5,,,,data/bing-perf-latest.json (queries)
mi rentas valuacion fiscal automotores,DATA_MISSING,,,28d-to-2026-07-02,3,2,1.5,,,,data/bing-perf-latest.json (queries)
tabla impuesto renta personas naturales 2026 colombia,DATA_MISSING,,,28d-to-2026-07-02,2,2,1,,,,data/bing-perf-latest.json (queries)
compatibilidad de nombrs,DATA_MISSING,,,28d-to-2026-07-02,2,2,1,,,,data/bing-perf-latest.json (queries)
cumplo los 60 en julio del 2027 cuanto tardara en salir la jubilación te go 39 años de aportes,DATA_MISSING,,,28d-to-2026-07-02,2,2,1,,,,data/bing-perf-latest.json (queries)
calculadora de gas fee,DATA_MISSING,,,28d-to-2026-07-02,2,2,1,,,,data/bing-perf-latest.json (queries)
a cuanto equivalen 400 millas en lifemiles,DATA_MISSING,,,28d-to-2026-07-02,2,2,1,,,,data/bing-perf-latest.json (queries)
tarifa impuesto de renta año 2026,DATA_MISSING,,,28d-to-2026-07-02,2,2,1,,,,data/bing-perf-latest.json (queries)
calculadora divisor amigos viaje,DATA_MISSING,,,28d-to-2026-07-02,1,2,0.5,,,,data/bing-perf-latest.json (queries)
presion atmosferica a1000 m con borrasca profunda,DATA_MISSING,,,28d-to-2026-07-02,1,2,0.5,,,,data/bing-perf-latest.json (queries)
calorías de bebidas alcoólicas,DATA_MISSING,,,28d-to-2026-07-02,1,2,0.5,,,,data/bing-perf-latest.json (queries)
mpnto anual renta 4ta y 5ta 2026,DATA_MISSING,,,28d-to-2026-07-02,1,2,0.5,,,,data/bing-perf-latest.json (queries)
calculadora de antiguedad,DATA_MISSING,,,28d-to-2026-07-02,1,2,0.5,,,,data/bing-perf-latest.json (queries)
calculadora renta comedor escolar,DATA_MISSING,,,28d-to-2026-07-02,1,2,0.5,,,,data/bing-perf-latest.json (queries)
hey google cuánta calor hace ahora molaridad,DATA_MISSING,,,28d-to-2026-07-02,1,2,0.5,,,,data/bing-perf-latest.json (queries)
si tienes discapacidad cuánto te dan beca del comedor,DATA_MISSING,,,28d-to-2026-07-02,1,2,0.5,,,,data/bing-perf-latest.json (queries)
cuantas tejas se necesitan por m2 en arequipa perú,DATA_MISSING,,,28d-to-2026-07-02,1,2,0.5,,,,data/bing-perf-latest.json (queries)
como calcular el impuesto marginal arrendamiento,DATA_MISSING,,,28d-to-2026-07-02,1,2,0.5,,,,data/bing-perf-latest.json (queries)
valuacion fiscal vigente de un auto en ciudad autonoma de buenos aires,DATA_MISSING,,,28d-to-2026-07-02,1,2,0.5,,,,data/bing-perf-latest.json (queries)
fórmula barométrica según altitud,DATA_MISSING,,,28d-to-2026-07-02,1,2,0.5,,,,data/bing-perf-latest.json (queries)
precio por placas camioneta legalizada,DATA_MISSING,,,28d-to-2026-07-02,1,2,0.5,,,,data/bing-perf-latest.json (queries)
calculador de watts pc,DATA_MISSING,,,28d-to-2026-07-02,1,2,0.5,,,,data/bing-perf-latest.json (queries)
calculadora tasa activa banco nacion argentina,DATA_MISSING,,,28d-to-2026-07-02,1,2,0.5,,,,data/bing-perf-latest.json (queries)
calcular modelo 145,DATA_MISSING,,,28d-to-2026-07-02,1,2,0.5,,,,data/bing-perf-latest.json (queries)
alicuota venta al por mayor en santa fe año 2026,DATA_MISSING,,,28d-to-2026-07-02,2,2,1,,,,data/bing-perf-latest.json (queries)
si hago 34 minutos en 10000 cuanto hare en media maraton,DATA_MISSING,,,28d-to-2026-07-02,2,2,1,,,,data/bing-perf-latest.json (queries)
tea a tem calculadora,DATA_MISSING,,,28d-to-2026-07-02,2,2,1,,,,data/bing-perf-latest.json (queries)
calculadora de consumo online pc,DATA_MISSING,,,28d-to-2026-07-02,2,2,1,,,,data/bing-perf-latest.json (queries)
calcular renta vitalicia online,DATA_MISSING,,,28d-to-2026-07-02,2,2,1,,,,data/bing-perf-latest.json (queries)
f  f ​  =μn,DATA_MISSING,,,28d-to-2026-07-02,2,2,1,,,,data/bing-perf-latest.json (queries)
idade humana de raça podengo com 4anos,DATA_MISSING,,,28d-to-2026-07-02,2,2,1,,,,data/bing-perf-latest.json (queries)
como calcular diametro de uns cano para red predial,DATA_MISSING,,,28d-to-2026-07-02,1,2,0.5,,,,data/bing-perf-latest.json (queries)
cuanto sale una hora de roaming en argentina si uso mi numero de usa por minuto,DATA_MISSING,,,28d-to-2026-07-02,1,2,0.5,,,,data/bing-perf-latest.json (queries)
gasto calorico natacion,DATA_MISSING,,,28d-to-2026-07-02,1,2,0.5,,,,data/bing-perf-latest.json (queries)
cuánto debo pagar en efectivo si solamente tengo 7000 lifemiles para viajar a ecuador,DATA_MISSING,,,28d-to-2026-07-02,1,2,0.5,,,,data/bing-perf-latest.json (queries)
cuanto es la beca erasmus si te vas a belgica en el programa baes,DATA_MISSING,,,28d-to-2026-07-02,1,2,0.5,,,,data/bing-perf-latest.json (queries)
cuanto son 20 m lineales por 3 m de ancho en metros cuadrados,DATA_MISSING,,,28d-to-2026-07-02,1,2,0.5,,,,data/bing-perf-latest.json (queries)
"cuantas kcal en 1 gr de grasa, carbos, y proteina",DATA_MISSING,,,28d-to-2026-07-02,1,2,0.5,,,,data/bing-perf-latest.json (queries)
como calcular la carga maxima de un estante de 4 puntos de soporte,DATA_MISSING,,,28d-to-2026-07-02,1,2,0.5,,,,data/bing-perf-latest.json (queries)
cuantas calorias consume un nadador de matacion artistica,DATA_MISSING,,,28d-to-2026-07-02,1,2,0.5,,,,data/bing-perf-latest.json (queries)
iibb caba,DATA_MISSING,,,28d-to-2026-07-02,1,2,0.5,,,,data/bing-perf-latest.json (queries)
calculador love,DATA_MISSING,,,28d-to-2026-07-02,1,2,0.5,,,,data/bing-perf-latest.json (queries)
cuánto puede salir el trámite de residencia temporal y dni para un extranjero en argentina,DATA_MISSING,,,28d-to-2026-07-02,1,2,0.5,,,,data/bing-perf-latest.json (queries)
credito frances dimulador 2026,DATA_MISSING,,,28d-to-2026-07-02,1,2,0.5,,,,data/bing-perf-latest.json (queries)
cuanto paga twiter por los anuncios si estoy premiun?,DATA_MISSING,,,28d-to-2026-07-02,1,2,0.5,,,,data/bing-perf-latest.json (queries)
cuantas horas de luz necesitan los repollos,DATA_MISSING,,,28d-to-2026-07-02,1,2,0.5,,,,data/bing-perf-latest.json (queries)
"calculadora de proteina, grasas y carbos",DATA_MISSING,,,28d-to-2026-07-02,1,2,0.5,,,,data/bing-perf-latest.json (queries)
fantasy once barato del mundial,DATA_MISSING,,,28d-to-2026-07-02,1,2,0.5,,,,data/bing-perf-latest.json (queries)
pisco sour para evento de 50 personas receta de 7 oz,DATA_MISSING,,,28d-to-2026-07-02,3,2,1.5,,,,data/bing-perf-latest.json (queries)
en qué fecha de la semana naciste. eres tu,DATA_MISSING,,,28d-to-2026-07-02,3,2,1.5,,,,data/bing-perf-latest.json (queries)
ratio ltv/cac 4.3;1,DATA_MISSING,,,28d-to-2026-07-02,3,2,1.5,,,,data/bing-perf-latest.json (queries)
cuanto sale remis  2026 capital federal,DATA_MISSING,,,28d-to-2026-07-02,3,2,1.5,,,,data/bing-perf-latest.json (queries)
calculadora por renunca,DATA_MISSING,,,28d-to-2026-07-02,2,2,1,,,,data/bing-perf-latest.json (queries)
calculadora iedmt,DATA_MISSING,,,28d-to-2026-07-02,2,2,1,,,,data/bing-perf-latest.json (queries)
calculo de antigedad laboral,DATA_MISSING,,,28d-to-2026-07-02,2,2,1,,,,data/bing-perf-latest.json (queries)
calcular ica por municipio,DATA_MISSING,,,28d-to-2026-07-02,2,2,1,,,,data/bing-perf-latest.json (queries)
calculo isr arrendamiento pf 2026,DATA_MISSING,,,28d-to-2026-07-02,2,2,1,,,,data/bing-perf-latest.json (queries)
calcular rentabilidad fondos mutuos,DATA_MISSING,,,28d-to-2026-07-02,2,2,1,,,,data/bing-perf-latest.json (queries)
como se ller un resivo de gas vanti como hacer los calculos,DATA_MISSING,,,28d-to-2026-07-02,2,2,1,,,,data/bing-perf-latest.json (queries)
calcula tu predial cdmx 2026 mahabhar,DATA_MISSING,,,28d-to-2026-07-02,2,2,1,,,,data/bing-perf-latest.json (queries)
⚽ mundial 2026 - calculadora de goles,DATA_MISSING,,,28d-to-2026-07-02,2,2,1,,,,data/bing-perf-latest.json (queries)
timepo escala mínima aeropuerto cdg,DATA_MISSING,,,28d-to-2026-07-02,2,2,1,,,,data/bing-perf-latest.json (queries)
cuanto un abogado cobra en argentina por po er un inmuable a nombre del propierario,DATA_MISSING,,,28d-to-2026-07-02,2,2,1,,,,data/bing-perf-latest.json (queries)
calculadora modalidad 40 2026,DATA_MISSING,,,28d-to-2026-07-02,2,2,1,,,,data/bing-perf-latest.json (queries)
"de cuanto es la tasa hoy en 2026, de la factura de la municipalidad en agua y basuras ? donostia gipuzkoa",DATA_MISSING,,,28d-to-2026-07-02,1,2,0.5,,,,data/bing-perf-latest.json (queries)
cuanto se.gana un jugador al terminal wl.mundial 2016,DATA_MISSING,,,28d-to-2026-07-02,1,2,0.5,,,,data/bing-perf-latest.json (queries)
cuantos minutos dura un ups de 6000va,DATA_MISSING,,,28d-to-2026-07-02,1,2,0.5,,,,data/bing-perf-latest.json (queries)
calculadora menstrual,DATA_MISSING,,,28d-to-2026-07-02,1,2,0.5,,,,data/bing-perf-latest.json (queries)
cuanta agua gasta un lavarropas,DATA_MISSING,,,28d-to-2026-07-02,1,2,0.5,,,,data/bing-perf-latest.json (queries)
calculadora de renta vitalicia excel españa ine,DATA_MISSING,,,28d-to-2026-07-02,1,2,0.5,,,,data/bing-perf-latest.json (queries)
converti talle de zapatillas de us a argentina,DATA_MISSING,,,28d-to-2026-07-02,1,2,0.5,,,,data/bing-perf-latest.json (queries)
calculadora pension colombia,DATA_MISSING,,,28d-to-2026-07-02,1,2,0.5,,,,data/bing-perf-latest.json (queries)
que tanto puede consumir una laptop gamer en energia,DATA_MISSING,,,28d-to-2026-07-02,1,2,0.5,,,,data/bing-perf-latest.json (queries)
costo de la construccion,DATA_MISSING,,,28d-to-2026-07-02,1,2,0.5,,,,data/bing-perf-latest.json (queries)
calculadora moto gp,DATA_MISSING,,,28d-to-2026-07-02,1,2,0.5,,,,data/bing-perf-latest.json (queries)
tabla de impuestos sobre la renta 2026 en rd,DATA_MISSING,,,28d-to-2026-07-02,4,2,2,,,,data/bing-perf-latest.json (queries)
calculo de licencia postnatal,DATA_MISSING,,,28d-to-2026-07-02,3,2,1.5,,,,data/bing-perf-latest.json (queries)
cuantas horas de sol necesita una planta de melon,DATA_MISSING,,,28d-to-2026-07-02,3,2,1.5,,,,data/bing-perf-latest.json (queries)
pias 19% sobre los intereses,DATA_MISSING,,,28d-to-2026-07-02,2,2,1,,,,data/bing-perf-latest.json (queries)
cuantos metros lineales es un rectángulo de 3 mil metros cuadrados,DATA_MISSING,,,28d-to-2026-07-02,2,2,1,,,,data/bing-perf-latest.json (queries)
cuanto se paga el presentismo en la contrucion en argentina 2026,DATA_MISSING,,,28d-to-2026-07-02,2,2,1,,,,data/bing-perf-latest.json (queries)
valor impuesto volvo xc40 electrico,DATA_MISSING,,,28d-to-2026-07-02,2,2,1,,,,data/bing-perf-latest.json (queries)
calculadora er tik tok,DATA_MISSING,,,28d-to-2026-07-02,2,2,1,,,,data/bing-perf-latest.json (queries)
tengo dos cachorros yorkshire de 7 semanas cual es la porción de comida y horarios al día de comida,DATA_MISSING,,,28d-to-2026-07-02,1,2,0.5,,,,data/bing-perf-latest.json (queries)
mi vuelo despega a las 6 de la manana del aeropuerto de francia buv a que hora deberia llegar al  aeropuerto para no perder el vuelo,DATA_MISSING,,,28d-to-2026-07-02,1,2,0.5,,,,data/bing-perf-latest.json (queries)
llave pa eliminatorias del mundial,DATA_MISSING,,,28d-to-2026-07-02,1,2,0.5,,,,data/bing-perf-latest.json (queries)
para 40 pizzas cuanta levadura seca se necesita,DATA_MISSING,,,28d-to-2026-07-02,1,2,0.5,,,,data/bing-perf-latest.json (queries)
"si 8 paginas es una hora, 80 páginas cuantas horas son",DATA_MISSING,,,28d-to-2026-07-02,2,2,1,,,,data/bing-perf-latest.json (queries)
la fifa reparte entradas gratis mundial 2026,DATA_MISSING,,,28d-to-2026-07-02,2,2,1,,,,data/bing-perf-latest.json (queries)
calculo tipo marginal irpf,DATA_MISSING,,,28d-to-2026-07-02,2,2,1,,,,data/bing-perf-latest.json (queries)
calculating water for high school athlete male 15 years old,DATA_MISSING,,,28d-to-2026-07-02,2,2,1,,,,data/bing-perf-latest.json (queries)
modelo 145 simulación calculo,DATA_MISSING,,,28d-to-2026-07-02,2,2,1,,,,data/bing-perf-latest.json (queries)
calculo del imc en adultos,DATA_MISSING,,,28d-to-2026-07-02,2,2,1,,,,data/bing-perf-latest.json (queries)
cuanto es el imopuesto  ingreso bruto abogados en la provincia de buenos aires,DATA_MISSING,,,28d-to-2026-07-02,2,2,1,,,,data/bing-perf-latest.json (queries)
si el vuelo sale de haneda a las 10 hs del 20 de junio a que hora llega a paris?,DATA_MISSING,,,28d-to-2026-07-02,2,2,1,,,,data/bing-perf-latest.json (queries)
tiempo de descarga wifi,DATA_MISSING,,,28d-to-2026-07-02,2,2,1,,,,data/bing-perf-latest.json (queries)
tabela salario contribuição inss 2026,DATA_MISSING,,,28d-to-2026-07-02,2,2,1,,,,data/bing-perf-latest.json (queries)
convertidor de consumo de energia a pesos argentinos,DATA_MISSING,,,28d-to-2026-07-02,2,2,1,,,,data/bing-perf-latest.json (queries)
renovaciones hora a m3/h,DATA_MISSING,,,28d-to-2026-07-02,2,2,1,,,,data/bing-perf-latest.json (queries)
cuanto hay de gasto en peajes de oncativo a santa fe,DATA_MISSING,,,28d-to-2026-07-02,2,1,2,,,,data/bing-perf-latest.json (queries)
payroll administrativo rrhh sueldo en argentina 2026,DATA_MISSING,,,28d-to-2026-07-02,2,1,2,,,,data/bing-perf-latest.json (queries)
calcular ganancias 4ta categoría 2026,DATA_MISSING,,,28d-to-2026-07-02,2,1,2,,,,data/bing-perf-latest.json (queries)
de metros lineales a cuadrados,DATA_MISSING,,,28d-to-2026-07-02,2,1,2,,,,data/bing-perf-latest.json (queries)
formula depreciacion linea recta expresada en meses,DATA_MISSING,,,28d-to-2026-07-02,1,1,1,,,,data/bing-perf-latest.json (queries)
salario auxiliar cocina convenio hosteleria 2026,DATA_MISSING,,,28d-to-2026-07-02,1,1,1,,,,data/bing-perf-latest.json (queries)
ipc mayo 2025 a mayo 2026,DATA_MISSING,,,28d-to-2026-07-02,1,1,1,,,,data/bing-perf-latest.json (queries)
cómo dividir gastos proporcionalmente,DATA_MISSING,,,28d-to-2026-07-02,1,1,1,,,,data/bing-perf-latest.json (queries)
cuanto se suele pagar de comunidad con cinco pisos y asensor,DATA_MISSING,,,28d-to-2026-07-02,1,1,1,,,,data/bing-perf-latest.json (queries)
cómo calcular renta per cápita familiar para beca comedor comunidad de madrid. datos a tener en cuenta de la declaracion de la renta,DATA_MISSING,,,28d-to-2026-07-02,1,1,1,,,,data/bing-perf-latest.json (queries)
angel guardian del 30 de mayo,DATA_MISSING,,,28d-to-2026-07-02,1,1,1,,,,data/bing-perf-latest.json (queries)
inflación acumulada de enero a mayo 2026,DATA_MISSING,,,28d-to-2026-07-02,1,1,1,,,,data/bing-perf-latest.json (queries)
que es el indice cer y diferencia con ipc,DATA_MISSING,,,28d-to-2026-07-02,1,1,1,,,,data/bing-perf-latest.json (queries)
calculadora de impuestos iibb cordoba,DATA_MISSING,,,28d-to-2026-07-02,1,1,1,,,,data/bing-perf-latest.json (queries)
como se calcula yield de una accion,DATA_MISSING,,,28d-to-2026-07-02,1,1,1,,,,data/bing-perf-latest.json (queries)
valor aproximado de patente bimestral mayo 2026 por ranger 2015 municipalizada,DATA_MISSING,,,28d-to-2026-07-02,1,1,1,,,,data/bing-perf-latest.json (queries)
cuántos litros de nafta se consume en un viaje a miramar,DATA_MISSING,,,28d-to-2026-07-02,1,1,1,,,,data/bing-perf-latest.json (queries)
calculadora sueldo fuerza armadas,DATA_MISSING,,,28d-to-2026-07-02,1,1,1,,,,data/bing-perf-latest.json (queries)
tabla gravamen ganancias argentina 2026,DATA_MISSING,,,28d-to-2026-07-02,1,1,1,,,,data/bing-perf-latest.json (queries)
gastos de escritura por parte del vendedor de un departamento en caba en el 2026,DATA_MISSING,,,28d-to-2026-07-02,1,1,1,,,,data/bing-perf-latest.json (queries)
cuantos metros cuadrados e sub metro lineal,DATA_MISSING,,,28d-to-2026-07-02,1,1,1,,,,data/bing-perf-latest.json (queries)
cuanto es la cuota alimentaria por 2 hijo 2026,DATA_MISSING,,,28d-to-2026-07-02,1,1,1,,,,data/bing-perf-latest.json (queries)
agencia tributaria tramos irpf 2026 calculadora,DATA_MISSING,,,28d-to-2026-07-02,1,1,1,,,,data/bing-perf-latest.json (queries)
volumen de cisternas para familia de 6,DATA_MISSING,,,28d-to-2026-07-02,0,1,0,,,,data/bing-perf-latest.json (queries)
cuantos ladrillos por m2,DATA_MISSING,,,28d-to-2026-07-02,0,1,0,,,,data/bing-perf-latest.json (queries)
importe del impuesto de circulacion en rotova,DATA_MISSING,,,28d-to-2026-07-02,0,1,0,,,,data/bing-perf-latest.json (queries)
impuesto a las ganancias calculadora,DATA_MISSING,,,28d-to-2026-07-02,0,1,0,,,,data/bing-perf-latest.json (queries)
en formato word cuatas paginas equivalen 70000 caracteres?,DATA_MISSING,,,28d-to-2026-07-02,0,1,0,,,,data/bing-perf-latest.json (queries)
cuantos feriados hay este mayo 2026 en argentina,DATA_MISSING,,,28d-to-2026-07-02,0,1,0,,,,data/bing-perf-latest.json (queries)
tiempo de conexion llegando vuelo internacional london con vuelo dentro europa,DATA_MISSING,,,28d-to-2026-07-02,0,1,0,,,,data/bing-perf-latest.json (queries)
sueldo basico de argentina 2026,DATA_MISSING,,,28d-to-2026-07-02,0,1,0,,,,data/bing-perf-latest.json (queries)
"trabaje 59 dias entre septiembre y diciembre en argentina, cuantos dias proporcionales por vacaciones tengo?",DATA_MISSING,,,28d-to-2026-07-02,0,1,0,,,,data/bing-perf-latest.json (queries)
cuantas calorias gastas caminando 3 millas,DATA_MISSING,,,28d-to-2026-07-02,0,1,0,,,,data/bing-perf-latest.json (queries)
un coche de mil quinientos centímetros cuanto paga de impuesto de circulación en jerez de la frontera,DATA_MISSING,,,28d-to-2026-07-02,0,1,0,,,,data/bing-perf-latest.json (queries)
equivalencia colesterol de mmol/l a mm/dl,DATA_MISSING,,,28d-to-2026-07-02,0,1,0,,,,data/bing-perf-latest.json (queries)
formula para calcular el interes compuesto,DATA_MISSING,,,28d-to-2026-07-02,0,1,0,,,,data/bing-perf-latest.json (queries)
cuánto cuesta para llevar un cadáver en yucatán mexico,DATA_MISSING,,,28d-to-2026-07-02,0,1,0,,,,data/bing-perf-latest.json (queries)
parto fecha última regla semanas ecografía trimestre,DATA_MISSING,,,28d-to-2026-07-02,0,1,0,,,,data/bing-perf-latest.json (queries)
a cuantas páginas equivalen 15000 palabras,DATA_MISSING,,,28d-to-2026-07-02,0,1,0,,,,data/bing-perf-latest.json (queries)
impuesto de ciruclacion medio anual coche pequeño,DATA_MISSING,,,28d-to-2026-07-02,0,1,0,,,,data/bing-perf-latest.json (queries)
cuantos gramos de pasta por litro de agua hay que echar,DATA_MISSING,,,28d-to-2026-07-02,0,1,0,,,,data/bing-perf-latest.json (queries)
coste universidad privada en espana,DATA_MISSING,,,28d-to-2026-07-02,0,1,0,,,,data/bing-perf-latest.json (queries)
cuál es el peso ideal para una mujer de 63 años con una altura de 152,DATA_MISSING,,,28d-to-2026-07-02,0,1,0,,,,data/bing-perf-latest.json (queries)
si naci en 2026 de que generacion soy,DATA_MISSING,,,28d-to-2026-07-02,0,1,0,,,,data/bing-perf-latest.json (queries)
cuanto falta para el mundial de futob,DATA_MISSING,,,28d-to-2026-07-02,0,1,0,,,,data/bing-perf-latest.json (queries)
tramo aplica promedio ponderado 𝑃𝐶,DATA_MISSING,,,28d-to-2026-07-02,0,1,0,,,,data/bing-perf-latest.json (queries)
como calcular el break even si tengo diferentes sells y no tengo unit price,DATA_MISSING,,,28d-to-2026-07-02,0,1,0,,,,data/bing-perf-latest.json (queries)
sueldo neto de un encargado de restaurante 2026 catarroja,DATA_MISSING,,,28d-to-2026-07-02,0,1,0,,,,data/bing-perf-latest.json (queries)
como calcular clearance de creatinina,DATA_MISSING,,,28d-to-2026-07-02,0,1,0,,,,data/bing-perf-latest.json (queries)
concreto tasas inflación acumulada especialmente,DATA_MISSING,,,28d-to-2026-07-02,0,1,0,,,,data/bing-perf-latest.json (queries)
aplica ¿cuenta fondo emergencia meses gastos,DATA_MISSING,,,28d-to-2026-07-02,0,1,0,,,,data/bing-perf-latest.json (queries)
dime tres calculos de porcentajes que de el .i,DATA_MISSING,,,28d-to-2026-07-02,0,1,0,,,,data/bing-perf-latest.json (queries)
peso ideal para una persona con 5:11 de altura,DATA_MISSING,,,28d-to-2026-07-02,0,1,0,,,,data/bing-perf-latest.json (queries)
cuantos días tiene.comuna semana de embarazo,DATA_MISSING,,,28d-to-2026-07-02,0,1,0,,,,data/bing-perf-latest.json (queries)
cuando dias son 8 semanas de embarazo,DATA_MISSING,,,28d-to-2026-07-02,0,1,0,,,,data/bing-perf-latest.json (queries)
cálculo plus vacacional argentina,DATA_MISSING,,,28d-to-2026-07-02,0,1,0,,,,data/bing-perf-latest.json (queries)
espesor vidrio residencial recomienda mínimo templado proyectos,DATA_MISSING,,,28d-to-2026-07-02,0,1,0,,,,data/bing-perf-latest.json (queries)
estudio posición resistencias serie paralelo calcular,DATA_MISSING,,,28d-to-2026-07-02,0,1,0,,,,data/bing-perf-latest.json (queries)
calculadora para calcular bonos de estado,DATA_MISSING,,,28d-to-2026-07-02,0,1,0,,,,data/bing-perf-latest.json (queries)
cuantos metros cuadrados son 50 metros lineales,DATA_MISSING,,,28d-to-2026-07-02,4,1,4,,,,data/bing-perf-latest.json (queries)
cual es el costo de construccion de una casa de 45mts,DATA_MISSING,,,28d-to-2026-07-02,2,1,2,,,,data/bing-perf-latest.json (queries)
impuesto al credito y debito que porcentaje se paga 2026,DATA_MISSING,,,28d-to-2026-07-02,2,1,2,,,,data/bing-perf-latest.json (queries)
calcular las dimensiones máximas para instalar un vidrio,DATA_MISSING,,,28d-to-2026-07-02,2,1,2,,,,data/bing-perf-latest.json (queries)
sellos de san luis,DATA_MISSING,,,28d-to-2026-07-02,2,1,2,,,,data/bing-perf-latest.json (queries)
calculadora beca comedor,DATA_MISSING,,,28d-to-2026-07-02,2,1,2,,,,data/bing-perf-latest.json (queries)
horas extra al 100 y al 50,DATA_MISSING,,,28d-to-2026-07-02,1,1,1,,,,data/bing-perf-latest.json (queries)
cuantas paginas hay entre 364 y 725,DATA_MISSING,,,28d-to-2026-07-02,1,1,1,,,,data/bing-perf-latest.json (queries)
simulador de corte melamina pasa saber cuantas laminas necesito,DATA_MISSING,,,28d-to-2026-07-02,1,1,1,,,,data/bing-perf-latest.json (queries)
como saco mi proyeccion en ventas de un mes,DATA_MISSING,,,28d-to-2026-07-02,1,1,1,,,,data/bing-perf-latest.json (queries)
porcentaje aprobar dele b1,DATA_MISSING,,,28d-to-2026-07-02,1,1,1,,,,data/bing-perf-latest.json (queries)
horas necesarias para un nivel b1 italiano,DATA_MISSING,,,28d-to-2026-07-02,1,1,1,,,,data/bing-perf-latest.json (queries)
12 palabras cuantas paginas son en word,DATA_MISSING,,,28d-to-2026-07-02,1,1,1,,,,data/bing-perf-latest.json (queries)
categorías del monotributo 2026,DATA_MISSING,,,28d-to-2026-07-02,1,1,1,,,,data/bing-perf-latest.json (queries)
viaje a madrid desde el salvador por 1 semana 3 personas cuanto se puede gastar,DATA_MISSING,,,28d-to-2026-07-02,1,1,1,,,,data/bing-perf-latest.json (queries)
"peso de cano 5"" x 3.2mm",DATA_MISSING,,,28d-to-2026-07-02,1,1,1,,,,data/bing-perf-latest.json (queries)
csaber mi renta percapita para la beca comedor 2026 2027,DATA_MISSING,,,28d-to-2026-07-02,1,1,1,,,,data/bing-perf-latest.json (queries)
ecografia con la longitud del bebe.. se sabe las semanas?,DATA_MISSING,,,28d-to-2026-07-02,1,1,1,,,,data/bing-perf-latest.json (queries)
como sería mi nombre en star wars,DATA_MISSING,,,28d-to-2026-07-02,1,1,1,,,,data/bing-perf-latest.json (queries)
evaluar who 5 puntaje,DATA_MISSING,,,28d-to-2026-07-02,1,1,1,,,,data/bing-perf-latest.json (queries)
que es la cuenta calorica,DATA_MISSING,,,28d-to-2026-07-02,1,1,1,,,,data/bing-perf-latest.json (queries)
"calculadora pia, copagament",DATA_MISSING,,,28d-to-2026-07-02,1,1,1,,,,data/bing-perf-latest.json (queries)
calcular edad escolar en texas 2026,DATA_MISSING,,,28d-to-2026-07-02,1,1,1,,,,data/bing-perf-latest.json (queries)
"cuántos ladrillos entran en 1m²?  ladrillo soga, panderete, doble o flameneo",DATA_MISSING,,,28d-to-2026-07-02,1,1,1,,,,data/bing-perf-latest.json (queries)
cuanto hay que pagar por hacer el grado medio de fp de tecnico en gestion administrativa en el centro concertado centro: 11004349 - c.d.p. escuelas profesionales de la sagrada familia-san luis de el puerto de santa maría,DATA_MISSING,,,28d-to-2026-07-02,1,1,1,,,,data/bing-perf-latest.json (queries)
bioritmi calcolo,DATA_MISSING,,,28d-to-2026-07-02,1,1,1,,,,data/bing-perf-latest.json (queries)
"los muebles al abrirse, ocupan más espacio de fondo?",DATA_MISSING,,,28d-to-2026-07-02,1,1,1,,,,data/bing-perf-latest.json (queries)
iimc tabla pediatrica calculadora,DATA_MISSING,,,28d-to-2026-07-02,1,1,1,,,,data/bing-perf-latest.json (queries)
cuales son las dioptrias en receta,DATA_MISSING,,,28d-to-2026-07-02,1,1,1,,,,data/bing-perf-latest.json (queries)
hoja de calculo ingresos y gastos alquiler vivienda para irpf,DATA_MISSING,,,28d-to-2026-07-02,1,1,1,,,,data/bing-perf-latest.json (queries)
"cuanto va a redituar un plazo fijo a 30 días de $100000 con una tna del 16% y una tea del 17,22% al finalizar el plazo?",DATA_MISSING,,,28d-to-2026-07-02,1,1,1,,,,data/bing-perf-latest.json (queries)
calculadora de xp duolingo,DATA_MISSING,,,28d-to-2026-07-02,1,1,1,,,,data/bing-perf-latest.json (queries)
cuanto es iibb en rosario,DATA_MISSING,,,28d-to-2026-07-02,1,1,1,,,,data/bing-perf-latest.json (queries)
escala downton en adultos mayores,DATA_MISSING,,,28d-to-2026-07-02,1,1,1,,,,data/bing-perf-latest.json (queries)
costo eta canada,DATA_MISSING,,,28d-to-2026-07-02,1,1,1,,,,data/bing-perf-latest.json (queries)
calcuadora de pension de 1997 en mexico en 2026,DATA_MISSING,,,28d-to-2026-07-02,3,1,3,,,,data/bing-perf-latest.json (queries)
cuantas m lineales es un metro cuadrado,DATA_MISSING,,,28d-to-2026-07-02,2,1,2,,,,data/bing-perf-latest.json (queries)
"cuanto me toca de prima de antiguedad por 26 años , si gano m800.00diarios",DATA_MISSING,,,28d-to-2026-07-02,2,1,2,,,,data/bing-perf-latest.json (queries)
complemento mec erasmus,DATA_MISSING,,,28d-to-2026-07-02,2,1,2,,,,data/bing-perf-latest.json (queries)
cuanto retienen de isr las personas fisicas por arrendamiento de edificios,DATA_MISSING,,,28d-to-2026-07-02,2,1,2,,,,data/bing-perf-latest.json (queries)
cuántos sábados faltan para navidad 2026,DATA_MISSING,,,28d-to-2026-07-02,2,1,2,,,,data/bing-perf-latest.json (queries)
nacidos en el 70 que genesracion es,DATA_MISSING,,,28d-to-2026-07-02,2,1,2,,,,data/bing-perf-latest.json (queries)
calculadora del precio de sucecion en la provincia debuenos aires,DATA_MISSING,,,28d-to-2026-07-02,2,1,2,,,,data/bing-perf-latest.json (queries)
rendimiento de materiales en 1m2 de pared ladrillos huecos cerámicos del 12,DATA_MISSING,,,28d-to-2026-07-02,2,1,2,,,,data/bing-perf-latest.json (queries)
dgr la pampa ingresos brutos,DATA_MISSING,,,28d-to-2026-07-02,2,1,2,,,,data/bing-perf-latest.json (queries)
actividad 477410 alicuota caba,DATA_MISSING,,,28d-to-2026-07-02,2,1,2,,,,data/bing-perf-latest.json (queries)
salario neto camarera de piso convenio hosteleria,DATA_MISSING,,,28d-to-2026-07-02,2,1,2,,,,data/bing-perf-latest.json (queries)
cuanto es una canasta buena al mes  para 5 en mx,DATA_MISSING,,,28d-to-2026-07-02,1,1,1,,,,data/bing-perf-latest.json (queries)
calculo para depreciacion de activo fijo,DATA_MISSING,,,28d-to-2026-07-02,1,1,1,,,,data/bing-perf-latest.json (queries)
cuanto presupuesto se necesita para 4 dias en dubai?,DATA_MISSING,,,28d-to-2026-07-02,1,1,1,,,,data/bing-perf-latest.json (queries)
"provincia de neuquen, impuesto de sellos en boleto de compraventa",DATA_MISSING,,,28d-to-2026-07-02,1,1,1,,,,data/bing-perf-latest.json (queries)
recategorizacion monotributo julio 2026,DATA_MISSING,,,28d-to-2026-07-02,1,1,1,,,,data/bing-perf-latest.json (queries)
euro blue vs. dolar blue hoy,DATA_MISSING,,,28d-to-2026-07-02,1,1,1,,,,data/bing-perf-latest.json (queries)
+iibb santiago del esteto actividaf agropecuaria,DATA_MISSING,,,28d-to-2026-07-02,1,1,1,,,,data/bing-perf-latest.json (queries)
regla de tres si tengo una casa de 220 y el banco me da 80 por ciento que entrada tengo que dar,DATA_MISSING,,,28d-to-2026-07-02,1,1,1,,,,data/bing-perf-latest.json (queries)
cuanto son 22000 millas avianca,DATA_MISSING,,,28d-to-2026-07-02,1,1,1,,,,data/bing-perf-latest.json (queries)
como se calcula costo canasta basica mexico,DATA_MISSING,,,28d-to-2026-07-02,1,1,1,,,,data/bing-perf-latest.json (queries)
cuanto pagan la hora en argentina,DATA_MISSING,,,28d-to-2026-07-02,1,1,1,,,,data/bing-perf-latest.json (queries)
semana gestacional por ecografia,DATA_MISSING,,,28d-to-2026-07-02,1,1,1,,,,data/bing-perf-latest.json (queries)
impuesto inmobiliario caba,DATA_MISSING,,,28d-to-2026-07-02,1,1,1,,,,data/bing-perf-latest.json (queries)
cuanto cuesta estudiar en el itba,DATA_MISSING,,,28d-to-2026-07-02,1,1,1,,,,data/bing-perf-latest.json (queries)
arl riesgos y porcentajes 2026,DATA_MISSING,,,28d-to-2026-07-02,1,1,1,,,,data/bing-perf-latest.json (queries)
cuanto son 17400 millas en united en dinero,DATA_MISSING,,,28d-to-2026-07-02,1,1,1,,,,data/bing-perf-latest.json (queries)
impuesto de timbre 2026 colombia,DATA_MISSING,,,28d-to-2026-07-02,1,1,1,,,,data/bing-perf-latest.json (queries)
b2 calculadora,DATA_MISSING,,,28d-to-2026-07-02,1,1,1,,,,data/bing-perf-latest.json (queries)
cuanto cuesta un viaje en remis y/o taxi y/o similares,DATA_MISSING,,,28d-to-2026-07-02,1,1,1,,,,data/bing-perf-latest.json (queries)
calculadora de ladrillos por m2,DATA_MISSING,,,28d-to-2026-07-02,1,1,1,,,,data/bing-perf-latest.json (queries)
cálculo de canasta basica mexico,DATA_MISSING,,,28d-to-2026-07-02,1,1,1,,,,data/bing-perf-latest.json (queries)
cuantas millas en united amex,DATA_MISSING,,,28d-to-2026-07-02,1,1,1,,,,data/bing-perf-latest.json (queries)
cuantas pagginas de pdf son 5974 palabras,DATA_MISSING,,,28d-to-2026-07-02,1,1,1,,,,data/bing-perf-latest.json (queries)
cual es el sueldo neto en la hostelería de media jornada en malaga,DATA_MISSING,,,28d-to-2026-07-02,1,1,1,,,,data/bing-perf-latest.json (queries)
tabla turno oficio honorarios,DATA_MISSING,,,28d-to-2026-07-02,1,1,1,,,,data/bing-perf-latest.json (queries)
cuanto cuesta estacionar en la estacion puma que está dentro del aeropuerto de ezeiza,DATA_MISSING,,,28d-to-2026-07-02,1,1,1,,,,data/bing-perf-latest.json (queries)
ppi saber si esta bien en monitor,DATA_MISSING,,,28d-to-2026-07-02,1,1,1,,,,data/bing-perf-latest.json (queries)
despido objetivo los 20 dias los cotizan,DATA_MISSING,,,28d-to-2026-07-02,1,1,1,,,,data/bing-perf-latest.json (queries)
visa life miles calculo de millas por compra,DATA_MISSING,,,28d-to-2026-07-02,1,1,1,,,,data/bing-perf-latest.json (queries)
rango de edad actual de milenials,DATA_MISSING,,,28d-to-2026-07-02,1,1,1,,,,data/bing-perf-latest.json (queries)
patentes calculadora buenos aires,DATA_MISSING,,,28d-to-2026-07-02,1,1,1,,,,data/bing-perf-latest.json (queries)
calculadora tasa basuras,DATA_MISSING,,,28d-to-2026-07-02,1,1,1,,,,data/bing-perf-latest.json (queries)
costo m2 de construccion de hospital de baja complejidad,DATA_MISSING,,,28d-to-2026-07-02,1,1,1,,,,data/bing-perf-latest.json (queries)
calculadora numero de oxidación,DATA_MISSING,,,28d-to-2026-07-02,3,1,3,,,,data/bing-perf-latest.json (queries)
calculadora imss pensión 1997,DATA_MISSING,,,28d-to-2026-07-02,3,1,3,,,,data/bing-perf-latest.json (queries)
cual es el sueldo minimo de un ayudante de camarero,DATA_MISSING,,,28d-to-2026-07-02,2,1,2,,,,data/bing-perf-latest.json (queries)
simular hqnernjibilacion argentina,DATA_MISSING,,,28d-to-2026-07-02,2,1,2,,,,data/bing-perf-latest.json (queries)
tasa activa del banco nacion para casos judiciales,DATA_MISSING,,,28d-to-2026-07-02,2,1,2,,,,data/bing-perf-latest.json (queries)
cuantia saad 2026,DATA_MISSING,,,28d-to-2026-07-02,2,1,2,,,,data/bing-perf-latest.json (queries)
cuando hago 37 semanas si fum es 10/02,DATA_MISSING,,,28d-to-2026-07-02,2,1,2,,,,data/bing-perf-latest.json (queries)
beca comedor hijo en gestacion,DATA_MISSING,,,28d-to-2026-07-02,2,1,2,,,,data/bing-perf-latest.json (queries)
valor uta chile conversor,DATA_MISSING,,,28d-to-2026-07-02,1,1,1,,,,data/bing-perf-latest.json (queries)
"incapacidad no contributiva 2026 españa, calculo de cuantia cuando convive con alguien",DATA_MISSING,,,28d-to-2026-07-02,1,1,1,,,,data/bing-perf-latest.json (queries)
precio mínimo de venta de un producto,DATA_MISSING,,,28d-to-2026-07-02,1,1,1,,,,data/bing-perf-latest.json (queries)
sueldo minimo de auxliar de cocina en esoala santander,DATA_MISSING,,,28d-to-2026-07-02,1,1,1,,,,data/bing-perf-latest.json (queries)
para trnasmitir a 1080 con buena resolucion que tasa de bits me recomendarias tener en obs,DATA_MISSING,,,28d-to-2026-07-02,1,1,1,,,,data/bing-perf-latest.json (queries)
cuantas millas da un vuelo brc arp por ar,DATA_MISSING,,,28d-to-2026-07-02,1,1,1,,,,data/bing-perf-latest.json (queries)
que costo tiene desde berazategui argentina en remis hasta san telmoargentina,DATA_MISSING,,,28d-to-2026-07-02,1,1,1,,,,data/bing-perf-latest.json (queries)
la pampa régimen simplificado,DATA_MISSING,,,28d-to-2026-07-02,1,1,1,,,,data/bing-perf-latest.json (queries)
cuantas atmosferas 40 metros mar,DATA_MISSING,,,28d-to-2026-07-02,1,1,1,,,,data/bing-perf-latest.json (queries)
calculadora valor intermedio entre dos valores,DATA_MISSING,,,28d-to-2026-07-02,1,1,1,,,,data/bing-perf-latest.json (queries)
cuantasb empoanadas sse calculan por persona,DATA_MISSING,,,28d-to-2026-07-02,1,1,1,,,,data/bing-perf-latest.json (queries)
a cuanto equivale un metro lineal,DATA_MISSING,,,28d-to-2026-07-02,1,1,1,,,,data/bing-perf-latest.json (queries)
cuántas horas de sol necesita una bananera,DATA_MISSING,,,28d-to-2026-07-02,1,1,1,,,,data/bing-perf-latest.json (queries)
calculo de pensiona alimenticia mexico 2026,DATA_MISSING,,,28d-to-2026-07-02,1,1,1,,,,data/bing-perf-latest.json (queries)
como es la convercion de lifemilles de avianca en dolares,DATA_MISSING,,,28d-to-2026-07-02,1,1,1,,,,data/bing-perf-latest.json (queries)
si mi carro es del año 2006 cuanto me cuesta emplacarlo en jalisco,DATA_MISSING,,,28d-to-2026-07-02,1,1,1,,,,data/bing-perf-latest.json (queries)
puedo reintegrar el iva de la comida en argentina turista,DATA_MISSING,,,28d-to-2026-07-02,1,1,1,,,,data/bing-perf-latest.json (queries)
que renta vitalicia obtengo de un pias de 30000 euros con 60 años,DATA_MISSING,,,28d-to-2026-07-02,1,1,1,,,,data/bing-perf-latest.json (queries)
puedo pedir la becas de comedor si superó la renta per cápita,DATA_MISSING,,,28d-to-2026-07-02,1,1,1,,,,data/bing-perf-latest.json (queries)
calculo de pensiona alimenticia mexico,DATA_MISSING,,,28d-to-2026-07-02,1,1,1,,,,data/bing-perf-latest.json (queries)
cómo calcular renta familiar para ayuda escolar comedor en extremadura 25/26,DATA_MISSING,,,28d-to-2026-07-02,1,1,1,,,,data/bing-perf-latest.json (queries)
cuanto necesito para el parcial final,DATA_MISSING,,,28d-to-2026-07-02,1,1,1,,,,data/bing-perf-latest.json (queries)
dias de maternidad mexico calculadora,DATA_MISSING,,,28d-to-2026-07-02,1,1,1,,,,data/bing-perf-latest.json (queries)
cual es la corriente que consume un aparato   916.4wh,DATA_MISSING,,,28d-to-2026-07-02,1,1,1,,,,data/bing-perf-latest.json (queries)
55 pulgadas a altura,DATA_MISSING,,,28d-to-2026-07-02,1,1,1,,,,data/bing-perf-latest.json (queries)
1.100 metros cuadrados cuanto hace en metros lineal,DATA_MISSING,,,28d-to-2026-07-02,1,1,1,,,,data/bing-perf-latest.json (queries)
"salario minimo de colombia, auxilio de transporte, hora extra",DATA_MISSING,,,28d-to-2026-07-02,1,1,1,,,,data/bing-perf-latest.json (queries)
cuanto arroz para 3 personas,DATA_MISSING,,,28d-to-2026-07-02,1,1,1,,,,data/bing-perf-latest.json (queries)
calculadora grasa corporal 3 pliegues,DATA_MISSING,,,28d-to-2026-07-02,1,1,1,,,,data/bing-perf-latest.json (queries)
como cubicar un terreno para rellenar de arena,DATA_MISSING,,,28d-to-2026-07-02,1,1,1,,,,data/bing-perf-latest.json (queries)
altitud a 1100hpa,DATA_MISSING,,,28d-to-2026-07-02,1,1,1,,,,data/bing-perf-latest.json (queries)
sueldo de un camarero en el 2026 a 40 horas,DATA_MISSING,,,28d-to-2026-07-02,1,1,1,,,,data/bing-perf-latest.json (queries)
cuanto vale 1000 millas en united,DATA_MISSING,,,28d-to-2026-07-02,1,1,1,,,,data/bing-perf-latest.json (queries)
cálculo bioritmo,DATA_MISSING,,,28d-to-2026-07-02,1,1,1,,,,data/bing-perf-latest.json (queries)
escala aplicada por hacienda a los rendimientos de valores mobiliarios,DATA_MISSING,,,28d-to-2026-07-02,1,1,1,,,,data/bing-perf-latest.json (queries)
porcentaje de pago por arl en riesgo 5 sobre el minimo para una persona natural,DATA_MISSING,,,28d-to-2026-07-02,1,1,1,,,,data/bing-perf-latest.json (queries)
costo construccion,DATA_MISSING,,,28d-to-2026-07-02,1,1,1,,,,data/bing-perf-latest.json (queries)
cuanto es la devaluavion de un auto 0km al retirar de la consesionaria en paraguay y cuanto la depreciacion por año,DATA_MISSING,,,28d-to-2026-07-02,1,1,1,,,,data/bing-perf-latest.json (queries)
precio cremacion chile,DATA_MISSING,,,28d-to-2026-07-02,1,1,1,,,,data/bing-perf-latest.json (queries)
arroz valenciano 144 onzas cuantas personas son para comer.?,DATA_MISSING,,,28d-to-2026-07-02,1,1,1,,,,data/bing-perf-latest.json (queries)
con cuantas millas se.puede pagar un vuelo de ecuador y colombia,DATA_MISSING,,,28d-to-2026-07-02,1,1,1,,,,data/bing-perf-latest.json (queries)
como se calcula el impuesto de sellos en capital federal,DATA_MISSING,,,28d-to-2026-07-02,1,1,1,,,,data/bing-perf-latest.json (queries)
food digesting calculator,DATA_MISSING,,,28d-to-2026-07-02,1,1,1,,,,data/bing-perf-latest.json (queries)
es arriesgado una tiempo de escala de 1 hora 17 minutos,DATA_MISSING,,,28d-to-2026-07-02,1,1,1,,,,data/bing-perf-latest.json (queries)
cuantas faltas parciales,DATA_MISSING,,,28d-to-2026-07-02,1,1,1,,,,data/bing-perf-latest.json (queries)
cuantos litros de fernet toman 80 adultos,DATA_MISSING,,,28d-to-2026-07-02,3,1,3,,,,data/bing-perf-latest.json (queries)
imc calculadora cientifica,DATA_MISSING,,,28d-to-2026-07-02,3,1,3,,,,data/bing-perf-latest.json (queries)
cual es el % marginal del irpf con ingresos de 43260€,DATA_MISSING,,,28d-to-2026-07-02,2,1,2,,,,data/bing-perf-latest.json (queries)
cuantos metros cuadrados son 30metros lineales por 122 de ancho,DATA_MISSING,,,28d-to-2026-07-02,2,1,2,,,,data/bing-perf-latest.json (queries)
calculo del valor catastral en la cdmx,DATA_MISSING,,,28d-to-2026-07-02,2,1,2,,,,data/bing-perf-latest.json (queries)
cuanto sale el.meyro cuadrado de membrana asfaltica geo textil en cordoba argwntina,DATA_MISSING,,,28d-to-2026-07-02,2,1,2,,,,data/bing-perf-latest.json (queries)
calculadora online convenio uta choferes colectivo interjuridiscional,DATA_MISSING,,,28d-to-2026-07-02,2,1,2,,,,data/bing-perf-latest.json (queries)
a cuántos metros lineales equivalen 20 metros cuadrados,DATA_MISSING,,,28d-to-2026-07-02,2,1,2,,,,data/bing-perf-latest.json (queries)
canasta vbasica mensual,DATA_MISSING,,,28d-to-2026-07-02,2,1,2,,,,data/bing-perf-latest.json (queries)
benchmark tolens por segundo por gpu y llm,DATA_MISSING,,,28d-to-2026-07-02,2,1,2,,,,data/bing-perf-latest.json (queries)
factor de conversion de pie tabla a metro cubico,DATA_MISSING,,,28d-to-2026-07-02,2,1,2,,,,data/bing-perf-latest.json (queries)
cuanto cobra un remis de buenos aires a maria grande e rios,DATA_MISSING,,,28d-to-2026-07-02,2,1,2,,,,data/bing-perf-latest.json (queries)
cuanto paga el empleador por arl al mes,DATA_MISSING,,,28d-to-2026-07-02,1,1,1,,,,data/bing-perf-latest.json (queries)
si mi vuelo sale de 10:05 am atl y llega a sjd 11:30,DATA_MISSING,,,28d-to-2026-07-02,1,1,1,,,,data/bing-perf-latest.json (queries)
cuota arl año 2026 en colombia en 2025,DATA_MISSING,,,28d-to-2026-07-02,1,1,1,,,,data/bing-perf-latest.json (queries)
cuanto es un dolar en milla slifemiles,DATA_MISSING,,,28d-to-2026-07-02,1,1,1,,,,data/bing-perf-latest.json (queries)
arena para emparejar terreno en,DATA_MISSING,,,28d-to-2026-07-02,1,1,1,,,,data/bing-perf-latest.json (queries)
si tengo 306 puntos en tarjeta amex lifemiles cuantas life miles son,DATA_MISSING,,,28d-to-2026-07-02,1,1,1,,,,data/bing-perf-latest.json (queries)
si tú ves 7 clases y falto a una qué porcentaje de asistencia tengo,DATA_MISSING,,,28d-to-2026-07-02,1,1,1,,,,data/bing-perf-latest.json (queries)
cuantas millas son de pensilvania ida y vuelta,DATA_MISSING,,,28d-to-2026-07-02,1,1,1,,,,data/bing-perf-latest.json (queries)
sueldo conductor repartido convenio de comercio malaga 2026,DATA_MISSING,,,28d-to-2026-07-02,1,1,1,,,,data/bing-perf-latest.json (queries)
peso ideal en niños,DATA_MISSING,,,28d-to-2026-07-02,1,1,1,,,,data/bing-perf-latest.json (queries)
"cuanto sale el m2 de construcción en zona de campana, bs as, argentina?",DATA_MISSING,,,28d-to-2026-07-02,1,1,1,,,,data/bing-perf-latest.json (queries)
cuanto te reportan los bonos de estado,DATA_MISSING,,,28d-to-2026-07-02,1,1,1,,,,data/bing-perf-latest.json (queries)
calcular gin tonics segun invitados,DATA_MISSING,,,28d-to-2026-07-02,1,1,1,,,,data/bing-perf-latest.json (queries)
cuanto sale.escriturar,DATA_MISSING,,,28d-to-2026-07-02,1,1,1,,,,data/bing-perf-latest.json (queries)
canasta basica colombia 2026 hoy dia,DATA_MISSING,,,28d-to-2026-07-02,1,1,1,,,,data/bing-perf-latest.json (queries)
porcentaje percepcion ingresos brutos buenos aires mayo 2026,DATA_MISSING,,,28d-to-2026-07-02,1,1,1,,,,data/bing-perf-latest.json (queries)
hora extra nocturna cuanto vale,DATA_MISSING,,,28d-to-2026-07-02,1,1,1,,,,data/bing-perf-latest.json (queries)
cuantas millas de latam airlines hacen falta para vuelo miami buenos aires,DATA_MISSING,,,28d-to-2026-07-02,1,1,1,,,,data/bing-perf-latest.json (queries)
cuánto cuesta emplcar un suto nuevo,DATA_MISSING,,,28d-to-2026-07-02,1,1,1,,,,data/bing-perf-latest.json (queries)
indemnizacion argentina por despido trabajo,DATA_MISSING,,,28d-to-2026-07-02,1,1,1,,,,data/bing-perf-latest.json (queries)
calcular tem en base a tea,DATA_MISSING,,,28d-to-2026-07-02,1,1,1,,,,data/bing-perf-latest.json (queries)
tabla de conversion de medidas,DATA_MISSING,,,28d-to-2026-07-02,1,1,1,,,,data/bing-perf-latest.json (queries)
monotributo iva / iva exento ganancias personas fisicas impto.s/bienes personales cedulares- valores o depositos cuales pagan menos impuestos,DATA_MISSING,,,28d-to-2026-07-02,1,1,1,,,,data/bing-perf-latest.json (queries)
en cuanto tiempo se carga un ups,DATA_MISSING,,,28d-to-2026-07-02,1,1,1,,,,data/bing-perf-latest.json (queries)
"obra social, cuanto me puedo tomar para ganancias",DATA_MISSING,,,28d-to-2026-07-02,1,1,1,,,,data/bing-perf-latest.json (queries)
factor de descuento de infonavit como saberlo,DATA_MISSING,,,28d-to-2026-07-02,1,1,1,,,,data/bing-perf-latest.json (queries)
como se cuanto pago de iibb?,DATA_MISSING,,,28d-to-2026-07-02,1,1,1,,,,data/bing-perf-latest.json (queries)
como hacer l compra para 5 personas gastando poco 2026 españa,DATA_MISSING,,,28d-to-2026-07-02,1,1,1,,,,data/bing-perf-latest.json (queries)
cuanto me renta una renta vitalicia de 460000 euros,DATA_MISSING,,,28d-to-2026-07-02,1,1,1,,,,data/bing-perf-latest.json (queries)
" tasas aeroportuarias, impuestos, contribuciones y cargos aplicables en colombia 2026",DATA_MISSING,,,28d-to-2026-07-02,1,1,1,,,,data/bing-perf-latest.json (queries)
cuanto  equivale 1722 millas en avianca,DATA_MISSING,,,28d-to-2026-07-02,1,1,1,,,,data/bing-perf-latest.json (queries)
calculo de prestaciones sociales a un fallecido venezuela lottt,DATA_MISSING,,,28d-to-2026-07-02,1,1,1,,,,data/bing-perf-latest.json (queries)
formula cintura/ altura,DATA_MISSING,,,28d-to-2026-07-02,1,1,1,,,,data/bing-perf-latest.json (queries)
costo de la reparacion de una medianera en argentina,DATA_MISSING,,,28d-to-2026-07-02,1,1,1,,,,data/bing-perf-latest.json (queries)
compatobilidad nombres,DATA_MISSING,,,28d-to-2026-07-02,1,1,1,,,,data/bing-perf-latest.json (queries)
una nómina de 25 horas a la semana de un ayudante de camarero cuánto es,DATA_MISSING,,,28d-to-2026-07-02,1,1,1,,,,data/bing-perf-latest.json (queries)
haber jubilatorio 2026,DATA_MISSING,,,28d-to-2026-07-02,1,1,1,,,,data/bing-perf-latest.json (queries)
cuanto videos caben en una tarjeta,DATA_MISSING,,,28d-to-2026-07-02,1,1,1,,,,data/bing-perf-latest.json (queries)
precio metro cuadrado de construcción 2026 rosario,DATA_MISSING,,,28d-to-2026-07-02,1,1,1,,,,data/bing-perf-latest.json (queries)
cual es el impuesto minimo ingresos brutos neuquen para ddjj anual,DATA_MISSING,,,28d-to-2026-07-02,1,1,1,,,,data/bing-perf-latest.json (queries)
cual es la fr adecuada para un bebe de 6 mesos?,DATA_MISSING,,,28d-to-2026-07-02,1,1,1,,,,data/bing-perf-latest.json (queries)
comparariva irpf pais vasco,DATA_MISSING,,,28d-to-2026-07-02,1,1,1,,,,data/bing-perf-latest.json (queries)
calcular capacidad de agua de cisterna,DATA_MISSING,,,28d-to-2026-07-02,1,1,1,,,,data/bing-perf-latest.json (queries)
cuanto es el costo funerario aproximadamente de la ciudad de méxico a chiapas?,DATA_MISSING,,,28d-to-2026-07-02,1,1,1,,,,data/bing-perf-latest.json (queries)
cuantas calorias se queman al subir pisos,DATA_MISSING,,,28d-to-2026-07-02,2,1,2,,,,data/bing-perf-latest.json (queries)
cuanto equivale 60 ml de leche materna a la leche de formula,DATA_MISSING,,,28d-to-2026-07-02,2,1,2,,,,data/bing-perf-latest.json (queries)
calculadora ganancias patrimoniales hacecuentas.com,DATA_MISSING,,,28d-to-2026-07-02,2,1,2,,,,data/bing-perf-latest.json (queries)
calcula tu peso en planetas,DATA_MISSING,,,28d-to-2026-07-02,2,1,2,,,,data/bing-perf-latest.json (queries)
tarifas de impuesto personas naturales en venezuela,DATA_MISSING,,,28d-to-2026-07-02,2,1,2,,,,data/bing-perf-latest.json (queries)
altura a 1010 pascalaes,DATA_MISSING,,,28d-to-2026-07-02,2,1,2,,,,data/bing-perf-latest.json (queries)
cuantas libras de arroz roja para 120 personas,DATA_MISSING,,,28d-to-2026-07-02,2,1,2,,,,data/bing-perf-latest.json (queries)
cuantas mudas de ropa puedo meter en la maleta  55x35x25 cm,DATA_MISSING,,,28d-to-2026-07-02,2,1,2,,,,data/bing-perf-latest.json (queries)
"10metros lineales , en metros cuadrados",DATA_MISSING,,,28d-to-2026-07-02,2,1,2,,,,data/bing-perf-latest.json (queries)
cota patronal destinado a previdencia social (inss+ rat + terceiros) para uma construtora,DATA_MISSING,,,28d-to-2026-07-02,1,1,1,,,,data/bing-perf-latest.json (queries)
donde ver cuantas millas necesitoparaun vuelo de latam,DATA_MISSING,,,28d-to-2026-07-02,1,1,1,,,,data/bing-perf-latest.json (queries)
valores de los peajes de los distintos peajes de buenos aires y santa fe,DATA_MISSING,,,28d-to-2026-07-02,1,1,1,,,,data/bing-perf-latest.json (queries)
cuántos metros cubren 8 cajas de aulejos de 45×45 cm,DATA_MISSING,,,28d-to-2026-07-02,1,1,1,,,,data/bing-perf-latest.json (queries)
semanas post fum,DATA_MISSING,,,28d-to-2026-07-02,1,1,1,,,,data/bing-perf-latest.json (queries)
tamaño impresion 12 24 48 mpx,DATA_MISSING,,,28d-to-2026-07-02,1,1,1,,,,data/bing-perf-latest.json (queries)
como se calcula la renta naual renta vitalicia,DATA_MISSING,,,28d-to-2026-07-02,1,1,1,,,,data/bing-perf-latest.json (queries)
cuanta gente puede comer con 2 kilos y medio de arroz,DATA_MISSING,,,28d-to-2026-07-02,1,1,1,,,,data/bing-perf-latest.json (queries)
para un bamquetede 120 personas cuantas libras de arroz,DATA_MISSING,,,28d-to-2026-07-02,1,1,1,,,,data/bing-perf-latest.json (queries)
how many single sized bricks in one square meter,DATA_MISSING,,,28d-to-2026-07-02,1,1,1,,,,data/bing-perf-latest.json (queries)
simulador de jubilación,DATA_MISSING,,,28d-to-2026-07-02,1,1,1,,,,data/bing-perf-latest.json (queries)
"what's 2percntage of steel for 6"" slab per meter",DATA_MISSING,,,28d-to-2026-07-02,1,1,1,,,,data/bing-perf-latest.json (queries)
probabilidades de campion mundial fifa 2026,DATA_MISSING,,,28d-to-2026-07-02,1,1,1,,,,data/bing-perf-latest.json (queries)
un tanque de reserva de 10000 litros a cuantas personas puede abasteser por dia,DATA_MISSING,,,28d-to-2026-07-02,1,1,1,,,,data/bing-perf-latest.json (queries)
cuanto vale el ping,DATA_MISSING,,,28d-to-2026-07-02,1,1,1,,,,data/bing-perf-latest.json (queries)
proporcion agua arroz integral 1 persona,DATA_MISSING,,,28d-to-2026-07-02,1,1,1,,,,data/bing-perf-latest.json (queries)
pago de maternidad en argentina,DATA_MISSING,,,28d-to-2026-07-02,1,1,1,,,,data/bing-perf-latest.json (queries)
si tengo un ups de 3000va/2700wh cuanto tiempo me da de respldo si tengo un un equio que consume 145w,DATA_MISSING,,,28d-to-2026-07-02,1,1,1,,,,data/bing-perf-latest.json (queries)
qual foi o rendimento vgbl em maio /2026,DATA_MISSING,,,28d-to-2026-07-02,1,1,1,,,,data/bing-perf-latest.json (queries)
salario liquido com pensao alimenticia,DATA_MISSING,,,28d-to-2026-07-02,1,1,1,,,,data/bing-perf-latest.json (queries)
calculadora de haber jubilatorio,DATA_MISSING,,,28d-to-2026-07-02,1,1,1,,,,data/bing-perf-latest.json (queries)
consumo en wattsv,DATA_MISSING,,,28d-to-2026-07-02,1,1,1,,,,data/bing-perf-latest.json (queries)
cuantas libras de arroz para 160 personas,DATA_MISSING,,,28d-to-2026-07-02,1,1,1,,,,data/bing-perf-latest.json (queries)
convertir 1 bolsa de cemento a metro cubico,DATA_MISSING,,,28d-to-2026-07-02,1,1,1,,,,data/bing-perf-latest.json (queries)
anses proyeccion jubilacion,DATA_MISSING,,,28d-to-2026-07-02,1,1,1,,,,data/bing-perf-latest.json (queries)
valor del metro cuadrado de construcción en junio 2026 en neuquén capital,DATA_MISSING,,,28d-to-2026-07-02,1,1,1,,,,data/bing-perf-latest.json (queries)
cuanto me descuentan de infonavit si pido prestado 300 mil,DATA_MISSING,,,28d-to-2026-07-02,1,1,1,,,,data/bing-perf-latest.json (queries)
mariano gálvez cuantas veces puedo faltar,DATA_MISSING,,,28d-to-2026-07-02,1,1,1,,,,data/bing-perf-latest.json (queries)
que es el costo de construccion de camara de comerico argentina,DATA_MISSING,,,28d-to-2026-07-02,1,1,1,,,,data/bing-perf-latest.json (queries)
renta personas naturales 2026 colombia tarifas,DATA_MISSING,,,28d-to-2026-07-02,1,1,1,,,,data/bing-perf-latest.json (queries)
calculadora de diamantes de tik tok a monedas de dólares y euros,DATA_MISSING,,,28d-to-2026-07-02,1,1,1,,,,data/bing-perf-latest.json (queries)
jubilacion minima en colombia 2026,DATA_MISSING,,,28d-to-2026-07-02,1,1,1,,,,data/bing-perf-latest.json (queries)
cuenta falta para navidad jueves 25 de diciembre 2026,DATA_MISSING,,,28d-to-2026-07-02,1,1,1,,,,data/bing-perf-latest.json (queries)
fórmula de rentabilidad anualizada (cagr),DATA_MISSING,,,28d-to-2026-07-02,1,1,1,,,,data/bing-perf-latest.json (queries)
para una casa de gran alacant de 90m2 cual es el costo de la recogida de basura ?,DATA_MISSING,,,28d-to-2026-07-02,1,1,1,,,,data/bing-perf-latest.json (queries)
como convertir 10 meteos lineales a meteos cuadrados,DATA_MISSING,,,28d-to-2026-07-02,1,1,1,,,,data/bing-perf-latest.json (queries)
interés compuesto en 30 años ahorrando 100 dolares por mes en dolares,DATA_MISSING,,,28d-to-2026-07-02,1,1,1,,,,data/bing-perf-latest.json (queries)
calculadora de generaciones,DATA_MISSING,,,28d-to-2026-07-02,1,1,1,,,,data/bing-perf-latest.json (queries)
colombia :cuanto vale el m2 de venta  aprox en estrato 1 y 2,DATA_MISSING,,,28d-to-2026-07-02,1,1,1,,,,data/bing-perf-latest.json (queries)
cuantas millas son de we ilmingtonca a cocamonga un,DATA_MISSING,,,28d-to-2026-07-02,2,1,2,,,,data/bing-perf-latest.json (queries)
swolf bueno en 100 m,DATA_MISSING,,,28d-to-2026-07-02,2,1,2,,,,data/bing-perf-latest.json (queries)
calculadora de peso corporal para adolescentes,DATA_MISSING,,,28d-to-2026-07-02,2,1,2,,,,data/bing-perf-latest.json (queries)
calcular lifemailes,DATA_MISSING,,,28d-to-2026-07-02,2,1,2,,,,data/bing-perf-latest.json (queries)
a que hora llega el vuelo a budapest si sale a las 19.28 de tenerife,DATA_MISSING,,,28d-to-2026-07-02,2,1,2,,,,data/bing-perf-latest.json (queries)
simulador de renta vitalicia,DATA_MISSING,,,28d-to-2026-07-02,2,1,2,,,,data/bing-perf-latest.json (queries)
niveles de anemia con resultados de ferritina y ferro,DATA_MISSING,,,28d-to-2026-07-02,2,1,2,,,,data/bing-perf-latest.json (queries)
a cuánto equivale una canasta básica en mexico,DATA_MISSING,,,28d-to-2026-07-02,2,1,2,,,,data/bing-perf-latest.json (queries)
alicuotas caba 2026,DATA_MISSING,,,28d-to-2026-07-02,2,1,2,,,,data/bing-perf-latest.json (queries)
convertir metros lineales a m2,DATA_MISSING,,,28d-to-2026-07-02,2,1,2,,,,data/bing-perf-latest.json (queries)
calculadora de sacar cuenta,DATA_MISSING,,,28d-to-2026-07-02,3,1,3,,,,data/bing-perf-latest.json (queries)
cuanto cuesta un ciclo formativo en un instituto publico,DATA_MISSING,,,28d-to-2026-07-02,2,1,2,,,,data/bing-perf-latest.json (queries)
boleta y registro en escrituracion de vivienda nueva en colombia como se calcula,DATA_MISSING,,,28d-to-2026-07-02,2,1,2,,,,data/bing-perf-latest.json (queries)
cuántas calorías se queman en 1 hora de sexo,DATA_MISSING,,,28d-to-2026-07-02,2,1,2,,,,data/bing-perf-latest.json (queries)
renta mensual de una renta vitalicia de 240.000 euros,DATA_MISSING,,,28d-to-2026-07-02,2,1,2,,,,data/bing-perf-latest.json (queries)
calculadora lifemiles,DATA_MISSING,,,28d-to-2026-07-02,2,1,2,,,,data/bing-perf-latest.json (queries)
como se calcula en valor de una propiedad en uta.cl,DATA_MISSING,,,28d-to-2026-07-02,2,1,2,,,,data/bing-perf-latest.json (queries)
convenio de hostelería 2026 cuanto se paga la hora extra,DATA_MISSING,,,28d-to-2026-07-02,2,1,2,,,,data/bing-perf-latest.json (queries)
intereses por mora en creditos en colombia que tasa,DATA_MISSING,,,28d-to-2026-07-02,2,1,2,,,,data/bing-perf-latest.json (queries)
calculodel irpf para alquiler,DATA_MISSING,,,28d-to-2026-07-02,2,1,2,,,,data/bing-perf-latest.json (queries)
ladrillos 37.5x,DATA_MISSING,,,28d-to-2026-07-02,2,1,2,,,,data/bing-perf-latest.json (queries)
