url,slug,coleccion,sesiones_organico,sesiones_pago,sesiones_otro,total
/calculadora-imc,calculadora-imc,calcs,20,4491,149,4660
/calculadora-actualizacion-alquiler-icl,calculadora-actualizacion-alquiler-icl,calcs,18,1999,35,2052
/calculadora-indemnizacion-despido,calculadora-indemnizacion-despido,calcs,11,1658,41,1710
/calculadora-aguinaldo-sac,calculadora-aguinaldo-sac,calcs,13,1059,50,1122
/calculadora-liquidacion-final-renuncia,calculadora-liquidacion-final-renuncia,calcs,32,596,24,652
/calculadora-sexo-bebe-tabla-china,calculadora-sexo-bebe-tabla-china,calcs,4,456,8,468
/dias-entre-dos-fechas,dias-entre-dos-fechas,calcs,3,424,27,454
/calculadora-edad-exacta,calculadora-edad-exacta,calcs,8,426,18,452
/calculadora-impuesto-ganancias-sueldo,calculadora-impuesto-ganancias-sueldo,calcs,55,358,37,450
/calculadora-actualizacion-inflacion-ipc,calculadora-actualizacion-inflacion-ipc,calcs,93,288,17,398
/conversor-moneda-dolar-peso-real-latam,conversor-moneda-dolar-peso-real-latam,calcs,0,348,6,354
/calculadora-art-indemnizacion-tabla-incapacidad-laboral-permanente,calculadora-art-indemnizacion-tabla-incapacidad-laboral-permanente,calcs,1,337,4,342
/cl/calculadora-finiquito-chile-completo-causal-despido,calculadora-finiquito-chile-completo-causal-despido,calcs-cl,3,285,16,304
/calculadora-imc-infantil-percentil,calculadora-imc-infantil-percentil,calcs,2,226,9,237
/calculadora-porcentajes,calculadora-porcentajes,calcs,3,217,13,233
/calculadora-costo-m2-construccion-argentina,calculadora-costo-m2-construccion-argentina,calcs,133,45,49,227
/mx/calculadora-liquidacion-despido-mexico-3-meses-12-dias,calculadora-liquidacion-despido-mexico-3-meses-12-dias,calcs-mx,0,210,1,211
/calculadora-embarazo,calculadora-embarazo,calcs,3,195,6,204
/calculadora-transfer-auto-costo-registro,calculadora-transfer-auto-costo-registro,calcs,11,178,13,202
/conversor-pulgadas-centimetros-metros,conversor-pulgadas-centimetros-metros,calcs,4,178,7,189
/co/calculadora-prima-legal-colombia-30-dias-junio-diciembre,calculadora-prima-legal-colombia-30-dias-junio-diciembre,calcs-co,15,168,2,185
/calculadora-dias-vacaciones-ley,calculadora-dias-vacaciones-ley,calcs,3,167,13,183
/calculadora-sueldo-neto-a-bruto,calculadora-sueldo-neto-a-bruto,calcs,10,155,14,179
/calculadora-conversor-fahrenheit-a-celsius-horno,calculadora-conversor-fahrenheit-a-celsius-horno,calcs,15,153,9,177
/mx/calculadora-finiquito-mexico-completo-rescision-relacion,calculadora-finiquito-mexico-completo-rescision-relacion,calcs-mx,7,163,3,173
/calculadora-costo-impresion-3d-pieza,calculadora-costo-impresion-3d-pieza,calcs,0,169,2,171
/mx/calculadora-finiquito-liquidacion-mexico,calculadora-finiquito-liquidacion-mexico,calcs-mx,5,159,6,170
/calculadora-interes-judicial-tasa,calculadora-interes-judicial-tasa,calcs,97,40,23,160
/co/calculadora-aportes-arl-colombia-empleador-empleado-riesgo,calculadora-aportes-arl-colombia-empleador-empleado-riesgo,calcs-co,139,0,7,146
/calculadora-millas-avianca-lifemiles,calculadora-millas-avianca-lifemiles,calcs,132,2,10,144
/calculadora-fondo-desempleo-anses-monto-tiempo,calculadora-fondo-desempleo-anses-monto-tiempo,calcs,4,129,8,141
/calculadora-antiguedad-laboral,calculadora-antiguedad-laboral,calcs,73,63,4,140
/calculadora-interes-compuesto,calculadora-interes-compuesto,calcs,6,120,11,137
/calculadora-gastos-escritura-compra-inmueble,calculadora-gastos-escritura-compra-inmueble,calcs,3,130,3,136
/calculadora-combustible-viaje-auto,calculadora-combustible-viaje-auto,calcs,53,76,6,135
/calculadora-conversor-metros-lineales-a-metros-cuadrados,calculadora-conversor-metros-lineales-a-metros-cuadrados,calcs,121,2,6,129
/mx/calculadora-prima-antiguedad-mexico,calculadora-prima-antiguedad-mexico,calcs-mx,97,0,27,124
/calculadora-plazo-fijo,calculadora-plazo-fijo,calcs,10,94,11,115
/co/calculadora-recargo-dominical-festivo-colombia-2026,calculadora-recargo-dominical-festivo-colombia-2026,calcs-co,102,0,12,114
/calculadora-ovulacion-dias-fertiles,calculadora-ovulacion-dias-fertiles,calcs,3,108,1,112
/calculadora-edad-perro-anos-humanos,calculadora-edad-perro-anos-humanos,calcs,2,104,2,108
/sueldo-en-mano-argentina,sueldo-en-mano-argentina,calcs,15,74,18,107
/calculadora-patente-auto-provincia,calculadora-patente-auto-provincia,calcs,17,82,5,104
/calculadora-cuota-alimentaria-hijos,calculadora-cuota-alimentaria-hijos,calcs,0,101,1,102
/calculadora-edad-exacta-anos-meses-dias-segundos,calculadora-edad-exacta-anos-meses-dias-segundos,calcs,2,84,10,96
/calculadora-edad-en-semanas,calculadora-edad-en-semanas,calcs,1,91,4,96
/calculadora-iva-incluido-neto-discriminar,calculadora-iva-incluido-neto-discriminar,calcs,2,89,5,96
/calculadora-indice-masa-corporal-pediatrico,calculadora-indice-masa-corporal-pediatrico,calcs,13,79,0,92
/calculadora-siembra-calendario-argentina-zona,calculadora-siembra-calendario-argentina-zona,calcs,6,84,0,90
/co/calculadora-impuesto-industria-comercio-ica-colombia-municipios,calculadora-impuesto-industria-comercio-ica-colombia-municipios,calcs-co,68,0,22,90
/calculadora-sueldo-empleada-domestica-horas-retiro,calculadora-sueldo-empleada-domestica-horas-retiro,calcs,0,87,1,88
/calculadora-cuota-alimentaria-estimacion,calculadora-cuota-alimentaria-estimacion,calcs,12,68,5,85
/calculadora-filtrado-glomerular-tfg-creatinina,calculadora-filtrado-glomerular-tfg-creatinina,calcs,3,81,1,85
/calculadora-metabolismo-basal-bmr-tdee,calculadora-metabolismo-basal-bmr-tdee,calcs,1,80,3,84
/calculadora-impuesto-renta-colombia-persona-natural-2026,calculadora-impuesto-renta-colombia-persona-natural-2026,calcs,65,1,12,78
/co/calculadora-gastos-notariales-registro-compraventa-2026,calculadora-gastos-notariales-registro-compraventa-2026,calcs-co,65,0,13,78
/calculadora-carne-asado-kg-por-persona,calculadora-carne-asado-kg-por-persona,calcs,6,68,3,77
/calculadora-paritaria-uocra-construccion-2026-categoria,calculadora-paritaria-uocra-construccion-2026-categoria,calcs,3,70,1,74
/calculadora-vacaciones-argentina,calculadora-vacaciones-argentina,calcs,5,66,3,74
/calculadora-bebidas-evento-litros-por-persona,calculadora-bebidas-evento-litros-por-persona,calcs,19,52,3,74
/calculadora-cuota-alimentos-porcentaje-sueldo-hijo,calculadora-cuota-alimentos-porcentaje-sueldo-hijo,calcs,1,64,6,71
/calculadora-liquidacion-final-empleada-casa-particular-despido-art-49,calculadora-liquidacion-final-empleada-casa-particular-despido-art-49,calcs,2,64,5,71
/calculadora-aleatorio-numero-dado,calculadora-aleatorio-numero-dado,calcs,2,68,0,70
/calculadora-retencion-ganancias-rg-830,calculadora-retencion-ganancias-rg-830,calcs,44,12,14,70
/calculadora-generacion-perteneces,calculadora-generacion-perteneces,calcs,25,32,12,69
/es/calculadora-convenio-hosteleria-espana-sueldo-2026-categoria,calculadora-convenio-hosteleria-espana-sueldo-2026-categoria,calcs-es,63,0,5,68
/calculadora-aguinaldo-empleada-casa-particular-medio-tiempo-categoria,calculadora-aguinaldo-empleada-casa-particular-medio-tiempo-categoria,calcs,0,62,4,66
/calculadora-edad-gato-humano-formula-anos,calculadora-edad-gato-humano-formula-anos,calcs,1,62,1,64
/calculadora-calendario-ovulacion-ciclo-menstrual,calculadora-calendario-ovulacion-ciclo-menstrual,calcs,1,61,2,64
/calculadora-proteina-diaria-objetivo,calculadora-proteina-diaria-objetivo,calcs,4,57,2,63
/calculadora-talla-sosten-corpino,calculadora-talla-sosten-corpino,calcs,6,52,1,59
/calculadora-costo-peaje-ruta,calculadora-costo-peaje-ruta,calcs,27,25,7,59
/calculadora-agua-diaria-necesaria,calculadora-agua-diaria-necesaria,calcs,1,54,3,58
/calculadora-calorias-diarias-tdee,calculadora-calorias-diarias-tdee,calcs,4,49,5,58
/calculadora-mundial-2026-predictor-campeon-ranking,calculadora-mundial-2026-predictor-campeon-ranking,calcs,19,36,2,57
/calculadora-presion-atmosferica-altitud-barometrica,calculadora-presion-atmosferica-altitud-barometrica,calcs,51,0,5,56
/calculadora-horas-extra,calculadora-horas-extra,calcs,6,46,3,55
/calculadora-ladrillos-por-m2-construccion,calculadora-ladrillos-por-m2-construccion,calcs,38,16,1,55
/calculadora-numeros-romanos-conversor,calculadora-numeros-romanos-conversor,calcs,0,54,0,54
/calculadora-sueldo-gastronomico-uthgra-mozo-cocinero,calculadora-sueldo-gastronomico-uthgra-mozo-cocinero,calcs,2,48,3,53
/calculadora-resistencia-codigo-colores-4-5-bandas,calculadora-resistencia-codigo-colores-4-5-bandas,calcs,1,50,1,52
/calculadora-peso-ideal-ninos,calculadora-peso-ideal-ninos,calcs,14,35,2,51
/calculadora-comprar-anos-aportes-moratoria-previsional-cuotas,calculadora-comprar-anos-aportes-moratoria-previsional-cuotas,calcs,0,49,2,51
/calculadora-sueldo-por-hora,calculadora-sueldo-por-hora,calcs,28,19,3,50
/calculadora-millas-latam-destino,calculadora-millas-latam-destino,calcs,46,3,1,50
/calculadora-jubilacion-minima-anses,calculadora-jubilacion-minima-anses,calcs,3,46,1,50
/mx/calculadora-placas-auto-costo-mexico,calculadora-placas-auto-costo-mexico,calcs-mx,44,0,6,50
/mx/calculadora-salario-diario-integrado-sdi-mexico,calculadora-salario-diario-integrado-sdi-mexico,calcs-mx,43,1,5,49
/co/calculadora-sancion-extemporaneidad-dian-2026,calculadora-sancion-extemporaneidad-dian-2026,calcs-co,48,0,1,49
/calculadora-percentil-bebe-oms,calculadora-percentil-bebe-oms,calcs,2,46,0,48
/mx/calculadora-credito-infonavit-descuento,calculadora-credito-infonavit-descuento,calcs-mx,43,0,5,48
/mx/calculadora-pension-imss-ley-73-mexico,calculadora-pension-imss-ley-73-mexico,calcs-mx,43,0,4,47
/cl/calculadora-gratificacion-legal-chile-25-porcentaje-4-75-utm,calculadora-gratificacion-legal-chile-25-porcentaje-4-75-utm,calcs-cl,0,44,3,47
/calculadora-jubilacion-anses-monto-minimo-maxima-2026,calculadora-jubilacion-anses-monto-minimo-maxima-2026,calcs,20,22,4,46
/calculadora-neumaticos-medida-equivalente,calculadora-neumaticos-medida-equivalente,calcs,6,37,3,46
/co/calculadora-pension-colombia-2026-edad-semanas-cotizadas,calculadora-pension-colombia-2026-edad-semanas-cotizadas,calcs-co,15,24,6,45
/calculadora-pintura-paredes-habitacion-litros,calculadora-pintura-paredes-habitacion-litros,calcs,2,41,1,44
/co/calculadora-horas-extras-colombia-2026,calculadora-horas-extras-colombia-2026,calcs-co,40,0,4,44
/calculadora-feriados-argentina-2026-calendario,calculadora-feriados-argentina-2026-calendario,calcs,3,34,6,43
/calculadora-monotributo-2026,calculadora-monotributo-2026,calcs,6,33,4,43
/mx/calculadora-isn-impuesto-sobre-nominas-estado,calculadora-isn-impuesto-sobre-nominas-estado,calcs-mx,38,0,5,43
/co/calculadora-liquidacion-laboral-colombia-completa-cesantias,calculadora-liquidacion-laboral-colombia-completa-cesantias,calcs-co,12,31,0,43
/calculadora-asignacion-desempleo-seguro-prestacion-anses,calculadora-asignacion-desempleo-seguro-prestacion-anses,calcs,2,40,0,42
/calculadora-clearance-creatinina-cockcroft-gault,calculadora-clearance-creatinina-cockcroft-gault,calcs,14,24,4,42
/calculadora-presion-arterial-rango,calculadora-presion-arterial-rango,calcs,1,40,1,42
/calculadora-split-gastos-grupo-amigos,calculadora-split-gastos-grupo-amigos,calcs,1,40,0,41
/calculadora-cuota-prestamo,calculadora-cuota-prestamo,calcs,11,29,1,41
/co/calculadora-incapacidad-medica-eps-colombia,calculadora-incapacidad-medica-eps-colombia,calcs-co,39,0,2,41
/calculadora-colesterol-total-ldl-hdl-valores-deseables,calculadora-colesterol-total-ldl-hdl-valores-deseables,calcs,7,31,2,40
/calculadora-ganancia-neta-uber-conductor-argentina,calculadora-ganancia-neta-uber-conductor-argentina,calcs,4,25,11,40
/calculadora-credito-uva-cuota-actual,calculadora-credito-uva-cuota-actual,calcs,10,29,1,40
/cl/calculadora-pension-jubilacion-chile-edad-aportes-2026,calculadora-pension-jubilacion-chile-edad-aportes-2026,calcs-cl,6,33,1,40
/calculadora-consumo-nafta-litros-100km,calculadora-consumo-nafta-litros-100km,calcs,23,14,2,39
/calculadora-porcentaje-grasa-corporal,calculadora-porcentaje-grasa-corporal,calcs,0,37,2,39
/calculadora-consumo-electrico-kwh-factura-luz,calculadora-consumo-electrico-kwh-factura-luz,calcs,15,22,2,39
/calculadora-ingresos-brutos-provincial,calculadora-ingresos-brutos-provincial,calcs,28,4,7,39
/calculadora-aportes-patronales-empleado-registrado-cargas-sociales-2026,calculadora-aportes-patronales-empleado-registrado-cargas-sociales-2026,calcs,7,30,2,39
/calculadora-porcion-arroz-gramos-personas,calculadora-porcion-arroz-gramos-personas,calcs,27,12,0,39
/calculadora-inflacion-acumulada-periodo,calculadora-inflacion-acumulada-periodo,calcs,5,32,1,38
/calculadora-edad-humana-por-raza-perro,calculadora-edad-humana-por-raza-perro,calcs,0,37,1,38
/calculadora-sucesion-costo,calculadora-sucesion-costo,calcs,6,31,1,38
/calculadora-diferencia-horaria-ciudades-paises,calculadora-diferencia-horaria-ciudades-paises,calcs,0,34,3,37
/calculadora-litros-nafta-viaje-ruta-argentina,calculadora-litros-nafta-viaje-ruta-argentina,calcs,6,31,0,37
/calculadora-sueldo-camionero-fedcam-basico-adicionales,calculadora-sueldo-camionero-fedcam-basico-adicionales,calcs,2,32,3,37
/calculadora-pintura-por-m2-litros-latas,calculadora-pintura-por-m2-litros-latas,calcs,9,27,1,37
/calculadora-pension-viudez-porcentaje-conyuge,calculadora-pension-viudez-porcentaje-conyuge,calcs,0,36,1,37
/calculadora-cantidad-ladrillos-metro-cuadrado-pared,calculadora-cantidad-ladrillos-metro-cuadrado-pared,calcs,4,29,4,37
/calculadora-aumento-alquiler-trimestral-cuatrimestral-semestral,calculadora-aumento-alquiler-trimestral-cuatrimestral-semestral,calcs,2,27,8,37
/co/calculadora-salario-aprendiz-sena-2026,calculadora-salario-aprendiz-sena-2026,calcs-co,35,0,2,37
/calculadora-sueldo-docente-argentina-cargo-antiguedad,calculadora-sueldo-docente-argentina-cargo-antiguedad,calcs,1,34,1,36
/calculadora-jubilacion-docente-caba,calculadora-jubilacion-docente-caba,calcs,7,29,0,36
/calculadora-hemoglobina-glicosilada-a1c-glucosa,calculadora-hemoglobina-glicosilada-a1c-glucosa,calcs,22,14,0,36
/calculadora-impuesto-sellos-inmueble-contrato,calculadora-impuesto-sellos-inmueble-contrato,calcs,18,16,1,35
/co/calculadora-recibo-luz-codensa-epm-colombia-estrato,calculadora-recibo-luz-codensa-epm-colombia-estrato,calcs-co,33,0,2,35
/calculadora-gastos-escritura-compraventa,calculadora-gastos-escritura-compraventa,calcs,13,21,0,34
/co/calculadora-empleada-domestica-dias-colombia-2026,calculadora-empleada-domestica-dias-colombia-2026,calcs-co,33,0,1,34
/es/calculadora-renta-vitalicia-mayores-65-espana-fiscalidad,calculadora-renta-vitalicia-mayores-65-espana-fiscalidad,calcs-es,27,0,7,34
/calculadora-indice-bienestar-who5,calculadora-indice-bienestar-who5,calcs,32,0,1,33
/calculadora-presentismo-puntualidad,calculadora-presentismo-puntualidad,calcs,32,1,0,33
/cl/calculadora-pension-alimenticia-chile-padre-tribunal-familia,calculadora-pension-alimenticia-chile-padre-tribunal-familia,calcs-cl,12,21,0,33
/en/bmi-calculator,bmi-calculator,calcs-en,0,32,1,33
/calculadora-costo-supermercado-canasta-basica,calculadora-costo-supermercado-canasta-basica,calcs,10,16,6,32
/calculadora-esperanza-vida-gato-raza-indoor,calculadora-esperanza-vida-gato-raza-indoor,calcs,4,17,11,32
/calculadora-ciclo-menstrual,calculadora-ciclo-menstrual,calcs,18,8,6,32
/mx/calculadora-impuesto-cedular-arrendamiento-mexico,calculadora-impuesto-cedular-arrendamiento-mexico,calcs-mx,29,0,3,32
/cl/calculadora-impuesto-herencias-donaciones-chile-tabla,calculadora-impuesto-herencias-donaciones-chile-tabla,calcs-cl,25,4,2,31
/calculadora-consumo-combustible-km-litro,calculadora-consumo-combustible-km-litro,calcs,1,29,0,30
/calculadora-formula-citacion-apa,calculadora-formula-citacion-apa,calcs,2,24,4,30
/calculadora-framingham-riesgo-cardiovascular,calculadora-framingham-riesgo-cardiovascular,calcs,4,26,0,30
/calculadora-estimador-costo-viaje-taxi-remis,calculadora-estimador-costo-viaje-taxi-remis,calcs,18,10,2,30
/calculadora-horas-extras-50-100,calculadora-horas-extras-50-100,calcs,8,20,2,30
/cl/calculadora-tarifa-electrica-distribuidoras-chile-bt1-bt2-bt3,calculadora-tarifa-electrica-distribuidoras-chile-bt1-bt2-bt3,calcs-cl,25,0,5,30
/calculadora-ganancias-4ta-categoria-2026,calculadora-ganancias-4ta-categoria-2026,calcs,22,6,1,29
/mx/calculadora-imss-cuotas-empleado-patron-mexico-2026,calculadora-imss-cuotas-empleado-patron-mexico-2026,calcs-mx,26,0,3,29
/ec/calculadora-patente-municipal-ecuador,calculadora-patente-municipal-ecuador,calcs-ec,25,0,4,29
/calculadora-watts-fuente-alimentacion-pc,calculadora-watts-fuente-alimentacion-pc,calcs,14,13,1,28
/calculadora-sueldo-bruto-desde-neto,calculadora-sueldo-bruto-desde-neto,calcs,1,26,1,28
/co/calculadora-impuesto-timbre-nacional-colombia-2026,calculadora-impuesto-timbre-nacional-colombia-2026,calcs-co,26,1,1,28
/calculadora-tamano-tv-distancia-ideal-pulgadas,calculadora-tamano-tv-distancia-ideal-pulgadas,calcs,0,27,0,27
/calculadora-ganancias-aguinaldo-sac-retencion,calculadora-ganancias-aguinaldo-sac-retencion,calcs,19,5,3,27
/salario-minimo-vital-movil-argentina,salario-minimo-vital-movil-argentina,calcs,3,24,0,27
/calculadora-costo-financiero-total-cft,calculadora-costo-financiero-total-cft,calcs,3,21,3,27
/mx/calculadora-isr-honorarios-persona-fisica,calculadora-isr-honorarios-persona-fisica,calcs-mx,26,0,1,27
/ec/calculadora-jubilacion-iess-ecuador,calculadora-jubilacion-iess-ecuador,calcs-ec,27,0,0,27
/calculadora-ninera-hora-noche-fin-de-semana-tarifa,calculadora-ninera-hora-noche-fin-de-semana-tarifa,calcs,0,26,0,26
/calculadora-corte-optimo-tablero,calculadora-corte-optimo-tablero,calcs,21,5,0,26
/calculadora-rendimiento-masa-empanadas-cantidad,calculadora-rendimiento-masa-empanadas-cantidad,calcs,2,24,0,26
/calculadora-edad-jubilacion-anos-aporte,calculadora-edad-jubilacion-anos-aporte,calcs,3,22,1,26
/calculadora-monotributo-categoria-2026-recategorizacion-julio,calculadora-monotributo-categoria-2026-recategorizacion-julio,calcs,13,12,1,26
/calculadora-honorarios-abogado,calculadora-honorarios-abogado,calcs,21,4,1,26
/calculadora-paritaria-comercio-2026-aumento-acumulado,calculadora-paritaria-comercio-2026-aumento-acumulado,calcs,1,25,0,26
/calculadora-valuacion-fiscal-automotor-argentina,calculadora-valuacion-fiscal-automotor-argentina,calcs,7,13,5,25
/mx/calculadora-pension-imss-modalidad-40-mexico-aportacion,calculadora-pension-imss-modalidad-40-mexico-aportacion,calcs-mx,10,14,1,25
/ec/calculadora-prestamo-quirografario-iess-ecuador,calculadora-prestamo-quirografario-iess-ecuador,calcs-ec,24,0,1,25
/calculadora-fecha-probable-parto,calculadora-fecha-probable-parto,calcs,0,24,0,24
/calculadora-ganancias-empleados-4ta-categoria-2026,calculadora-ganancias-empleados-4ta-categoria-2026,calcs,10,13,1,24
/calculadora-salario-minimo-2026-comparativa,calculadora-salario-minimo-2026-comparativa,calcs,0,24,0,24
/calculadora-registro-dnrpa-auto-0km-arancel,calculadora-registro-dnrpa-auto-0km-arancel,calcs,4,17,3,24
/co/calculadora-recargo-nocturno-colombia-2026,calculadora-recargo-nocturno-colombia-2026,calcs-co,20,0,4,24
/cl/calculadora-uf-uta-utm-chile-conversion-pesos-2026,calculadora-uf-uta-utm-chile-conversion-pesos-2026,calcs-cl,18,5,1,24
/ec/calculadora-pension-alimenticia-ecuador,calculadora-pension-alimenticia-ecuador,calcs-ec,22,0,2,24
/calculadora-embargo-sueldo-porcentaje-maximo,calculadora-embargo-sueldo-porcentaje-maximo,calcs,6,15,2,23
/calculadora-alcohol-sangre-bac,calculadora-alcohol-sangre-bac,calcs,0,23,0,23
/calculadora-llegada-aeropuerto-minutos-vuelo,calculadora-llegada-aeropuerto-minutos-vuelo,calcs,21,0,2,23
/calculadora-inflacion-poder-compra,calculadora-inflacion-poder-compra,calcs,0,23,0,23
/calculadora-cuota-credito-hipotecario-uva-banco-nacion,calculadora-cuota-credito-hipotecario-uva-banco-nacion,calcs,1,21,1,23
/calculadora-deficit-calorico-perder-peso,calculadora-deficit-calorico-perder-peso,calcs,0,22,1,23
/calculadora-semanas-embarazo,calculadora-semanas-embarazo,calcs,13,9,1,23
/conversor-celsius-fahrenheit-temperatura,conversor-celsius-fahrenheit-temperatura,calcs,4,19,0,23
/calculadora-patente-ciclomotor-moto-argentina-costo,calculadora-patente-ciclomotor-moto-argentina-costo,calcs,7,12,4,23
/calculadora-area-perimetro-circulo-sector-circular,calculadora-area-perimetro-circulo-sector-circular,calcs,3,19,1,23
/mx/calculadora-canasta-basica-mexico-costo-mensual-familia,calculadora-canasta-basica-mexico-costo-mensual-familia,calcs-mx,17,0,6,23
/co/calculadora-salario-integral-colombia-2026,calculadora-salario-integral-colombia-2026,calcs-co,18,0,5,23
/calculadora-dni-pasaporte-costo-tramite-argentina,calculadora-dni-pasaporte-costo-tramite-argentina,calcs,1,21,0,22
/calculadora-mcd-mcm-maximo-divisor-minimo-multiplo,calculadora-mcd-mcm-maximo-divisor-minimo-multiplo,calcs,0,22,0,22
/calculadora-talla-anillo-dedo,calculadora-talla-anillo-dedo,calcs,1,19,2,22
/calculadora-sueldo-hora-extra-nocturna-feriado,calculadora-sueldo-hora-extra-nocturna-feriado,calcs,11,9,2,22
/es/calculadora-tasa-basura-municipios-espana-anual,calculadora-tasa-basura-municipios-espana-anual,calcs-es,21,0,1,22
/calculadora-cuenta-regresiva-dias-faltan,calculadora-cuenta-regresiva-dias-faltan,calcs,11,10,0,21
/calculadora-conversion-tna-tem-tea,calculadora-conversion-tna-tem-tea,calcs,9,8,4,21
/calculadora-monotributo-vs-responsable-inscripto,calculadora-monotributo-vs-responsable-inscripto,calcs,4,15,2,21
/calculadora-tasa-anual-equivalente-tea,calculadora-tasa-anual-equivalente-tea,calcs,1,19,1,21
/calculadora-horario-llegada-zona-horaria,calculadora-horario-llegada-zona-horaria,calcs,19,0,2,21
/calculadora-palabras-paginas-conversor,calculadora-palabras-paginas-conversor,calcs,18,1,2,21
/co/calculadora-tarjeta-credito-colombia-tasa-usura-cuota-pago-minimo,calculadora-tarjeta-credito-colombia-tasa-usura-cuota-pago-minimo,calcs-co,5,15,1,21
/pe/calculadora-soat-peru-precio,calculadora-soat-peru-precio,calcs-pe,16,0,5,21
/calculadora-ripte-actualizacion-jubilatoria-sueldo,calculadora-ripte-actualizacion-jubilatoria-sueldo,calcs,10,8,2,20
/calculadora-comparador-messi-vs-cristiano-goles-asistencias-titulos,calculadora-comparador-messi-vs-cristiano-goles-asistencias-titulos,calcs,14,2,4,20
/calculadora-conversor-milimetros-a-pulgadas,calculadora-conversor-milimetros-a-pulgadas,calcs,0,20,0,20
/calculadora-asignacion-familiar-hijo-anses-tramo,calculadora-asignacion-familiar-hijo-anses-tramo,calcs,0,18,2,20
/co/calculadora-vacaciones-colombia-15-dias-habiles-laborales,calculadora-vacaciones-colombia-15-dias-habiles-laborales,calcs-co,11,8,1,20
/calculadora-multa-transito-valor,calculadora-multa-transito-valor,calcs,0,18,1,19
/calculadora-ping-latencia-distancia,calculadora-ping-latencia-distancia,calcs,15,4,0,19
/calculadora-derechos-tv-mundial-2026-argentina-espana-mexico-brasil,calculadora-derechos-tv-mundial-2026-argentina-espana-mexico-brasil,calcs,17,0,2,19
/calculadora-divorcio-express-costo-argentina-honorarios,calculadora-divorcio-express-costo-argentina-honorarios,calcs,3,12,4,19
/calculadora-tiempo-coccion-legumbres-remojo,calculadora-tiempo-coccion-legumbres-remojo,calcs,3,9,7,19
/calculadora-progresar-beca-monto-requisitos-2026,calculadora-progresar-beca-monto-requisitos-2026,calcs,0,18,1,19
/calculadora-vacuna-calendario-nacional-anses,calculadora-vacuna-calendario-nacional-anses,calcs,0,18,1,19
/calculadora-duracion-bateria-mah-consumo,calculadora-duracion-bateria-mah-consumo,calcs,18,0,1,19
/calculadora-regla-de-tres-simple,calculadora-regla-de-tres-simple,calcs,0,17,2,19
/calculadora-becas-manuel-belgrano-monto,calculadora-becas-manuel-belgrano-monto,calcs,1,18,0,19
/calculadora-vacaciones-empleada-casa-particular-antiguedad-dias,calculadora-vacaciones-empleada-casa-particular-antiguedad-dias,calcs,0,19,0,19
/cl/calculadora-canasta-basica-mensual-chile-ine-2026,calculadora-canasta-basica-mensual-chile-ine-2026,calcs-cl,18,0,1,19
/es/calculadora-beca-comedor-escolar-espana-renta-umbrales,calculadora-beca-comedor-escolar-espana-renta-umbrales,calcs-es,18,0,1,19
/calculadora-imc-adultos-mayores-edad-tabla,calculadora-imc-adultos-mayores-edad-tabla,calcs,1,16,1,18
/calculadora-revoque-grueso-m3-m2,calculadora-revoque-grueso-m3-m2,calcs,6,12,0,18
/calculadora-nombre-bebe-significado,calculadora-nombre-bebe-significado,calcs,0,18,0,18
/calculadora-creatinina-funcion-renal,calculadora-creatinina-funcion-renal,calcs,6,10,2,18
/calculadora-edad-corregida-prematuro,calculadora-edad-corregida-prematuro,calcs,2,16,0,18
/calculadora-impuesto-cheque-debitos-creditos,calculadora-impuesto-cheque-debitos-creditos,calcs,10,3,5,18
/calculadora-paritaria-camioneros-2026-flete-larga-distancia,calculadora-paritaria-camioneros-2026-flete-larga-distancia,calcs,4,14,0,18
/mx/calculadora-infonavit-credito-mexico-puntaje-monto-2026,calculadora-infonavit-credito-mexico-puntaje-monto-2026,calcs-mx,11,4,3,18
/co/calculadora-cuenta-afc-ahorro-fomento-construccion-colombia,calculadora-cuenta-afc-ahorro-fomento-construccion-colombia,calcs-co,16,0,2,18
/ec/calculadora-licencia-maternidad-ecuador,calculadora-licencia-maternidad-ecuador,calcs-ec,14,0,4,18
/calculadora-peso-ideal,calculadora-peso-ideal,calcs,3,13,1,17
/calculadora-vtv-ruta-vencimiento-vigencia-meses,calculadora-vtv-ruta-vencimiento-vigencia-meses,calcs,0,16,1,17
/calculadora-sueldo-smata-mecanico-automotor-basico,calculadora-sueldo-smata-mecanico-automotor-basico,calcs,9,7,1,17
/calculadora-porciones-torta-tamano-molde,calculadora-porciones-torta-tamano-molde,calcs,14,2,1,17
/calculadora-semanas-gestacion-ecografia,calculadora-semanas-gestacion-ecografia,calcs,15,0,2,17
/calculadora-licencia-maternidad-paternidad,calculadora-licencia-maternidad-paternidad,calcs,8,8,1,17
/calculadora-autonomia-tanque-combustible,calculadora-autonomia-tanque-combustible,calcs,14,1,2,17
/calculadora-porcentaje-de-numero-calculadora,calculadora-porcentaje-de-numero-calculadora,calcs,0,17,0,17
/calculadora-aumento-peso-recomendado-embarazo,calculadora-aumento-peso-recomendado-embarazo,calcs,1,16,0,17
/mx/calculadora-predial-cdmx-mexico,calculadora-predial-cdmx-mexico,calcs-mx,17,0,0,17
/co/calculadora-salario-minimo-colombia-2026-auxilio-transporte,calculadora-salario-minimo-colombia-2026-auxilio-transporte,calcs-co,10,7,0,17
/es/calculadora-convenio-comercio-espana-sueldo-categoria-2026,calculadora-convenio-comercio-espana-sueldo-categoria-2026,calcs-es,15,0,2,17
/calculadora-sueldo-policia-federal-grado-antiguedad,calculadora-sueldo-policia-federal-grado-antiguedad,calcs,1,13,2,16
/calculadora-compatibilidad-nombres,calculadora-compatibilidad-nombres,calcs,11,5,0,16
/calculadora-indemnizacion-despido-fuerza-mayor-art-247-lct,calculadora-indemnizacion-despido-fuerza-mayor-art-247-lct,calcs,1,12,3,16
/calculadora-cedear-precio-teorico-ratio-conversion,calculadora-cedear-precio-teorico-ratio-conversion,calcs,8,3,5,16
/calculadora-puntos-amex-membership-rewards,calculadora-puntos-amex-membership-rewards,calcs,16,0,0,16
/conversor-kilogramos-libras-onzas,conversor-kilogramos-libras-onzas,calcs,0,15,1,16
/calculadora-iluminacion-lux-lumens-ambiente,calculadora-iluminacion-lux-lumens-ambiente,calcs,2,14,0,16
/calculadora-uber-didi-cabify-comparativa-ciudad,calculadora-uber-didi-cabify-comparativa-ciudad,calcs,5,9,2,16
/calculadora-ajuste-sueldo-inflacion,calculadora-ajuste-sueldo-inflacion,calcs,4,11,1,16
/calculadora-velocidad-internet-mbps-real,calculadora-velocidad-internet-mbps-real,calcs,1,7,8,16
/calculadora-percentil-ecografia,calculadora-percentil-ecografia,calcs,6,9,1,16
/calculadora-mundial-2026-bonus-jugador-fase,calculadora-mundial-2026-bonus-jugador-fase,calcs,5,10,1,16
/calculadora-calefon-termotanque-litros-personas,calculadora-calefon-termotanque-litros-personas,calcs,8,1,7,16
/calculadora-dias-juntos-pareja,calculadora-dias-juntos-pareja,calcs,2,12,2,16
/calculadora-gas-natural-consumo-m3,calculadora-gas-natural-consumo-m3,calcs,2,13,1,16
/co/calculadora-aporte-fondo-solidaridad-pension-fsp-colombia,calculadora-aporte-fondo-solidaridad-pension-fsp-colombia,calcs-co,13,0,3,16
/co/calculadora-canasta-familiar-colombia-dane-mes,calculadora-canasta-familiar-colombia-dane-mes,calcs-co,14,0,2,16
/co/calculadora-licencia-paternidad-colombia-2-semanas,calculadora-licencia-paternidad-colombia-2-semanas,calcs-co,15,1,0,16
/calculadora-indice-asistencia-faltas,calculadora-indice-asistencia-faltas,calcs,12,1,2,15
/calculadora-antiguedad-auto-amortizacion,calculadora-antiguedad-auto-amortizacion,calcs,7,6,2,15
/calculadora-leche-formula-biberon-cantidad-peso-bebe,calculadora-leche-formula-biberon-cantidad-peso-bebe,calcs,1,13,1,15
/calculadora-bloques-hormigon-por-m2-pared,calculadora-bloques-hormigon-por-m2-pared,calcs,0,11,4,15
/calculadora-conexion-vuelo-minimo-minutos,calculadora-conexion-vuelo-minimo-minutos,calcs,13,0,2,15
/calculadora-stream-bitrate-calidad,calculadora-stream-bitrate-calidad,calcs,14,0,1,15
/calculadora-ropa-maleta-dias-viaje,calculadora-ropa-maleta-dias-viaje,calcs,11,2,2,15
/calculadora-vitamina-d-deficiencia-suplementacion-dosis-edad,calculadora-vitamina-d-deficiencia-suplementacion-dosis-edad,calcs,0,15,0,15
/calculadora-peso-objetivo-competicion,calculadora-peso-objetivo-competicion,calcs,1,14,0,15
/calculadora-gestacion-perro-gato-duracion-parto,calculadora-gestacion-perro-gato-duracion-parto,calcs,0,15,0,15
/calculadora-edad-metabolica,calculadora-edad-metabolica,calcs,1,14,0,15
/calculadora-sucesion-costo-honorarios-abogado-inmueble,calculadora-sucesion-costo-honorarios-abogado-inmueble,calcs,6,6,3,15
/calculadora-pension-no-contributiva-madre-7-hijos-anses-2026,calculadora-pension-no-contributiva-madre-7-hijos-anses-2026,calcs,1,14,0,15
/co/calculadora-comparendos-transito-colombia-2026,calculadora-comparendos-transito-colombia-2026,calcs-co,12,0,3,15
/co/calculadora-tasa-interes-mora-colombia-tarjeta-credito-2026,calculadora-tasa-interes-mora-colombia-tarjeta-credito-2026,calcs-co,14,0,1,15
/cl/calculadora-aporte-mutual-empresa-chile-trabajador-tasa-base,calculadora-aporte-mutual-empresa-chile-trabajador-tasa-base,calcs-cl,13,0,2,15
/es/calculadora-fp-grado-medio-superior-precio-publica-privada,calculadora-fp-grado-medio-superior-precio-publica-privada,calcs-es,9,0,6,15
/calculadora-resistencia-paralelo-serie,calculadora-resistencia-paralelo-serie,calcs,0,14,0,14
/calculadora-envejecer-mascota-humano-tabla-raza-tamano,calculadora-envejecer-mascota-humano-tabla-raza-tamano,calcs,7,6,1,14
/calculadora-dioptrias-receta-optica,calculadora-dioptrias-receta-optica,calcs,8,6,0,14
/calculadora-raiz-cuadrada-cubica,calculadora-raiz-cuadrada-cubica,calcs,0,12,2,14
/calculadora-costo-laboral-total-empleador-cargas,calculadora-costo-laboral-total-empleador-cargas,calcs,1,11,2,14
/calculadora-autonomia-ups-tiempo-respaldo-servidor,calculadora-autonomia-ups-tiempo-respaldo-servidor,calcs,11,0,3,14
/calculadora-mundial-2026-comparador-selecciones-ranking,calculadora-mundial-2026-comparador-selecciones-ranking,calcs,8,6,0,14
/conversor-tazas-gramos-cocina-recetas,conversor-tazas-gramos-cocina-recetas,calcs,1,13,0,14
/calculadora-licencia-conducir-costo-categoria-b1-a,calculadora-licencia-conducir-costo-categoria-b1-a,calcs,0,14,0,14
/calculadora-conversion-millas-kilometros-nudos-velocidad,calculadora-conversion-millas-kilometros-nudos-velocidad,calcs,0,14,0,14
/conversor-dolar-argentina,conversor-dolar-argentina,calcs,3,8,3,14
/calculadora-watts-consumo-electrico-aparato-hora,calculadora-watts-consumo-electrico-aparato-hora,calcs,11,2,1,14
/calculadora-biodegradacion-tiempo-materiales,calculadora-biodegradacion-tiempo-materiales,calcs,14,0,0,14
/calculadora-love-calculator,calculadora-love-calculator,calcs,3,9,2,14
/calculadora-vtv-costo-provincia-2026,calculadora-vtv-costo-provincia-2026,calcs,4,10,0,14
/calculadora-memoria-fotos-capacidad,calculadora-memoria-fotos-capacidad,calcs,14,0,0,14
/calculadora-bienes-personales-simulacion-rapida-2026,calculadora-bienes-personales-simulacion-rapida-2026,calcs,0,12,2,14
/calculadora-potencia-electrica-watts,calculadora-potencia-electrica-watts,calcs,3,11,0,14
/mx/calculadora-coste-funeral-mexico-promedio-2026-paquetes,calculadora-coste-funeral-mexico-promedio-2026-paquetes,calcs-mx,9,0,5,14
/cl/calculadora-fondos-mutuos-chile-rentabilidad-comparativa-2026,calculadora-fondos-mutuos-chile-rentabilidad-comparativa-2026,calcs-cl,9,0,5,14
/cl/calculadora-impuesto-territorial-contribuciones-bienes-raices-chile,calculadora-impuesto-territorial-contribuciones-bienes-raices-chile,calcs-cl,10,3,1,14
/en/severance-calculator-argentina,severance-calculator-argentina,calcs-en,0,11,3,14
/calculadora-deficit-calorico-semanal,calculadora-deficit-calorico-semanal,calcs,0,12,1,13
/calculadora-art-prestacion-dineraria-ilt-dias-pago-incapacidad-temporaria,calculadora-art-prestacion-dineraria-ilt-dias-pago-incapacidad-temporaria,calcs,5,5,3,13
/calculadora-indice-glucemico-por-alimento,calculadora-indice-glucemico-por-alimento,calcs,0,11,2,13
/calculadora-metros-cuadrados-habitacion,calculadora-metros-cuadrados-habitacion,calcs,2,11,0,13
/calculadora-proteina-gramos-por-peso-actividad,calculadora-proteina-gramos-por-peso-actividad,calcs,0,12,1,13
/calculadora-costo-receta-precio-por-porcion,calculadora-costo-receta-precio-por-porcion,calcs,1,12,0,13
/calculadora-descuento-porcentaje-precio,calculadora-descuento-porcentaje-precio,calcs,0,13,0,13
/calculadora-asignacion-familiar-empleado-registrado-anses,calculadora-asignacion-familiar-empleado-registrado-anses,calcs,2,3,8,13
/calculadora-zona2-cardio-frecuencia-edad-vo2max,calculadora-zona2-cardio-frecuencia-edad-vo2max,calcs,7,5,1,13
/calculadora-canasta-basica-hogar-inec-gasto-mensual,calculadora-canasta-basica-hogar-inec-gasto-mensual,calcs,0,13,0,13
/calculadora-cuanto-falta-aguinaldo-junio-diciembre,calculadora-cuanto-falta-aguinaldo-junio-diciembre,calcs,0,13,0,13
/calculadora-bienes-personales-2026,calculadora-bienes-personales-2026,calcs,4,8,1,13
/calculadora-peso-saludable-adolescente-imc-juvenil,calculadora-peso-saludable-adolescente-imc-juvenil,calcs,0,10,3,13
/calculadora-test-embarazo-cuando,calculadora-test-embarazo-cuando,calcs,6,1,6,13
/calculadora-pace-ritmo-running,calculadora-pace-ritmo-running,calcs,4,9,0,13
/calculadora-conversion-base-decimal-binario-hexa,calculadora-conversion-base-decimal-binario-hexa,calcs,1,12,0,13
/calculadora-tamano-aire-acondicionado-btu-habitacion,calculadora-tamano-aire-acondicionado-btu-habitacion,calcs,0,13,0,13
/co/calculadora-interes-mora-dian-colombia-2026,calculadora-interes-mora-dian-colombia-2026,calcs-co,10,0,3,13
/cl/calculadora-permiso-postnatal-chile-12-semanas-extension,calculadora-permiso-postnatal-chile-12-semanas-extension,calcs-cl,9,3,1,13
/ec/calculadora-vacaciones-ecuador,calculadora-vacaciones-ecuador,calcs-ec,11,0,2,13
/ec/calculadora-credito-hipotecario-biess-ecuador,calculadora-credito-hipotecario-biess-ecuador,calcs-ec,12,0,1,13
/es/calculadora-tipo-marginal-irpf-espana-2026-tramos-rapido,calculadora-tipo-marginal-irpf-espana-2026-tramos-rapido,calcs-es,12,0,1,13
/es/calculadora-impuesto-matriculacion-iedmt-coche-espana,calculadora-impuesto-matriculacion-iedmt-coche-espana,calcs-es,8,1,4,13
/es/calculadora-modelo-145-irpf-situacion-familiar-nomina,calculadora-modelo-145-irpf-situacion-familiar-nomina,calcs-es,11,0,2,13
/calculadora-ahorro-meta-mensual,calculadora-ahorro-meta-mensual,calcs,5,4,3,12
/calculadora-conversion-cups-gramos-harina-azucar-aceite,calculadora-conversion-cups-gramos-harina-azucar-aceite,calcs,1,4,7,12
/calculadora-fertilidad-masculina-edad,calculadora-fertilidad-masculina-edad,calcs,1,3,8,12
/calculadora-levadura-fermentacion-pizza-pan,calculadora-levadura-fermentacion-pizza-pan,calcs,0,12,0,12
/calculadora-sueno-bebe-horas,calculadora-sueno-bebe-horas,calcs,2,9,1,12
/calculadora-peso-ideal-embarazo-imc-previo,calculadora-peso-ideal-embarazo-imc-previo,calcs,0,11,1,12
/calculadora-precio-dolar-producto,calculadora-precio-dolar-producto,calcs,0,12,0,12
/calculadora-millaje-frecuente-aerolineas-argentinas-programas,calculadora-millaje-frecuente-aerolineas-argentinas-programas,calcs,5,6,1,12
/calculadora-pisos-ceramicos-porcellanato-cajas,calculadora-pisos-ceramicos-porcellanato-cajas,calcs,0,12,0,12
/calculadora-gestacion-perra,calculadora-gestacion-perra,calcs,1,9,2,12
/calculadora-conversor-kw-a-hp,calculadora-conversor-kw-a-hp,calcs,0,12,0,12
/calculadora-revoque-cemento-cal-arena,calculadora-revoque-cemento-cal-arena,calcs,6,4,2,12
/calculadora-ventilacion-renovaciones-aire-hora,calculadora-ventilacion-renovaciones-aire-hora,calcs,11,0,1,12
/calculadora-proteina-por-comida-absorcion,calculadora-proteina-por-comida-absorcion,calcs,7,3,2,12
/calculadora-tiempo-lectura-paginas-estudio,calculadora-tiempo-lectura-paginas-estudio,calcs,12,0,0,12
/es/calculadora-plusvalia-municipal-iivtnu-espana,calculadora-plusvalia-municipal-iivtnu-espana,calcs-es,6,0,6,12
/en/pregnancy-week-calculator,pregnancy-week-calculator,calcs-en,0,12,0,12
/calculadora-calorias-caminando,calculadora-calorias-caminando,calcs,6,5,0,11
/calculadora-arroz-agua-proporcion-coccion,calculadora-arroz-agua-proporcion-coccion,calcs,6,3,2,11
/calculadora-vacunas-gato-calendario-gatito,calculadora-vacunas-gato-calendario-gatito,calcs,1,10,0,11
/calculadora-interes-simple-capital-tiempo-tasa,calculadora-interes-simple-capital-tiempo-tasa,calcs,0,9,2,11
/calculadora-podar-rosal-cuando-fecha,calculadora-podar-rosal-cuando-fecha,calcs,0,11,0,11
/calculadora-tarjeta-credito-pago-minimo-intereses,calculadora-tarjeta-credito-pago-minimo-intereses,calcs,0,11,0,11
/calculadora-indice-cintura-altura-whtr-riesgo,calculadora-indice-cintura-altura-whtr-riesgo,calcs,1,9,1,11
/calculadora-calorias-subir-escaleras-pisos,calculadora-calorias-subir-escaleras-pisos,calcs,10,1,0,11
/calculadora-edad-en-dias,calculadora-edad-en-dias,calcs,0,11,0,11
/calculadora-consumo-electrico-aparato-kwh-mes,calculadora-consumo-electrico-aparato-kwh-mes,calcs,1,10,0,11
/calculadora-nivel-estres-percibido,calculadora-nivel-estres-percibido,calcs,0,11,0,11
/calculadora-hidratacion-diaria-personalizada,calculadora-hidratacion-diaria-personalizada,calcs,2,8,1,11
/calculadora-conversion-quintal-tonelada-kg-agro,calculadora-conversion-quintal-tonelada-kg-agro,calcs,11,0,0,11
/calculadora-conversion-medidas-cocina-tazas-gramos,calculadora-conversion-medidas-cocina-tazas-gramos,calcs,0,10,1,11
/calculadora-colesterol-ldl-hdl-ratio,calculadora-colesterol-ldl-hdl-ratio,calcs,1,10,0,11
/calculadora-vo2max-test-cooper-12-minutos,calculadora-vo2max-test-cooper-12-minutos,calcs,0,7,4,11
/calculadora-conversor-mb-a-gb,calculadora-conversor-mb-a-gb,calcs,3,1,7,11
/calculadora-temperatura-corporal-fiebre,calculadora-temperatura-corporal-fiebre,calcs,0,11,0,11
/co/calculadora-impuesto-consumo-licores-colombia-cerveza-vino,calculadora-impuesto-consumo-licores-colombia-cerveza-vino,calcs-co,11,0,0,11
/co/calculadora-cesantias-colombia-12-porciento-anual,calculadora-cesantias-colombia-12-porciento-anual,calcs-co,7,4,0,11
/co/calculadora-comparativa-banco-comisiones-colombia-2026,calculadora-comparativa-banco-comisiones-colombia-2026,calcs-co,3,0,8,11
/cl/calculadora-credito-aval-cae-chile-deuda-final-promedio,calculadora-credito-aval-cae-chile-deuda-final-promedio,calcs-cl,7,4,0,11
/cl/calculadora-isapre-cotizacion-chile-7-porcentaje-plan,calculadora-isapre-cotizacion-chile-7-porcentaje-plan,calcs-cl,10,0,1,11
/es/calculadora-dependencia-grado-prestacion-espana-2026,calculadora-dependencia-grado-prestacion-espana-2026,calcs-es,9,0,2,11
/calculadora-conversion-metro-pie-feet-exacto,calculadora-conversion-metro-pie-feet-exacto,calcs,0,10,0,10
/calculadora-hierro-ferritina-anemia-diagnostico,calculadora-hierro-ferritina-anemia-diagnostico,calcs,5,5,0,10
/calculadora-deuda-tarjeta-pago-minimo-meses,calculadora-deuda-tarjeta-pago-minimo-meses,calcs,1,9,0,10
/calculadora-area-perimetro-figuras,calculadora-area-perimetro-figuras,calcs,1,5,4,10
/calculadora-contracciones-parto,calculadora-contracciones-parto,calcs,1,7,2,10
/calculadora-rentabilidad-alquiler-inmueble-caba-neto-bruto,calculadora-rentabilidad-alquiler-inmueble-caba-neto-bruto,calcs,1,8,1,10
/calculadora-superficie-quemadura-regla-nueves,calculadora-superficie-quemadura-regla-nueves,calcs,9,0,1,10
/calculadora-cupos-copa-libertadores-pais-conmebol,calculadora-cupos-copa-libertadores-pais-conmebol,calcs,4,6,0,10
/calculadora-creatina-dosis-peso-carga-mantenimiento,calculadora-creatina-dosis-peso-carga-mantenimiento,calcs,1,9,0,10
/calculadora-conversor-kilogramos-a-libras,calculadora-conversor-kilogramos-a-libras,calcs,0,9,1,10
/calculadora-riesgo-cardiovascular-framingham,calculadora-riesgo-cardiovascular-framingham,calcs,1,7,2,10
/calculadora-promedio-notas-universidad,calculadora-promedio-notas-universidad,calcs,1,9,0,10
/calculadora-ancho-banda-descarga-tiempo,calculadora-ancho-banda-descarga-tiempo,calcs,9,0,1,10
/calculadora-arboles-compensar-co2-huella,calculadora-arboles-compensar-co2-huella,calcs,9,0,1,10
/calculadora-comision-doordash-rappi-pedidosya-restaurante-2026,calculadora-comision-doordash-rappi-pedidosya-restaurante-2026,calcs,4,0,6,10
/calculadora-tanque-agua-litros-personas,calculadora-tanque-agua-litros-personas,calcs,9,0,1,10
/calculadora-asignacion-discapacidad-pensionado,calculadora-asignacion-discapacidad-pensionado,calcs,1,8,1,10
/calculadora-cable-awg-amperaje-seccion,calculadora-cable-awg-amperaje-seccion,calcs,5,5,0,10
/calculadora-presion-neumaticos-psi-bar,calculadora-presion-neumaticos-psi-bar,calcs,4,5,1,10
/calculadora-tamano-imagen-pixeles-megapixeles,calculadora-tamano-imagen-pixeles-megapixeles,calcs,10,0,0,10
/mx/calculadora-isr-mensual-empleados-subsidio-empleo-mexico,calculadora-isr-mensual-empleados-subsidio-empleo-mexico,calcs-mx,9,0,1,10
/co/calculadora-monotributo-colombia-pequenos-comercios,calculadora-monotributo-colombia-pequenos-comercios,calcs-co,8,0,2,10
/co/calculadora-impuesto-vehiculos-bogota-2026-tabla,calculadora-impuesto-vehiculos-bogota-2026-tabla,calcs-co,6,4,0,10
/co/calculadora-credito-libranza-colombia-empleado-cuota-tasa,calculadora-credito-libranza-colombia-empleado-cuota-tasa,calcs-co,10,0,0,10
/cl/calculadora-iva-chile-19-porciento-tarifa-general,calculadora-iva-chile-19-porciento-tarifa-general,calcs-cl,0,10,0,10
/en/blood-oxygen-saturation-spo2-altitude,blood-oxygen-saturation-spo2-altitude,calcs-en,10,0,0,10
/calculadora-yeso-cielorraso-placas-m2,calculadora-yeso-cielorraso-placas-m2,calcs,1,8,0,9
/calculadora-cuantos-dias-faltan-Navidad-2026,calculadora-cuantos-dias-faltan-Navidad-2026,calcs,3,0,6,9
/calculadora-costo-por-kilometro-auto,calculadora-costo-por-kilometro-auto,calcs,1,5,3,9
/calculadora-calorias-bebida-alcoholica,calculadora-calorias-bebida-alcoholica,calcs,6,1,2,9
/calculadora-dolar-blue-vs-oficial-brecha,calculadora-dolar-blue-vs-oficial-brecha,calcs,1,7,1,9
/calculadora-hora-mundo-zona-horaria,calculadora-hora-mundo-zona-horaria,calcs,0,9,0,9
/calculadora-licencia-maternidad-anses-90-dias-extension,calculadora-licencia-maternidad-anses-90-dias-extension,calcs,3,6,0,9
/calculadora-conversor-gramos-a-onzas,calculadora-conversor-gramos-a-onzas,calcs,0,9,0,9
/calculadora-costo-fiv-argentina,calculadora-costo-fiv-argentina,calcs,9,0,0,9
/calculadora-asado-kg-por-persona-cortes-tira-vacio-pollo,calculadora-asado-kg-por-persona-cortes-tira-vacio-pollo,calcs,1,7,1,9
/calculadora-desalojo-causa-plazos-honorarios-juicio,calculadora-desalojo-causa-plazos-honorarios-juicio,calcs,8,1,0,9
/calculadora-palabras-por-pagina-trabajo,calculadora-palabras-por-pagina-trabajo,calcs,5,0,4,9
/calculadora-grasa-corporal-pliegues,calculadora-grasa-corporal-pliegues,calcs,2,7,0,9
/calculadora-riesgo-burnout-laboral,calculadora-riesgo-burnout-laboral,calcs,0,9,0,9
/calculadora-azulejos-baldosas-metros-cuadrados-cantidad,calculadora-azulejos-baldosas-metros-cuadrados-cantidad,calcs,3,6,0,9
/calculadora-lana-tejer-prenda-agujas,calculadora-lana-tejer-prenda-agujas,calcs,2,7,0,9
/calculadora-cemento-arena-piedra-por-m3-hormigon,calculadora-cemento-arena-piedra-por-m3-hormigon,calcs,4,3,2,9
/calculadora-divisor-tension-resistivo,calculadora-divisor-tension-resistivo,calcs,0,8,1,9
/calculadora-sueldo-neto-chile-2026,calculadora-sueldo-neto-chile-2026,calcs,1,8,0,9
/calculadora-plazo-prescripcion-deuda,calculadora-plazo-prescripcion-deuda,calcs,4,0,5,9
/calculadora-estatura-adulta-hijo,calculadora-estatura-adulta-hijo,calcs,2,6,1,9
/calculadora-mcm-mcd-minimo-comun-multiplo,calculadora-mcm-mcd-minimo-comun-multiplo,calcs,0,8,1,9
/calculadora-amortizacion-prestamo-frances-aleman,calculadora-amortizacion-prestamo-frances-aleman,calcs,2,6,1,9
/mx/calculadora-peso-dolar-tipo-cambio-mexico,calculadora-peso-dolar-tipo-cambio-mexico,calcs-mx,0,9,0,9
/mx/calculadora-recargos-actualizacion-sat-mexico-2026,calculadora-recargos-actualizacion-sat-mexico-2026,calcs-mx,7,0,2,9
/co/calculadora-impuesto-sucesiones-herencia-colombia-2026,calculadora-impuesto-sucesiones-herencia-colombia-2026,calcs-co,6,0,3,9
/co/calculadora-licencia-maternidad-colombia-18-semanas,calculadora-licencia-maternidad-colombia-18-semanas,calcs-co,6,3,0,9
/cl/calculadora-impuesto-renta-segunda-categoria-chile-2026-tabla,calculadora-impuesto-renta-segunda-categoria-chile-2026-tabla,calcs-cl,7,0,2,9
/ec/calculadora-licencia-paternidad-ecuador,calculadora-licencia-paternidad-ecuador,calcs-ec,9,0,0,9
/es/calculadora-jubilacion-espana-2026-pension-anos-cotizados,calculadora-jubilacion-espana-2026-pension-anos-cotizados,calcs-es,1,5,3,9
/es/calculadora-bonos-estado-espana-rentabilidad-vencimiento,calculadora-bonos-estado-espana-rentabilidad-vencimiento,calcs-es,5,0,4,9
/es/calculadora-irpf-capital-mobiliario-intereses-dividendos-espana,calculadora-irpf-capital-mobiliario-intereses-dividendos-espana,calcs-es,8,0,1,9
/es/calculadora-modelo-100-irpf-declaracion-anual-espana,calculadora-modelo-100-irpf-declaracion-anual-espana,calcs-es,9,0,0,9
/calculadora-mundial-2026-en-que-canal-pasan-el-partido-por-pais,calculadora-mundial-2026-en-que-canal-pasan-el-partido-por-pais,calcs,1,0,7,8
/calculadora-costo-medianera-muro-lindero,calculadora-costo-medianera-muro-lindero,calcs,8,0,0,8
/calculadora-financiacion-auto-cuota-prendario,calculadora-financiacion-auto-cuota-prendario,calcs,3,4,1,8
/calculadora-costo-hora-empleado-real,calculadora-costo-hora-empleado-real,calcs,0,7,1,8
/calculadora-costo-laboral-empleado,calculadora-costo-laboral-empleado,calcs,3,4,1,8
/calculadora-modelismo-pintura-figuras-tiempo-warhammer-citadel,calculadora-modelismo-pintura-figuras-tiempo-warhammer-citadel,calcs,1,0,7,8
/calculadora-vtv-vencimiento-turno,calculadora-vtv-vencimiento-turno,calcs,1,6,1,8
/calculadora-mortero-juntas-ladrillos-m2-pared,calculadora-mortero-juntas-ladrillos-m2-pared,calcs,4,4,0,8
/calculadora-leche-materna-formula,calculadora-leche-materna-formula,calcs,4,4,0,8
/calculadora-distancia-recorrida-futbol-jugador,calculadora-distancia-recorrida-futbol-jugador,calcs,4,0,4,8
/calculadora-matrimonio-civil-costo-tramite-argentina,calculadora-matrimonio-civil-costo-tramite-argentina,calcs,4,4,0,8
/calculadora-energia-pc-gaming-costo-mes,calculadora-energia-pc-gaming-costo-mes,calcs,7,1,0,8
/calculadora-citas-bibliograficas-formato-apa,calculadora-citas-bibliograficas-formato-apa,calcs,1,7,0,8
/calculadora-dias-laborables-habiles-entre-fechas,calculadora-dias-laborables-habiles-entre-fechas,calcs,0,5,3,8
/conversor-metros-cuadrados-hectareas-acres,conversor-metros-cuadrados-hectareas-acres,calcs,0,8,0,8
/calculadora-seguro-caucion-alquiler-costo-mensual,calculadora-seguro-caucion-alquiler-costo-mensual,calcs,8,0,0,8
/calculadora-tarjeta-credito-pago-minimo-costo-real,calculadora-tarjeta-credito-pago-minimo-costo-real,calcs,0,4,4,8
/calculadora-dias-vacaciones-ganadas-antiguedad-lct,calculadora-dias-vacaciones-ganadas-antiguedad-lct,calcs,0,7,1,8
/calculadora-configuracion-pc-bottleneck,calculadora-configuracion-pc-bottleneck,calcs,0,8,0,8
/calculadora-beta-hcg,calculadora-beta-hcg,calcs,4,2,2,8
/calculadora-honorarios-escribano-caba-compraventa,calculadora-honorarios-escribano-caba-compraventa,calcs,4,3,1,8
/calculadora-comparar-nafta-vs-gnc-ahorro,calculadora-comparar-nafta-vs-gnc-ahorro,calcs,3,5,0,8
/calculadora-consumo-electricidad-electrodomestico,calculadora-consumo-electricidad-electrodomestico,calcs,4,4,0,8
/calculadora-factura-luz-estimada,calculadora-factura-luz-estimada,calcs,3,4,1,8
/calculadora-jubilacion-cuanto-necesito,calculadora-jubilacion-cuanto-necesito,calcs,1,6,1,8
/calculadora-dividir-gastos-pareja-proporcional,calculadora-dividir-gastos-pareja-proporcional,calcs,2,5,1,8
/calculadora-autovia-peajes-argentina-ruta-2-ruta-3,calculadora-autovia-peajes-argentina-ruta-2-ruta-3,calcs,1,6,1,8
/calculadora-filamento-3d-necesario-modelo,calculadora-filamento-3d-necesario-modelo,calcs,6,1,1,8
/calculadora-twitter-x-monetizacion-ingreso,calculadora-twitter-x-monetizacion-ingreso,calcs,6,1,1,8
/calculadora-edad-cachorro-humano,calculadora-edad-cachorro-humano,calcs,0,8,0,8
/calculadora-margen-ganancia-markup,calculadora-margen-ganancia-markup,calcs,2,5,1,8
/calculadora-conversor-tazas-a-mililitros,calculadora-conversor-tazas-a-mililitros,calcs,1,7,0,8
/calculadora-frecuencia-respiratoria-normal,calculadora-frecuencia-respiratoria-normal,calcs,3,3,2,8
/calculadora-conversor-litros-pintura-por-metro-cuadrado,calculadora-conversor-litros-pintura-por-metro-cuadrado,calcs,3,5,0,8
/calculadora-retencion-afip-cuit-regimen-general,calculadora-retencion-afip-cuit-regimen-general,calcs,5,3,0,8
/calculadora-ganancias-tramos-empleado-mensual-2026,calculadora-ganancias-tramos-empleado-mensual-2026,calcs,4,4,0,8
/calculadora-foco-led-equivalencia-watts-lumens,calculadora-foco-led-equivalencia-watts-lumens,calcs,5,3,0,8
/calculadora-dosis-acido-folico,calculadora-dosis-acido-folico,calcs,4,4,0,8
/mx/calculadora-imss-trabajadoras-hogar-mexico,calculadora-imss-trabajadoras-hogar-mexico,calcs-mx,7,0,1,8
/co/calculadora-canon-arrendamiento-vivienda-aumento-anual-colombia-ipc,calculadora-canon-arrendamiento-vivienda-aumento-anual-colombia-ipc,calcs-co,7,1,0,8
/co/calculadora-impuesto-patrimonio-colombia-personas-naturales-2026,calculadora-impuesto-patrimonio-colombia-personas-naturales-2026,calcs-co,6,2,0,8
/co/calculadora-impuesto-circulacion-vehiculo-electrico-colombia,calculadora-impuesto-circulacion-vehiculo-electrico-colombia,calcs-co,8,0,0,8
/cl/calculadora-seguro-cesantia-chile-afc-cuota-fondo,calculadora-seguro-cesantia-chile-afc-cuota-fondo,calcs-cl,6,1,1,8
/cl/calculadora-sueldo-liquido-chile-2026-impuesto-segunda-categoria,calculadora-sueldo-liquido-chile-2026-impuesto-segunda-categoria,calcs-cl,2,4,2,8
/cl/calculadora-tarjeta-credito-chile-tasa-rotativa-pago-minimo,calculadora-tarjeta-credito-chile-tasa-rotativa-pago-minimo,calcs-cl,3,4,1,8
/cl/calculadora-vacaciones-chile-15-dias-habiles-progresivas,calculadora-vacaciones-chile-15-dias-habiles-progresivas,calcs-cl,0,3,5,8
/cl/calculadora-asignacion-familiar-chile-2026-tramos-renta,calculadora-asignacion-familiar-chile-2026-tramos-renta,calcs-cl,8,0,0,8
/pe/calculadora-canasta-basica-peru-inei,calculadora-canasta-basica-peru-inei,calcs-pe,8,0,0,8
/es/calculadora-becas-mec-2026-espana-renta-familiar-rendimiento,calculadora-becas-mec-2026-espana-renta-familiar-rendimiento,calcs-es,7,0,1,8
/en/aguinaldo-calculator-argentina,aguinaldo-calculator-argentina,calcs-en,6,2,0,8
/calculadora-intereses-resarcitorios-punitorios-afip,calculadora-intereses-resarcitorios-punitorios-afip,calcs,2,4,1,7
/calculadora-patente-auto-valor,calculadora-patente-auto-valor,calcs,0,2,5,7
/calculadora-tmb-basal-harris-benedict-metabolismo,calculadora-tmb-basal-harris-benedict-metabolismo,calcs,0,7,0,7
/calculadora-proporciones-receta,calculadora-proporciones-receta,calcs,6,1,0,7
/calculadora-expectativa-vida,calculadora-expectativa-vida,calcs,2,5,0,7
/calculadora-pasaporte-renovacion-costo-tiempo,calculadora-pasaporte-renovacion-costo-tiempo,calcs,0,6,1,7
/calculadora-cuarta-categoria-empleado-empresa-argentina,calculadora-cuarta-categoria-empleado-empresa-argentina,calcs,3,4,0,7
/calculadora-proporcion-cafe-agua-metodo-preparacion,calculadora-proporcion-cafe-agua-metodo-preparacion,calcs,2,5,0,7
/calculadora-dosis-vitamina-d-diaria-recomendada,calculadora-dosis-vitamina-d-diaria-recomendada,calcs,0,7,0,7
/calculadora-presupuesto-50-30-20,calculadora-presupuesto-50-30-20,calcs,0,7,0,7
/calculadora-indemnizacion-empleada-casa-particular-ley-26844-despido,calculadora-indemnizacion-empleada-casa-particular-ley-26844-despido,calcs,0,7,0,7
/calculadora-raid-almacenamiento-util-discos,calculadora-raid-almacenamiento-util-discos,calcs,6,0,1,7
/calculadora-aceleracion-fuerza-masa,calculadora-aceleracion-fuerza-masa,calcs,6,1,0,7
/calculadora-bonos-globales-al30-gd30-rendimiento,calculadora-bonos-globales-al30-gd30-rendimiento,calcs,4,2,1,7
/calculadora-mesa-comedor-tamano-personas,calculadora-mesa-comedor-tamano-personas,calcs,5,0,2,7
/calculadora-monotributo-cuota-2026-todas-categorias,calculadora-monotributo-cuota-2026-todas-categorias,calcs,1,4,2,7
/calculadora-tablero-melamina-cortes-aprovechamiento,calculadora-tablero-melamina-cortes-aprovechamiento,calcs,1,5,1,7
/calculadora-mundial-2026-costo-entrada-fase,calculadora-mundial-2026-costo-entrada-fase,calcs,5,0,2,7
/calculadora-tejas-techo-m2,calculadora-tejas-techo-m2,calcs,3,4,0,7
/calculadora-sensibilidad-mouse-dpi-juego,calculadora-sensibilidad-mouse-dpi-juego,calcs,0,7,0,7
/calculadora-fantasy-mundial-2026-mejor-once,calculadora-fantasy-mundial-2026-mejor-once,calcs,5,0,2,7
/calculadora-liquidacion-cesantias-colombia-2026,calculadora-liquidacion-cesantias-colombia-2026,calcs,7,0,0,7
/calculadora-mundial-2026-quiniela-pool-probabilidad,calculadora-mundial-2026-quiniela-pool-probabilidad,calcs,2,4,1,7
/calculadora-sueldo-neto-mexico-isr-imss,calculadora-sueldo-neto-mexico-isr-imss,calcs,1,6,0,7
/calculadora-heladas-fecha-primera-ultima-zona,calculadora-heladas-fecha-primera-ultima-zona,calcs,7,0,0,7
/calculadora-certificado-antecedentes-penales-costo,calculadora-certificado-antecedentes-penales-costo,calcs,0,7,0,7
/calculadora-credito-universitario-progresar-monto-2026,calculadora-credito-universitario-progresar-monto-2026,calcs,0,7,0,7
/calculadora-embargo-sueldo-maximo,calculadora-embargo-sueldo-maximo,calcs,1,6,0,7
/calculadora-conversor-bolsas-cemento-por-metro-cubico,calculadora-conversor-bolsas-cemento-por-metro-cubico,calcs,4,3,0,7
/calculadora-huella-hidrica-alimentos-litros,calculadora-huella-hidrica-alimentos-litros,calcs,3,4,0,7
/calculadora-decibelios-distancia-sonido,calculadora-decibelios-distancia-sonido,calcs,5,0,2,7
/calculadora-contrato-alquiler-2-anios-vs-3-anios,calculadora-contrato-alquiler-2-anios-vs-3-anios,calcs,1,6,0,7
/calculadora-empanadas-por-persona-evento-asado-cumple,calculadora-empanadas-por-persona-evento-asado-cumple,calcs,4,3,0,7
/calculadora-conversion-milla-kilometro-ida-vuelta,calculadora-conversion-milla-kilometro-ida-vuelta,calcs,0,7,0,7
/calculadora-bono-anses-jubilados-junio-2026-aumento-mensual,calculadora-bono-anses-jubilados-junio-2026-aumento-mensual,calcs,0,7,0,7
/calculadora-escalera-huella-contrahuella-ley-blondel,calculadora-escalera-huella-contrahuella-ley-blondel,calcs,1,6,0,7
/calculadora-calorias-quemadas-deporte,calculadora-calorias-quemadas-deporte,calcs,3,4,0,7
/calculadora-ayuda-escolar-anual-asignacion,calculadora-ayuda-escolar-anual-asignacion,calcs,1,4,2,7
/calculadora-expensas-departamento-estimado,calculadora-expensas-departamento-estimado,calcs,7,0,0,7
/calculadora-masa-pizza-ingredientes-porciones,calculadora-masa-pizza-ingredientes-porciones,calcs,3,3,1,7
/mx/calculadora-rfc-cuota-resico-pf-mexico,calculadora-rfc-cuota-resico-pf-mexico,calcs-mx,5,0,2,7
/mx/calculadora-pension-imss-1997,calculadora-pension-imss-1997,calcs-mx,4,1,2,7
/mx/calculadora-pension-viudez-imss-90-porcentaje-mexico,calculadora-pension-viudez-imss-90-porcentaje-mexico,calcs-mx,7,0,0,7
/mx/calculadora-isr-mexico-2026-tarifa-mensual-empleado,calculadora-isr-mexico-2026-tarifa-mensual-empleado,calcs-mx,4,2,1,7
/mx/calculadora-prima-dominical-dias-festivos-mexico,calculadora-prima-dominical-dias-festivos-mexico,calcs-mx,7,0,0,7
/mx/calculadora-retiro-afore-desempleo-mexico,calculadora-retiro-afore-desempleo-mexico,calcs-mx,4,0,3,7
/mx/calculadora-tarjeta-credito-interes-cat-mexico,calculadora-tarjeta-credito-interes-cat-mexico,calcs-mx,7,0,0,7
/co/calculadora-retefuente-colombia-2026-empleado-tabla,calculadora-retefuente-colombia-2026-empleado-tabla,calcs-co,6,1,0,7
/cl/calculadora-asignacion-zona-extrema-chile-aysen-magallanes-arica,calculadora-asignacion-zona-extrema-chile-aysen-magallanes-arica,calcs-cl,7,0,0,7
/cl/calculadora-canasta-mascota-perro-gato-chile-mensual,calculadora-canasta-mascota-perro-gato-chile-mensual,calcs-cl,0,0,7,7
/cl/calculadora-aporte-trabajador-honorarios-chile-cotizacion-obligatoria,calculadora-aporte-trabajador-honorarios-chile-cotizacion-obligatoria,calcs-cl,0,7,0,7
/cl/calculadora-impuesto-territorial-residencial-2026-tabla-bienes-raices,calculadora-impuesto-territorial-residencial-2026-tabla-bienes-raices,calcs-cl,6,0,1,7
/ec/calculadora-impuesto-herencias-legados-donaciones-ecuador,calculadora-impuesto-herencias-legados-donaciones-ecuador,calcs-ec,7,0,0,7
/es/calculadora-ibi-cuota-anual-espana-valor-catastral-municipio,calculadora-ibi-cuota-anual-espana-valor-catastral-municipio,calcs-es,5,0,2,7
/es/calculadora-irpf-2026-tramos-espana-nomina,calculadora-irpf-2026-tramos-espana-nomina,calcs-es,4,1,2,7
/es/calculadora-irpf-alquiler-vivienda-arrendador-espana,calculadora-irpf-alquiler-vivienda-arrendador-espana,calcs-es,7,0,0,7
/en/porciones-sushi-por-persona-promedio,porciones-sushi-por-persona-promedio,calcs-en,1,0,6,7
/en/food-digestion-time-calculator,food-digestion-time-calculator,calcs-en,2,0,5,7
/calculadora-peso-madera-por-tipo-volumen,calculadora-peso-madera-por-tipo-volumen,calcs,5,1,0,6
/calculadora-tamano-parrilla-personas-m2,calculadora-tamano-parrilla-personas-m2,calcs,4,2,0,6
/calculadora-costo-envio-compra-exterior,calculadora-costo-envio-compra-exterior,calcs,2,4,0,6
/calculadora-equipaje-vuelo-kg-lb-limites,calculadora-equipaje-vuelo-kg-lb-limites,calcs,1,3,2,6
/calculadora-riego-goteo-litros-hora-planta,calculadora-riego-goteo-litros-hora-planta,calcs,6,0,0,6
/calculadora-calefaccion-btu-necesarios-ambiente,calculadora-calefaccion-btu-necesarios-ambiente,calcs,0,6,0,6
/calculadora-bpm-tempo-cancion,calculadora-bpm-tempo-cancion,calcs,5,1,0,6
/calculadora-fps-fluidez-video-juego,calculadora-fps-fluidez-video-juego,calcs,0,5,1,6
/calculadora-espesor-vidrio-ventana-m2,calculadora-espesor-vidrio-ventana-m2,calcs,5,0,1,6
/calculadora-combinaciones-permutaciones-factorial,calculadora-combinaciones-permutaciones-factorial,calcs,1,5,0,6
/calculadora-monotributo-categoria-ingresos-tope,calculadora-monotributo-categoria-ingresos-tope,calcs,0,6,0,6
/calculadora-calorias-palta-aguacate-completa-mitad,calculadora-calorias-palta-aguacate-completa-mitad,calcs,2,3,1,6
/calculadora-fecha-celo-perra,calculadora-fecha-celo-perra,calcs,0,6,0,6
/calculadora-peso-ideal-bulldog-ingles,calculadora-peso-ideal-bulldog-ingles,calcs,3,2,1,6
/calculadora-carga-bateria-tiempo-amp,calculadora-carga-bateria-tiempo-amp,calcs,4,0,2,6
/calculadora-maraton-serie-tiempo,calculadora-maraton-serie-tiempo,calcs,5,0,1,6
/calculadora-horas-de-sueno-por-edad,calculadora-horas-de-sueno-por-edad,calcs,0,6,0,6
/calculadora-conversion-porcentaje-fraccion-decimal,calculadora-conversion-porcentaje-fraccion-decimal,calcs,1,5,0,6
/calculadora-heladera-clase-a-consumo-anual-kwh,calculadora-heladera-clase-a-consumo-anual-kwh,calcs,4,1,1,6
/calculadora-escalera-madera-huella-contrahuella,calculadora-escalera-madera-huella-contrahuella,calcs,0,3,3,6
/simulador-recibo-de-sueldo-argentina,simulador-recibo-de-sueldo-argentina,calcs,2,1,3,6
/calculadora-aislacion-termica-k-minimo-zona,calculadora-aislacion-termica-k-minimo-zona,calcs,3,0,3,6
/calculadora-autonomos-categoria-monto-2026,calculadora-autonomos-categoria-monto-2026,calcs,1,5,0,6
/calculadora-vacaciones-no-tomadas-indemnizacion-formula,calculadora-vacaciones-no-tomadas-indemnizacion-formula,calcs,2,2,2,6
/calculadora-conversor-pie-tabla-a-metro-cubico,calculadora-conversor-pie-tabla-a-metro-cubico,calcs,1,5,0,6
/calculadora-interes-acumulado-tarjeta,calculadora-interes-acumulado-tarjeta,calcs,2,4,0,6
/calculadora-iva-agregar-discriminar,calculadora-iva-agregar-discriminar,calcs,0,5,1,6
/calculadora-zonas-frecuencia-cardiaca-entrenamiento,calculadora-zonas-frecuencia-cardiaca-entrenamiento,calcs,5,0,1,6
/calculadora-porcentaje-aumento-disminucion,calculadora-porcentaje-aumento-disminucion,calcs,0,6,0,6
/calculadora-cintura-cadera-rcc,calculadora-cintura-cadera-rcc,calcs,1,5,0,6
/calculadora-seguro-auto-estimado,calculadora-seguro-auto-estimado,calcs,1,3,2,6
/calculadora-conversion-torque-nm-lb-ft-kgm,calculadora-conversion-torque-nm-lb-ft-kgm,calcs,1,5,0,6
/calculadora-uber-driver-chile-ganancia-neta,calculadora-uber-driver-chile-ganancia-neta,calcs,4,2,0,6
/calculadora-tallas-ropa-internacional,calculadora-tallas-ropa-internacional,calcs,1,5,0,6
/conversor-dolar-euro-pesos-argentinos,conversor-dolar-euro-pesos-argentinos,calcs,0,5,1,6
/calculadora-masa-pizza-casera-gramos-invitados,calculadora-masa-pizza-casera-gramos-invitados,calcs,3,3,0,6
/calculadora-cuota-sindical-descuento-sueldo,calculadora-cuota-sindical-descuento-sueldo,calcs,1,5,0,6
/calculadora-macros-distribucion-proteina-carbos-grasas,calculadora-macros-distribucion-proteina-carbos-grasas,calcs,5,1,0,6
/calculadora-interpolacion-lineal-valor,calculadora-interpolacion-lineal-valor,calcs,6,0,0,6
/calculadora-sueldo-actualizado-ipc-inflacion,calculadora-sueldo-actualizado-ipc-inflacion,calcs,1,3,2,6
/calculadora-mundial-2026-cerveza-comida-estadio-precio,calculadora-mundial-2026-cerveza-comida-estadio-precio,calcs,5,1,0,6
/calculadora-licencia-vacaciones-cct-comercio-empleados-comercio-argentina-2026,calculadora-licencia-vacaciones-cct-comercio-empleados-comercio-argentina-2026,calcs,2,3,1,6
/calculadora-conversion-fahrenheit-celsius-clima,calculadora-conversion-fahrenheit-celsius-clima,calcs,0,6,0,6
/calculadora-creatina-dosis-carga-mantenimiento,calculadora-creatina-dosis-carga-mantenimiento,calcs,0,6,0,6
/calculadora-indemnizacion-despido-embarazo-estabilidad-13-salarios,calculadora-indemnizacion-despido-embarazo-estabilidad-13-salarios,calcs,0,6,0,6
/calculadora-arena-grava-hormigon,calculadora-arena-grava-hormigon,calcs,2,2,2,6
/calculadora-pasaje-aereo-millas-vs-pesos-canjear,calculadora-pasaje-aereo-millas-vs-pesos-canjear,calcs,5,1,0,6
/conversor-unidades-longitud-peso-volumen-temperatura,conversor-unidades-longitud-peso-volumen-temperatura,calcs,0,6,0,6
/calculadora-fsh-lh-menopausia-perimenopausia-edad,calculadora-fsh-lh-menopausia-perimenopausia-edad,calcs,0,6,0,6
/calculadora-escala-glasgow-nivel-conciencia,calculadora-escala-glasgow-nivel-conciencia,calcs,0,6,0,6
/calculadora-calorias-natacion-estilos-distancia-velocidad,calculadora-calorias-natacion-estilos-distancia-velocidad,calcs,6,0,0,6
/calculadora-costo-calefaccion-invierno,calculadora-costo-calefaccion-invierno,calcs,1,5,0,6
/calculadora-influencer-tarifa-estimada,calculadora-influencer-tarifa-estimada,calcs,5,1,0,6
/calculadora-calefaccion-watts-kcal-ambiente,calculadora-calefaccion-watts-kcal-ambiente,calcs,2,4,0,6
/calculadora-kefir-leche-proporciones,calculadora-kefir-leche-proporciones,calcs,6,0,0,6
/calculadora-cuadro-altura-colgar-pared,calculadora-cuadro-altura-colgar-pared,calcs,0,6,0,6
/calculadora-semanas-meses-trimestres-embarazo,calculadora-semanas-meses-trimestres-embarazo,calcs,0,6,0,6
/calculadora-bebidas-evento-cerveza-vino-refresco-calculadora,calculadora-bebidas-evento-cerveza-vino-refresco-calculadora,calcs,3,3,0,6
/calculadora-millas-american-aa-destino,calculadora-millas-american-aa-destino,calcs,6,0,0,6
/calculadora-edad-gato-anos-humanos,calculadora-edad-gato-anos-humanos,calcs,1,4,1,6
/calculadora-sueno-ideal-edad,calculadora-sueno-ideal-edad,calcs,0,6,0,6
/calculadora-tiempo-digestion-alimentos-estomago,calculadora-tiempo-digestion-alimentos-estomago,calcs,4,0,2,6
/calculadora-contador-de-palabras-y-caracteres,calculadora-contador-de-palabras-y-caracteres,calcs,4,0,2,6
/mx/calculadora-fonacot-credito-mexico-monto-cat-tasa,calculadora-fonacot-credito-mexico-monto-cat-tasa,calcs-mx,5,0,1,6
/mx/calculadora-prima-vacacional-mexico,calculadora-prima-vacacional-mexico,calcs-mx,2,4,0,6
/mx/calculadora-isr-intereses-bancarios-inversion-mexico-2026,calculadora-isr-intereses-bancarios-inversion-mexico-2026,calcs-mx,4,0,2,6
/mx/calculadora-salario-minimo-mexico-2026,calculadora-salario-minimo-mexico-2026,calcs-mx,6,0,0,6
/mx/calculadora-devolucion-impuestos-declaracion-anual,calculadora-devolucion-impuestos-declaracion-anual,calcs-mx,5,0,1,6
/mx/calculadora-isr-quincenal-mexico-2026,calculadora-isr-quincenal-mexico-2026,calcs-mx,6,0,0,6
/co/calculadora-obligado-declarar-renta-2026,calculadora-obligado-declarar-renta-2026,calcs-co,6,0,0,6
/co/calculadora-honorarios-prestacion-servicios-colombia-retencion,calculadora-honorarios-prestacion-servicios-colombia-retencion,calcs-co,4,0,2,6
/co/calculadora-internet-fibra-claro-etb-tigo-colombia-mejor-precio,calculadora-internet-fibra-claro-etb-tigo-colombia-mejor-precio,calcs-co,5,0,1,6
/co/calculadora-impuesto-loterias-juegos-azar-colombia-2026,calculadora-impuesto-loterias-juegos-azar-colombia-2026,calcs-co,4,0,2,6
/cl/calculadora-pyme-chile-regimen-14d-tributacion-simplificada,calculadora-pyme-chile-regimen-14d-tributacion-simplificada,calcs-cl,6,0,0,6
/pe/calculadora-renta-cuarta-categoria-honorarios-peru,calculadora-renta-cuarta-categoria-honorarios-peru,calcs-pe,2,0,4,6
/pe/calculadora-revision-tecnica-vehicular-peru,calculadora-revision-tecnica-vehicular-peru,calcs-pe,5,0,1,6
/es/calculadora-universidad-publica-vs-privada-coste-grado-espana,calculadora-universidad-publica-vs-privada-coste-grado-espana,calcs-es,3,0,3,6
/calculadora-cortina-medida-ventana-tamano,calculadora-cortina-medida-ventana-tamano,calcs,3,2,0,5
/calculadora-anos-luz-distancia-conversion,calculadora-anos-luz-distancia-conversion,calcs,5,0,0,5
/calculadora-consumo-electronica-hogar-watts-mensual,calculadora-consumo-electronica-hogar-watts-mensual,calcs,1,4,0,5
/calculadora-abl-caba-valuacion-fiscal-actualizada-2026,calculadora-abl-caba-valuacion-fiscal-actualizada-2026,calcs,4,0,1,5
/calculadora-costo-por-lead-cpl-marketing,calculadora-costo-por-lead-cpl-marketing,calcs,5,0,0,5
/calculadora-conversion-kilo-libra-lb-kg-exacto,calculadora-conversion-kilo-libra-lb-kg-exacto,calcs,0,5,0,5
/calculadora-formula-leche-bebe-litros-mes-edad-marca,calculadora-formula-leche-bebe-litros-mes-edad-marca,calcs,2,3,0,5
/calculadora-interes-simple,calculadora-interes-simple,calcs,0,5,0,5
/calculadora-valor-hora-trabajo-mensual,calculadora-valor-hora-trabajo-mensual,calcs,3,1,1,5
/calculadora-patente-auto-cordoba-2026-valuacion-fiscal-cuotas,calculadora-patente-auto-cordoba-2026-valuacion-fiscal-cuotas,calcs,0,5,0,5
/calculadora-costo-veterinario-consulta-promedio,calculadora-costo-veterinario-consulta-promedio,calcs,4,1,0,5
/calculadora-embarazo-gemelar,calculadora-embarazo-gemelar,calcs,4,1,0,5
/calculadora-umbral-lactato-estimado,calculadora-umbral-lactato-estimado,calcs,2,3,0,5
/calculadora-porciones-torta-cumpleanos-invitados-tamano,calculadora-porciones-torta-cumpleanos-invitados-tamano,calcs,3,2,0,5
/calculadora-electricidad-cable-amperaje-seccion,calculadora-electricidad-cable-amperaje-seccion,calcs,3,2,0,5
/calculadora-cafe-ratio-agua-gramos-metodo-preparacion,calculadora-cafe-ratio-agua-gramos-metodo-preparacion,calcs,3,2,0,5
/calculadora-media-mediana-moda-rango-estadistica,calculadora-media-mediana-moda-rango-estadistica,calcs,0,5,0,5
/calculadora-angel-guardian-fecha,calculadora-angel-guardian-fecha,calcs,5,0,0,5
/calculadora-cupos-copa-sudamericana-pais-conmebol,calculadora-cupos-copa-sudamericana-pais-conmebol,calcs,2,3,0,5
/calculadora-cesped-semillas-kg-m2,calculadora-cesped-semillas-kg-m2,calcs,2,3,0,5
/calculadora-velocidad-sonido-segun-temperatura-aire,calculadora-velocidad-sonido-segun-temperatura-aire,calcs,5,0,0,5
/calculadora-conversion-colesterol-mg-mmol,calculadora-conversion-colesterol-mg-mmol,calcs,2,3,0,5
/calculadora-precio-m2-zona,calculadora-precio-m2-zona,calcs,2,3,0,5
/calculadora-puam-pension-universal-adulto-mayor-anses-2026,calculadora-puam-pension-universal-adulto-mayor-anses-2026,calcs,0,5,0,5
/calculadora-costo-mantenimiento-auto-anual-km,calculadora-costo-mantenimiento-auto-anual-km,calcs,0,3,2,5
/calculadora-proximo-periodo-menstrual,calculadora-proximo-periodo-menstrual,calcs,0,5,0,5
/calculadora-costo-viaje-combustible-kilometros,calculadora-costo-viaje-combustible-kilometros,calcs,1,3,1,5
/calculadora-conversor-psi-a-bar,calculadora-conversor-psi-a-bar,calcs,0,5,0,5
/calculadora-pulso-arterial-oximetria-saturacion-normal,calculadora-pulso-arterial-oximetria-saturacion-normal,calcs,1,3,1,5
/calculadora-bienes-personales-tramos-alicuota-2026,calculadora-bienes-personales-tramos-alicuota-2026,calcs,2,3,0,5
/calculadora-hitos-desarrollo-bebe-edad-meses,calculadora-hitos-desarrollo-bebe-edad-meses,calcs,0,5,0,5
/calculadora-impuesto-transferencia-itu-iti-inmueble,calculadora-impuesto-transferencia-itu-iti-inmueble,calcs,0,4,1,5
/calculadora-credito-uva-vs-tasa-fija,calculadora-credito-uva-vs-tasa-fija,calcs,4,1,0,5
/calculadora-codigo-color-hex-rgb,calculadora-codigo-color-hex-rgb,calcs,0,5,0,5
/calculadora-edad-planeta,calculadora-edad-planeta,calcs,1,4,0,5
/calculadora-superavit-calorico-masa-muscular,calculadora-superavit-calorico-masa-muscular,calcs,1,4,0,5
/a-que-hora-acostarme,a-que-hora-acostarme,calcs,1,0,4,5
/calculadora-madera-necesaria-mueble,calculadora-madera-necesaria-mueble,calcs,2,3,0,5
/calculadora-fernet-cola-proporciones,calculadora-fernet-cola-proporciones,calcs,4,1,0,5
/calculadora-costo-mensual-aire-acondicionado-consumo-kwh-factura,calculadora-costo-mensual-aire-acondicionado-consumo-kwh-factura,calcs,0,5,0,5
/calculadora-fondo-emergencia-meses,calculadora-fondo-emergencia-meses,calcs,0,2,3,5
/calculadora-capacidad-tanque-cisterna-litros,calculadora-capacidad-tanque-cisterna-litros,calcs,4,1,0,5
/calculadora-sueldo-enfermero-hospital-publico-categoria,calculadora-sueldo-enfermero-hospital-publico-categoria,calcs,1,3,1,5
/calculadora-score-apgar-neonatal,calculadora-score-apgar-neonatal,calcs,0,4,1,5
/calculadora-glucemia-conversion-mg-dl-mmol-l,calculadora-glucemia-conversion-mg-dl-mmol-l,calcs,0,4,1,5
/calculadora-youtube-cpm-por-nicho,calculadora-youtube-cpm-por-nicho,calcs,3,0,2,5
/calculadora-creditos-restantes-carrera,calculadora-creditos-restantes-carrera,calcs,5,0,0,5
/calculadora-tarjetas-amarillas-acumuladas-suspension,calculadora-tarjetas-amarillas-acumuladas-suspension,calcs,3,2,0,5
/calculadora-edad-humana-conejo-anos,calculadora-edad-humana-conejo-anos,calcs,5,0,0,5
/calculadora-que-dia-de-la-semana,calculadora-que-dia-de-la-semana,calcs,1,4,0,5
/calculadora-portal-nether-overworld-minecraft,calculadora-portal-nether-overworld-minecraft,calcs,1,4,0,5
/calculadora-ibu-cerveza-lupulo-tinseth,calculadora-ibu-cerveza-lupulo-tinseth,calcs,3,2,0,5
/calculadora-ahorro-compuesto-tiempo-duplicar-regla-72,calculadora-ahorro-compuesto-tiempo-duplicar-regla-72,calcs,0,5,0,5
/calculadora-tiempo-sueno-bebe-horas-edad,calculadora-tiempo-sueno-bebe-horas-edad,calcs,0,1,4,5
/calculadora-dilatacion-termica-longitud,calculadora-dilatacion-termica-longitud,calcs,5,0,0,5
/calculadora-visa-china-turista-costo,calculadora-visa-china-turista-costo,calcs,2,3,0,5
/calculadora-descenso-futbol-argentino-promedios,calculadora-descenso-futbol-argentino-promedios,calcs,0,5,0,5
/calculadora-isr-mensual-mexico-2026,calculadora-isr-mensual-mexico-2026,calcs,4,1,0,5
/calculadora-costo-cloud-servidor-mensual,calculadora-costo-cloud-servidor-mensual,calcs,1,0,4,5
/calculadora-pasos-diarios-recomendados-caminar-salud,calculadora-pasos-diarios-recomendados-caminar-salud,calcs,3,2,0,5
/calculadora-resistencia-led-voltaje-caida,calculadora-resistencia-led-voltaje-caida,calcs,0,5,0,5
/calculadora-escala-dolor-numerica,calculadora-escala-dolor-numerica,calcs,4,0,1,5
/calculadora-litros-pecera-acuario-cantidad-peces,calculadora-litros-pecera-acuario-cantidad-peces,calcs,0,5,0,5
/calculadora-horas-trabajo-necesarias-para-comprar,calculadora-horas-trabajo-necesarias-para-comprar,calcs,0,5,0,5
/calculadora-piso-flotante-m2-tablas,calculadora-piso-flotante-m2-tablas,calcs,5,0,0,5
/calculadora-impermeabilizacion-techo-membrana-rollos-m2-costo,calculadora-impermeabilizacion-techo-membrana-rollos-m2-costo,calcs,3,2,0,5
/calculadora-glucemia-ayunas-diabetes-valores-normales,calculadora-glucemia-ayunas-diabetes-valores-normales,calcs,1,4,0,5
/calculadora-puntaje-dele-spanish,calculadora-puntaje-dele-spanish,calcs,1,0,4,5
/calculadora-lavarropas-eficiencia-agua-litros-ciclo,calculadora-lavarropas-eficiencia-agua-litros-ciclo,calcs,3,1,1,5
/mx/calculadora-licencia-maternidad-mexico-imss-12-semanas,calculadora-licencia-maternidad-mexico-imss-12-semanas,calcs-mx,5,0,0,5
/mx/calculadora-aguinaldo-mexico-2026-15-dias-tope-30,calculadora-aguinaldo-mexico-2026-15-dias-tope-30,calcs-mx,3,2,0,5
/mx/calculadora-cuotas-imss-obrero-patron,calculadora-cuotas-imss-obrero-patron,calcs-mx,5,0,0,5
/mx/calculadora-ptu-reparto-utilidades-mexico-10-porcentaje,calculadora-ptu-reparto-utilidades-mexico-10-porcentaje,calcs-mx,0,5,0,5
/co/calculadora-canon-arrendamiento-comercial-colombia-comerciante,calculadora-canon-arrendamiento-comercial-colombia-comerciante,calcs-co,5,0,0,5
/co/calculadora-tasacion-vivienda-colombia-precio-m2-zona-estrato,calculadora-tasacion-vivienda-colombia-precio-m2-zona-estrato,calcs-co,5,0,0,5
/co/calculadora-recibo-gas-natural-colombia-vanti-epm-naturgas,calculadora-recibo-gas-natural-colombia-vanti-epm-naturgas,calcs-co,5,0,0,5
/co/calculadora-impuestos-aerolineas-tasa-aeropuerto-colombia-internacional,calculadora-impuestos-aerolineas-tasa-aeropuerto-colombia-internacional,calcs-co,4,0,1,5
/co/calculadora-embargo-salario-colombia,calculadora-embargo-salario-colombia,calcs-co,4,0,1,5
/co/calculadora-pcs-prestaciones-sociales-colombia-percent-salario,calculadora-pcs-prestaciones-sociales-colombia-percent-salario,calcs-co,2,0,3,5
/co/calculadora-deduccion-dependientes-colombia-renta-2026,calculadora-deduccion-dependientes-colombia-renta-2026,calcs-co,5,0,0,5
/cl/calculadora-multa-no-aviso-uoct-transito-comuna-chile-2026,calculadora-multa-no-aviso-uoct-transito-comuna-chile-2026,calcs-cl,3,2,0,5
/cl/calculadora-impuesto-timbres-estampillas-chile-credito-hipotecario,calculadora-impuesto-timbres-estampillas-chile-credito-hipotecario,calcs-cl,5,0,0,5
/cl/calculadora-coste-funeral-promedio-chile-2026-cremacion-sepelio,calculadora-coste-funeral-promedio-chile-2026-cremacion-sepelio,calcs-cl,5,0,0,5
/cl/calculadora-coste-inscripcion-conservador-bienes-raices-chile,calculadora-coste-inscripcion-conservador-bienes-raices-chile,calcs-cl,5,0,0,5
/pe/calculadora-impuesto-predial-peru,calculadora-impuesto-predial-peru,calcs-pe,3,0,2,5
/ec/calculadora-planilla-luz-cnel-ecuador,calculadora-planilla-luz-cnel-ecuador,calcs-ec,5,0,0,5
/ec/calculadora-planilla-agua-ecuador,calculadora-planilla-agua-ecuador,calcs-ec,4,0,1,5
/ve/calculadora-islr-venezuela-2026,calculadora-islr-venezuela-2026,calcs-ve,1,0,4,5
/ve/calculadora-retencion-islr-venezuela,calculadora-retencion-islr-venezuela,calcs-ve,3,0,2,5
/es/calculadora-bomba-calor-aerotermia-espana-coste-instalacion,calculadora-bomba-calor-aerotermia-espana-coste-instalacion,calcs-es,3,0,2,5
/es/calculadora-ganancia-patrimonial-venta-vivienda-espana,calculadora-ganancia-patrimonial-venta-vivienda-espana,calcs-es,3,0,2,5
/calculadora-repeticiones-maximas-epley-brzycki,calculadora-repeticiones-maximas-epley-brzycki,calcs,0,4,0,4
/calculadora-tecla-por-minuto-typing-test,calculadora-tecla-por-minuto-typing-test,calcs,2,2,0,4
/calculadora-itba-utdt-costo-carrera-anual-privada,calculadora-itba-utdt-costo-carrera-anual-privada,calcs,3,0,1,4
/calculadora-tela-necesaria-prenda-vestido,calculadora-tela-necesaria-prenda-vestido,calcs,0,1,3,4
/calculadora-conversion-btu-kcal-aire-acondicionado,calculadora-conversion-btu-kcal-aire-acondicionado,calcs,0,4,0,4
/calculadora-moles-masa-formula-molecular,calculadora-moles-masa-formula-molecular,calcs,2,1,1,4
/calculadora-costo-real-cuotas-vs-contado,calculadora-costo-real-cuotas-vs-contado,calcs,0,4,0,4
/calculadora-maternidad-licencia-sueldo-anses-duracion,calculadora-maternidad-licencia-sueldo-anses-duracion,calcs,1,1,2,4
/calculadora-valor-hora-trabajo,calculadora-valor-hora-trabajo,calcs,2,2,0,4
/calculadora-arba-sellos-inmobiliarios-pba-compraventa,calculadora-arba-sellos-inmobiliarios-pba-compraventa,calcs,3,0,1,4
/calculadora-fecha-ovulacion-ventana-fertil,calculadora-fecha-ovulacion-ventana-fertil,calcs,0,4,0,4
/calculadora-almacenamiento-bytes-kb-mb-gb-tb,calculadora-almacenamiento-bytes-kb-mb-gb-tb,calcs,1,3,0,4
/calculadora-dpi-ppp-impresion-resolucion,calculadora-dpi-ppp-impresion-resolucion,calcs,4,0,0,4
/calculadora-motogp-puntos-campeonato-restantes,calculadora-motogp-puntos-campeonato-restantes,calcs,4,0,0,4
/calculadora-conversion-velocidad-kmh-mph-nudos,calculadora-conversion-velocidad-kmh-mph-nudos,calcs,0,4,0,4
/calculadora-calor-especifico-delta-t,calculadora-calor-especifico-delta-t,calcs,4,0,0,4
/calculadora-consumo-agua-mensual,calculadora-consumo-agua-mensual,calcs,3,1,0,4
/calculadora-volumen-cilindro-radio-altura,calculadora-volumen-cilindro-radio-altura,calcs,0,4,0,4
/calculadora-facturacion-maxima-monotributo-vs-ri,calculadora-facturacion-maxima-monotributo-vs-ri,calcs,3,1,0,4
/calculadora-abl-expensas-quien-paga-inquilino-propietario,calculadora-abl-expensas-quien-paga-inquilino-propietario,calcs,4,0,0,4
/calculadora-deduccion-familia-conyuge-hijo-ganancias,calculadora-deduccion-familia-conyuge-hijo-ganancias,calcs,3,0,1,4
/calculadora-fiambre-queso-por-invitado-picada,calculadora-fiambre-queso-por-invitado-picada,calcs,1,3,0,4
/calculadora-top-10-goleadores-historico-mundial-fifa,calculadora-top-10-goleadores-historico-mundial-fifa,calcs,4,0,0,4
/calculadora-asignacion-universal-hijo-auh-2026-monto,calculadora-asignacion-universal-hijo-auh-2026-monto,calcs,0,4,0,4
/calculadora-deduccion-prepaga-medicina-ganancias,calculadora-deduccion-prepaga-medicina-ganancias,calcs,4,0,0,4
/calculadora-tasa-metabolica-reposo-katch-mcardle,calculadora-tasa-metabolica-reposo-katch-mcardle,calcs,0,4,0,4
/calculadora-costo-estimado-mudanza,calculadora-costo-estimado-mudanza,calcs,2,1,1,4
/calculadora-pileta-natacion-litros-m3,calculadora-pileta-natacion-litros-m3,calcs,3,1,0,4
/calculadora-calorias-sexo-relacion-intima-duracion,calculadora-calorias-sexo-relacion-intima-duracion,calcs,4,0,0,4
/calculadora-test-prenatal-no-invasivo-nipt-precio-arg,calculadora-test-prenatal-no-invasivo-nipt-precio-arg,calcs,0,1,3,4
/calculadora-cpm-costo-por-mil-impresiones,calculadora-cpm-costo-por-mil-impresiones,calcs,0,0,4,4
/calculadora-conversor-gb-a-mb,calculadora-conversor-gb-a-mb,calcs,3,1,0,4
/calculadora-moles-gramos-conversion,calculadora-moles-gramos-conversion,calcs,3,0,1,4
/calculadora-cedear-ratio-conversion-dolares,calculadora-cedear-ratio-conversion-dolares,calcs,3,0,1,4
/calculadora-precio-remis-por-km-argentina-2026-cordoba-rosario-buenos-aires,calculadora-precio-remis-por-km-argentina-2026-cordoba-rosario-buenos-aires,calcs,3,1,0,4
/calculadora-presupuesto-diario-mochilero-ciudad,calculadora-presupuesto-diario-mochilero-ciudad,calcs,0,0,4,4
/calculadora-ganancia-perdida-criptomonedas,calculadora-ganancia-perdida-criptomonedas,calcs,4,0,0,4
/calculadora-macros-recomp-cut-bulk-lean-calorias,calculadora-macros-recomp-cut-bulk-lean-calorias,calcs,0,4,0,4
/calculadora-plus-antiguedad,calculadora-plus-antiguedad,calcs,4,0,0,4
/calculadora-volumen-excavacion-m3-tierra,calculadora-volumen-excavacion-m3-tierra,calcs,4,0,0,4
/calculadora-comision-inmobiliaria-alquiler-caba-pba,calculadora-comision-inmobiliaria-alquiler-caba-pba,calcs,1,3,0,4
/calculadora-concurso-docente-puntaje-antecedentes-baires,calculadora-concurso-docente-puntaje-antecedentes-baires,calcs,1,3,0,4
/calculadora-estante-peso-maximo-material,calculadora-estante-peso-maximo-material,calcs,4,0,0,4
/calculadora-youtube-tiempo-para-monetizar,calculadora-youtube-tiempo-para-monetizar,calcs,0,4,0,4
/calculadora-sillas-mesas-invitados,calculadora-sillas-mesas-invitados,calcs,4,0,0,4
/calculadora-ritmo-caminata-pasos-por-km,calculadora-ritmo-caminata-pasos-por-km,calcs,0,4,0,4
/calculadora-apalancamiento-liquidacion,calculadora-apalancamiento-liquidacion,calcs,3,1,0,4
/calculadora-equivalencia-huevos-tamano-gramos-claras,calculadora-equivalencia-huevos-tamano-gramos-claras,calcs,2,2,0,4
/calculadora-escala-suficiente-tiempo,calculadora-escala-suficiente-tiempo,calcs,4,0,0,4
/calculadora-fps-ideal-monitor-hz,calculadora-fps-ideal-monitor-hz,calcs,2,2,0,4
/calculadora-helado-litros-por-evento-invitados-tipos,calculadora-helado-litros-por-evento-invitados-tipos,calcs,3,0,1,4
/calculadora-potencia-hp-kw-cv,calculadora-potencia-hp-kw-cv,calcs,2,2,0,4
/calculadora-castracion-edad-ideal-perro-gato,calculadora-castracion-edad-ideal-perro-gato,calcs,0,4,0,4
/calculadora-conversion-bases-numericas-binario-hex,calculadora-conversion-bases-numericas-binario-hex,calcs,0,4,0,4
/calculadora-conversion-cucharaditas-gramos-especias-sal,calculadora-conversion-cucharaditas-gramos-especias-sal,calcs,1,3,0,4
/calculadora-retencion-ganancias-siradig-trabajador,calculadora-retencion-ganancias-siradig-trabajador,calcs,0,4,0,4
/calculadora-nombre-estrella-wars,calculadora-nombre-estrella-wars,calcs,4,0,0,4
/calculadora-caldera-kw-m2-calefaccion,calculadora-caldera-kw-m2-calefaccion,calcs,0,4,0,4
/calculadora-tamano-archivo-conversor,calculadora-tamano-archivo-conversor,calcs,4,0,0,4
/calculadora-conversor-milisegundos-a-segundos,calculadora-conversor-milisegundos-a-segundos,calcs,3,1,0,4
/calculadora-percentiles-crecimiento-pediatrico,calculadora-percentiles-crecimiento-pediatrico,calcs,0,4,0,4
/calculadora-herencia-legitima,calculadora-herencia-legitima,calcs,4,0,0,4
/calculadora-conversor-ladrillos-por-metro-cuadrado,calculadora-conversor-ladrillos-por-metro-cuadrado,calcs,1,2,1,4
/calculadora-tornillos-durlock-placa-yeso-m2,calculadora-tornillos-durlock-placa-yeso-m2,calcs,2,1,1,4
/calculadora-calorias-quemadas-ejercicio,calculadora-calorias-quemadas-ejercicio,calcs,2,2,0,4
/calculadora-plazo-fijo-uva-precancelable-rendimiento,calculadora-plazo-fijo-uva-precancelable-rendimiento,calcs,0,4,0,4
/calculadora-copom-tasa-referencia-banco-central-impacto,calculadora-copom-tasa-referencia-banco-central-impacto,calcs,0,4,0,4
/calculadora-tiempo-estudio-examen-dificultad-paginas,calculadora-tiempo-estudio-examen-dificultad-paginas,calcs,2,2,0,4
/calculadora-membrana-asfaltica-rollos,calculadora-membrana-asfaltica-rollos,calcs,3,1,0,4
/calculadora-profundidad-siembra-semilla,calculadora-profundidad-siembra-semilla,calcs,2,2,0,4
/calculadora-iibb-convenio-multilateral-coeficientes,calculadora-iibb-convenio-multilateral-coeficientes,calcs,3,0,1,4
/conversor-litros-galones-mililitros,conversor-litros-galones-mililitros,calcs,2,2,0,4
/calculadora-dosis-antiparasitario-perro-gato-peso,calculadora-dosis-antiparasitario-perro-gato-peso,calcs,2,1,1,4
/calculadora-pension-invalidez-anses-no-contributiva-2026-cuantia,calculadora-pension-invalidez-anses-no-contributiva-2026-cuantia,calcs,0,4,0,4
/calculadora-impermeabilizante-techo-kg-m2,calculadora-impermeabilizante-techo-kg-m2,calcs,2,2,0,4
/calculadora-ganancias-monotributista-pase-regimen-general,calculadora-ganancias-monotributista-pase-regimen-general,calcs,2,2,0,4
/mx/calculadora-pension-bienestar-2026-monto,calculadora-pension-bienestar-2026-monto,calcs-mx,4,0,0,4
/mx/calculadora-pagos-hipoteca-infonavit,calculadora-pagos-hipoteca-infonavit,calcs-mx,4,0,0,4
/mx/calculadora-imss-independientes-modalidad-10,calculadora-imss-independientes-modalidad-10,calcs-mx,1,0,3,4
/mx/calculadora-predial-cdmx-monterrey-guadalajara-2026,calculadora-predial-cdmx-monterrey-guadalajara-2026,calcs-mx,4,0,0,4
/mx/calculadora-isr-personas-morales-mexico-30-porcentaje,calculadora-isr-personas-morales-mexico-30-porcentaje,calcs-mx,4,0,0,4
/co/calculadora-aporte-eps-pension-empleado-colombia-2026,calculadora-aporte-eps-pension-empleado-colombia-2026,calcs-co,2,1,1,4
/co/calculadora-sancion-correccion-declaracion-dian-colombia-2026,calculadora-sancion-correccion-declaracion-dian-colombia-2026,calcs-co,3,0,1,4
/co/calculadora-gravamen-movimientos-financieros-4-1000-colombia,calculadora-gravamen-movimientos-financieros-4-1000-colombia,calcs-co,1,3,0,4
/co/calculadora-isr-rentas-de-capital-dividendos-intereses-colombia,calculadora-isr-rentas-de-capital-dividendos-intereses-colombia,calcs-co,4,0,0,4
/co/calculadora-pila-independientes-colombia-2026,calculadora-pila-independientes-colombia-2026,calcs-co,4,0,0,4
/co/calculadora-soat-colombia-precio-2026-vehiculo,calculadora-soat-colombia-precio-2026-vehiculo,calcs-co,2,2,0,4
/co/calculadora-revision-tecnomecanica-colombia-precio-multa,calculadora-revision-tecnomecanica-colombia-precio-multa,calcs-co,4,0,0,4
/cl/calculadora-internet-fibra-chile-claro-vtr-mundo-mejor-precio,calculadora-internet-fibra-chile-claro-vtr-mundo-mejor-precio,calcs-cl,3,0,1,4
/cl/calculadora-recibo-gas-chile-metrogas-lipigas-cilindro-vs-red,calculadora-recibo-gas-chile-metrogas-lipigas-cilindro-vs-red,calcs-cl,3,0,1,4
/cl/calculadora-impuesto-primera-categoria-chile-empresas-2026,calculadora-impuesto-primera-categoria-chile-empresas-2026,calcs-cl,3,0,1,4
/cl/calculadora-emprendedor-pyme-chile-puesta-marcha-1-dia,calculadora-emprendedor-pyme-chile-puesta-marcha-1-dia,calcs-cl,3,0,1,4
/cl/calculadora-recibo-luz-chile-enel-cge-saesa-tarifa-bt1,calculadora-recibo-luz-chile-enel-cge-saesa-tarifa-bt1,calcs-cl,3,0,1,4
/pe/calculadora-vacaciones-truncas-peru,calculadora-vacaciones-truncas-peru,calcs-pe,4,0,0,4
/pe/calculadora-impuesto-renta-empresa-regimen-general-peru,calculadora-impuesto-renta-empresa-regimen-general-peru,calcs-pe,4,0,0,4
/pe/calculadora-impuesto-vehicular-peru,calculadora-impuesto-vehicular-peru,calcs-pe,3,0,1,4
/ec/calculadora-indemnizacion-despido-intempestivo-ecuador,calculadora-indemnizacion-despido-intempestivo-ecuador,calcs-ec,4,0,0,4
/ve/calculadora-vacaciones-bono-vacacional-venezuela,calculadora-vacaciones-bono-vacacional-venezuela,calcs-ve,1,0,3,4
/py/salario-minimo-paraguay-2026,salario-minimo-paraguay-2026,calcs-py,2,0,2,4
/es/calculadora-evau-nota-media-ponderaciones-grado-espana,calculadora-evau-nota-media-ponderaciones-grado-espana,calcs-es,2,1,1,4
/es/calculadora-itp-actos-juridicos-documentados-espana-vivienda,calculadora-itp-actos-juridicos-documentados-espana-vivienda,calcs-es,3,0,1,4
/es/calculadora-coste-km-coche-espana-peajes-vs-alternativa,calculadora-coste-km-coche-espana-peajes-vs-alternativa,calcs-es,1,0,3,4
/es/calculadora-coste-vida-mensual-soltero-pareja-espana-ccaa,calculadora-coste-vida-mensual-soltero-pareja-espana-ccaa,calcs-es,3,0,1,4
/es/calculadora-comunidad-vecinos-gastos-mensuales-espana,calculadora-comunidad-vecinos-gastos-mensuales-espana,calcs-es,4,0,0,4
/es/calculadora-impuesto-circulacion-vehiculos-espana-municipio,calculadora-impuesto-circulacion-vehiculos-espana-municipio,calcs-es,4,0,0,4
/es/calculadora-cesta-compra-mensual-familia-espana-inflacion,calculadora-cesta-compra-mensual-familia-espana-inflacion,calcs-es,3,0,1,4
/es/calculadora-beca-erasmus-mensualidad-pais-destino-2026,calculadora-beca-erasmus-mensualidad-pais-destino-2026,calcs-es,4,0,0,4
/pt/seguro-desemprego-valor-parcelas-trabalhador-clt,seguro-desemprego-valor-parcelas-trabalhador-clt,calcs-pt,1,0,3,4
/pt/salario-liquido-com-pensao-alimenticia-br,salario-liquido-com-pensao-alimenticia-br,calcs-pt,4,0,0,4
/pt/seguro-desemprego-quantas-parcelas-tempo-trabalhado,seguro-desemprego-quantas-parcelas-tempo-trabalhado,calcs-pt,0,0,4,4
/en/exact-age-calculator,exact-age-calculator,calcs-en,0,4,0,4
/en/3d-print-cost-per-part,3d-print-cost-per-part,calcs-en,0,4,0,4
/calculadora-conversor-meses-a-semanas,calculadora-conversor-meses-a-semanas,calcs,3,0,0,3
/calculadora-adaptador-enchufe-voltaje-pais,calculadora-adaptador-enchufe-voltaje-pais,calcs,3,0,0,3
/calculadora-alambre-cerco-perimetral-metros,calculadora-alambre-cerco-perimetral-metros,calcs,3,0,0,3
/calculadora-regresion-lineal-minimos-cuadrados,calculadora-regresion-lineal-minimos-cuadrados,calcs,0,3,0,3
/calculadora-ping-latencia-gaming-aceptable,calculadora-ping-latencia-gaming-aceptable,calcs,1,1,1,3
/calculadora-mundial-2026-botin-oro-goleador-estimador,calculadora-mundial-2026-botin-oro-goleador-estimador,calcs,2,0,1,3
/calculadora-vino-por-invitado-horas-evento,calculadora-vino-por-invitado-horas-evento,calcs,1,1,1,3
/calculadora-anime-tiempo-bingear-temporadas-episodios-horas,calculadora-anime-tiempo-bingear-temporadas-episodios-horas,calcs,2,0,1,3
/calculadora-ingles-nivel-mcer-horas-estudio-fsi,calculadora-ingles-nivel-mcer-horas-estudio-fsi,calcs,0,0,3,3
/calculadora-conversor-toneladas-cortas-a-toneladas-metricas,calculadora-conversor-toneladas-cortas-a-toneladas-metricas,calcs,0,2,1,3
/calculadora-talla-zapato-bebe,calculadora-talla-zapato-bebe,calcs,0,2,1,3
/calculadora-mojito-cubano-ingredientes,calculadora-mojito-cubano-ingredientes,calcs,3,0,0,3
/calculadora-cedear-dividend-yield-2026,calculadora-cedear-dividend-yield-2026,calcs,2,0,1,3
/calculadora-indice-tobillo-brazo-itb,calculadora-indice-tobillo-brazo-itb,calcs,2,0,1,3
/calculadora-tiempo-descarga-archivo-ancho-banda,calculadora-tiempo-descarga-archivo-ancho-banda,calcs,2,1,0,3
/calculadora-presupuesto-viaje,calculadora-presupuesto-viaje,calcs,3,0,0,3
/calculadora-talle-zapatilla-conversion,calculadora-talle-zapatilla-conversion,calcs,2,1,0,3
/calculadora-alcohol-attenuation-levadura,calculadora-alcohol-attenuation-levadura,calcs,3,0,0,3
/calculadora-autonomia-tanque-lleno-kilometros,calculadora-autonomia-tanque-lleno-kilometros,calcs,2,1,0,3
/calculadora-handicap-golf-estimado,calculadora-handicap-golf-estimado,calcs,1,2,0,3
/calculadora-calendario-siembra-hemisferio-norte,calculadora-calendario-siembra-hemisferio-norte,calcs,1,2,0,3
/sueldo-vs-promedio-argentino,sueldo-vs-promedio-argentino,calcs,0,2,1,3
/calculadora-mundial-2026-partidos-faltantes-seleccion,calculadora-mundial-2026-partidos-faltantes-seleccion,calcs,0,3,0,3
/calculadora-cafe-molido-taza-metodo-preparacion,calculadora-cafe-molido-taza-metodo-preparacion,calcs,0,3,0,3
/calculadora-nota-promedio-bachillerato-secundario-materias,calculadora-nota-promedio-bachillerato-secundario-materias,calcs,0,3,0,3
/calculadora-cupos-champions-league-coeficiente-uefa,calculadora-cupos-champions-league-coeficiente-uefa,calcs,1,2,0,3
/calculadora-costo-universidad-privada-cuota,calculadora-costo-universidad-privada-cuota,calcs,3,0,0,3
/calculadora-ugc-tarifa-contenido-marca,calculadora-ugc-tarifa-contenido-marca,calcs,3,0,0,3
/calculadora-mundial-2026-dias-hasta-debut-seleccion,calculadora-mundial-2026-dias-hasta-debut-seleccion,calcs,0,3,0,3
/calculadora-sueldo-programador-desarrollador-argentina-seniority,calculadora-sueldo-programador-desarrollador-argentina-seniority,calcs,2,1,0,3
/calculadora-sistema-ecuaciones-2x2-cramer,calculadora-sistema-ecuaciones-2x2-cramer,calcs,0,3,0,3
/calculadora-distancia-focal-equivalente,calculadora-distancia-focal-equivalente,calcs,3,0,0,3
/calculadora-conversion-radianes-grados-angulo,calculadora-conversion-radianes-grados-angulo,calcs,2,1,0,3
/calculadora-resarcimiento-accidente,calculadora-resarcimiento-accidente,calcs,0,2,1,3
/calculadora-distribucion-muebles-porcentaje-libre,calculadora-distribucion-muebles-porcentaje-libre,calcs,3,0,0,3
/calculadora-porcelanato-liquido-litros-m2,calculadora-porcelanato-liquido-litros-m2,calcs,2,1,0,3
/calculadora-multa-transito-puntos-licencia,calculadora-multa-transito-puntos-licencia,calcs,1,2,0,3
/calculadora-punto-equilibrio-break-even,calculadora-punto-equilibrio-break-even,calcs,2,1,0,3
/calculadora-fracciones-suma-resta-multiplicacion-division,calculadora-fracciones-suma-resta-multiplicacion-division,calcs,0,3,0,3
/calculadora-implantacion-embrion,calculadora-implantacion-embrion,calcs,0,3,0,3
/calculadora-inflacion-perdida-poder-adquisitivo,calculadora-inflacion-perdida-poder-adquisitivo,calcs,1,2,0,3
/calculadora-tecnica-pomodoro-bloques-descanso-optimo,calculadora-tecnica-pomodoro-bloques-descanso-optimo,calcs,0,2,1,3
/calculadora-engagement-rate-redes-sociales,calculadora-engagement-rate-redes-sociales,calcs,2,0,1,3
/calculadora-sueldo-docente-ademys-caba-antiguedad,calculadora-sueldo-docente-ademys-caba-antiguedad,calcs,0,2,1,3
/calculadora-notacion-cientifica,calculadora-notacion-cientifica,calcs,2,1,0,3
/calculadora-sueldo-aeronautico-piloto-azafata-tripulante,calculadora-sueldo-aeronautico-piloto-azafata-tripulante,calcs,1,2,0,3
/calculadora-sueldo-medico-residente-hospital-publico,calculadora-sueldo-medico-residente-hospital-publico,calcs,2,1,0,3
/calculadora-impuesto-renta-peru-4ta-5ta-2026,calculadora-impuesto-renta-peru-4ta-5ta-2026,calcs,2,1,0,3
/calculadora-cuantas-calorias-bicicleta-distancia-pendiente-perfil,calculadora-cuantas-calorias-bicicleta-distancia-pendiente-perfil,calcs,1,2,0,3
/calculadora-frecuencia-corte-unas-perro-gato,calculadora-frecuencia-corte-unas-perro-gato,calcs,0,3,0,3
/calculadora-cantidad-hamburguesas-parrilla-cumpleanos,calculadora-cantidad-hamburguesas-parrilla-cumpleanos,calcs,0,1,2,3
/calculadora-visa-turismo-usa-ee-uu-costo-b1-b2,calculadora-visa-turismo-usa-ee-uu-costo-b1-b2,calcs,0,3,0,3
/calculadora-grados-dia-calefaccion-refrigeracion-hdd-cdd-consumo,calculadora-grados-dia-calefaccion-refrigeracion-hdd-cdd-consumo,calcs,3,0,0,3
/calculadora-velocidad-distancia-tiempo-fisica,calculadora-velocidad-distancia-tiempo-fisica,calcs,1,2,0,3
/calculadora-ingresos-brutos-convenio-multilateral-jurisdicciones,calculadora-ingresos-brutos-convenio-multilateral-jurisdicciones,calcs,2,0,1,3
/calculadora-lavandina-dilucion-litros-ml,calculadora-lavandina-dilucion-litros-ml,calcs,3,0,0,3
/calculadora-jubilacion-haber-movilidad-trimestral,calculadora-jubilacion-haber-movilidad-trimestral,calcs,2,1,0,3
/calculadora-energia-electrica-impresion-3d,calculadora-energia-electrica-impresion-3d,calcs,1,2,0,3
/calculadora-indemnizacion-despido-improcedente-espana-33-dias,calculadora-indemnizacion-despido-improcedente-espana-33-dias,calcs,0,0,3,3
/calculadora-precio-hora-servicio-3d,calculadora-precio-hora-servicio-3d,calcs,0,3,0,3
/calculadora-precio-minimo-venta-con-margen,calculadora-precio-minimo-venta-con-margen,calcs,1,1,1,3
/calculadora-piedra-nacimiento,calculadora-piedra-nacimiento,calcs,2,1,0,3
/calculadora-arena-relleno-terreno-m3,calculadora-arena-relleno-terreno-m3,calcs,2,1,0,3
/calculadora-velocidad-critica-natacion,calculadora-velocidad-critica-natacion,calcs,1,2,0,3
/calculadora-valor-millas-punto-centavos,calculadora-valor-millas-punto-centavos,calcs,2,1,0,3
/calculadora-macros-keto-dieta,calculadora-macros-keto-dieta,calcs,1,2,0,3
/calculadora-ahorro-hormiga-gasto-diario,calculadora-ahorro-hormiga-gasto-diario,calcs,2,1,0,3
/calculadora-ergonomia-escritorio-medidas,calculadora-ergonomia-escritorio-medidas,calcs,2,1,0,3
/calculadora-tdee-calculadora-mifflin-st-jeor,calculadora-tdee-calculadora-mifflin-st-jeor,calcs,1,1,1,3
/calculadora-priming-sugar-carbonatacion-cerveza,calculadora-priming-sugar-carbonatacion-cerveza,calcs,3,0,0,3
/calculadora-impermeabilizante-membrana-m2-techo,calculadora-impermeabilizante-membrana-m2-techo,calcs,1,2,0,3
/calculadora-distancia-frenado-velocidad-adhesion,calculadora-distancia-frenado-velocidad-adhesion,calcs,1,1,1,3
/calculadora-carga-capacitor-constante-rc,calculadora-carga-capacitor-constante-rc,calcs,2,1,0,3
/calculadora-letra-dni-argentina,calculadora-letra-dni-argentina,calcs,2,0,1,3
/calculadora-sueldo-panadero-basico-feriado-nocturno,calculadora-sueldo-panadero-basico-feriado-nocturno,calcs,0,3,0,3
/calculadora-panel-solar-kwh-dimensionar,calculadora-panel-solar-kwh-dimensionar,calcs,0,3,0,3
/calculadora-espejo-tamano-pared-ideal,calculadora-espejo-tamano-pared-ideal,calcs,3,0,0,3
/calculadora-peso-ideal-formulas,calculadora-peso-ideal-formulas,calcs,0,3,0,3
/calculadora-cpa-cac-ltv,calculadora-cpa-cac-ltv,calcs,2,1,0,3
/calculadora-alimentacion-complementaria,calculadora-alimentacion-complementaria,calcs,0,1,2,3
/calculadora-huella-carbono-personal,calculadora-huella-carbono-personal,calcs,2,1,0,3
/calculadora-notas-gpa-conversor,calculadora-notas-gpa-conversor,calcs,3,0,0,3
/calculadora-premios-copa-argentina-por-ronda,calculadora-premios-copa-argentina-por-ronda,calcs,3,0,0,3
/calculadora-horas-luz-dia-fecha-latitud,calculadora-horas-luz-dia-fecha-latitud,calcs,2,0,1,3
/calculadora-sustrato-mezcla-proporciones,calculadora-sustrato-mezcla-proporciones,calcs,3,0,0,3
/calculadora-findrisc-diabetes-riesgo,calculadora-findrisc-diabetes-riesgo,calcs,0,3,0,3
/calculadora-conversor-tb-a-gb,calculadora-conversor-tb-a-gb,calcs,0,3,0,3
/calculadora-nombre-rapper,calculadora-nombre-rapper,calcs,1,2,0,3
/calculadora-correccion-calcio-albumina,calculadora-correccion-calcio-albumina,calcs,2,1,0,3
/calculadora-riesgo-embarazo-edad,calculadora-riesgo-embarazo-edad,calcs,1,2,0,3
/calculadora-millas-united-mileageplus,calculadora-millas-united-mileageplus,calcs,3,0,0,3
/calculadora-porciones-pasta-seca-persona-hambre,calculadora-porciones-pasta-seca-persona-hambre,calcs,3,0,0,3
/calculadora-carga-glucemica-comida,calculadora-carga-glucemica-comida,calcs,0,2,1,3
/calculadora-finiquito-bolivia-desvinculacion,calculadora-finiquito-bolivia-desvinculacion,calcs,3,0,0,3
/calculadora-playlist-duracion-canciones,calculadora-playlist-duracion-canciones,calcs,3,0,0,3
/calculadora-trigonometria-seno-coseno-tangente,calculadora-trigonometria-seno-coseno-tangente,calcs,0,3,0,3
/calculadora-diametro-caneria-agua-caudal,calculadora-diametro-caneria-agua-caudal,calcs,1,2,0,3
/calculadora-tiempo-impresion-3d-layer,calculadora-tiempo-impresion-3d-layer,calcs,1,2,0,3
/calculadora-vtv-costo-provincias-2026,calculadora-vtv-costo-provincias-2026,calcs,2,1,0,3
/calculadora-costo-total-comprar-propiedad-gastos,calculadora-costo-total-comprar-propiedad-gastos,calcs,2,0,1,3
/calculadora-esqui-pase-cerro-catedral-bariloche-precio-dia,calculadora-esqui-pase-cerro-catedral-bariloche-precio-dia,calcs,3,0,0,3
/simulador-costo-mantener-auto,simulador-costo-mantener-auto,calcs,3,0,0,3
/calculadora-potencias-y-raices,calculadora-potencias-y-raices,calcs,1,2,0,3
/calculadora-embarazada-aumento-peso-semana-imc-previo,calculadora-embarazada-aumento-peso-semana-imc-previo,calcs,0,3,0,3
/calculadora-prima-servicios-colombia-2026,calculadora-prima-servicios-colombia-2026,calcs,1,2,0,3
/calculadora-apple-music-royalties-pagos,calculadora-apple-music-royalties-pagos,calcs,3,0,0,3
/calculadora-conversor-kb-a-mb,calculadora-conversor-kb-a-mb,calcs,0,3,0,3
/calculadora-bateria-lipo-capacidad-descarga,calculadora-bateria-lipo-capacidad-descarga,calcs,2,0,1,3
/calculadora-jubilacion-docente-ips-buenos-aires,calculadora-jubilacion-docente-ips-buenos-aires,calcs,2,1,0,3
/calculadora-logaritmos-base-10-natural-cualquier-base,calculadora-logaritmos-base-10-natural-cualquier-base,calcs,0,2,1,3
/calculadora-macetas-tamano-planta,calculadora-macetas-tamano-planta,calcs,3,0,0,3
/calculadora-probabilidad-loteria-premio,calculadora-probabilidad-loteria-premio,calcs,0,0,3,3
/calculadora-puntos-vs-cash-vuelo-cuando-conviene,calculadora-puntos-vs-cash-vuelo-cuando-conviene,calcs,3,0,0,3
/calculadora-proteina-diaria-fisicoculturismo-ganar-musculo,calculadora-proteina-diaria-fisicoculturismo-ganar-musculo,calcs,0,3,0,3
/calculadora-descuento-vuelo-millas-vs-cash,calculadora-descuento-vuelo-millas-vs-cash,calcs,3,0,0,3
/calculadora-gaseosa-por-invitado-cumple-infantil,calculadora-gaseosa-por-invitado-cumple-infantil,calcs,2,1,0,3
/calculadora-productividad-pomodoro-sesiones-dia-efectivas,calculadora-productividad-pomodoro-sesiones-dia-efectivas,calcs,1,2,0,3
/calculadora-mundial-2026-camiseta-precio-comparador,calculadora-mundial-2026-camiseta-precio-comparador,calcs,3,0,0,3
/calculadora-cafeteria-cuanto-cobrar-pais-cafe-medialuna-margen,calculadora-cafeteria-cuanto-cobrar-pais-cafe-medialuna-margen,calcs,0,0,3,3
/calculadora-dni-extranjero-residencia-costo-migraciones,calculadora-dni-extranjero-residencia-costo-migraciones,calcs,3,0,0,3
/calculadora-monotributo-social-beneficio-exencion,calculadora-monotributo-social-beneficio-exencion,calcs,0,3,0,3
/calculadora-multiplicar-dividir-receta-porciones,calculadora-multiplicar-dividir-receta-porciones,calcs,2,1,0,3
/mx/calculadora-resico-personas-fisicas-mexico-2026-cuota,calculadora-resico-personas-fisicas-mexico-2026-cuota,calcs-mx,3,0,0,3
/mx/calculadora-isr-arrendamiento-deduccion-ciega-mexico,calculadora-isr-arrendamiento-deduccion-ciega-mexico,calcs-mx,3,0,0,3
/mx/calculadora-luz-cfe-tarifa-domestica-bimestral-mexico,calculadora-luz-cfe-tarifa-domestica-bimestral-mexico,calcs-mx,3,0,0,3
/mx/calculadora-pension-alimenticia-mexico-padre-divorcio,calculadora-pension-alimenticia-mexico-padre-divorcio,calcs-mx,1,1,1,3
/mx/calculadora-cuenta-de-ahorro-mexico-rendimiento-cetes-directo-nu-mercado-pago,calculadora-cuenta-de-ahorro-mexico-rendimiento-cetes-directo-nu-mercado-pago,calcs-mx,1,0,2,3
/mx/calculadora-vacaciones-dias-antiguedad-mexico,calculadora-vacaciones-dias-antiguedad-mexico,calcs-mx,0,3,0,3
/mx/calculadora-iva-ieps-cigarros-bebidas-azucar-mexico,calculadora-iva-ieps-cigarros-bebidas-azucar-mexico,calcs-mx,3,0,0,3
/co/calculadora-coste-vida-mensual-colombia-soltero-pareja,calculadora-coste-vida-mensual-colombia-soltero-pareja,calcs-co,1,0,2,3
/co/calculadora-conversion-uvt-uvr-colombia-actualizacion-2026,calculadora-conversion-uvt-uvr-colombia-actualizacion-2026,calcs-co,3,0,0,3
/co/calculadora-iva-frontera-paso-fronterizo-colombia-zonas-especiales,calculadora-iva-frontera-paso-fronterizo-colombia-zonas-especiales,calcs-co,3,0,0,3
/co/calculadora-titulos-tes-colombia-rendimiento-vencimiento,calculadora-titulos-tes-colombia-rendimiento-vencimiento,calcs-co,3,0,0,3
/co/calculadora-divorcio-cuota-litis-honorarios-abogado-colombia,calculadora-divorcio-cuota-litis-honorarios-abogado-colombia,calcs-co,2,1,0,3
/co/calculadora-iva-bienes-exentos-excluidos-colombia-2026,calculadora-iva-bienes-exentos-excluidos-colombia-2026,calcs-co,3,0,0,3
/cl/calculadora-gratuidad-educacion-superior-chile-deciles-1-6,calculadora-gratuidad-educacion-superior-chile-deciles-1-6,calcs-cl,3,0,0,3
/cl/calculadora-fondo-mutuo-vs-deposito-plazo-chile-rendimiento,calculadora-fondo-mutuo-vs-deposito-plazo-chile-rendimiento,calcs-cl,3,0,0,3
/cl/calculadora-aporte-empleador-empleado-chile-total-costo-laboral,calculadora-aporte-empleador-empleado-chile-total-costo-laboral,calcs-cl,2,0,1,3
/cl/calculadora-cuenta-2-afp-chile-aporte-voluntario-rendimiento,calculadora-cuenta-2-afp-chile-aporte-voluntario-rendimiento,calcs-cl,3,0,0,3
/cl/calculadora-permiso-circulacion-chile-vehiculo-2026-comuna,calculadora-permiso-circulacion-chile-vehiculo-2026-comuna,calcs-cl,1,2,0,3
/cl/calculadora-aporte-mutual-empresa-comparar-ist-asociacion-chilena,calculadora-aporte-mutual-empresa-comparar-ist-asociacion-chilena,calcs-cl,0,0,3,3
/cl/calculadora-licencia-medica-chile-pago-subsidio-isapre-fonasa,calculadora-licencia-medica-chile-pago-subsidio-isapre-fonasa,calcs-cl,2,1,0,3
/pe/calculadora-impuesto-renta-quinta-categoria-peru,calculadora-impuesto-renta-quinta-categoria-peru,calcs-pe,2,0,1,3
/pe/calculadora-costo-vida-mensual-peru,calculadora-costo-vida-mensual-peru,calcs-pe,3,0,0,3
/ec/calculadora-liquidacion-finiquito-ecuador,calculadora-liquidacion-finiquito-ecuador,calcs-ec,3,0,0,3
/ec/calculadora-canasta-basica-familiar-ecuador,calculadora-canasta-basica-familiar-ecuador,calcs-ec,2,0,1,3
/ec/calculadora-rimpe-emprendedor-ecuador,calculadora-rimpe-emprendedor-ecuador,calcs-ec,2,0,1,3
/ec/calculadora-deposito-plazo-fijo-ecuador,calculadora-deposito-plazo-fijo-ecuador,calcs-ec,2,0,1,3
/en/cat-age-to-human-years,cat-age-to-human-years,calcs-en,0,3,0,3
/en/body-fat-skinfolds-jackson-pollock,body-fat-skinfolds-jackson-pollock,calcs-en,0,0,3,3
/calculadora-impuesto-pais-pasaje-avion-internacional,calculadora-impuesto-pais-pasaje-avion-internacional,calcs,0,1,1,2
/calculadora-porciones-sushi-por-persona-promedio,calculadora-porciones-sushi-por-persona-promedio,calcs,2,0,0,2
/calculadora-alquiler-vs-comprar,calculadora-alquiler-vs-comprar,calcs,1,0,1,2
/calculadora-filtro-nd-pasos-exposicion,calculadora-filtro-nd-pasos-exposicion,calcs,2,0,0,2
/calculadora-concentracion-molar-solucion,calculadora-concentracion-molar-solucion,calcs,0,2,0,2
/calculadora-tiempo-calidad-hijos-padres-madres-minutos,calculadora-tiempo-calidad-hijos-padres-madres-minutos,calcs,1,1,0,2
/calculadora-velocidad-pelota-futbol-tiro,calculadora-velocidad-pelota-futbol-tiro,calcs,2,0,0,2
/calculadora-correccion-sodio-glucemia,calculadora-correccion-sodio-glucemia,calcs,2,0,0,2
/calculadora-periodo-fertil-irregular,calculadora-periodo-fertil-irregular,calcs,1,0,1,2
/calculadora-cuanto-gano-por-segundo,calculadora-cuanto-gano-por-segundo,calcs,1,1,0,2
/calculadora-nota-parcial-recuperatorio-promocion,calculadora-nota-parcial-recuperatorio-promocion,calcs,2,0,0,2
/calculadora-ecuacion-cuadratica-formula-resolvente,calculadora-ecuacion-cuadratica-formula-resolvente,calcs,1,1,0,2
/calculadora-traslado-aeropuerto-ciudad-tiempo,calculadora-traslado-aeropuerto-ciudad-tiempo,calcs,1,0,1,2
/calculadora-tamano-bebe-semana,calculadora-tamano-bebe-semana,calcs,1,1,0,2
/calculadora-typing-speed,calculadora-typing-speed,calcs,1,1,0,2
/calculadora-volumen-superficie-esfera-radio,calculadora-volumen-superficie-esfera-radio,calcs,0,2,0,2
/calculadora-ph-concentracion-hidrogeno,calculadora-ph-concentracion-hidrogeno,calcs,0,2,0,2
/calculadora-estantes-madera-soporte-peso,calculadora-estantes-madera-soporte-peso,calcs,2,0,0,2
/calculadora-sellos-compra-inmueble-caba-pba,calculadora-sellos-compra-inmueble-caba-pba,calcs,2,0,0,2
/calculadora-rankeo-elo-puntos,calculadora-rankeo-elo-puntos,calcs,2,0,0,2
/calculadora-haber-minimo-jubilatorio-2026-bono-total,calculadora-haber-minimo-jubilatorio-2026-bono-total,calcs,1,1,0,2
/calculadora-calorias-gym-pesas-hora,calculadora-calorias-gym-pesas-hora,calcs,2,0,0,2
/calculadora-leverage-trading-liquidacion-precio,calculadora-leverage-trading-liquidacion-precio,calcs,2,0,0,2
/calculadora-cold-brew-ratio,calculadora-cold-brew-ratio,calcs,2,0,0,2
/calculadora-calorias-copa-vino,calculadora-calorias-copa-vino,calcs,2,0,0,2
/calculadora-entropia-cambio-fase,calculadora-entropia-cambio-fase,calcs,2,0,0,2
/calculadora-plusvalia-inmueble-pba-venta-impuesto-2026,calculadora-plusvalia-inmueble-pba-venta-impuesto-2026,calcs,1,1,0,2
/calculadora-semillas-por-m2-huerta,calculadora-semillas-por-m2-huerta,calcs,1,1,0,2
/calculadora-densidad-nutricional-score,calculadora-densidad-nutricional-score,calcs,0,2,0,2
/calculadora-fusible-amperaje-cable-seccion,calculadora-fusible-amperaje-cable-seccion,calcs,1,1,0,2
/calculadora-valor-millas-viajero-frecuente,calculadora-valor-millas-viajero-frecuente,calcs,2,0,0,2
/calculadora-licencia-fallecimiento-familiar-duelo-dias-lct,calculadora-licencia-fallecimiento-familiar-duelo-dias-lct,calcs,1,1,0,2
/calculadora-ahorro-uva-vs-pesos-vs-dolar-12-meses,calculadora-ahorro-uva-vs-pesos-vs-dolar-12-meses,calcs,0,2,0,2
/calculadora-conversor-bits-a-bytes,calculadora-conversor-bits-a-bytes,calcs,1,1,0,2
/calculadora-calendario-siembra-hemisferio-sur,calculadora-calendario-siembra-hemisferio-sur,calcs,0,2,0,2
/calculadora-amplificador-watts-parlantes,calculadora-amplificador-watts-parlantes,calcs,1,0,1,2
/calculadora-roi-ad-spend-facebook-meta,calculadora-roi-ad-spend-facebook-meta,calcs,0,2,0,2
/calculadora-calorias-remo-indoor-ergometro,calculadora-calorias-remo-indoor-ergometro,calcs,2,0,0,2
/calculadora-costo-hora-disenador-grafico,calculadora-costo-hora-disenador-grafico,calcs,0,1,1,2
/calculadora-costo-envio-peso-destino,calculadora-costo-envio-peso-destino,calcs,1,0,1,2
/calculadora-newsletter-ingreso-suscriptores-pago,calculadora-newsletter-ingreso-suscriptores-pago,calcs,2,0,0,2
/calculadora-costo-por-view-cpv-video,calculadora-costo-por-view-cpv-video,calcs,1,1,0,2
/calculadora-mundial-2026-descanso-entre-partidos,calculadora-mundial-2026-descanso-entre-partidos,calcs,2,0,0,2
/calculadora-peso-ideal-pastor-aleman,calculadora-peso-ideal-pastor-aleman,calcs,1,0,1,2
/calculadora-hidroponia-nutrientes-ec-ppm,calculadora-hidroponia-nutrientes-ec-ppm,calcs,2,0,0,2
/calculadora-iso-invariance-camara-modelo,calculadora-iso-invariance-camara-modelo,calcs,0,0,2,2
/calculadora-cafeina-dosis-rendimiento,calculadora-cafeina-dosis-rendimiento,calcs,0,1,1,2
/calculadora-media-mediana-moda,calculadora-media-mediana-moda,calcs,0,2,0,2
/calculadora-costo-escritura-inmueble-porcentaje-valor,calculadora-costo-escritura-inmueble-porcentaje-valor,calcs,1,0,1,2
/calculadora-afinacion-frecuencia-nota,calculadora-afinacion-frecuencia-nota,calcs,2,0,0,2
/calculadora-poisson-goles-esperados-partido,calculadora-poisson-goles-esperados-partido,calcs,1,0,1,2
/calculadora-pension-alimentaria-hijo-porcentaje-sueldo-detallada,calculadora-pension-alimentaria-hijo-porcentaje-sueldo-detallada,calcs,1,1,0,2
/calculadora-tiempos-coccion-verduras-al-vapor-hervido,calculadora-tiempos-coccion-verduras-al-vapor-hervido,calcs,0,2,0,2
/calculadora-correa-distribucion-cambio-intervalo-km,calculadora-correa-distribucion-cambio-intervalo-km,calcs,1,0,1,2
/calculadora-deck-madera-tablas-tornillos,calculadora-deck-madera-tablas-tornillos,calcs,1,1,0,2
/calculadora-regalo-boda-apropiado-invitado,calculadora-regalo-boda-apropiado-invitado,calcs,2,0,0,2
/calculadora-distancia-entre-plantas-espaciado,calculadora-distancia-entre-plantas-espaciado,calcs,2,0,0,2
/calculadora-cafe-french-press-ratio,calculadora-cafe-french-press-ratio,calcs,0,2,0,2
/calculadora-claude-gemini-tokens-comparativa-precio-uso,calculadora-claude-gemini-tokens-comparativa-precio-uso,calcs,2,0,0,2
/calculadora-conversor-talles-ropa-us-ar-eu,calculadora-conversor-talles-ropa-us-ar-eu,calcs,1,0,1,2
/calculadora-ritmo-carrera-pace-km,calculadora-ritmo-carrera-pace-km,calcs,1,1,0,2
/calculadora-cantidad-pizzas-por-invitados-pizzeria,calculadora-cantidad-pizzas-por-invitados-pizzeria,calcs,1,1,0,2
/calculadora-lente-distancia-focal,calculadora-lente-distancia-focal,calcs,2,0,0,2
/calculadora-distancia-entre-dos-puntos-2d-3d,calculadora-distancia-entre-dos-puntos-2d-3d,calcs,0,1,1,2
/calculadora-tesis-palabras-tiempo-necesario-elaboracion,calculadora-tesis-palabras-tiempo-necesario-elaboracion,calcs,2,0,0,2
/calculadora-cuando-son-las-proximas-elecciones-por-pais,calculadora-cuando-son-las-proximas-elecciones-por-pais,calcs,1,0,1,2
/calculadora-payback-periodo-recupero-inversion,calculadora-payback-periodo-recupero-inversion,calcs,0,0,2,2
/calculadora-grasa-subcutanea-visceral-total-diferencia,calculadora-grasa-subcutanea-visceral-total-diferencia,calcs,0,1,1,2
/calculadora-valuacion-fiscal-neuquen-2026-impuesto-inmobiliario,calculadora-valuacion-fiscal-neuquen-2026-impuesto-inmobiliario,calcs,2,0,0,2
/calculadora-vacunas-faltantes-bebe-edad-meses,calculadora-vacunas-faltantes-bebe-edad-meses,calcs,0,2,0,2
/calculadora-tarjeta-credito-minimo,calculadora-tarjeta-credito-minimo,calcs,1,0,1,2
/calculadora-aislante-termico-pared-eps-lana-vidrio-recomendado,calculadora-aislante-termico-pared-eps-lana-vidrio-recomendado,calcs,0,0,2,2
/calculadora-calorias-padel-hora-intensidad,calculadora-calorias-padel-hora-intensidad,calcs,2,0,0,2
/calculadora-conversion-atmosferas-pascales-bar,calculadora-conversion-atmosferas-pascales-bar,calcs,0,2,0,2
/calculadora-hipoteca-uva-santander-argentina,calculadora-hipoteca-uva-santander-argentina,calcs,0,1,1,2
/calculadora-visa-schengen-europa-requisitos,calculadora-visa-schengen-europa-requisitos,calcs,0,1,1,2
/calculadora-equivalencia-toefl-ielts-cambridge-mcer,calculadora-equivalencia-toefl-ielts-cambridge-mcer,calcs,2,0,0,2
/calculadora-hipoteca-mensual-cuota-fija,calculadora-hipoteca-mensual-cuota-fija,calcs,0,2,0,2
/calculadora-upwork-freelancer-comision-neta-argentina,calculadora-upwork-freelancer-comision-neta-argentina,calcs,0,1,1,2
/calculadora-bateria-capacidad-runtime-ah,calculadora-bateria-capacidad-runtime-ah,calcs,2,0,0,2
/calculadora-porcentaje-grasa-corporal-formula-navy,calculadora-porcentaje-grasa-corporal-formula-navy,calcs,0,2,0,2
/calculadora-escalera-pasos-huella-contrahuella,calculadora-escalera-pasos-huella-contrahuella,calcs,0,1,1,2
/calculadora-quita-jubilatoria-bono-refuerzo-anses-2026,calculadora-quita-jubilatoria-bono-refuerzo-anses-2026,calcs,0,2,0,2
/calculadora-macros-paleo-dieta,calculadora-macros-paleo-dieta,calcs,2,0,0,2
/calculadora-aniversario-pareja,calculadora-aniversario-pareja,calcs,1,0,1,2
/calculadora-generador-qr,calculadora-generador-qr,calcs,0,1,1,2
/calculadora-macros-mediterranea,calculadora-macros-mediterranea,calcs,1,0,1,2
/calculadora-gaming-fps-componentes-pc-armar-presupuesto,calculadora-gaming-fps-componentes-pc-armar-presupuesto,calcs,0,2,0,2
/calculadora-costo-lavado-ropa-lavadora-vs-lavanderia,calculadora-costo-lavado-ropa-lavadora-vs-lavanderia,calcs,1,0,1,2
/calculadora-capacitor-carga-descarga-rc,calculadora-capacitor-carga-descarga-rc,calcs,0,2,0,2
/calculadora-edad-ideal-pareja,calculadora-edad-ideal-pareja,calcs,1,1,0,2
/calculadora-visa-turismo-paises-costo-tiempo,calculadora-visa-turismo-paises-costo-tiempo,calcs,2,0,0,2
/calculadora-sueldo-neto-autonomo-monotributista,calculadora-sueldo-neto-autonomo-monotributista,calcs,0,2,0,2
/calculadora-costo-gaming-por-hora,calculadora-costo-gaming-por-hora,calcs,2,0,0,2
/calculadora-ingles-niveles-cambridge-duolingo-tiempo-conversion,calculadora-ingles-niveles-cambridge-duolingo-tiempo-conversion,calcs,2,0,0,2
/calculadora-vo2max-predecir-carrera-cooper-12min,calculadora-vo2max-predecir-carrera-cooper-12min,calcs,0,2,0,2
/calculadora-globos-decoracion-salon-metros,calculadora-globos-decoracion-salon-metros,calcs,1,1,0,2
/calculadora-mcd-mcm-dos-numeros-enteros,calculadora-mcd-mcm-dos-numeros-enteros,calcs,0,2,0,2
/calculadora-conversion-libras-kilos-onzas-stone,calculadora-conversion-libras-kilos-onzas-stone,calcs,0,2,0,2
/calculadora-sueldo-chofer-colectivo-uta-urbano,calculadora-sueldo-chofer-colectivo-uta-urbano,calcs,2,0,0,2
/calculadora-reach-frequency-grp-medios,calculadora-reach-frequency-grp-medios,calcs,0,0,2,2
/calculadora-fire-retiro-temprano,calculadora-fire-retiro-temprano,calcs,2,0,0,2
/calculadora-amortizacion-auto-valor-residual,calculadora-amortizacion-auto-valor-residual,calcs,2,0,0,2
/calculadora-valor-presente-neto-vpn,calculadora-valor-presente-neto-vpn,calcs,0,0,2,2
/calculadora-dolar-mep-paso-a-paso-costo-operacion,calculadora-dolar-mep-paso-a-paso-costo-operacion,calcs,0,2,0,2
/calculadora-dias-promedio-pago-proveedores-dpp,calculadora-dias-promedio-pago-proveedores-dpp,calcs,2,0,0,2
/calculadora-sueldo-minimo-para-alquilar,calculadora-sueldo-minimo-para-alquilar,calcs,0,2,0,2
/calculadora-conversor-micrometros-a-milimetros,calculadora-conversor-micrometros-a-milimetros,calcs,2,0,0,2
/calculadora-youtube-suscriptores-para-1000,calculadora-youtube-suscriptores-para-1000,calcs,0,2,0,2
/calculadora-pasto-semilla-kg-m2-cesped-sembrar,calculadora-pasto-semilla-kg-m2-cesped-sembrar,calcs,2,0,0,2
/calculadora-ielts-toefl-puntaje-equivalencia-cef-c1-c2,calculadora-ielts-toefl-puntaje-equivalencia-cef-c1-c2,calcs,2,0,0,2
/calculadora-cac-ltv-costo-adquisicion-cliente,calculadora-cac-ltv-costo-adquisicion-cliente,calcs,1,1,0,2
/calculadora-subnetting-mascara-red-cidr,calculadora-subnetting-mascara-red-cidr,calcs,0,2,0,2
/calculadora-costo-boda-argentina,calculadora-costo-boda-argentina,calcs,0,2,0,2
/calculadora-peso-pla-abs-petg-volumen,calculadora-peso-pla-abs-petg-volumen,calcs,1,1,0,2
/calculadora-resin-3d-mililitros-pieza,calculadora-resin-3d-mililitros-pieza,calcs,1,1,0,2
/calculadora-tarifario-creador-contenido-multiplataforma,calculadora-tarifario-creador-contenido-multiplataforma,calcs,1,0,1,2
/calculadora-riego-automatico-programacion-minutos,calculadora-riego-automatico-programacion-minutos,calcs,1,1,0,2
/calculadora-tiempo-lectura-libro-paginas,calculadora-tiempo-lectura-libro-paginas,calcs,2,0,0,2
/calculadora-calorias-aproximadas-receta-plato,calculadora-calorias-aproximadas-receta-plato,calcs,2,0,0,2
/calculadora-materias-faltan-recibirte,calculadora-materias-faltan-recibirte,calcs,2,0,0,2
/calculadora-macros-deficit-volumen-mantenimiento,calculadora-macros-deficit-volumen-mantenimiento,calcs,0,2,0,2
/calculadora-metros-cuadrados-terreno-irregular-poligono,calculadora-metros-cuadrados-terreno-irregular-poligono,calcs,2,0,0,2
/calculadora-desarrollo-motor-bebe,calculadora-desarrollo-motor-bebe,calcs,1,1,0,2
/calculadora-area-perimetro-circulo-radio,calculadora-area-perimetro-circulo-radio,calcs,0,1,1,2
/calculadora-cuanto-vale-mi-tiempo-hora-anual-salario,calculadora-cuanto-vale-mi-tiempo-hora-anual-salario,calcs,1,1,0,2
/calculadora-germinacion-tiempo-temperatura,calculadora-germinacion-tiempo-temperatura,calcs,0,0,2,2
/calculadora-tiktok-live-diamonds-dolares,calculadora-tiktok-live-diamonds-dolares,calcs,1,0,1,2
/calculadora-ley-ohm-voltaje-resistencia,calculadora-ley-ohm-voltaje-resistencia,calcs,0,2,0,2
/calculadora-huella-digital-estimacion,calculadora-huella-digital-estimacion,calcs,2,0,0,2
/calculadora-costo-gas-fee-ethereum-2026,calculadora-costo-gas-fee-ethereum-2026,calcs,2,0,0,2
/calculadora-screen-time-pediatra-edad-hora-dia,calculadora-screen-time-pediatra-edad-hora-dia,calcs,0,2,0,2
/calculadora-iva-mexico-frontera-norte-sur-8-vs-16-comparador,calculadora-iva-mexico-frontera-norte-sur-8-vs-16-comparador,calcs,2,0,0,2
/calculadora-repeticion-maxima-estimada,calculadora-repeticion-maxima-estimada,calcs,1,0,1,2
/calculadora-despido-enfermedad-inculpable-art-211-art-212-lct,calculadora-despido-enfermedad-inculpable-art-211-art-212-lct,calcs,0,2,0,2
/calculadora-certificado-libre-deuda-auto-costo,calculadora-certificado-libre-deuda-auto-costo,calcs,1,1,0,2
/calculadora-sistemas-ecuaciones-2x2-cramer,calculadora-sistemas-ecuaciones-2x2-cramer,calcs,0,2,0,2
/calculadora-gas-natural-subsidio-zonas-frias-patagonia,calculadora-gas-natural-subsidio-zonas-frias-patagonia,calcs,1,0,1,2
/calculadora-duolingo-xp-objetivo,calculadora-duolingo-xp-objetivo,calcs,2,0,0,2
/calculadora-ingreso-minimo-credito-hipotecario-uva-banco-nacion,calculadora-ingreso-minimo-credito-hipotecario-uva-banco-nacion,calcs,1,0,1,2
/calculadora-conversor-acres-a-hectareas,calculadora-conversor-acres-a-hectareas,calcs,0,1,1,2
/calculadora-masa-molar-compuesto,calculadora-masa-molar-compuesto,calcs,1,0,1,2
/calculadora-tiktok-engagement-rate,calculadora-tiktok-engagement-rate,calcs,1,1,0,2
/calculadora-calorias-embarazo-trimestre,calculadora-calorias-embarazo-trimestre,calcs,0,2,0,2
/calculadora-cuanto-falta-jubilarse-jubilacion-edad-aportes,calculadora-cuanto-falta-jubilarse-jubilacion-edad-aportes,calcs,0,2,0,2
/calculadora-mundial-2026-probabilidad-ganar-penales,calculadora-mundial-2026-probabilidad-ganar-penales,calcs,2,0,0,2
/calculadora-tiempo-temperatura-coccion-carne,calculadora-tiempo-temperatura-coccion-carne,calcs,0,1,1,2
/calculadora-horas-luz-solar-planta-necesarias,calculadora-horas-luz-solar-planta-necesarias,calcs,2,0,0,2
/calculadora-promedio-ponderado-notas-materias,calculadora-promedio-ponderado-notas-materias,calcs,0,2,0,2
/calculadora-gasto-agua-mensual-hogar-litros,calculadora-gasto-agua-mensual-hogar-litros,calcs,0,2,0,2
/calculadora-dividir-cuenta-propina-amigos,calculadora-dividir-cuenta-propina-amigos,calcs,0,2,0,2
/calculadora-whisky-por-invitado-evento,calculadora-whisky-por-invitado-evento,calcs,2,0,0,2
/calculadora-volumen-semanal-hipertrofia-musculo-series,calculadora-volumen-semanal-hipertrofia-musculo-series,calcs,2,0,0,2
/calculadora-agua-riego-plantas-dia,calculadora-agua-riego-plantas-dia,calcs,2,0,0,2
/calculadora-patente-moto-provincias-2026-alicuota,calculadora-patente-moto-provincias-2026-alicuota,calcs,2,0,0,2
/calculadora-ahorro-termo-electrico-vs-gas,calculadora-ahorro-termo-electrico-vs-gas,calcs,1,1,0,2
/calculadora-pileta-cloro-litros-volumen-dosificacion,calculadora-pileta-cloro-litros-volumen-dosificacion,calcs,0,2,0,2
/calculadora-vitamina-d-dosis-sol-diaria-edad,calculadora-vitamina-d-dosis-sol-diaria-edad,calcs,0,2,0,2
/calculadora-cilindrada-motor-cc-litros,calculadora-cilindrada-motor-cc-litros,calcs,0,2,0,2
/calculadora-vajilla-alquiler-invitados,calculadora-vajilla-alquiler-invitados,calcs,1,1,0,2
/calculadora-costo-hijo-mensual,calculadora-costo-hijo-mensual,calcs,0,2,0,2
/calculadora-tir-van-inversion,calculadora-tir-van-inversion,calcs,0,1,1,2
/calculadora-probabilidad-conocer-pareja,calculadora-probabilidad-conocer-pareja,calcs,2,0,0,2
/calculadora-iva-paises-latinoamerica,calculadora-iva-paises-latinoamerica,calcs,2,0,0,2
/calculadora-ejercicio-diario-raza-perro,calculadora-ejercicio-diario-raza-perro,calcs,1,0,1,2
/calculadora-presupuesto-viaje-lima-peru,calculadora-presupuesto-viaje-lima-peru,calcs,0,2,0,2
/calculadora-humedad-relativa-ideal-ambiente,calculadora-humedad-relativa-ideal-ambiente,calcs,0,2,0,2
/calculadora-roas-retorno-inversion-publicitaria,calculadora-roas-retorno-inversion-publicitaria,calcs,2,0,0,2
/calculadora-eta-canada-requisitos,calculadora-eta-canada-requisitos,calcs,2,0,0,2
/calculadora-emision-co2-auto-combustible,calculadora-emision-co2-auto-combustible,calcs,2,0,0,2
/calculadora-horas-vida-restantes,calculadora-horas-vida-restantes,calcs,2,0,0,2
/calculadora-leudado-pan-levadura-tiempo-temperatura,calculadora-leudado-pan-levadura-tiempo-temperatura,calcs,2,0,0,2
/calculadora-cpc-costo-por-click,calculadora-cpc-costo-por-click,calcs,2,0,0,2
/calculadora-teorema-pitagoras-hipotenusa-cateto,calculadora-teorema-pitagoras-hipotenusa-cateto,calcs,0,2,0,2
/calculadora-peso-ideal-rottweiler,calculadora-peso-ideal-rottweiler,calcs,2,0,0,2
/calculadora-megapixeles-impresion-tamano,calculadora-megapixeles-impresion-tamano,calcs,2,0,0,2
/calculadora-factura-gas-estimada,calculadora-factura-gas-estimada,calcs,0,1,1,2
/calculadora-peso-ideal-gato-raza,calculadora-peso-ideal-gato-raza,calcs,0,1,1,2
/calculadora-calorias-quemadas-mediocampista-partido,calculadora-calorias-quemadas-mediocampista-partido,calcs,2,0,0,2
/calculadora-peso-ideal-yorkshire-terrier,calculadora-peso-ideal-yorkshire-terrier,calcs,2,0,0,2
/calculadora-carbohidratos-durante-ejercicio,calculadora-carbohidratos-durante-ejercicio,calcs,2,0,0,2
/calculadora-check-in-anticipo-horas-aeropuerto,calculadora-check-in-anticipo-horas-aeropuerto,calcs,2,0,0,2
/calculadora-poda-frecuencia-arbol-especie,calculadora-poda-frecuencia-arbol-especie,calcs,0,2,0,2
/calculadora-wacc-costo-capital-promedio-ponderado,calculadora-wacc-costo-capital-promedio-ponderado,calcs,1,0,1,2
/calculadora-frecuencia-cardiaca-zonas-entrenamiento,calculadora-frecuencia-cardiaca-zonas-entrenamiento,calcs,0,2,0,2
/calculadora-reciclaje-botellas-ahorro-co2,calculadora-reciclaje-botellas-ahorro-co2,calcs,2,0,0,2
/calculadora-fondo-emergencia-meses-gastos-cuanto,calculadora-fondo-emergencia-meses-gastos-cuanto,calcs,0,1,1,2
/calculadora-conversor-celsius-a-kelvin,calculadora-conversor-celsius-a-kelvin,calcs,0,2,0,2
/calculadora-chorizos-por-invitado-asado,calculadora-chorizos-por-invitado-asado,calcs,0,2,0,2
/calculadora-cachorros-camada-raza,calculadora-cachorros-camada-raza,calcs,2,0,0,2
/calculadora-mundial-2026-estadios-comparador,calculadora-mundial-2026-estadios-comparador,calcs,0,0,2,2
/calculadora-velocidad-escape-planeta,calculadora-velocidad-escape-planeta,calcs,2,0,0,2
/calculadora-puntos-ranking-ajedrez-elo,calculadora-puntos-ranking-ajedrez-elo,calcs,0,2,0,2
/calculadora-huevos-por-receta-comensales,calculadora-huevos-por-receta-comensales,calcs,1,1,0,2
/calculadora-engagement-rate-instagram,calculadora-engagement-rate-instagram,calcs,0,2,0,2
/calculadora-renta-financiera-cedular-personas,calculadora-renta-financiera-cedular-personas,calcs,2,0,0,2
/calculadora-nivel-introversion-extraversion,calculadora-nivel-introversion-extraversion,calcs,0,2,0,2
/calculadora-presion-neumatico-psi-bar-auto,calculadora-presion-neumatico-psi-bar-auto,calcs,0,1,1,2
/calculadora-cuanto-cobro-por-hora-freelance,calculadora-cuanto-cobro-por-hora-freelance,calcs,0,1,1,2
/calculadora-ciclo-sueno-rem-no-rem-90min,calculadora-ciclo-sueno-rem-no-rem-90min,calcs,0,2,0,2
/calculadora-irpf-cataluna-2026-asalariado,calculadora-irpf-cataluna-2026-asalariado,calcs,2,0,0,2
/calculadora-abl-caba-valuacion-fiscal-vivienda,calculadora-abl-caba-valuacion-fiscal-vivienda,calcs,0,2,0,2
/calculadora-dia-nacimiento-semana,calculadora-dia-nacimiento-semana,calcs,1,1,0,2
/calculadora-cuanto-falta-fin-de-ano-2026-dias-horas-segundos,calculadora-cuanto-falta-fin-de-ano-2026-dias-horas-segundos,calcs,0,2,0,2
/calculadora-autonomia-bateria-dispositivo-mah,calculadora-autonomia-bateria-dispositivo-mah,calcs,1,0,1,2
/calculadora-poliza-juridica-arrendamiento-mexico,calculadora-poliza-juridica-arrendamiento-mexico,calcs,2,0,0,2
/calculadora-presion-hidrostatica,calculadora-presion-hidrostatica,calcs,2,0,0,2
/calculadora-visa-usa-costo-tiempo-pasaporte,calculadora-visa-usa-costo-tiempo-pasaporte,calcs,0,2,0,2
/calculadora-asado-por-invitado-kg-carne,calculadora-asado-por-invitado-kg-carne,calcs,0,2,0,2
/calculadora-costo-total-empleado-empresa-argentina,calculadora-costo-total-empleado-empresa-argentina,calcs,0,0,2,2
/calculadora-agua-pasta-litros-gramos,calculadora-agua-pasta-litros-gramos,calcs,0,0,2,2
/calculadora-distancia-hiperfocal-lente,calculadora-distancia-hiperfocal-lente,calcs,1,0,1,2
/calculadora-presupuesto-cumpleanos,calculadora-presupuesto-cumpleanos,calcs,2,0,0,2
/calculadora-depositos-alquiler-cuantos-meses-devolucion,calculadora-depositos-alquiler-cuantos-meses-devolucion,calcs,0,2,0,2
/calculadora-sueldo-neto-colombia-2026,calculadora-sueldo-neto-colombia-2026,calcs,1,1,0,2
/calculadora-cuanto-vale-mi-tiempo,calculadora-cuanto-vale-mi-tiempo,calcs,1,1,0,2
/calculadora-tornillos-madera-tipo-largo,calculadora-tornillos-madera-tipo-largo,calcs,1,0,1,2
/calculadora-comparar-dos-inversiones-rendimiento,calculadora-comparar-dos-inversiones-rendimiento,calcs,2,0,0,2
/calculadora-onda-longitud-frecuencia-velocidad,calculadora-onda-longitud-frecuencia-velocidad,calcs,0,1,1,2
/calculadora-trigliceridos-valores-normales-riesgo,calculadora-trigliceridos-valores-normales-riesgo,calcs,2,0,0,2
/calculadora-cuota-jardin-maternal-cama-cuna-mensual-2026,calculadora-cuota-jardin-maternal-cama-cuna-mensual-2026,calcs,2,0,0,2
/calculadora-guarderia-jardin-maternal-costo-caba-mensual,calculadora-guarderia-jardin-maternal-costo-caba-mensual,calcs,2,0,0,2
/calculadora-ceramicos-m2-cajas,calculadora-ceramicos-m2-cajas,calcs,0,2,0,2
/calculadora-meseros-necesarios-invitados,calculadora-meseros-necesarios-invitados,calcs,2,0,0,2
/calculadora-aguinaldo-empleado-mensual-quincenal-vs-quincena,calculadora-aguinaldo-empleado-mensual-quincenal-vs-quincena,calcs,0,2,0,2
/calculadora-record-messi-goles-competencia-club-seleccion,calculadora-record-messi-goles-competencia-club-seleccion,calcs,1,1,0,2
/calculadora-ovulacion-dia-fertil-ciclo-regular,calculadora-ovulacion-dia-fertil-ciclo-regular,calcs,0,2,0,2
/calculadora-prestamo-anses-jubilados-monto-cuota-2026,calculadora-prestamo-anses-jubilados-monto-cuota-2026,calcs,0,1,1,2
/calculadora-conversion-ppm-mg-l-quimica-agua,calculadora-conversion-ppm-mg-l-quimica-agua,calcs,2,0,0,2
/calculadora-tiempo-fermentacion-masa-temperatura,calculadora-tiempo-fermentacion-masa-temperatura,calcs,2,0,0,2
/calculadora-monotributo-mejor-categoria-2026,calculadora-monotributo-mejor-categoria-2026,calcs,1,1,0,2
/calculadora-rate-hora-freelance-nivel,calculadora-rate-hora-freelance-nivel,calcs,1,1,0,2
/mx/calculadora-prima-riesgo-trabajo-imss-siniestralidad,calculadora-prima-riesgo-trabajo-imss-siniestralidad,calcs-mx,2,0,0,2
/mx/calculadora-afore-saldo-pension-jubilacion-mexico-2026,calculadora-afore-saldo-pension-jubilacion-mexico-2026,calcs-mx,2,0,0,2
/mx/calculadora-colegiaturas-deducibles-sat-mexico,calculadora-colegiaturas-deducibles-sat-mexico,calcs-mx,2,0,0,2
/mx/calculadora-rfc-homoclave-persona-fisica-mexico,calculadora-rfc-homoclave-persona-fisica-mexico,calcs-mx,2,0,0,2
/mx/calculadora-coste-vida-mensual-mexico-soltero-pareja-familia,calculadora-coste-vida-mensual-mexico-soltero-pareja-familia,calcs-mx,1,0,1,2
/mx/calculadora-pago-provisional-isr-arrendamiento-mexico-2026,calculadora-pago-provisional-isr-arrendamiento-mexico-2026,calcs-mx,1,0,1,2
/mx/calculadora-tenencia-vehicular-mexico-cdmx-edomex-2026,calculadora-tenencia-vehicular-mexico-cdmx-edomex-2026,calcs-mx,1,1,0,2
/mx/calculadora-honorarios-asimilados-vs-honorarios-libres-mexico,calculadora-honorarios-asimilados-vs-honorarios-libres-mexico,calcs-mx,2,0,0,2
/mx/calculadora-iva-mexico-16-tasa-cero-exenta-frontera,calculadora-iva-mexico-16-tasa-cero-exenta-frontera,calcs-mx,2,0,0,2
/mx/calculadora-cetes-mexico-rendimiento-28-91-182-364-dias,calculadora-cetes-mexico-rendimiento-28-91-182-364-dias,calcs-mx,2,0,0,2
/mx/calculadora-iva-mexico-trasladado-acreditable,calculadora-iva-mexico-trasladado-acreditable,calcs-mx,2,0,0,2
/mx/calculadora-isr-anual-personas-fisicas-mexico-tarifa-2026,calculadora-isr-anual-personas-fisicas-mexico-tarifa-2026,calcs-mx,1,1,0,2
/mx/calculadora-isr-premios-loteria-mexico-2026,calculadora-isr-premios-loteria-mexico-2026,calcs-mx,1,0,1,2
/mx/calculadora-costo-empleada-domestica-patron-mexico-2026,calculadora-costo-empleada-domestica-patron-mexico-2026,calcs-mx,2,0,0,2
/mx/calculadora-comparativa-banco-comisiones-mexico-2026,calculadora-comparativa-banco-comisiones-mexico-2026,calcs-mx,2,0,0,2
/mx/calculadora-semanas-cotizadas-imss-requisito,calculadora-semanas-cotizadas-imss-requisito,calcs-mx,1,1,0,2
/co/calculadora-impuesto-cardo-tarjeta-credito-internacional-colombia,calculadora-impuesto-cardo-tarjeta-credito-internacional-colombia,calcs-co,2,0,0,2
/co/calculadora-reforma-pensional-colombia-2025-pilares-ahorro,calculadora-reforma-pensional-colombia-2025-pilares-ahorro,calcs-co,0,2,0,2
/co/calculadora-renta-personas-naturales-colombia-2026-anual,calculadora-renta-personas-naturales-colombia-2026-anual,calcs-co,2,0,0,2
/co/calculadora-auxilio-transporte-colombia-2026,calculadora-auxilio-transporte-colombia-2026,calcs-co,2,0,0,2
/co/calculadora-coste-funeral-promedio-colombia-2026-paquetes,calculadora-coste-funeral-promedio-colombia-2026-paquetes,calcs-co,2,0,0,2
/co/calculadora-dotacion-laboral-colombia-2026,calculadora-dotacion-laboral-colombia-2026,calcs-co,1,0,1,2
/co/calculadora-impuesto-vehiculos-colombia-2026-departamento,calculadora-impuesto-vehiculos-colombia-2026-departamento,calcs-co,0,2,0,2
/co/calculadora-tasa-impuesto-renta-fictop-paraisos-fiscales-colombia,calculadora-tasa-impuesto-renta-fictop-paraisos-fiscales-colombia,calcs-co,2,0,0,2
/co/calculadora-retencion-fuente-compras-servicios-2026,calculadora-retencion-fuente-compras-servicios-2026,calcs-co,2,0,0,2
/cl/calculadora-fonasa-chile-tramos-a-b-c-d-cobertura,calculadora-fonasa-chile-tramos-a-b-c-d-cobertura,calcs-cl,1,1,0,2
/cl/calculadora-tarifa-vuelo-domestico-chile-impuestos-tasas-aeropuerto,calculadora-tarifa-vuelo-domestico-chile-impuestos-tasas-aeropuerto,calcs-cl,2,0,0,2
/cl/calculadora-pension-de-alimentos-mora-chile-registro-deudores,calculadora-pension-de-alimentos-mora-chile-registro-deudores,calcs-cl,1,1,0,2
/cl/calculadora-bonos-tesoro-chile-bcu-bce-rendimiento,calculadora-bonos-tesoro-chile-bcu-bce-rendimiento,calcs-cl,1,0,1,2
/cl/calculadora-permiso-paternidad-chile-5-dias-corridos,calculadora-permiso-paternidad-chile-5-dias-corridos,calcs-cl,2,0,0,2
/cl/calculadora-saldo-afp-rentabilidad-multifondos-chile-2026,calculadora-saldo-afp-rentabilidad-multifondos-chile-2026,calcs-cl,1,0,1,2
/cl/calculadora-afp-pension-chile-2026-tabla-comisiones,calculadora-afp-pension-chile-2026-tabla-comisiones,calcs-cl,1,0,1,2
/cl/calculadora-banca-digital-mach-tenpo-chita-tarjeta-comisiones,calculadora-banca-digital-mach-tenpo-chita-tarjeta-comisiones,calcs-cl,2,0,0,2
/cl/calculadora-pago-anticipado-credito-hipotecario-chile-ahorro-uf,calculadora-pago-anticipado-credito-hipotecario-chile-ahorro-uf,calcs-cl,2,0,0,2
/cl/calculadora-tasacion-vivienda-chile-dictuc-perito-precio,calculadora-tasacion-vivienda-chile-dictuc-perito-precio,calcs-cl,0,2,0,2
/pe/calculadora-essalud-aporte-peru,calculadora-essalud-aporte-peru,calcs-pe,2,0,0,2
/pe/calculadora-recibo-luz-peru-osinergmin,calculadora-recibo-luz-peru-osinergmin,calcs-pe,1,0,1,2
/pe/calculadora-regimen-especial-renta-rer-peru,calculadora-regimen-especial-renta-rer-peru,calcs-pe,1,0,1,2
/pe/calculadora-credito-vehicular-peru,calculadora-credito-vehicular-peru,calcs-pe,2,0,0,2
/pe/calculadora-descuento-tardanzas-faltas-peru,calculadora-descuento-tardanzas-faltas-peru,calcs-pe,2,0,0,2
/ec/calculadora-sueldo-neto-ecuador,calculadora-sueldo-neto-ecuador,calcs-ec,2,0,0,2
/ec/calculadora-sppat-seguro-accidentes-transito-ecuador,calculadora-sppat-seguro-accidentes-transito-ecuador,calcs-ec,0,0,2,2
/ec/calculadora-costo-universidad-privada-ecuador,calculadora-costo-universidad-privada-ecuador,calcs-ec,2,0,0,2
/ec/calculadora-retencion-fuente-dependencia-ecuador,calculadora-retencion-fuente-dependencia-ecuador,calcs-ec,2,0,0,2
/ec/calculadora-rimpe-negocio-popular-ecuador,calculadora-rimpe-negocio-popular-ecuador,calcs-ec,1,0,1,2
/ve/cuanto-es-salario-minimo-venezuela-2026,cuanto-es-salario-minimo-venezuela-2026,calcs-ve,1,0,1,2
/ve/dolar-bcv-paralelo-bolivares-hoy,dolar-bcv-paralelo-bolivares-hoy,calcs-ve,1,0,1,2
/es/calculadora-ingreso-minimo-vital-imv-espana-2026-cuantia,calculadora-ingreso-minimo-vital-imv-espana-2026-cuantia,calcs-es,1,0,1,2
/es/calculadora-baja-laboral-incapacidad-temporal-espana-cuantia,calculadora-baja-laboral-incapacidad-temporal-espana-cuantia,calcs-es,2,0,0,2
/es/calculadora-master-oficial-titulo-propio-precio-espana,calculadora-master-oficial-titulo-propio-precio-espana,calcs-es,2,0,0,2
/es/calculadora-plan-pensiones-aportacion-deduccion-espana-2026,calculadora-plan-pensiones-aportacion-deduccion-espana-2026,calcs-es,0,0,2,2
/es/calculadora-renta-bruta-neta-espana-2026-irpf-ss,calculadora-renta-bruta-neta-espana-2026-irpf-ss,calcs-es,0,2,0,2
/es/calculadora-cheque-guarderia-0-3-anos-espana-deduccion,calculadora-cheque-guarderia-0-3-anos-espana-deduccion,calcs-es,2,0,0,2
/es/calculadora-tarjeta-credito-interes-espana-tin-revolving,calculadora-tarjeta-credito-interes-espana-tin-revolving,calcs-es,1,0,1,2
/es/calculadora-reunificacion-deudas-espana-cuota-unificada,calculadora-reunificacion-deudas-espana-cuota-unificada,calcs-es,1,0,1,2
/es/calculadora-hipoteca-euribor-cuota,calculadora-hipoteca-euribor-cuota,calcs-es,0,1,1,2
/es/calculadora-pension-alimenticia-divorcio-espana-tabla,calculadora-pension-alimenticia-divorcio-espana-tabla,calcs-es,1,0,1,2
/es/calculadora-pias-plan-individual-ahorro-sistematico-espana,calculadora-pias-plan-individual-ahorro-sistematico-espana,calcs-es,2,0,0,2
/es/calculadora-coste-notaria-compra-vivienda-espana,calculadora-coste-notaria-compra-vivienda-espana,calcs-es,0,0,2,2
/pt/drenagem-brita-vaso,drenagem-brita-vaso,calcs-pt,1,0,1,2
/pt/simulador-holerite-clt,simulador-holerite-clt,calcs-pt,1,0,1,2
/pt/aco-kg-m2-laje,aco-kg-m2-laje,calcs-pt,2,0,0,2
/en/gpu-rental-cost-vast-runpod-calculator,gpu-rental-cost-vast-runpod-calculator,calcs-en,0,0,2,2
/en/loan-payment-calculator,loan-payment-calculator,calcs-en,0,1,1,2
/en/ovulation-calculator,ovulation-calculator,calcs-en,0,1,1,2
/en/code-lines-project-complexity-kloc,code-lines-project-complexity-kloc,calcs-en,2,0,0,2
/en/baby-shower-budget-calculator,baby-shower-budget-calculator,calcs-en,0,0,2,2
/en/pregnancy-due-date-calculator,pregnancy-due-date-calculator,calcs-en,0,0,2,2
/en/foreigner-residency-id-cost-argentina,foreigner-residency-id-cost-argentina,calcs-en,2,0,0,2
/en/memorization-spaced-repetition-anki-cards-dia,memorization-spaced-repetition-anki-cards-dia,calcs-en,0,0,2,2
/en/steel-kg-m2-slab,steel-kg-m2-slab,calcs-en,2,0,0,2
/en/pot-drainage-gravel,pot-drainage-gravel,calcs-en,2,0,0,2
/en/duolingo-time-cefr-level-progress,duolingo-time-cefr-level-progress,calcs-en,1,0,1,2
/calculadora-transferencia-archivo-red-lan-tiempo,calculadora-transferencia-archivo-red-lan-tiempo,calcs,1,0,0,1
/calculadora-horas-aprender-italiano-b1,calculadora-horas-aprender-italiano-b1,calcs,1,0,0,1
/calculadora-tiempo-secado-ropa-aire-libre-horas,calculadora-tiempo-secado-ropa-aire-libre-horas,calcs,1,0,0,1
/calculadora-ahorro-objetivo-mensual,calculadora-ahorro-objetivo-mensual,calcs,0,1,0,1
/calculadora-rotacion-inventario-stock,calculadora-rotacion-inventario-stock,calcs,0,0,1,1
/calculadora-hierro-construccion-losa-m2,calculadora-hierro-construccion-losa-m2,calcs,0,0,1,1
/calculadora-comida-gato-diaria-gramos,calculadora-comida-gato-diaria-gramos,calcs,0,1,0,1
/calculadora-porciones-arroz-por-persona-guarnicion,calculadora-porciones-arroz-por-persona-guarnicion,calcs,0,1,0,1
/calculadora-agua-consumo-hogar-ahorro,calculadora-agua-consumo-hogar-ahorro,calcs,0,1,0,1
/calculadora-compas-tiempo-pulso,calculadora-compas-tiempo-pulso,calcs,1,0,0,1
/calculadora-conversor-horas-a-minutos,calculadora-conversor-horas-a-minutos,calcs,0,0,1,1
/calculadora-hora-freelance-por-pais-mercado,calculadora-hora-freelance-por-pais-mercado,calcs,0,0,1,1
/calculadora-costo-hora-desarrollador-senior,calculadora-costo-hora-desarrollador-senior,calcs,1,0,0,1
/calculadora-horas-aprender-portugues-b2,calculadora-horas-aprender-portugues-b2,calcs,1,0,0,1
/calculadora-sucesiones-costo-total-argentina-abogado,calculadora-sucesiones-costo-total-argentina-abogado,calcs,1,0,0,1
/calculadora-arena-sanitaria-gato-kg-mes,calculadora-arena-sanitaria-gato-kg-mes,calcs,1,0,0,1
/calculadora-retencion-rg2616-proveedor-monotributo,calculadora-retencion-rg2616-proveedor-monotributo,calcs,1,0,0,1
/calculadora-jpg-calidad-tamano-web-optimizacion,calculadora-jpg-calidad-tamano-web-optimizacion,calcs,0,1,0,1
/calculadora-progresion-aritmetica,calculadora-progresion-aritmetica,calcs,1,0,0,1
/calculadora-tiktok-ads-cpm-presupuesto-conversion-2026,calculadora-tiktok-ads-cpm-presupuesto-conversion-2026,calcs,0,0,1,1
/calculadora-sustituto-huevo-vegano-receta,calculadora-sustituto-huevo-vegano-receta,calcs,0,1,0,1
/calculadora-ph-suelo-correccion-calcio,calculadora-ph-suelo-correccion-calcio,calcs,1,0,0,1
/calculadora-temperatura-horno-celsius-fahrenheit-gas,calculadora-temperatura-horno-celsius-fahrenheit-gas,calcs,0,1,0,1
/calculadora-propina-restaurante,calculadora-propina-restaurante,calcs,1,0,0,1
/calculadora-numeros-primos-factorizacion,calculadora-numeros-primos-factorizacion,calcs,0,1,0,1
/calculadora-consumo-heladera-anual-kwh,calculadora-consumo-heladera-anual-kwh,calcs,0,0,1,1
/calculadora-dias-preparacion-examen-oficial-idioma,calculadora-dias-preparacion-examen-oficial-idioma,calcs,0,0,1,1
/calculadora-depreciacion-activos-linea-recta,calculadora-depreciacion-activos-linea-recta,calcs,1,0,0,1
/calculadora-cortinas-medir-tela-ventana-anchotelaje,calculadora-cortinas-medir-tela-ventana-anchotelaje,calcs,0,0,1,1
/calculadora-gin-tonic-proporciones,calculadora-gin-tonic-proporciones,calcs,0,1,0,1
/calculadora-vida-utilizada-porcentaje,calculadora-vida-utilizada-porcentaje,calcs,1,0,0,1
/calculadora-espacio-jaula-hamster-tamano,calculadora-espacio-jaula-hamster-tamano,calcs,1,0,0,1
/calculadora-periodizacion-entrenamiento,calculadora-periodizacion-entrenamiento,calcs,1,0,0,1
/calculadora-cagr-rendimiento-anualizado-compuesto,calculadora-cagr-rendimiento-anualizado-compuesto,calcs,1,0,0,1
/calculadora-costo-fiesta-cumpleanos-infantil-invitados,calculadora-costo-fiesta-cumpleanos-infantil-invitados,calcs,1,0,0,1
/calculadora-conversor-galones-a-litros,calculadora-conversor-galones-a-litros,calcs,0,1,0,1
/calculadora-clausula-formacion-fifa-joven-jugador,calculadora-clausula-formacion-fifa-joven-jugador,calcs,0,0,1,1
/calculadora-ley-gases-ideales,calculadora-ley-gases-ideales,calcs,1,0,0,1
/calculadora-jet-lag-recuperacion,calculadora-jet-lag-recuperacion,calcs,1,0,0,1
/calculadora-sustitucion-ingredientes-cocina,calculadora-sustitucion-ingredientes-cocina,calcs,1,0,0,1
/calculadora-chi-cuadrado-independencia,calculadora-chi-cuadrado-independencia,calcs,0,1,0,1
/calculadora-comision-venta-vendedor,calculadora-comision-venta-vendedor,calcs,0,0,1,1
/calculadora-streamer-setup-presupuesto,calculadora-streamer-setup-presupuesto,calcs,1,0,0,1
/calculadora-area-triangulo-heron-tres-lados,calculadora-area-triangulo-heron-tres-lados,calcs,0,1,0,1
/calculadora-airdrop-jupiter-ena-pyth-eligibility-puntos,calculadora-airdrop-jupiter-ena-pyth-eligibility-puntos,calcs,0,0,1,1
/calculadora-tierra-maceta-litros-volumen,calculadora-tierra-maceta-litros-volumen,calcs,1,0,0,1
/calculadora-duracion-carrera-universidad,calculadora-duracion-carrera-universidad,calcs,1,0,0,1
/calculadora-conversor-hectareas-a-metros-cuadrados,calculadora-conversor-hectareas-a-metros-cuadrados,calcs,1,0,0,1
/calculadora-temperatura-acuario-especie,calculadora-temperatura-acuario-especie,calcs,0,1,0,1
/calculadora-alquiler-con-opcion-a-compra-leasing-inmueble,calculadora-alquiler-con-opcion-a-compra-leasing-inmueble,calcs,0,1,0,1
/calculadora-transposicion-acordes,calculadora-transposicion-acordes,calcs,0,1,0,1
/calculadora-exposicion-sol-vitamina-d,calculadora-exposicion-sol-vitamina-d,calcs,1,0,0,1
/calculadora-valor-empresa-multiplo-ebitda,calculadora-valor-empresa-multiplo-ebitda,calcs,1,0,0,1
/calculadora-magnesio-dosis-deficiencia-sintomas,calculadora-magnesio-dosis-deficiencia-sintomas,calcs,0,1,0,1
/calculadora-sueldo-empleados-comercio-cct-130-75,calculadora-sueldo-empleados-comercio-cct-130-75,calcs,0,1,0,1
/calculadora-dosis-medicamento-mascota-por-peso,calculadora-dosis-medicamento-mascota-por-peso,calcs,1,0,0,1
/calculadora-depresion-posparto-test,calculadora-depresion-posparto-test,calcs,0,1,0,1
/calculadora-estampillado-sellado-inmueble-pba-caba-2026,calculadora-estampillado-sellado-inmueble-pba-caba-2026,calcs,0,0,1,1
/calculadora-repaso-optimo-examen,calculadora-repaso-optimo-examen,calcs,0,0,1,1
/calculadora-ratio-alumno-profesor-curso,calculadora-ratio-alumno-profesor-curso,calcs,1,0,0,1
/calculadora-potencia-electrica-p-vi,calculadora-potencia-electrica-p-vi,calcs,0,1,0,1
/calculadora-break-even-opciones-call-put,calculadora-break-even-opciones-call-put,calcs,1,0,0,1
/calculadora-sharpe-ratio-portafolio-riesgo,calculadora-sharpe-ratio-portafolio-riesgo,calcs,1,0,0,1
/calculadora-peso-mochila-ideal-trekking-senderismo,calculadora-peso-mochila-ideal-trekking-senderismo,calcs,1,0,0,1
/calculadora-presupuesto-regla-50-30-20,calculadora-presupuesto-regla-50-30-20,calcs,0,1,0,1
/calculadora-usdt-vs-usdc-comision-exchange,calculadora-usdt-vs-usdc-comision-exchange,calcs,0,1,0,1
/calculadora-momento-angular-rotacion,calculadora-momento-angular-rotacion,calcs,1,0,0,1
/calculadora-color-pared-combinacion-complementario,calculadora-color-pared-combinacion-complementario,calcs,1,0,0,1
/calculadora-conversor-kilometros-a-millas,calculadora-conversor-kilometros-a-millas,calcs,0,0,1,1
/calculadora-ahorro-led-vs-incandescente,calculadora-ahorro-led-vs-incandescente,calcs,0,0,1,1
/calculadora-doula-parto-acompanamiento-honorarios,calculadora-doula-parto-acompanamiento-honorarios,calcs,0,0,1,1
/calculadora-puntos-necesarios-clasificar-futbol,calculadora-puntos-necesarios-clasificar-futbol,calcs,0,0,1,1
/calculadora-porcentaje-pases-completados-top-5-ligas,calculadora-porcentaje-pases-completados-top-5-ligas,calcs,1,0,0,1
/calculadora-intervalo-confianza-media,calculadora-intervalo-confianza-media,calcs,0,1,0,1
/calculadora-tamano-cucha-perro-medidas,calculadora-tamano-cucha-perro-medidas,calcs,1,0,0,1
/calculadora-sueldo-docente-afa-tecnico-categoria-b-c,calculadora-sueldo-docente-afa-tecnico-categoria-b-c,calcs,1,0,0,1
/calculadora-puzzle-1000-piezas-tiempo-promedio-dificultad,calculadora-puzzle-1000-piezas-tiempo-promedio-dificultad,calcs,1,0,0,1
/simulador-monotributo-neto,simulador-monotributo-neto,calcs,1,0,0,1
/calculadora-cuanto-falta-venc-tarjeta-credito-mes,calculadora-cuanto-falta-venc-tarjeta-credito-mes,calcs,0,1,0,1
/calculadora-expectativa-vida-raza-perro,calculadora-expectativa-vida-raza-perro,calcs,0,1,0,1
/calculadora-fps-frames-por-segundo-juego,calculadora-fps-frames-por-segundo-juego,calcs,0,1,0,1
/calculadora-precio-ebook-kindle-kdp,calculadora-precio-ebook-kindle-kdp,calcs,1,0,0,1
/calculadora-conversion-celsius-fahrenheit-kelvin-rankine-temperatura,calculadora-conversion-celsius-fahrenheit-kelvin-rankine-temperatura,calcs,0,1,0,1
/calculadora-conversor-anos-a-dias,calculadora-conversor-anos-a-dias,calcs,0,1,0,1
/calculadora-cuanto-cobrar-traduccion-palabra-2026-espanol-ingles,calculadora-cuanto-cobrar-traduccion-palabra-2026-espanol-ingles,calcs,1,0,0,1
/calculadora-comida-yorkshire-terrier-porcion-diaria-edad,calculadora-comida-yorkshire-terrier-porcion-diaria-edad,calcs,1,0,0,1
/calculadora-calorias-lactancia,calculadora-calorias-lactancia,calcs,0,1,0,1
/calculadora-probabilidad-drop-loot,calculadora-probabilidad-drop-loot,calcs,1,0,0,1
/calculadora-peso-ideal-ragdoll,calculadora-peso-ideal-ragdoll,calcs,0,1,0,1
/calculadora-almacenamiento-video-bitrate-duracion,calculadora-almacenamiento-video-bitrate-duracion,calcs,0,1,0,1
/calculadora-comida-tortuga-diaria-gramos,calculadora-comida-tortuga-diaria-gramos,calcs,0,1,0,1
/calculadora-ahorro-auto-electrico-vs-nafta-anual,calculadora-ahorro-auto-electrico-vs-nafta-anual,calcs,0,1,0,1
/calculadora-conversor-onzas-a-gramos,calculadora-conversor-onzas-a-gramos,calcs,0,0,1,1
/calculadora-hashes-bcrypt-costo-tiempo-cracking,calculadora-hashes-bcrypt-costo-tiempo-cracking,calcs,1,0,0,1
/calculadora-abv-cerveza-og-fg,calculadora-abv-cerveza-og-fg,calcs,1,0,0,1
/calculadora-cerveza-invitado-evento,calculadora-cerveza-invitado-evento,calcs,1,0,0,1
/calculadora-categoria-cable-ethernet-velocidad-distancia,calculadora-categoria-cable-ethernet-velocidad-distancia,calcs,0,0,1,1
/calculadora-numero-oxidacion-elemento,calculadora-numero-oxidacion-elemento,calcs,1,0,0,1
/calculadora-sat-ielts-toefl-equivalencias-puntaje-convertidor,calculadora-sat-ielts-toefl-equivalencias-puntaje-convertidor,calcs,1,0,0,1
/calculadora-resistencia-led-serie-paralelo,calculadora-resistencia-led-serie-paralelo,calcs,0,1,0,1
/calculadora-vino-por-invitado-cena,calculadora-vino-por-invitado-cena,calcs,1,0,0,1
/calculadora-tiempo-evaporacion-piscina-litros-dia,calculadora-tiempo-evaporacion-piscina-litros-dia,calcs,1,0,0,1
/calculadora-mundial-2026-cupos-confederacion,calculadora-mundial-2026-cupos-confederacion,calcs,0,0,1,1
/calculadora-edad-quitar-panal-control-esfinteres,calculadora-edad-quitar-panal-control-esfinteres,calcs,0,1,0,1
/calculadora-ups-autonomia-potencia-carga,calculadora-ups-autonomia-potencia-carga,calcs,1,0,0,1
/calculadora-huella-carbono-auto-anual,calculadora-huella-carbono-auto-anual,calcs,0,1,0,1
/calculadora-tiempo-superar-ruptura-relacion-meses,calculadora-tiempo-superar-ruptura-relacion-meses,calcs,1,0,0,1
/calculadora-stepper-pasos-grado,calculadora-stepper-pasos-grado,calcs,1,0,0,1
/calculadora-macros-dash-hipertension,calculadora-macros-dash-hipertension,calcs,0,0,1,1
/calculadora-duracion-carrera-materias-por-cuatrimestre,calculadora-duracion-carrera-materias-por-cuatrimestre,calcs,1,0,0,1
/calculadora-peso-ideal-golden-retriever,calculadora-peso-ideal-golden-retriever,calcs,1,0,0,1
/calculadora-tortuga-acuatica-tamano-acuario-filtro-litros,calculadora-tortuga-acuatica-tamano-acuario-filtro-litros,calcs,1,0,0,1
/calculadora-conejo-comida-heno-peso-edad,calculadora-conejo-comida-heno-peso-edad,calcs,1,0,0,1
/calculadora-alimento-acuario-por-pez,calculadora-alimento-acuario-por-pez,calcs,1,0,0,1
/calculadora-volumen-cono-radio-altura,calculadora-volumen-cono-radio-altura,calcs,0,1,0,1
/calculadora-cotillon-cumple-personas,calculadora-cotillon-cumple-personas,calcs,0,0,1,1
/calculadora-vacunas-perro-cachorro-adulto-calendario,calculadora-vacunas-perro-cachorro-adulto-calendario,calcs,1,0,0,1
/calculadora-working-holiday-australia-costo-ano,calculadora-working-holiday-australia-costo-ano,calcs,1,0,0,1
/calculadora-ffmi-indice-masa-libre-grasa,calculadora-ffmi-indice-masa-libre-grasa,calcs,0,1,0,1
/calculadora-choking-heimlich-edad-maniobra,calculadora-choking-heimlich-edad-maniobra,calcs,1,0,0,1
/calculadora-upgrade-clase-avion-costo,calculadora-upgrade-clase-avion-costo,calcs,1,0,0,1
/calculadora-velocidad-promedio-trayecto-ciudad,calculadora-velocidad-promedio-trayecto-ciudad,calcs,0,1,0,1
/calculadora-conversor-dias-a-horas,calculadora-conversor-dias-a-horas,calcs,0,1,0,1
/calculadora-prima-vacacional-mexico-2026,calculadora-prima-vacacional-mexico-2026,calcs,1,0,0,1
/calculadora-horas-estudio-idioma-fluidez-fsi,calculadora-horas-estudio-idioma-fluidez-fsi,calcs,1,0,0,1
/calculadora-teorema-tales-proporcionalidad-segmentos,calculadora-teorema-tales-proporcionalidad-segmentos,calcs,0,1,0,1
/calculadora-acero-kg-m2-losa,calculadora-acero-kg-m2-losa,calcs,0,1,0,1
/calculadora-conversor-varas-a-metros,calculadora-conversor-varas-a-metros,calcs,1,0,0,1
/calculadora-probabilidad-binomial,calculadora-probabilidad-binomial,calcs,0,1,0,1
/calculadora-promedio-beca-argentina,calculadora-promedio-beca-argentina,calcs,1,0,0,1
/calculadora-ingreso-medicina-puntaje-cbc-uba-2026,calculadora-ingreso-medicina-puntaje-cbc-uba-2026,calcs,1,0,0,1
/calculadora-divisor-tension-formula,calculadora-divisor-tension-formula,calcs,0,0,1,1
/calculadora-roi-inversion,calculadora-roi-inversion,calcs,0,0,1,1
/calculadora-anses-complemento-leche-maternidad,calculadora-anses-complemento-leche-maternidad,calcs,0,1,0,1
/calculadora-conversor-kelvin-a-celsius,calculadora-conversor-kelvin-a-celsius,calcs,0,1,0,1
/calculadora-temperatura-aceite-fritura-punto-humo,calculadora-temperatura-aceite-fritura-punto-humo,calcs,1,0,0,1
/calculadora-uba-xxi-nota-final-promedio,calculadora-uba-xxi-nota-final-promedio,calcs,1,0,0,1
/calculadora-fideicomiso-construccion-aporte-cuotas,calculadora-fideicomiso-construccion-aporte-cuotas,calcs,0,1,0,1
/calculadora-sueldo-en-dolares,calculadora-sueldo-en-dolares,calcs,0,1,0,1
/calculadora-tamano-muestra-encuesta,calculadora-tamano-muestra-encuesta,calcs,1,0,0,1
/calculadora-karaoke-canciones-por-hora,calculadora-karaoke-canciones-por-hora,calcs,1,0,0,1
/calculadora-regla-numero-dunbar-150-contactos-red,calculadora-regla-numero-dunbar-150-contactos-red,calcs,1,0,0,1
/calculadora-gpu-h100-renta-hora-cloud-comparativa,calculadora-gpu-h100-renta-hora-cloud-comparativa,calcs,1,0,0,1
/calculadora-factorial-combinatoria-permutaciones,calculadora-factorial-combinatoria-permutaciones,calcs,1,0,0,1
/calculadora-calorias-alimento-porcion,calculadora-calorias-alimento-porcion,calcs,1,0,0,1
/calculadora-distancia-vuelo-2-ciudades,calculadora-distancia-vuelo-2-ciudades,calcs,1,0,0,1
/calculadora-promedio-secundaria,calculadora-promedio-secundaria,calcs,1,0,0,1
/calculadora-conversor-kwh-a-joules,calculadora-conversor-kwh-a-joules,calcs,0,1,0,1
/calculadora-finiquito-renuncia-chile-articulo-162,calculadora-finiquito-renuncia-chile-articulo-162,calcs,0,0,1,1
/calculadora-position-size-forex-pips-riesgo,calculadora-position-size-forex-pips-riesgo,calcs,0,1,0,1
/calculadora-rentabilidad-alquiler-vs-venta,calculadora-rentabilidad-alquiler-vs-venta,calcs,0,0,1,1
/calculadora-puntaje-delf-frances,calculadora-puntaje-delf-frances,calcs,0,0,1,1
/calculadora-iva-saldo-favor-contra-ri,calculadora-iva-saldo-favor-contra-ri,calcs,1,0,0,1
/calculadora-comida-cachorro-gramos-edad,calculadora-comida-cachorro-gramos-edad,calcs,0,1,0,1
/calculadora-captacion-agua-lluvia-m2-techo-litros,calculadora-captacion-agua-lluvia-m2-techo-litros,calcs,0,0,1,1
/calculadora-ancho-angulo-lente-distancia,calculadora-ancho-angulo-lente-distancia,calcs,0,0,1,1
/calculadora-melatonina-dosis-sueno-edad,calculadora-melatonina-dosis-sueno-edad,calcs,0,1,0,1
/calculadora-m2-casa-planos-total-construido,calculadora-m2-casa-planos-total-construido,calcs,1,0,0,1
/calculadora-cedears-ratio-conversion-apple-microsoft,calculadora-cedears-ratio-conversion-apple-microsoft,calcs,0,1,0,1
/calculadora-percentil-peso-bebe-oms-edad-meses,calculadora-percentil-peso-bebe-oms-edad-meses,calcs,0,1,0,1
/calculadora-conversion-grados-radianes-gradianes,calculadora-conversion-grados-radianes-gradianes,calcs,0,1,0,1
/calculadora-costo-roaming-datos-exterior,calculadora-costo-roaming-datos-exterior,calcs,1,0,0,1
/calculadora-luz-solar-horas-planta,calculadora-luz-solar-horas-planta,calcs,1,0,0,1
/calculadora-huella-carbono-alimentacion-semanal,calculadora-huella-carbono-alimentacion-semanal,calcs,1,0,0,1
/calculadora-cuerda-guitarra-tension,calculadora-cuerda-guitarra-tension,calcs,1,0,0,1
/calculadora-price-to-book-ratio-valor-libros,calculadora-price-to-book-ratio-valor-libros,calcs,1,0,0,1
/calculadora-tiempo-vuelo-estimado-avion,calculadora-tiempo-vuelo-estimado-avion,calcs,1,0,0,1
/calculadora-titularidad-caratular-auto-trasladar-provincia,calculadora-titularidad-caratular-auto-trasladar-provincia,calcs,1,0,0,1
/calculadora-bonos-al30-al35-al41-rendimiento-anual,calculadora-bonos-al30-al35-al41-rendimiento-anual,calcs,0,1,0,1
/calculadora-costo-mantenimiento-hogar-anual,calculadora-costo-mantenimiento-hogar-anual,calcs,1,0,0,1
/calculadora-fibra-dietetica-recomendada-diaria-edad,calculadora-fibra-dietetica-recomendada-diaria-edad,calcs,0,0,1,1
/calculadora-test-lenguaje-amor,calculadora-test-lenguaje-amor,calcs,0,1,0,1
/calculadora-pegamento-ceramicas-bolsas-m2-area,calculadora-pegamento-ceramicas-bolsas-m2-area,calcs,0,1,0,1
/calculadora-1rm-peso-maximo-levantamiento,calculadora-1rm-peso-maximo-levantamiento,calcs,1,0,0,1
/calculadora-swolf-natacion-indice,calculadora-swolf-natacion-indice,calcs,1,0,0,1
/calculadora-profundidad-campo-dof-lente,calculadora-profundidad-campo-dof-lente,calcs,0,1,0,1
/calculadora-nps-net-promoter-score,calculadora-nps-net-promoter-score,calcs,0,0,1,1
/calculadora-cantidad-peces-acuario-litros,calculadora-cantidad-peces-acuario-litros,calcs,1,0,0,1
/calculadora-velocidad-promedio-carrera-km-h,calculadora-velocidad-promedio-carrera-km-h,calcs,0,1,0,1
/calculadora-mundial-2026-costo-viaje-miami-toronto-cdmx,calculadora-mundial-2026-costo-viaje-miami-toronto-cdmx,calcs,1,0,0,1
/calculadora-freelance-tarifa-hora,calculadora-freelance-tarifa-hora,calcs,1,0,0,1
/calculadora-litros-nafta-por-salario-poder-compra,calculadora-litros-nafta-por-salario-poder-compra,calcs,1,0,0,1
/calculadora-nombre-elfo,calculadora-nombre-elfo,calcs,0,1,0,1
/calculadora-horas-estudio-materia-creditos,calculadora-horas-estudio-materia-creditos,calcs,1,0,0,1
/calculadora-tortuga-acuatica-uvb-watts-pecera,calculadora-tortuga-acuatica-uvb-watts-pecera,calcs,1,0,0,1
/calculadora-bocadillos-por-invitado-evento-coffee-break,calculadora-bocadillos-por-invitado-evento-coffee-break,calcs,0,1,0,1
/calculadora-nota-minima-aprobar-final-parcial-promedio,calculadora-nota-minima-aprobar-final-parcial-promedio,calcs,1,0,0,1
/calculadora-tiempo-completar-juego-horas,calculadora-tiempo-completar-juego-horas,calcs,1,0,0,1
/calculadora-gfr-filtrado-glomerular-ckd-epi,calculadora-gfr-filtrado-glomerular-ckd-epi,calcs,0,1,0,1
/calculadora-papel-ahorrado-impresion-doble-cara,calculadora-papel-ahorrado-impresion-doble-cara,calcs,1,0,0,1
/calculadora-factor-potencia-corregir,calculadora-factor-potencia-corregir,calcs,1,0,0,1
/calculadora-gel-energetico-carrera-cuantos,calculadora-gel-energetico-carrera-cuantos,calcs,1,0,0,1
/calculadora-tokens-por-modelo-de-ia-costo,calculadora-tokens-por-modelo-de-ia-costo,calcs,1,0,0,1
/calculadora-maletas-peso-aerolineas-low-cost-premium,calculadora-maletas-peso-aerolineas-low-cost-premium,calcs,1,0,0,1
/calculadora-transformador-relacion-espiras,calculadora-transformador-relacion-espiras,calcs,1,0,0,1
/calculadora-honorarios-persona-fisica-mexico,calculadora-honorarios-persona-fisica-mexico,calcs,1,0,0,1
/calculadora-tasa-de-conversion,calculadora-tasa-de-conversion,calcs,0,1,0,1
/calculadora-customer-effort-score-ces,calculadora-customer-effort-score-ces,calcs,1,0,0,1
/calculadora-ahorro-energia-solar-paneles,calculadora-ahorro-energia-solar-paneles,calcs,0,1,0,1
/calculadora-tiempo-soldadura-tipo-estano,calculadora-tiempo-soldadura-tipo-estano,calcs,1,0,0,1
/calculadora-conmocion-cerebral-protocolo-fifa-retorno-6-pasos,calculadora-conmocion-cerebral-protocolo-fifa-retorno-6-pasos,calcs,0,1,0,1
/calculadora-mundial-2026-diferencia-gol-desempate,calculadora-mundial-2026-diferencia-gol-desempate,calcs,0,0,1,1
/calculadora-ritmo-cardiaco-maximo-edad-formula,calculadora-ritmo-cardiaco-maximo-edad-formula,calcs,0,1,0,1
/calculadora-comida-perro-diaria-gramos,calculadora-comida-perro-diaria-gramos,calcs,0,1,0,1
/calculadora-costo-mantener-propiedad-vacia-mensual,calculadora-costo-mantener-propiedad-vacia-mensual,calcs,0,0,1,1
/calculadora-lombriz-compostera-cantidad-necesaria,calculadora-lombriz-compostera-cantidad-necesaria,calcs,1,0,0,1
/calculadora-zocalo-metros-lineal,calculadora-zocalo-metros-lineal,calcs,1,0,0,1
/calculadora-mecanismo-solidaridad-fifa-5-porciento,calculadora-mecanismo-solidaridad-fifa-5-porciento,calcs,0,0,1,1
/calculadora-division-bienes-divorcio,calculadora-division-bienes-divorcio,calcs,1,0,0,1
/calculadora-alimento-diario-perro,calculadora-alimento-diario-perro,calcs,0,0,1,1
/calculadora-cafeina-dosis-segura-diaria-peso,calculadora-cafeina-dosis-segura-diaria-peso,calcs,0,0,1,1
/calculadora-determinante-inversa-matriz-2x2,calculadora-determinante-inversa-matriz-2x2,calcs,0,1,0,1
/calculadora-conversor-hp-a-kw,calculadora-conversor-hp-a-kw,calcs,1,0,0,1
/calculadora-presupuesto-50-30-20-familiar-sueldo,calculadora-presupuesto-50-30-20-familiar-sueldo,calcs,0,1,0,1
/calculadora-licencia-examen-estudiante-trabajador-art-149-lct,calculadora-licencia-examen-estudiante-trabajador-art-149-lct,calcs,1,0,0,1
/calculadora-pintura-pared-litros-m2-habitacion,calculadora-pintura-pared-litros-m2-habitacion,calcs,0,1,0,1
/calculadora-caja-seguridad-banco-comparativa-mensual,calculadora-caja-seguridad-banco-comparativa-mensual,calcs,0,0,1,1
/calculadora-filamento-soldador-mm2,calculadora-filamento-soldador-mm2,calcs,1,0,0,1
/calculadora-aumento-altura-adolescente-prediccion,calculadora-aumento-altura-adolescente-prediccion,calcs,1,0,0,1
/calculadora-probabilidad-lluvia-24h-presion-humedad-tendencia,calculadora-probabilidad-lluvia-24h-presion-humedad-tendencia,calcs,1,0,0,1
/calculadora-conversion-celsius-fahrenheit-kelvin,calculadora-conversion-celsius-fahrenheit-kelvin,calcs,0,1,0,1
/calculadora-conversor-joules-a-calorias,calculadora-conversor-joules-a-calorias,calcs,0,1,0,1
/calculadora-complejidad-algoritmica-big-o-iteraciones,calculadora-complejidad-algoritmica-big-o-iteraciones,calcs,0,1,0,1
/calculadora-conversor-pies-a-metros,calculadora-conversor-pies-a-metros,calcs,0,1,0,1
/calculadora-cilindrada-motor-relacion-potencia,calculadora-cilindrada-motor-relacion-potencia,calcs,1,0,0,1
/calculadora-costo-mensual-raza-gato,calculadora-costo-mensual-raza-gato,calcs,1,0,0,1
/calculadora-calcio-diario-edad-lactancia-menopausia,calculadora-calcio-diario-edad-lactancia-menopausia,calcs,0,1,0,1
/calculadora-cerramiento-perimetro-casa-ladrillos-costo,calculadora-cerramiento-perimetro-casa-ladrillos-costo,calcs,1,0,0,1
/calculadora-edad-sol-vida-restante,calculadora-edad-sol-vida-restante,calcs,0,1,0,1
/calculadora-pendle-pt-yt-vencimiento-fixed-yield,calculadora-pendle-pt-yt-vencimiento-fixed-yield,calcs,0,0,1,1
/calculadora-ingreso-uber-airbnb-host,calculadora-ingreso-uber-airbnb-host,calcs,0,1,0,1
/calculadora-viga-hormigon-h-b-dimensiones,calculadora-viga-hormigon-h-b-dimensiones,calcs,0,1,0,1
/calculadora-pami-prestaciones-monto-copago-2026,calculadora-pami-prestaciones-monto-copago-2026,calcs,1,0,0,1
/calculadora-cuna-colecho-edad-transicion-cama,calculadora-cuna-colecho-edad-transicion-cama,calcs,1,0,0,1
/calculadora-tiempo-descongelado-alimentos-peso,calculadora-tiempo-descongelado-alimentos-peso,calcs,1,0,0,1
/calculadora-comprension-lectora-score,calculadora-comprension-lectora-score,calcs,0,1,0,1
/calculadora-pizza-por-invitado-porciones,calculadora-pizza-por-invitado-porciones,calcs,0,1,0,1
/calculadora-margen-contribucion-producto,calculadora-margen-contribucion-producto,calcs,1,0,0,1
/calculadora-cold-plunge-tiempo-temperatura-cortisol,calculadora-cold-plunge-tiempo-temperatura-cortisol,calcs,0,1,0,1
/calculadora-percentil-estatura-peso-bebe-oms,calculadora-percentil-estatura-peso-bebe-oms,calcs,1,0,0,1
/calculadora-exposicion-ruido-decibeles-segura,calculadora-exposicion-ruido-decibeles-segura,calcs,0,1,0,1
/calculadora-hipoteca-divisa-extranjera-vs-uva,calculadora-hipoteca-divisa-extranjera-vs-uva,calcs,0,1,0,1
/calculadora-churn-retencion-clientes,calculadora-churn-retencion-clientes,calcs,1,0,0,1
/calculadora-frecuencia-entrenamiento-grupo-muscular,calculadora-frecuencia-entrenamiento-grupo-muscular,calcs,1,0,0,1
/calculadora-gross-margin-vs-net,calculadora-gross-margin-vs-net,calcs,0,1,0,1
/calculadora-ratio-liquidez-corriente-seco,calculadora-ratio-liquidez-corriente-seco,calcs,1,0,0,1
/calculadora-deduccion-alquiler-ganancias-40-porciento,calculadora-deduccion-alquiler-ganancias-40-porciento,calcs,1,0,0,1
/calculadora-distribucion-normal-area,calculadora-distribucion-normal-area,calcs,0,0,1,1
/calculadora-gastos-escriturar-vivienda-primera-casa,calculadora-gastos-escriturar-vivienda-primera-casa,calcs,0,1,0,1
/calculadora-energia-cinetica-joules,calculadora-energia-cinetica-joules,calcs,1,0,0,1
/calculadora-irpf-madrid-2026-asalariado,calculadora-irpf-madrid-2026-asalariado,calcs,1,0,0,1
/calculadora-fc-maxima-zonas-karvonen,calculadora-fc-maxima-zonas-karvonen,calcs,1,0,0,1
/calculadora-piscina-cloro-mantenimiento-mensual-litros-tamano,calculadora-piscina-cloro-mantenimiento-mensual-litros-tamano,calcs,1,0,0,1
/calculadora-inferencia-llm-tokens-segundo-throughput,calculadora-inferencia-llm-tokens-segundo-throughput,calcs,1,0,0,1
/calculadora-rendimiento-fci-money-market,calculadora-rendimiento-fci-money-market,calcs,1,0,0,1
/calculadora-agua-diaria-litros-necesarios-ejercicio-clima,calculadora-agua-diaria-litros-necesarios-ejercicio-clima,calcs,0,1,0,1
/calculadora-calorias-saltar-cuerda-minutos,calculadora-calorias-saltar-cuerda-minutos,calcs,1,0,0,1
/calculadora-sueno-bebe-horas-meses-tabla-padres,calculadora-sueno-bebe-horas-meses-tabla-padres,calcs,0,1,0,1
/calculadora-banco-baterias-solar-dias-autonomia,calculadora-banco-baterias-solar-dias-autonomia,calcs,1,0,0,1
/calculadora-horas-aprender-aleman-c1,calculadora-horas-aprender-aleman-c1,calcs,1,0,0,1
/calculadora-ciclismo-power-w-kg-categoria-ftp,calculadora-ciclismo-power-w-kg-categoria-ftp,calcs,1,0,0,1
/calculadora-conversion-litros-galones-onzas,calculadora-conversion-litros-galones-onzas,calcs,0,1,0,1
/calculadora-cuanto-falta-feriado-proximo-argentina-2026,calculadora-cuanto-falta-feriado-proximo-argentina-2026,calcs,0,1,0,1
/calculadora-fecha-boda-ideal,calculadora-fecha-boda-ideal,calcs,0,1,0,1
/calculadora-vacunas-bebe-calendario-2026-argentina-edad,calculadora-vacunas-bebe-calendario-2026-argentina-edad,calcs,1,0,0,1
/calculadora-cumpleanos-invitados-gastar-torta-regalos,calculadora-cumpleanos-invitados-gastar-torta-regalos,calcs,1,0,0,1
/calculadora-fernet-cola-por-invitado-juntada,calculadora-fernet-cola-por-invitado-juntada,calcs,0,1,0,1
/calculadora-tokens-openai-gpt-costo-uso-mensual,calculadora-tokens-openai-gpt-costo-uso-mensual,calcs,0,0,1,1
/calculadora-tanque-agua-capacidad-personas,calculadora-tanque-agua-capacidad-personas,calcs,0,1,0,1
/calculadora-linkedin-posts-alcance,calculadora-linkedin-posts-alcance,calcs,1,0,0,1
/calculadora-necesidad-calorica-hospitalizado,calculadora-necesidad-calorica-hospitalizado,calcs,1,0,0,1
/calculadora-pH-alimento-alcalinidad,calculadora-pH-alimento-alcalinidad,calcs,1,0,0,1
/calculadora-protector-solar-spf-fototipo,calculadora-protector-solar-spf-fototipo,calcs,1,0,0,1
/calculadora-nota-necesaria-aprobar,calculadora-nota-necesaria-aprobar,calcs,1,0,0,1
/calculadora-juntas-pastina-rejuntado-ceramicos-kg,calculadora-juntas-pastina-rejuntado-ceramicos-kg,calcs,0,1,0,1
/calculadora-fecha-probable-parto-ultima-menstruacion,calculadora-fecha-probable-parto-ultima-menstruacion,calcs,0,1,0,1
/calculadora-expensas-departamento-calcular-m2-categoria,calculadora-expensas-departamento-calcular-m2-categoria,calcs,1,0,0,1
/calculadora-beca-promedio-minimo-requisito-universidades,calculadora-beca-promedio-minimo-requisito-universidades,calcs,1,0,0,1
/calculadora-reciclaje-ahorro-residuos,calculadora-reciclaje-ahorro-residuos,calcs,1,0,0,1
/calculadora-almohadones-sofa-cantidad-decorativos,calculadora-almohadones-sofa-cantidad-decorativos,calcs,1,0,0,1
/calculadora-scrum-sprint-velocity-story-points,calculadora-scrum-sprint-velocity-story-points,calcs,1,0,0,1
/calculadora-tmb-metabolismo-basal-mifflin,calculadora-tmb-metabolismo-basal-mifflin,calcs,1,0,0,1
/calculadora-malla-sima-losa-m2,calculadora-malla-sima-losa-m2,calcs,1,0,0,1
/calculadora-permutaciones-n-tomados-k-pnk,calculadora-permutaciones-n-tomados-k-pnk,calcs,1,0,0,1
/calculadora-indemnizacion-despido-objetivo-espana-20-dias,calculadora-indemnizacion-despido-objetivo-espana-20-dias,calcs,1,0,0,1
/calculadora-factorial-numero-n,calculadora-factorial-numero-n,calcs,0,0,1,1
/calculadora-calorias-ciclismo-watts,calculadora-calorias-ciclismo-watts,calcs,1,0,0,1
/calculadora-area-triangulo-vertices-coordenadas,calculadora-area-triangulo-vertices-coordenadas,calcs,1,0,0,1
/calculadora-cuota-prestamo-auto-frances-argentino,calculadora-cuota-prestamo-auto-frances-argentino,calcs,0,1,0,1
/calculadora-position-size-cripto-leverage,calculadora-position-size-cripto-leverage,calcs,1,0,0,1
/calculadora-comida-bulldog-frances-cantidad-edad-peso,calculadora-comida-bulldog-frances-cantidad-edad-peso,calcs,0,0,1,1
/calculadora-derivada-polinomio-coeficientes,calculadora-derivada-polinomio-coeficientes,calcs,0,1,0,1
/calculadora-cac-costo-adquisicion-sales-funnel,calculadora-cac-costo-adquisicion-sales-funnel,calcs,1,0,0,1
/calculadora-emigrar-espana-presupuesto-primer-ano-familia,calculadora-emigrar-espana-presupuesto-primer-ano-familia,calcs,0,1,0,1
/calculadora-ley-coulomb-fuerza-electrica,calculadora-ley-coulomb-fuerza-electrica,calcs,1,0,0,1
/calculadora-calendario-ecografias-embarazo-semanas,calculadora-calendario-ecografias-embarazo-semanas,calcs,1,0,0,1
/calculadora-almacenamiento-juegos-gb,calculadora-almacenamiento-juegos-gb,calcs,1,0,0,1
/calculadora-plan-entrenamiento-maraton-42k-semanas,calculadora-plan-entrenamiento-maraton-42k-semanas,calcs,0,1,0,1
/calculadora-burn-rate-runway-startup,calculadora-burn-rate-runway-startup,calcs,0,0,1,1
/calculadora-vuelo-emisiones-co2-pasajero,calculadora-vuelo-emisiones-co2-pasajero,calcs,1,0,0,1
/calculadora-peso-ideal-bebe-mes-percentil,calculadora-peso-ideal-bebe-mes-percentil,calcs,0,1,0,1
/calculadora-equipaje-extra-costo-aerolinea,calculadora-equipaje-extra-costo-aerolinea,calcs,0,0,1,1
/calculadora-ahorro-gnc-vs-nafta-anual-ars,calculadora-ahorro-gnc-vs-nafta-anual-ars,calcs,1,0,0,1
/calculadora-comision-uber-driver-ganancia-real-argentina-2026,calculadora-comision-uber-driver-ganancia-real-argentina-2026,calcs,1,0,0,1
/calculadora-horas-preparar-sat,calculadora-horas-preparar-sat,calcs,1,0,0,1
/calculadora-escala-richter-magnitud-energia,calculadora-escala-richter-magnitud-energia,calcs,0,1,0,1
/calculadora-duolingo-tiempo-dia-nivel-mcer-progreso,calculadora-duolingo-tiempo-dia-nivel-mcer-progreso,calcs,1,0,0,1
/calculadora-video-bitrate-tamano-archivo,calculadora-video-bitrate-tamano-archivo,calcs,1,0,0,1
/calculadora-zapata-corrida-m3-hormigon,calculadora-zapata-corrida-m3-hormigon,calcs,1,0,0,1
/calculadora-twitch-bits-donaciones-dolares,calculadora-twitch-bits-donaciones-dolares,calcs,1,0,0,1
/calculadora-comision-amazon-fba-producto,calculadora-comision-amazon-fba-producto,calcs,1,0,0,1
/calculadora-proximo-cumpleanos,calculadora-proximo-cumpleanos,calcs,1,0,0,1
/calculadora-pisco-sour-receta,calculadora-pisco-sour-receta,calcs,1,0,0,1
/calculadora-tasa-abandono-carrito-ecommerce,calculadora-tasa-abandono-carrito-ecommerce,calcs,0,0,1,1
/calculadora-oxalatos-calculos-renales,calculadora-oxalatos-calculos-renales,calcs,0,1,0,1
/calculadora-score-wells-trombosis-venosa,calculadora-score-wells-trombosis-venosa,calcs,1,0,0,1
/calculadora-peso-en-otro-planeta,calculadora-peso-en-otro-planeta,calcs,1,0,0,1
/calculadora-sucesion-fibonacci-termino-n,calculadora-sucesion-fibonacci-termino-n,calcs,0,1,0,1
/calculadora-logaritmo-base-cualquiera-numero,calculadora-logaritmo-base-cualquiera-numero,calcs,0,1,0,1
/calculadora-semanas-gestacion-hoy-bebe-trimestre,calculadora-semanas-gestacion-hoy-bebe-trimestre,calcs,1,0,0,1
/calculadora-tiempo-pantalla-ideal-edad,calculadora-tiempo-pantalla-ideal-edad,calcs,1,0,0,1
/calculadora-spread-tasas-arbitraje-bancos-plazo-fijo,calculadora-spread-tasas-arbitraje-bancos-plazo-fijo,calcs,1,0,0,1
/calculadora-uber-vs-auto-propio,calculadora-uber-vs-auto-propio,calcs,1,0,0,1
/calculadora-asignacion-familiar-anses-2026-tramos-ingreso,calculadora-asignacion-familiar-anses-2026-tramos-ingreso,calcs,0,1,0,1
/calculadora-kindle-kdp-ingreso-ebook,calculadora-kindle-kdp-ingreso-ebook,calcs,0,1,0,1
/calculadora-costo-hora-fotografo-evento,calculadora-costo-hora-fotografo-evento,calcs,0,1,0,1
/calculadora-flash-numero-guia-distancia,calculadora-flash-numero-guia-distancia,calcs,1,0,0,1
/calculadora-dso-dias-promedio-cobro,calculadora-dso-dias-promedio-cobro,calcs,1,0,0,1
/calculadora-cuota-socio-club-futbol-boca-river-real-madrid,calculadora-cuota-socio-club-futbol-boca-river-real-madrid,calcs,0,0,1,1
/calculadora-blog-adsense-rpm-nicho,calculadora-blog-adsense-rpm-nicho,calcs,0,0,1,1
/calculadora-stop-motion-fps-tiempo,calculadora-stop-motion-fps-tiempo,calcs,1,0,0,1
/calculadora-creatina-carga-mantenimiento-peso,calculadora-creatina-carga-mantenimiento-peso,calcs,0,1,0,1
/calculadora-deep-work-cal-newport-horas-maximo-diario,calculadora-deep-work-cal-newport-horas-maximo-diario,calcs,0,0,1,1
/calculadora-iv-pokemon-go-cp-nivel,calculadora-iv-pokemon-go-cp-nivel,calcs,1,0,0,1
/calculadora-comision-inmobiliaria-venta-inmueble-4-porciento,calculadora-comision-inmobiliaria-venta-inmueble-4-porciento,calcs,1,0,0,1
/calculadora-mochila-escolar-peso-maximo-edad-espalda,calculadora-mochila-escolar-peso-maximo-edad-espalda,calcs,1,0,0,1
/calculadora-nivel-goethe-aleman,calculadora-nivel-goethe-aleman,calcs,1,0,0,1
/calculadora-percepcion-dolar-tarjeta-impuesto-pais,calculadora-percepcion-dolar-tarjeta-impuesto-pais,calcs,0,1,0,1
/calculadora-poder-adquisitivo-sueldo-real,calculadora-poder-adquisitivo-sueldo-real,calcs,0,1,0,1
/calculadora-expectativa-vida-tortuga-terrestre,calculadora-expectativa-vida-tortuga-terrestre,calcs,1,0,0,1
/calculadora-costo-hora-redactor-copywriter,calculadora-costo-hora-redactor-copywriter,calcs,1,0,0,1
/calculadora-presupuesto-viaje-rio-janeiro,calculadora-presupuesto-viaje-rio-janeiro,calcs,1,0,0,1
/calculadora-zapatilla-usa-a-europa,calculadora-zapatilla-usa-a-europa,calcs,0,1,0,1
/calculadora-lectura-velocidad-paginas-hora-wpm,calculadora-lectura-velocidad-paginas-hora-wpm,calcs,0,1,0,1
/calculadora-proyeccion-ventas-crecimiento,calculadora-proyeccion-ventas-crecimiento,calcs,1,0,0,1
/calculadora-promedio-ponderado-universidad,calculadora-promedio-ponderado-universidad,calcs,1,0,0,1
/calculadora-credito-anses-pre-aprobado-jubilado-cuota,calculadora-credito-anses-pre-aprobado-jubilado-cuota,calcs,0,0,1,1
/calculadora-invitaciones-cumple-numero,calculadora-invitaciones-cumple-numero,calcs,1,0,0,1
/calculadora-cantidad-panales-bebe-por-mes-edad,calculadora-cantidad-panales-bebe-por-mes-edad,calcs,1,0,0,1
/calculadora-calendario-estudio-parciales,calculadora-calendario-estudio-parciales,calcs,1,0,0,1
/calculadora-ingreso-colegio-privado-cuota-anual-caba,calculadora-ingreso-colegio-privado-cuota-anual-caba,calcs,0,0,1,1
/calculadora-roi-capacitacion-empleados,calculadora-roi-capacitacion-empleados,calcs,1,0,0,1
/calculadora-handicap-golf-diferencial,calculadora-handicap-golf-diferencial,calcs,1,0,0,1
/calculadora-panel-solar-kw-consumo-hogar-autoconsumo,calculadora-panel-solar-kw-consumo-hogar-autoconsumo,calcs,0,1,0,1
/calculadora-deuda-avalancha-vs-bola-nieve-comparar,calculadora-deuda-avalancha-vs-bola-nieve-comparar,calcs,0,1,0,1
/calculadora-cooling-fan-3d-material,calculadora-cooling-fan-3d-material,calcs,1,0,0,1
/calculadora-rol-ira-401k-argentino-equivalente,calculadora-rol-ira-401k-argentino-equivalente,calcs,0,1,0,1
/calculadora-conversor-mbps-a-mb-s,calculadora-conversor-mbps-a-mb-s,calcs,0,1,0,1
/calculadora-millas-delta-skymiles,calculadora-millas-delta-skymiles,calcs,0,1,0,1
/calculadora-salario-real-inflacion,calculadora-salario-real-inflacion,calcs,0,1,0,1
/calculadora-elo-ajedrez-ganado-perdido-variacion,calculadora-elo-ajedrez-ganado-perdido-variacion,calcs,0,1,0,1
/calculadora-hidratacion-corredor-maraton-carrera,calculadora-hidratacion-corredor-maraton-carrera,calcs,1,0,0,1
/calculadora-tiempo-viaje-interestelar,calculadora-tiempo-viaje-interestelar,calcs,1,0,0,1
/calculadora-macronutrientes-dieta,calculadora-macronutrientes-dieta,calcs,0,1,0,1
/calculadora-dias-ideales-viaje-destino,calculadora-dias-ideales-viaje-destino,calcs,1,0,0,1
/calculadora-kilos-chocolate-casero-bombones-receta,calculadora-kilos-chocolate-casero-bombones-receta,calcs,0,0,1,1
/calculadora-instagram-carrousel-slides-optimas,calculadora-instagram-carrousel-slides-optimas,calcs,0,0,1,1
/calculadora-ecuacion-cuadratica-raices-discriminante,calculadora-ecuacion-cuadratica-raices-discriminante,calcs,0,1,0,1
/calculadora-organizador-placard-distribucion,calculadora-organizador-placard-distribucion,calcs,0,0,1,1
/calculadora-tiktok-duracion-optima-video,calculadora-tiktok-duracion-optima-video,calcs,1,0,0,1
/calculadora-perpetual-liquidation-funding-binance-bybit-bitget,calculadora-perpetual-liquidation-funding-binance-bybit-bitget,calcs,1,0,0,1
/calculadora-conversion-temperaturas-horno-gas-electrico,calculadora-conversion-temperaturas-horno-gas-electrico,calcs,0,1,0,1
/calculadora-peso-ideal-husky-siberiano,calculadora-peso-ideal-husky-siberiano,calcs,1,0,0,1
/calculadora-fertilidad-intentos-ivf-fiv-edad-costo-argentina,calculadora-fertilidad-intentos-ivf-fiv-edad-costo-argentina,calcs,1,0,0,1
/calculadora-tela-cortinas-ventana,calculadora-tela-cortinas-ventana,calcs,0,1,0,1
/calculadora-ayuno-intermitente-16-8-ventana-horario,calculadora-ayuno-intermitente-16-8-ventana-horario,calcs,0,0,1,1
/calculadora-agua-por-invitado-fiesta,calculadora-agua-por-invitado-fiesta,calcs,1,0,0,1
/calculadora-agua-cafe-te-hidratacion-real-mitos,calculadora-agua-cafe-te-hidratacion-real-mitos,calcs,1,0,0,1
/calculadora-aperol-spritz-proporciones,calculadora-aperol-spritz-proporciones,calcs,1,0,0,1
/calculadora-bitcoin-halving-2028-proyeccion,calculadora-bitcoin-halving-2028-proyeccion,calcs,0,1,0,1
/calculadora-clausula-rescision-valor-mercado-jugador,calculadora-clausula-rescision-valor-mercado-jugador,calcs,1,0,0,1
/calculadora-monotributo-vs-autonomo-vs-empleado-mismo-ingreso,calculadora-monotributo-vs-autonomo-vs-empleado-mismo-ingreso,calcs,0,1,0,1
/calculadora-f1-puntos-campeonato-mundial-quedan,calculadora-f1-puntos-campeonato-mundial-quedan,calcs,0,1,0,1
/calculadora-horas-preparar-gre,calculadora-horas-preparar-gre,calcs,1,0,0,1
/calculadora-crecimiento-seguidores-proyeccion,calculadora-crecimiento-seguidores-proyeccion,calcs,0,0,1,1
/calculadora-instagram-influencer-pago-historia,calculadora-instagram-influencer-pago-historia,calcs,1,0,0,1
/calculadora-peso-guantes-boxeo-kg-oz,calculadora-peso-guantes-boxeo-kg-oz,calcs,0,1,0,1
/calculadora-huella-carbono-diaria-personal,calculadora-huella-carbono-diaria-personal,calcs,0,1,0,1
/calculadora-caldera-potencia-kw-ambiente-metros,calculadora-caldera-potencia-kw-ambiente-metros,calcs,0,1,0,1
/calculadora-claude-37-tokens-costo-cache-prompt-mensual,calculadora-claude-37-tokens-costo-cache-prompt-mensual,calcs,0,0,1,1
/calculadora-hierro-diario-vegetariano,calculadora-hierro-diario-vegetariano,calcs,1,0,0,1
/calculadora-cuantos-feriados-restan-ano-argentina,calculadora-cuantos-feriados-restan-ano-argentina,calcs,0,1,0,1
/calculadora-conversor-calorias-a-joules,calculadora-conversor-calorias-a-joules,calcs,1,0,0,1
/calculadora-diversificacion-portafolio-correlacion,calculadora-diversificacion-portafolio-correlacion,calcs,1,0,0,1
/calculadora-cano-estructural-peso-ml,calculadora-cano-estructural-peso-ml,calcs,1,0,0,1
/calculadora-distancia-caida-libre-altura,calculadora-distancia-caida-libre-altura,calcs,0,0,1,1
/calculadora-dias-minimos-test-embarazo-positivo,calculadora-dias-minimos-test-embarazo-positivo,calcs,0,1,0,1
/calculadora-calorias-ciclismo-intensidad,calculadora-calorias-ciclismo-intensidad,calcs,0,0,1,1
/calculadora-puntaje-apgar,calculadora-puntaje-apgar,calcs,1,0,0,1
/calculadora-anion-gap-electrolitos,calculadora-anion-gap-electrolitos,calcs,0,1,0,1
/calculadora-m2-pared-descontando-aberturas-pintura,calculadora-m2-pared-descontando-aberturas-pintura,calcs,0,1,0,1
/calculadora-sube-argentina-costo-viaje-gasto-mensual,calculadora-sube-argentina-costo-viaje-gasto-mensual,calcs,1,0,0,1
/calculadora-cap-rate-rentabilidad-alquiler-inmobiliario,calculadora-cap-rate-rentabilidad-alquiler-inmobiliario,calcs,0,1,0,1
/calculadora-precio-venta-producto-markup,calculadora-precio-venta-producto-markup,calcs,1,0,0,1
/calculadora-perfil-aluminio-metros-lineales-ventana,calculadora-perfil-aluminio-metros-lineales-ventana,calcs,1,0,0,1
/calculadora-descanso-post-maraton-regla-1-dia-km,calculadora-descanso-post-maraton-regla-1-dia-km,calcs,0,1,0,1
/calculadora-hidrometro-correccion-temperatura,calculadora-hidrometro-correccion-temperatura,calcs,1,0,0,1
/calculadora-fecha-concepcion-desde-fpp,calculadora-fecha-concepcion-desde-fpp,calcs,0,1,0,1
/calculadora-edad-humana-tortuga,calculadora-edad-humana-tortuga,calcs,0,1,0,1
/calculadora-attribution-modelo-primer-ultimo-click,calculadora-attribution-modelo-primer-ultimo-click,calcs,0,1,0,1
/calculadora-divorcio-liquidacion-bienes-gananciales-costo,calculadora-divorcio-liquidacion-bienes-gananciales-costo,calcs,0,1,0,1
/calculadora-market-cap-vs-precio-token,calculadora-market-cap-vs-precio-token,calcs,1,0,0,1
/calculadora-vacaciones-bariloche-presupuesto-7-dias-familia,calculadora-vacaciones-bariloche-presupuesto-7-dias-familia,calcs,0,1,0,1
/calculadora-propiedad-tasacion-m2-barrio-caba-promedio,calculadora-propiedad-tasacion-m2-barrio-caba-promedio,calcs,1,0,0,1
/calculadora-riesgo-caida-adulto-mayor-escala,calculadora-riesgo-caida-adulto-mayor-escala,calcs,1,0,0,1
/calculadora-impuestos-autonomo-espana,calculadora-impuestos-autonomo-espana,calcs,0,0,1,1
/calculadora-tiempo-maraton-predictor,calculadora-tiempo-maraton-predictor,calcs,1,0,0,1
/calculadora-tamano-colchon-ideal-medidas,calculadora-tamano-colchon-ideal-medidas,calcs,1,0,0,1
/calculadora-acento-extranjero-score-practica-horas,calculadora-acento-extranjero-score-practica-horas,calcs,1,0,0,1
/calculadora-retraso-amanecer-atardecer-minutos-dia,calculadora-retraso-amanecer-atardecer-minutos-dia,calcs,0,0,1,1
/calculadora-velocidad-sprint-30m-futbol-por-posicion,calculadora-velocidad-sprint-30m-futbol-por-posicion,calcs,0,0,1,1
/calculadora-costo-total-propiedad-auto-anual,calculadora-costo-total-propiedad-auto-anual,calcs,0,1,0,1
/calculadora-densidad-aire-temperatura-humedad-altitud-aviacion,calculadora-densidad-aire-temperatura-humedad-altitud-aviacion,calcs,1,0,0,1
/calculadora-final-volume-cerveza-fermentador,calculadora-final-volume-cerveza-fermentador,calcs,1,0,0,1
/calculadora-rural-rentabilidad-hectarea-soja-maiz-trigo-2026,calculadora-rural-rentabilidad-hectarea-soja-maiz-trigo-2026,calcs,1,0,0,1
/calculadora-mundial-2026-grupo-muerte-detector,calculadora-mundial-2026-grupo-muerte-detector,calcs,1,0,0,1
/calculadora-whey-protein-dosis-diaria-scoop,calculadora-whey-protein-dosis-diaria-scoop,calcs,1,0,0,1
/calculadora-ebbinghaus-curva-olvido,calculadora-ebbinghaus-curva-olvido,calcs,1,0,0,1
/mx/calculadora-pension-issste-decimo-transitorio-mexico-2026,calculadora-pension-issste-decimo-transitorio-mexico-2026,calcs-mx,1,0,0,1
/mx/calculadora-cfdi-version-4-mexico-emitir-coste-validacion,calculadora-cfdi-version-4-mexico-emitir-coste-validacion,calcs-mx,0,0,1,1
/mx/calculadora-uma-conversion-mexico,calculadora-uma-conversion-mexico,calcs-mx,1,0,0,1
/mx/calculadora-retencion-plataformas-digitales-mexico-2026,calculadora-retencion-plataformas-digitales-mexico-2026,calcs-mx,1,0,0,1
/mx/calculadora-renta-mensual-cdmx-vs-guadalajara-monterrey,calculadora-renta-mensual-cdmx-vs-guadalajara-monterrey,calcs-mx,0,0,1,1
/mx/calculadora-deduccion-gastos-medicos-mexico-personales-anual,calculadora-deduccion-gastos-medicos-mexico-personales-anual,calcs-mx,1,0,0,1
/mx/calculadora-pension-invalidez-imss-mexico,calculadora-pension-invalidez-imss-mexico,calcs-mx,1,0,0,1
/mx/calculadora-costo-empleado-patron-mexico-2026,calculadora-costo-empleado-patron-mexico-2026,calcs-mx,1,0,0,1
/mx/calculadora-credito-automotriz-mexico-cat-mensualidad-2026,calculadora-credito-automotriz-mexico-cat-mensualidad-2026,calcs-mx,0,0,1,1
/mx/calculadora-mensualidad-universidad-privada-mexico-tec-uvm-anahuac,calculadora-mensualidad-universidad-privada-mexico-tec-uvm-anahuac,calcs-mx,0,0,1,1
/mx/calculadora-gasolina-rendimiento-km-litro-vs-gas-lp-mexico,calculadora-gasolina-rendimiento-km-litro-vs-gas-lp-mexico,calcs-mx,1,0,0,1
/mx/calculadora-tope-deducciones-personales-2026-mexico,calculadora-tope-deducciones-personales-2026-mexico,calcs-mx,1,0,0,1
/mx/calculadora-ine-renovacion-costo,calculadora-ine-renovacion-costo,calcs-mx,1,0,0,1
/mx/calculadora-costo-pasaporte-mexicano-2026,calculadora-costo-pasaporte-mexicano-2026,calcs-mx,1,0,0,1
/co/calculadora-cooperativas-prestamo-colombia-tasa-interes,calculadora-cooperativas-prestamo-colombia-tasa-interes,calcs-co,1,0,0,1
/co/calculadora-arriendo-bogota-medellin-cali-precio-promedio,calculadora-arriendo-bogota-medellin-cali-precio-promedio,calcs-co,1,0,0,1
/co/calculadora-bono-hambre-cero-colombia-renta-ciudadana,calculadora-bono-hambre-cero-colombia-renta-ciudadana,calcs-co,1,0,0,1
/co/calculadora-iva-colombia-19-porciento-tarifa-general,calculadora-iva-colombia-19-porciento-tarifa-general,calcs-co,1,0,0,1
/co/calculadora-credito-vehiculos-colombia-leasing-vs-credito,calculadora-credito-vehiculos-colombia-leasing-vs-credito,calcs-co,1,0,0,1
/co/calculadora-fopep-pension-publica-colombia-cuantia,calculadora-fopep-pension-publica-colombia-cuantia,calcs-co,1,0,0,1
/co/calculadora-credito-educativo-icetex-vs-banco-colombia-2026,calculadora-credito-educativo-icetex-vs-banco-colombia-2026,calcs-co,0,0,1,1
/co/calculadora-fna-cesantias-colombia-vivienda-rentabilidad,calculadora-fna-cesantias-colombia-vivienda-rentabilidad,calcs-co,1,0,0,1
/co/calculadora-cuota-moderadora-copago-eps-colombia-2026,calculadora-cuota-moderadora-copago-eps-colombia-2026,calcs-co,1,0,0,1
/co/calculadora-renta-pensionados-colombia-2026,calculadora-renta-pensionados-colombia-2026,calcs-co,1,0,0,1
/co/calculadora-rendimiento-fondo-pensiones-obligatorias-rais-colombia,calculadora-rendimiento-fondo-pensiones-obligatorias-rais-colombia,calcs-co,0,0,1,1
/co/calculadora-deuda-mes-tarjeta-credito-colombia-pago-tope,calculadora-deuda-mes-tarjeta-credito-colombia-pago-tope,calcs-co,1,0,0,1
/co/calculadora-impuesto-renta-empresas-colombia-35-porcentaje-2026,calculadora-impuesto-renta-empresas-colombia-35-porcentaje-2026,calcs-co,1,0,0,1
/co/calculadora-pension-rais-vs-prima-media-colombia,calculadora-pension-rais-vs-prima-media-colombia,calcs-co,1,0,0,1
/co/calculadora-impuesto-cervezas-licores-tabaco-colombia-2026,calculadora-impuesto-cervezas-licores-tabaco-colombia-2026,calcs-co,1,0,0,1
/co/calculadora-impuesto-predial-bogota-2026,calculadora-impuesto-predial-bogota-2026,calcs-co,1,0,0,1
/co/calculadora-prestaciones-empleada-domestica-colombia-2026,calculadora-prestaciones-empleada-domestica-colombia-2026,calcs-co,1,0,0,1
/co/calculadora-cdt-colombia-rentabilidad-90-180-360-dias,calculadora-cdt-colombia-rentabilidad-90-180-360-dias,calcs-co,1,0,0,1
/co/calculadora-pension-alimentos-colombia-padre-divorcio-tabla,calculadora-pension-alimentos-colombia-padre-divorcio-tabla,calcs-co,1,0,0,1
/co/calculadora-precio-gasolina-acpm-galon-colombia-2026,calculadora-precio-gasolina-acpm-galon-colombia-2026,calcs-co,1,0,0,1
/co/calculadora-aporte-cesantias-empleador-empleado-colombia-fondo,calculadora-aporte-cesantias-empleador-empleado-colombia-fondo,calcs-co,1,0,0,1
/co/calculadora-ahorro-en-pesos-vs-cdt-vs-fic-vs-tes-colombia,calculadora-ahorro-en-pesos-vs-cdt-vs-fic-vs-tes-colombia,calcs-co,0,1,0,1
/co/calculadora-ganancia-ocasional-venta-casa-colombia,calculadora-ganancia-ocasional-venta-casa-colombia,calcs-co,0,0,1,1
/cl/calculadora-bono-electrico-chile-subsidio-cuenta-electrica,calculadora-bono-electrico-chile-subsidio-cuenta-electrica,calcs-cl,1,0,0,1
/cl/calculadora-asignacion-familiar-vs-gratuidad-chile,calculadora-asignacion-familiar-vs-gratuidad-chile,calcs-cl,1,0,0,1
/cl/calculadora-bono-renta-chile-cuanto-vale-mi-tiempo-uf,calculadora-bono-renta-chile-cuanto-vale-mi-tiempo-uf,calcs-cl,1,0,0,1
/cl/calculadora-impuesto-aerolinea-chile-tasa-embarque-internacional,calculadora-impuesto-aerolinea-chile-tasa-embarque-internacional,calcs-cl,1,0,0,1
/cl/calculadora-pago-electronico-chile-transbank-comisiones-onepay-mach,calculadora-pago-electronico-chile-transbank-comisiones-onepay-mach,calcs-cl,0,0,1,1
/cl/calculadora-pase-escolar-tne-chile-precio-2026-recargo,calculadora-pase-escolar-tne-chile-precio-2026-recargo,calcs-cl,1,0,0,1
/cl/calculadora-pension-viudez-vitalicia-chile-cuantia,calculadora-pension-viudez-vitalicia-chile-cuantia,calcs-cl,0,0,1,1
/cl/calculadora-divorcio-chile-cese-convivencia-3-anos,calculadora-divorcio-chile-cese-convivencia-3-anos,calcs-cl,1,0,0,1
/cl/calculadora-licencia-conducir-chile-renovacion-precio-vencimiento,calculadora-licencia-conducir-chile-renovacion-precio-vencimiento,calcs-cl,0,0,1,1
/cl/calculadora-cae-credito-hipotecario-chile-bancos-2026,calculadora-cae-credito-hipotecario-chile-bancos-2026,calcs-cl,0,0,1,1
/cl/calculadora-deposito-plazo-chile-bancos-2026-tasa,calculadora-deposito-plazo-chile-bancos-2026-tasa,calcs-cl,1,0,0,1
/cl/calculadora-renta-presunta-chile-agricola-transporte-mineria,calculadora-renta-presunta-chile-agricola-transporte-mineria,calcs-cl,1,0,0,1
/cl/calculadora-bono-cumplimiento-laboral-chile-pago-empresa,calculadora-bono-cumplimiento-laboral-chile-pago-empresa,calcs-cl,1,0,0,1
/cl/calculadora-credito-hipotecario-chile-uf-cmf-2026,calculadora-credito-hipotecario-chile-uf-cmf-2026,calcs-cl,0,0,1,1
/pe/calculadora-pension-65-peru,calculadora-pension-65-peru,calcs-pe,1,0,0,1
/pe/calculadora-licencia-maternidad-subsidio-essalud-peru,calculadora-licencia-maternidad-subsidio-essalud-peru,calcs-pe,1,0,0,1
/pe/calculadora-renta-segunda-categoria-ganancia-capital-peru,calculadora-renta-segunda-categoria-ganancia-capital-peru,calcs-pe,1,0,0,1
/pe/calculadora-credito-hipotecario-peru,calculadora-credito-hipotecario-peru,calcs-pe,0,0,1,1
/pe/calculadora-renta-primera-categoria-alquiler-peru,calculadora-renta-primera-categoria-alquiler-peru,calcs-pe,1,0,0,1
/pe/calculadora-recibo-agua-sedapal-peru,calculadora-recibo-agua-sedapal-peru,calcs-pe,1,0,0,1
/pe/calculadora-gratificacion-trunca-peru,calculadora-gratificacion-trunca-peru,calcs-pe,1,0,0,1
/pe/calculadora-itf-peru,calculadora-itf-peru,calcs-pe,1,0,0,1
/pe/calculadora-pension-alimentos-peru,calculadora-pension-alimentos-peru,calcs-pe,1,0,0,1
/pe/calculadora-detracciones-igv-peru,calculadora-detracciones-igv-peru,calcs-pe,1,0,0,1
/pe/calculadora-liquidacion-beneficios-sociales-peru,calculadora-liquidacion-beneficios-sociales-peru,calcs-pe,0,1,0,1
/pe/calculadora-impuesto-alcabala-peru,calculadora-impuesto-alcabala-peru,calcs-pe,1,0,0,1
/ec/calculadora-arriendo-maximo-legal-ecuador,calculadora-arriendo-maximo-legal-ecuador,calcs-ec,1,0,0,1
/ec/calculadora-costo-laboral-total-empleador-ecuador,calculadora-costo-laboral-total-empleador-ecuador,calcs-ec,1,0,0,1
/ec/calculadora-impuesto-salida-divisas-isd-ecuador,calculadora-impuesto-salida-divisas-isd-ecuador,calcs-ec,0,0,1,1
/ec/calculadora-impuesto-renta-ecuador,calculadora-impuesto-renta-ecuador,calcs-ec,1,0,0,1
/ec/calculadora-salario-digno-ecuador,calculadora-salario-digno-ecuador,calcs-ec,1,0,0,1
/ec/calculadora-matriculacion-vehicular-ecuador,calculadora-matriculacion-vehicular-ecuador,calcs-ec,1,0,0,1
/ec/calculadora-impuesto-plusvalia-inmueble-ecuador,calculadora-impuesto-plusvalia-inmueble-ecuador,calcs-ec,1,0,0,1
/ec/calculadora-costo-vida-mensual-ecuador,calculadora-costo-vida-mensual-ecuador,calcs-ec,1,0,0,1
/ec/calculadora-credito-vehicular-ecuador,calculadora-credito-vehicular-ecuador,calcs-ec,1,0,0,1
/ec/calculadora-impuesto-1-5-por-mil-activos-ecuador,calculadora-impuesto-1-5-por-mil-activos-ecuador,calcs-ec,1,0,0,1
/ec/calculadora-tarjeta-credito-pago-minimo-ecuador,calculadora-tarjeta-credito-pago-minimo-ecuador,calcs-ec,1,0,0,1
/ec/calculadora-constitucion-compania-sas-ecuador,calculadora-constitucion-compania-sas-ecuador,calcs-ec,1,0,0,1
/ec/calculadora-decimo-tercer-sueldo-ecuador,calculadora-decimo-tercer-sueldo-ecuador,calcs-ec,1,0,0,1
/ve/calculadora-prestaciones-sociales-venezuela,calculadora-prestaciones-sociales-venezuela,calcs-ve,1,0,0,1
/es/calculadora-bono-social-electrico-espana-2026-criterios,calculadora-bono-social-electrico-espana-2026-criterios,calcs-es,1,0,0,1
/es/calculadora-mibor-euribor-historico-hipoteca-revision,calculadora-mibor-euribor-historico-hipoteca-revision,calcs-es,1,0,0,1
/es/calculadora-letras-tesoro-espana-3-6-12-meses-rentabilidad,calculadora-letras-tesoro-espana-3-6-12-meses-rentabilidad,calcs-es,0,0,1,1
/es/calculadora-modelo-720-bienes-extranjero-espana,calculadora-modelo-720-bienes-extranjero-espana,calcs-es,0,1,0,1
/es/calculadora-comunidad-autonoma-irpf-mas-alto-bajo-espana,calculadora-comunidad-autonoma-irpf-mas-alto-bajo-espana,calcs-es,1,0,0,1
/es/calculadora-autonomo-cuota-2026-espana-rendimiento-neto,calculadora-autonomo-cuota-2026-espana-rendimiento-neto,calcs-es,0,0,1,1
/es/calculadora-pareja-de-hecho-vs-matrimonio-espana-fiscal,calculadora-pareja-de-hecho-vs-matrimonio-espana-fiscal,calcs-es,1,0,0,1
/es/calculadora-finiquito-despido-improcedente-espana-2026,calculadora-finiquito-despido-improcedente-espana-2026,calcs-es,0,1,0,1
/es/calculadora-tasacion-vivienda-espana-precio-m2-zona,calculadora-tasacion-vivienda-espana-precio-m2-zona,calcs-es,1,0,0,1
/es/calculadora-excedencia-voluntaria-reincorporacion-espana,calculadora-excedencia-voluntaria-reincorporacion-espana,calcs-es,1,0,0,1
/es/calculadora-cuenta-remunerada-espana-rentabilidad-comparativa,calculadora-cuenta-remunerada-espana-rentabilidad-comparativa,calcs-es,0,0,1,1
/es/calculadora-renting-leasing-compra-coche-espana-tco,calculadora-renting-leasing-compra-coche-espana-tco,calcs-es,1,0,0,1
/es/calculadora-paro-prestacion-desempleo-espana-2026-meses,calculadora-paro-prestacion-desempleo-espana-2026-meses,calcs-es,0,1,0,1
/es/calculadora-cedula-habitabilidad-espana-precio-tramite,calculadora-cedula-habitabilidad-espana-precio-tramite,calcs-es,1,0,0,1
/es/calculadora-pension-no-contributiva-jubilacion-invalidez-espana,calculadora-pension-no-contributiva-jubilacion-invalidez-espana,calcs-es,1,0,0,1
/es/calculadora-comprar-vs-alquilar-vivienda-espana-10-anos,calculadora-comprar-vs-alquilar-vivienda-espana-10-anos,calcs-es,0,0,1,1
/es/calculadora-iva-espana-21-10-4,calculadora-iva-espana-21-10-4,calcs-es,0,0,1,1
/pt/dolar-real-iof-remessa-exterior-1-1,dolar-real-iof-remessa-exterior-1-1,calcs-pt,0,0,1,1
/pt/abono-salarial-pis-pasep-elegibilidade-valor,abono-salarial-pis-pasep-elegibilidade-valor,calcs-pt,0,0,1,1
/pt/fgts-saque-aniversario-valor-por-ano,fgts-saque-aniversario-valor-por-ano,calcs-pt,0,0,1,1
/pt/licenciamento-anual-veiculos-taxa-detran,licenciamento-anual-veiculos-taxa-detran,calcs-pt,0,0,1,1
/pt/porcoes-sushi-por-pessoa-media,porcoes-sushi-por-pessoa-media,calcs-pt,1,0,0,1
/pt/itbi-sao-paulo-capital-3-porcento,itbi-sao-paulo-capital-3-porcento,calcs-pt,0,0,1,1
/pt/iptu-sao-paulo-valor-venal-aliquota,iptu-sao-paulo-valor-venal-aliquota,calcs-pt,1,0,0,1
/pt/itbi-rio-de-janeiro-2-porcento,itbi-rio-de-janeiro-2-porcento,calcs-pt,0,0,1,1
/pt/pj-vs-clt-comparador-liquido-br,pj-vs-clt-comparador-liquido-br,calcs-pt,1,0,0,1
/pt/inss-patronal-empresa-20-porcento-folha,inss-patronal-empresa-20-porcento-folha,calcs-pt,1,0,0,1
/pt/previdencia-pgbl-vs-vgbl-comparador,previdencia-pgbl-vs-vgbl-comparador,calcs-pt,1,0,0,1
/pt/ir-ganho-capital-venda-imovel-15-porcento,ir-ganho-capital-venda-imovel-15-porcento,calcs-pt,0,0,1,1
/pt/minha-casa-minha-vida-faixa-subsidio-2026,minha-casa-minha-vida-faixa-subsidio-2026,calcs-pt,0,0,1,1
/pt/calculadora-mei-brasil-limite-faturamento-2026-categoria,calculadora-mei-brasil-limite-faturamento-2026-categoria,calcs-pt,0,0,1,1
/pt/conversor-idade-cachorro-gato-humana,conversor-idade-cachorro-gato-humana,calcs-pt,1,0,0,1
/pt/irrf-mensal-folha-pagamento-2026,irrf-mensal-folha-pagamento-2026,calcs-pt,0,0,1,1
/pt/aquario-litros-peixes,aquario-litros-peixes,calcs-pt,1,0,0,1
/en/creatine-loading-maintenance,creatine-loading-maintenance,calcs-en,0,0,1,1
/en/claude-gemini-tokens-pricing-comparison,claude-gemini-tokens-pricing-comparison,calcs-en,0,0,1,1
/en/used-car-transfer-cost,used-car-transfer-cost,calcs-en,0,1,0,1
/en/streaming-carbon-emissions-calculator,streaming-carbon-emissions-calculator,calcs-en,0,0,1,1
/en/al30-gd30-bond-yield,al30-gd30-bond-yield,calcs-en,0,0,1,1
/en/property-deed-transfer-cost,property-deed-transfer-cost,calcs-en,0,0,1,1
/en/ventilation-cfm-room,ventilation-cfm-room,calcs-en,0,0,1,1
/en/party-drinks-beer-wine-soda,party-drinks-beer-wine-soda,calcs-en,0,1,0,1
/en/rough-plaster-mortar-calculator,rough-plaster-mortar-calculator,calcs-en,0,1,0,1
/en/mlss-max-lactate-steady-state,mlss-max-lactate-steady-state,calcs-en,1,0,0,1
/en/water-turtle-diet-weight-age,water-turtle-diet-weight-age,calcs-en,0,0,1,1
/en/material-biodegradation-time,material-biodegradation-time,calcs-en,1,0,0,1
/en/peso-ideal-ninos,peso-ideal-ninos,calcs-en,0,1,0,1
/en/tire-pressure-psi-bar-conversion,tire-pressure-psi-bar-conversion,calcs-en,0,0,1,1
/en/vegetable-cooking-times-steamed-boiled,vegetable-cooking-times-steamed-boiled,calcs-en,1,0,0,1
/en/puppy-cost-first-year,puppy-cost-first-year,calcs-en,0,0,1,1
/en/credit-card-minimum-payment,credit-card-minimum-payment,calcs-en,0,0,1,1
/en/db-pool-max-connections,db-pool-max-connections,calcs-en,0,0,1,1
/en/wedding-carbon-footprint,wedding-carbon-footprint,calcs-en,0,0,1,1
/en/anki-daily-flashcards-memorization-vocabulary,anki-daily-flashcards-memorization-vocabulary,calcs-en,0,0,1,1
/en/minimum-retirement-pension-bonus-2026,minimum-retirement-pension-bonus-2026,calcs-en,1,0,0,1
/en/inches-to-cm-screen-converter,inches-to-cm-screen-converter,calcs-en,0,0,1,1
/en/bandwidth-streaming-bitrate-resolution-youtube,bandwidth-streaming-bitrate-resolution-youtube,calcs-en,0,0,1,1
/en/bricks-per-square-meter-wall,bricks-per-square-meter-wall,calcs-en,1,0,0,1
/en/tdee-calorie-calculator,tdee-calorie-calculator,calcs-en,0,1,0,1
/en/pregnancy-weight-gain-bmi,pregnancy-weight-gain-bmi,calcs-en,0,1,0,1
/en/muscle-recovery-hours,muscle-recovery-hours,calcs-en,0,0,1,1
/en/date-difference-calculator,date-difference-calculator,calcs-en,0,1,0,1
/en/pral-urine-acidity,pral-urine-acidity,calcs-en,1,0,0,1
/en/credit-card-payoff-time-calculator,credit-card-payoff-time-calculator,calcs-en,1,0,0,1
/en/profit-margin-calculator,profit-margin-calculator,calcs-en,0,0,1,1
/en/leverage-trading-liquidation-price,leverage-trading-liquidation-price,calcs-en,0,0,1,1
/en/tip-by-state-bill-calculator,tip-by-state-bill-calculator,calcs-en,0,0,1,1
/en/electrolyte-replacement-exercise,electrolyte-replacement-exercise,calcs-en,0,0,1,1
/en/adult-sleep-hours-by-age,adult-sleep-hours-by-age,calcs-en,0,0,1,1
/en/macros-atkins-fases,macros-atkins-fases,calcs-en,1,0,0,1
/en/probability-drop-loot,probability-drop-loot,calcs-en,0,0,1,1
/en/breast-milk-formula,breast-milk-formula,calcs-en,1,0,0,1
/en/price-to-book-ratio,price-to-book-ratio,calcs-en,0,0,1,1
/en/baby-teeth-eruption-timeline,baby-teeth-eruption-timeline,calcs-en,0,0,1,1
/en/calories-burned-calculator,calories-burned-calculator,calcs-en,0,0,1,1
/en/1rm-bench-press-estimator,1rm-bench-press-estimator,calcs-en,0,0,1,1
/en/macros-cutting-bulking-calculator,macros-cutting-bulking-calculator,calcs-en,0,0,1,1
/en/split-travel-expenses,split-travel-expenses,calcs-en,0,0,1,1
/en/athlete-hydration-calculator,athlete-hydration-calculator,calcs-en,1,0,0,1
