URL,Slug,Titulo,H1,Categoria,Template,Keyword aparente,Intencion,Canonical,Indexable,En sitemap,Enlaces internos,Familia tematica,Posible duplicado,Accion recomendada,Prioridad
/calculadora-empanadas-por-persona-evento-asado-cumple,calculadora-empanadas-por-persona-evento-asado-cumple,Calculadora de empanadas por persona | Hacé Cuentas,Empanadas por persona para eventos,cocina,CalcLayoutV2 ([...slug].astro),empanadas persona evento asado,Planificación (cantidad + compra),(self),Sí,Sí,12,asado,—,Mantener; reforzar enlace a maestra de su familia,Baja
/calculadora-asado-kg-por-persona-cortes-tira-vacio-pollo,calculadora-asado-kg-por-persona-cortes-tira-vacio-pollo,Calculadora Asado: Kg por Persona y Cortes 2026,Calculadora de asado: kg por persona y cortes,cocina,CalcLayoutV2 ([...slug].astro),asado kg persona cortes,Planificación (cantidad + compra),(self),Sí,Sí,6,asado,asado-carne,CANDIDATA A HERRAMIENTA MAESTRA — ampliar,Alta
/calculadora-chorizos-por-invitado-asado,calculadora-chorizos-por-invitado-asado,Calculadora de Chorizos por Invitado en Asado 2026,Calculadora de Chorizos por Invitado en Asado,vida,CalcLayoutV2 ([...slug].astro),chorizos por persona,Planificación (cantidad + compra),(self),Sí,Sí,5,asado,—,Mantener; reforzar enlace a maestra de su familia,Baja
/calculadora-cantidad-hamburguesas-parrilla-cumpleanos,calculadora-cantidad-hamburguesas-parrilla-cumpleanos,¿Cuántas hamburguesas por persona? Calculadora + tabla | Hacé Cuentas,¿Cuántas hamburguesas necesito por persona?,cocina,CalcLayoutV2 ([...slug].astro),cuántas hamburguesas por persona,Planificación (cantidad + compra),(self),Sí,Sí,4,asado,—,Mantener; reforzar enlace a maestra de su familia,Baja
/calculadora-tamano-parrilla-personas-m2,calculadora-tamano-parrilla-personas-m2,Tamaño de parrilla por personas: calculadora + tabla | Hacé Cuentas,¿Qué tamaño de parrilla necesito? Calculá por personas,cocina,CalcLayoutV2 ([...slug].astro),tamaño parrilla personas,Planificación (cantidad + compra),(self),Sí,Sí,4,asado,—,Mantener; reforzar enlace a maestra de su familia,Baja
/calculadora-carne-asado-kg-por-persona,calculadora-carne-asado-kg-por-persona,Calculadora de carne para asado por persona 2026,Calculadora de carne para asado por persona,cocina,CalcLayoutV2 ([...slug].astro),carne por persona asado,Planificación (cantidad + compra),/calculadora-asado-kg-por-persona-cortes-tira-vacio-pollo,Sí,No,3,asado,asado-carne,Ya canonicalizada → calculadora-asado-kg-por-persona-cortes-tira-vacio-pollo (mantener),Baja
/calculadora-asado-por-invitado-kg-carne,calculadora-asado-por-invitado-kg-carne,Calculadora Asado por Invitado Kg Carne 2026 | Gratis,Calculadora de Asado por Invitado - Kg de Carne,vida,CalcLayoutV2 ([...slug].astro),asado por persona,Planificación (cantidad + compra),/calculadora-asado-kg-por-persona-cortes-tira-vacio-pollo,Sí,No,2,asado,asado-carne,Ya canonicalizada → calculadora-asado-kg-por-persona-cortes-tira-vacio-pollo (mantener),Baja
/calculadora-carbon-credit-tonelada-precio-mercado-2026,calculadora-carbon-credit-tonelada-precio-mercado-2026,Precio tonelada CO2 2026: calculadora carbon credits por mercado | Hacé Cuentas,¿Cuánto cuesta una tonelada de CO2 en 2026? Calculadora carbon credits,negocios,CalcLayoutV2 ([...slug].astro),precio tonelada co2 2026,Planificación (cantidad + compra),(self),Sí,Sí,0,asado,—,HUÉRFANA — agregar enlaces internos (hub + relacionadas),Media-alta
/calculadora-conversor-tazas-a-mililitros,calculadora-conversor-tazas-a-mililitros,Conversor de tazas a mililitros 2026 — Gratis | Hacé Cuentas,Conversor de tazas a mililitros,cocina,CalcLayoutV2 ([...slug].astro),conversor tazas a mililitros,Conversión / cantidad de receta,(self),Sí,Sí,14,cocina,—,Mantener; reforzar enlace a maestra de su familia,Baja
/calculadora-multiplicar-dividir-receta-porciones,calculadora-multiplicar-dividir-receta-porciones,Dividir o Multiplicar una Receta — Calculadora de Porciones,Ajustar una receta a más o menos porciones,cocina,CalcLayoutV2 ([...slug].astro),multiplicar receta,Conversión / cantidad de receta,(self),Sí,Sí,14,cocina,—,Mantener; reforzar enlace a maestra de su familia,Baja
/calculadora-conversion-medidas-cocina-tazas-gramos,calculadora-conversion-medidas-cocina-tazas-gramos,Tazas a Gramos: tabla de conversión por ingrediente | Hacé Cuentas,Convertir tazas a gramos (y viceversa) por ingrediente,cocina,CalcLayoutV2 ([...slug].astro),tazas a gramos,Conversión / cantidad de receta,(self),Sí,Sí,9,cocina,tazas-gramos,"Cluster ""tazas-gramos"" — enlazar a la maestra, evaluar canonical",Alta
/calculadora-huevos-por-receta-comensales,calculadora-huevos-por-receta-comensales,Huevos por Receta y Comensales — Calculadora 2026,Calculadora de Huevos y Ingredientes por Receta y Comensales,cocina,CalcLayoutV2 ([...slug].astro),cuantos huevos tortilla espanola,Conversión / cantidad de receta,(self),Sí,Sí,8,cocina,—,Mantener; reforzar enlace a maestra de su familia,Baja
/calculadora-cafe-ratio-agua-gramos-metodo-preparacion,calculadora-cafe-ratio-agua-gramos-metodo-preparacion,Proporción Café/Agua por Método de Preparación,Calculadora de proporción café/agua según método de preparación,cocina,CalcLayoutV2 ([...slug].astro),proporción café agua,Conversión / cantidad de receta,(self),Sí,Sí,7,cocina,cafe-ratio,"Cluster ""cafe-ratio"" — enlazar a la maestra, evaluar canonical",Alta
/calculadora-conversion-cucharaditas-gramos-especias-sal,calculadora-conversion-cucharaditas-gramos-especias-sal,"Cucharaditas a gramos: tabla de especias, sal y azúcar | Hacé Cuentas","Convertir cucharaditas a gramos: sal, azúcar, harina y especias",cocina,CalcLayoutV2 ([...slug].astro),cucharaditas a gramos,Conversión / cantidad de receta,(self),Sí,Sí,7,cocina,—,Mantener; reforzar enlace a maestra de su familia,Baja
/calculadora-conversion-peso-volumen-ingredientes-cocina,calculadora-conversion-peso-volumen-ingredientes-cocina,Peso a Volumen: Ingredientes de Cocina | Hacé Cuentas,Conversión de peso a volumen para ingredientes de cocina,cocina,CalcLayoutV2 ([...slug].astro),conversion gramos tazas cocina,Conversión / cantidad de receta,(self),Sí,Sí,7,cocina,tazas-gramos,"Cluster ""tazas-gramos"" — enlazar a la maestra, evaluar canonical",Alta
/calculadora-equivalencia-huevos-tamano-gramos-claras,calculadora-equivalencia-huevos-tamano-gramos-claras,"Calculadora Huevos Tamaño a Gramos 2026 — Clara, Yema y Entero",Huevos tamaño gramos,cocina,CalcLayoutV2 ([...slug].astro),equivalencia huevos tamano gramos claras,Conversión / cantidad de receta,(self),Sí,Sí,7,cocina,—,Mantener; reforzar enlace a maestra de su familia,Baja
/calculadora-sustitucion-ingredientes-cocina,calculadora-sustitucion-ingredientes-cocina,Calculadora de sustitución de ingredientes 2026,Calculadora de sustitución de ingredientes,cocina,CalcLayoutV2 ([...slug].astro),sustitucion ingredientes cocina,Conversión / cantidad de receta,(self),Sí,Sí,7,cocina,—,Mantener; reforzar enlace a maestra de su familia,Baja
/calculadora-cafe-molido-taza-metodo-preparacion,calculadora-cafe-molido-taza-metodo-preparacion,Gramos de café por taza según el método: calculadora + tabla | Hacé Cuentas,¿Cuántos gramos de café por taza? Calculadora por método,cocina,CalcLayoutV2 ([...slug].astro),gramos de café por taza,Conversión / cantidad de receta,(self),Sí,Sí,6,cocina,cafe-ratio,"Cluster ""cafe-ratio"" — enlazar a la maestra, evaluar canonical",Alta
/calculadora-cafe-french-press-ratio,calculadora-cafe-french-press-ratio,French Press: ratio café-agua + tabla de cantidades | Hacé Cuentas,Calculadora French Press: gramos de café y agua según ratio,cocina,CalcLayoutV2 ([...slug].astro),french press ratio,Conversión / cantidad de receta,(self),Sí,Sí,6,cocina,cafe-ratio,"Cluster ""cafe-ratio"" — enlazar a la maestra, evaluar canonical",Alta
/calculadora-proporcion-cafe-agua-metodo-preparacion,calculadora-proporcion-cafe-agua-metodo-preparacion,Calculadora de proporción de café y agua 2026 | Hacé Cuentas,Calculadora de proporción de café y agua,cocina,CalcLayoutV2 ([...slug].astro),calculadora proporcion cafe,Conversión / cantidad de receta,(self),Sí,Sí,6,cocina,cafe-ratio,"Cluster ""cafe-ratio"" — enlazar a la maestra, evaluar canonical",Alta
/calculadora-daiquiri-clasico-personas,calculadora-daiquiri-clasico-personas,Daiquiri para varios: ingredientes exactos por persona + tabla | Hacé Cuentas,Calculadora de Daiquiri Clásico: ingredientes para N personas,cocina,CalcLayoutV2 ([...slug].astro),daiquiri receta para muchas personas,Conversión / cantidad de receta,(self),Sí,Sí,5,cocina,—,Mantener; reforzar enlace a maestra de su familia,Baja
/calculadora-tiempo-fermentacion-masa-temperatura,calculadora-tiempo-fermentacion-masa-temperatura,Tiempo de fermentación de masa según temperatura: calculadora + tabla | Hacé Cuentas,Calculadora de tiempo de fermentación de masa según temperatura,cocina,CalcLayoutV2 ([...slug].astro),tiempo fermentacion masa temperatura,Conversión / cantidad de receta,(self),Sí,Sí,4,cocina,—,Mantener; reforzar enlace a maestra de su familia,Baja
/calculadora-porcion-arroz-gramos-personas,calculadora-porcion-arroz-gramos-personas,Cuánto arroz por persona: gramos según comensales,Cuánto arroz por persona (gramos según comensales),cocina,CalcLayoutV2 ([...slug].astro),arroz por persona gramos,Conversión / cantidad de receta,(self),Sí,Sí,4,cocina,arroz-porcion,"Cluster ""arroz-porcion"" — enlazar a la maestra, evaluar canonical",Alta
/calculadora-porciones-arroz-por-persona-guarnicion,calculadora-porciones-arroz-por-persona-guarnicion,Arroz por persona guarnición: calculadora + tabla | Hacé Cuentas,¿Cuántos gramos de arroz por persona para guarnición?,cocina,CalcLayoutV2 ([...slug].astro),arroz por persona guarnicion gramos,Conversión / cantidad de receta,(self),Sí,Sí,4,cocina,arroz-porcion,"Cluster ""arroz-porcion"" — enlazar a la maestra, evaluar canonical",Alta
/calculadora-porciones-pasta-seca-persona-hambre,calculadora-porciones-pasta-seca-persona-hambre,Gramos de pasta seca por persona: calculadora + tabla | Hacé Cuentas,¿Cuántos gramos de pasta seca por persona?,cocina,CalcLayoutV2 ([...slug].astro),gramos de pasta seca por persona,Conversión / cantidad de receta,(self),Sí,Sí,4,cocina,—,Mantener; reforzar enlace a maestra de su familia,Baja
/calculadora-porciones-sushi-por-persona-promedio,calculadora-porciones-sushi-por-persona-promedio,Calculadora Sushi por persona 2026 — Porciones y rolls | Hacé Cuentas,Sushi por persona,cocina,CalcLayoutV2 ([...slug].astro),sushi por persona,Conversión / cantidad de receta,(self),Sí,Sí,4,cocina,sushi-porcion,"Cluster ""sushi-porcion"" — enlazar a la maestra, evaluar canonical",Alta
/calculadora-arroz-agua-proporcion-coccion,calculadora-arroz-agua-proporcion-coccion,Proporción Arroz-Agua y Tiempo de Cocción 2026,"Proporción de arroz, agua y tiempo de cocción por tipo",cocina,CalcLayoutV2 ([...slug].astro),cuanta agua por taza de arroz,Conversión / cantidad de receta,(self),Sí,Sí,2,cocina,—,Mantener; reforzar enlace a maestra de su familia,Baja
/calculadora-hidromiel-proporciones-miel-agua,calculadora-hidromiel-proporciones-miel-agua,Proporciones de Miel y Agua para Hidromiel 2026 | Hacé Cuentas,Proporciones de miel y agua para hidromiel casero,cocina,CalcLayoutV2 ([...slug].astro),hidromiel casero,Conversión / cantidad de receta,(self),Sí,Sí,2,cocina,—,Mantener; reforzar enlace a maestra de su familia,Baja
/calculadora-whisky-sour-proporciones,calculadora-whisky-sour-proporciones,Receta Whisky Sour para Varios: Cantidades por Persona 2026 | Hacé Cuentas,Whisky Sour para varios: calculá cantidades por persona,cocina,CalcLayoutV2 ([...slug].astro),Whisky Sour receta,Conversión / cantidad de receta,(self),Sí,Sí,2,cocina,—,Mantener; reforzar enlace a maestra de su familia,Baja
/calculadora-sustituto-huevo-vegano-receta,calculadora-sustituto-huevo-vegano-receta,Reemplazar Huevo en Recetas Veganas: calculadora + tabla | Hacé Cuentas,¿Cómo reemplazar huevo en una receta vegana? Calculadora + tabla,cocina,CalcLayoutV2 ([...slug].astro),reemplazar huevo receta vegana,Conversión / cantidad de receta,(self),Sí,Sí,1,cocina,—,Mantener; reforzar enlace a maestra de su familia,Baja
/conversor-tazas-gramos-cocina-recetas,conversor-tazas-gramos-cocina-recetas,Tazas a Gramos y Gramos a Tazas | Conversor de Cocina,Conversor de tazas a gramos y gramos a tazas,cocina,CalcLayoutV2 ([...slug].astro),conversor tazas a gramos,Conversión / cantidad de receta,/calculadora-conversion-medidas-cocina-tazas-gramos,Sí,No,1,cocina,tazas-gramos,Ya canonicalizada → calculadora-conversion-medidas-cocina-tazas-gramos (mantener),Baja
/calculadora-agua-pasta-litros-gramos,calculadora-agua-pasta-litros-gramos,Calculadora de agua para cocinar pasta 2026 | Hacé Cuentas,Calculadora de agua para cocinar pasta,cocina,CalcLayoutV2 ([...slug].astro),agua para pasta,Conversión / cantidad de receta,(self),Sí,Sí,0,cocina,—,HUÉRFANA — agregar enlaces internos (hub + relacionadas),Media-alta
/calculadora-kefir-leche-proporciones,calculadora-kefir-leche-proporciones,Calculadora Kefir Leche Proporciones 2026 | Hacé Cuentas,Proporciones de grano de kefir y leche para fermentación,cocina,CalcLayoutV2 ([...slug].astro),kefir leche receta,Conversión / cantidad de receta,(self),Sí,Sí,0,cocina,—,HUÉRFANA — agregar enlaces internos (hub + relacionadas),Media-alta
/calculadora-calorias-aproximadas-receta-plato,calculadora-calorias-aproximadas-receta-plato,Calculadora de calorías aproximadas de un plato 2026,Calculadora de calorías aproximadas de un plato,cocina,CalcLayoutV2 ([...slug].astro),calculadora calorias receta,Conversión / cantidad de receta,(self),Sí,Sí,0,cocina,—,HUÉRFANA — agregar enlaces internos (hub + relacionadas),Media-alta
/calculadora-conversion-cups-gramos-harina-azucar-aceite,calculadora-conversion-cups-gramos-harina-azucar-aceite,Calculadora Cups a gramos harina/azúcar/aceite 2026,Cups a gramos harina/azúcar/aceite,cocina,CalcLayoutV2 ([...slug].astro),cups a gramos harina/azúcar/aceite,Conversión / cantidad de receta,/calculadora-conversion-medidas-cocina-tazas-gramos,Sí,No,0,cocina,tazas-gramos,Ya canonicalizada → calculadora-conversion-medidas-cocina-tazas-gramos (mantener),Baja
/calculadora-costo-receta-precio-por-porcion,calculadora-costo-receta-precio-por-porcion,Calculadora de costo de receta por porción 2026,Calculadora de costo de receta por porción,cocina,CalcLayoutV2 ([...slug].astro),costo receta por porcion,Conversión / cantidad de receta,(self),Sí,Sí,0,cocina,—,HUÉRFANA — agregar enlaces internos (hub + relacionadas),Media-alta
/calculadora-kilos-chocolate-casero-bombones-receta,calculadora-kilos-chocolate-casero-bombones-receta,Calculadora de chocolate para bombones + tabla de moldes | Hacé Cuentas,Calculadora de chocolate para bombones caseros,cocina,CalcLayoutV2 ([...slug].astro),cuanto chocolate necesito para bombones,Conversión / cantidad de receta,(self),Sí,Sí,0,cocina,—,HUÉRFANA — agregar enlaces internos (hub + relacionadas),Media-alta
/calculadora-temperatura-interna-carne-punto-coccion,calculadora-temperatura-interna-carne-punto-coccion,Temperatura interna de la carne: punto de cocción 2026 | Hacé Cuentas,Temperatura interna de la carne según punto de cocción,cocina,CalcLayoutV2 ([...slug].astro),temperatura interna carne,Conversión / cantidad de receta,(self),Sí,Sí,0,cocina,—,HUÉRFANA — agregar enlaces internos (hub + relacionadas),Media-alta
/calculadora-tiempo-coccion-legumbres-remojo,calculadora-tiempo-coccion-legumbres-remojo,Calculadora de tiempo de cocción y remojo de legumbres,Calculadora de tiempo de cocción y remojo de legumbres,cocina,CalcLayoutV2 ([...slug].astro),tiempo coccion legumbres,Conversión / cantidad de receta,(self),Sí,Sí,0,cocina,—,HUÉRFANA — agregar enlaces internos (hub + relacionadas),Media-alta
/calculadora-tiempo-temperatura-coccion-carne,calculadora-tiempo-temperatura-coccion-carne,Tiempo de cocción por peso y punto 2026 — Gratis,Tiempo de cocción por peso y punto,cocina,CalcLayoutV2 ([...slug].astro),tiempo coccion carne al horno,Conversión / cantidad de receta,(self),Sí,Sí,0,cocina,—,HUÉRFANA — agregar enlaces internos (hub + relacionadas),Media-alta
/calculadora-tiempos-coccion-verduras-al-vapor-hervido,calculadora-tiempos-coccion-verduras-al-vapor-hervido,Tiempos de cocción de verduras al vapor y hervidas: tabla + calculadora | Hacé Cuentas,Tiempos de cocción de verduras al vapor y hervidas,cocina,CalcLayoutV2 ([...slug].astro),tiempos cocción verduras al vapor,Conversión / cantidad de receta,(self),Sí,Sí,0,cocina,—,HUÉRFANA — agregar enlaces internos (hub + relacionadas),Media-alta
/calculadora-ritmo-caminata-pasos-por-km,calculadora-ritmo-caminata-pasos-por-km,Calculadora de Ritmo de Caminata y Pasos por Km 2026,Calculadora de Ritmo de Caminata y Pasos por Km,deportes,CalcLayoutV2 ([...slug].astro),calculadora pasos por km,Actividad al aire libre,(self),Sí,Sí,0,deporte-aire-libre,—,HUÉRFANA — agregar enlaces internos (hub + relacionadas),Media
/calculadora-puzzle-1000-piezas-tiempo-promedio-dificultad,calculadora-puzzle-1000-piezas-tiempo-promedio-dificultad,Puzzle 1000 piezas: ¿cuánto tiempo tarda? + tabla por dificultad | Hacé Cuentas,¿Cuánto tiempo tarda un puzzle de 1000 piezas?,entretenimiento,CalcLayoutV2 ([...slug].astro),puzzle 1000 piezas tiempo,Ocio en casa (tiempo/cantidad),(self),Sí,Sí,8,entretenimiento,—,Mantener; reforzar enlace a maestra de su familia,Baja
/calculadora-anime-tiempo-bingear-temporadas-episodios-horas,calculadora-anime-tiempo-bingear-temporadas-episodios-horas,Calculadora Anime 2026: ¿Cuánto Tarda? Gratis Online,¿Cuántas horas necesitás para terminar un anime?,entretenimiento,CalcLayoutV2 ([...slug].astro),anime tiempo bingear temporadas,Ocio en casa (tiempo/cantidad),(self),Sí,Sí,7,entretenimiento,serie-maraton,"Cluster ""serie-maraton"" — enlazar a la maestra, evaluar canonical",Alta
/calculadora-horas-peliculas-serie-inmersion-idioma,calculadora-horas-peliculas-serie-inmersion-idioma,¿Cuántas horas de series equivalen a estudiar un idioma? 2026 | Hacé Cuentas,¿Cuántas horas de series equivalen a estudiar un idioma?,idiomas,CalcLayoutV2 ([...slug].astro),horas de series/películas/mes,Ocio en casa (tiempo/cantidad),(self),Sí,Sí,7,entretenimiento,serie-maraton,"Cluster ""serie-maraton"" — enlazar a la maestra, evaluar canonical",Alta
/calculadora-karaoke-canciones-por-hora,calculadora-karaoke-canciones-por-hora,Calculadora de Canciones de Karaoke por Hora 2026,Calculadora de Canciones de Karaoke por Hora,entretenimiento,CalcLayoutV2 ([...slug].astro),canciones karaoke hora,Ocio en casa (tiempo/cantidad),(self),Sí,Sí,7,entretenimiento,—,Mantener; reforzar enlace a maestra de su familia,Baja
/calculadora-lectura-velocidad-paginas-hora-wpm,calculadora-lectura-velocidad-paginas-hora-wpm,Calcular velocidad de lectura en WPM: calculadora + tabla | Hacé Cuentas,Calculadora de velocidad de lectura (WPM),educacion,CalcLayoutV2 ([...slug].astro),calcular velocidad de lectura,Ocio en casa (tiempo/cantidad),(self),Sí,Sí,7,entretenimiento,—,Mantener; reforzar enlace a maestra de su familia,Baja
/calculadora-maraton-serie-tiempo,calculadora-maraton-serie-tiempo,Calculadora de Maratón de Serie 2026 — Tiempo para Ver,Calculadora de Maratón de Serie — Tiempo para Ver Todo,entretenimiento,CalcLayoutV2 ([...slug].astro),cuanto dura ver serie completa,Ocio en casa (tiempo/cantidad),(self),Sí,Sí,7,entretenimiento,serie-maraton,"Cluster ""serie-maraton"" — enlazar a la maestra, evaluar canonical",Alta
/calculadora-playlist-duracion-canciones,calculadora-playlist-duracion-canciones,Cuánto Dura tu Playlist — Calculadora por Canciones,Calculadora de Duración de Playlist: cuánto dura tu lista de reproducción,entretenimiento,CalcLayoutV2 ([...slug].astro),cuanto dura una playlist,Ocio en casa (tiempo/cantidad),(self),Sí,Sí,7,entretenimiento,—,Mantener; reforzar enlace a maestra de su familia,Baja
/calculadora-tiempo-completar-juego-horas,calculadora-tiempo-completar-juego-horas,¿Cuánto tarda completar un juego? Calculadora + tabla | Hacé Cuentas,¿Cuánto tardás en completar un juego? Calculadora según tu ritmo,entretenimiento,CalcLayoutV2 ([...slug].astro),cuánto tarda completar un juego,Ocio en casa (tiempo/cantidad),(self),Sí,Sí,7,entretenimiento,—,Mantener; reforzar enlace a maestra de su familia,Baja
/calculadora-audible-ingreso-audiolibro,calculadora-audible-ingreso-audiolibro,Royalties Audible ACX 2026: Calculadora de Ganancias | Hacé Cuentas,¿Cuánto ganás con tu audiolibro en Audible? Calculá tus royalties ACX,marketing,CalcLayoutV2 ([...slug].astro),cuanto paga audible,Ocio en casa (tiempo/cantidad),(self),Sí,Sí,4,entretenimiento,—,Mantener; reforzar enlace a maestra de su familia,Baja
/calculadora-mundial-2026-costo-entrada-fase,calculadora-mundial-2026-costo-entrada-fase,Mundial 2026 Costo Entrada por Fase — Online,Mundial 2026 — Precio oficial de entradas por fase del torneo,deportes,CalcLayoutV2 ([...slug].astro),precio entradas mundial 2026,Ocio en casa (tiempo/cantidad),(self),Sí,Sí,3,entretenimiento,—,Mantener; reforzar enlace a maestra de su familia,Baja
/calculadora-plan-maraton-semanas-experiencia,calculadora-plan-maraton-semanas-experiencia,Plan de maratón: semanas según experiencia y meta 2026,Plan de maratón: semanas según experiencia y meta,deportes,CalcLayoutV2 ([...slug].astro),plan maraton,Ocio en casa (tiempo/cantidad),(self),Sí,Sí,3,entretenimiento,maraton-plan,"Cluster ""maraton-plan"" — enlazar a la maestra, evaluar canonical",Alta
/calculadora-hidrometro-correccion-temperatura,calculadora-hidrometro-correccion-temperatura,Calculadora Corrección Hidrómetro Temperatura 2026,Corrección de lectura del hidrómetro por temperatura,cocina,CalcLayoutV2 ([...slug].astro),hidrometro correccion temperatura,Ocio en casa (tiempo/cantidad),(self),Sí,Sí,2,entretenimiento,—,Mantener; reforzar enlace a maestra de su familia,Baja
/calculadora-ping-latencia-gaming-aceptable,calculadora-ping-latencia-gaming-aceptable,¿Es buen ping para gaming? Calculadora por tipo de juego | Hacé Cuentas,¿Es buen ping para gaming? Calculadora de latencia por tipo de juego,tecnologia,CalcLayoutV2 ([...slug].astro),ping aceptable gaming,Ocio en casa (tiempo/cantidad),(self),Sí,Sí,2,entretenimiento,—,Mantener; reforzar enlace a maestra de su familia,Baja
/calculadora-modelismo-pintura-figuras-tiempo-warhammer-citadel,calculadora-modelismo-pintura-figuras-tiempo-warhammer-citadel,¿Cuánto tarda pintar miniaturas Warhammer? Calculadora + tabla | Hacé Cuentas,Calculadora de tiempo para pintar miniaturas Warhammer y modelismo,entretenimiento,CalcLayoutV2 ([...slug].astro),cuánto tarda pintar miniaturas warhammer,Ocio en casa (tiempo/cantidad),(self),Sí,Sí,1,entretenimiento,—,Mantener; reforzar enlace a maestra de su familia,Baja
/calculadora-engagement-rate-instagram,calculadora-engagement-rate-instagram,Medir Engagement Instagram Online — Calculadora 2026,Medir Engagement de Instagram Online (Calculadora),entretenimiento,CalcLayoutV2 ([...slug].astro),engagement rate instagram formula,Ocio en casa (tiempo/cantidad),(self),Sí,Sí,1,entretenimiento,—,Mantener; reforzar enlace a maestra de su familia,Baja
/calculadora-fps-ideal-monitor-hz,calculadora-fps-ideal-monitor-hz,FPS ideal según Hz del monitor: calculadora + tabla | Hacé Cuentas,¿Cuántos FPS necesitás según los Hz de tu monitor?,entretenimiento,CalcLayoutV2 ([...slug].astro),fps ideal segun hz monitor,Ocio en casa (tiempo/cantidad),(self),Sí,Sí,1,entretenimiento,—,Mantener; reforzar enlace a maestra de su familia,Baja
/calculadora-afinacion-frecuencia-nota,calculadora-afinacion-frecuencia-nota,Frecuencia de Notas Musicales: calculadora + tabla Hz | Hacé Cuentas,Frecuencia de Notas Musicales en Hz — Calculadora y Tabla Completa,entretenimiento,CalcLayoutV2 ([...slug].astro),frecuencia notas musicales,Ocio en casa (tiempo/cantidad),(self),Sí,Sí,0,entretenimiento,—,HUÉRFANA — agregar enlaces internos (hub + relacionadas),Media
/calculadora-almacenamiento-juegos-gb,calculadora-almacenamiento-juegos-gb,Calculadora de Almacenamiento para Juegos (GB) 2026,Calculadora de Almacenamiento para Juegos (GB),entretenimiento,CalcLayoutV2 ([...slug].astro),almacenamiento juegos gb,Ocio en casa (tiempo/cantidad),(self),Sí,Sí,0,entretenimiento,—,HUÉRFANA — agregar enlaces internos (hub + relacionadas),Media
/calculadora-bpm-tempo-cancion,calculadora-bpm-tempo-cancion,Calculadora de BPM y Tempo 2026 — Beats por Minuto,Calculadora de BPM (Beats por Minuto) y Tempo,entretenimiento,CalcLayoutV2 ([...slug].astro),calculadora bpm,Ocio en casa (tiempo/cantidad),(self),Sí,Sí,0,entretenimiento,—,HUÉRFANA — agregar enlaces internos (hub + relacionadas),Media
/calculadora-fantasy-mundial-2026-mejor-once,calculadora-fantasy-mundial-2026-mejor-once,Fantasy Mundial 2026 — Mejor once torneo | Hacé Cuentas,Mejor once — Fantasy Mundial 2026 (torneo corto),deportes,CalcLayoutV2 ([...slug].astro),fantasy mundial 2026,Ocio en casa (tiempo/cantidad),(self),Sí,Sí,0,entretenimiento,—,HUÉRFANA — agregar enlaces internos (hub + relacionadas),Media
/calculadora-mundial-2026-botin-oro-goleador-estimador,calculadora-mundial-2026-botin-oro-goleador-estimador,Botín de Oro Mundial 2026 — Estimador goleador,Mundial 2026 — Estimador de Bota/Botín de Oro (goleador del torneo),deportes,CalcLayoutV2 ([...slug].astro),botin de oro mundial 2026,Ocio en casa (tiempo/cantidad),(self),Sí,Sí,0,entretenimiento,—,HUÉRFANA — agregar enlaces internos (hub + relacionadas),Media
/calculadora-regalias-spotify-por-pais-streams-dolares,calculadora-regalias-spotify-por-pais-streams-dolares,Regalías Spotify por País — Calculadora Streams 2026,Calculadora de Regalías Spotify por País (Streams a USD 2026),entretenimiento,CalcLayoutV2 ([...slug].astro),cuanto paga spotify por stream,Ocio en casa (tiempo/cantidad),(self),Sí,Sí,0,entretenimiento,—,HUÉRFANA — agregar enlaces internos (hub + relacionadas),Media
/calculadora-streamer-setup-presupuesto,calculadora-streamer-setup-presupuesto,¿Cuánto cuesta el setup streamer? Calculadora + desglose por nivel | Hacé Cuentas,Calculadora de presupuesto para setup de streaming,marketing,CalcLayoutV2 ([...slug].astro),cuanto cuesta setup streamer,Ocio en casa (tiempo/cantidad),(self),Sí,Sí,0,entretenimiento,—,HUÉRFANA — agregar enlaces internos (hub + relacionadas),Media
/calculadora-compas-tiempo-pulso,calculadora-compas-tiempo-pulso,"Calculadora de Compás, Tiempo y Pulso Musical 2026","Calculadora de Compás, Tiempo y Pulso Musical",entretenimiento,CalcLayoutV2 ([...slug].astro),duracion compas musical,Ocio en casa (tiempo/cantidad),(self),Sí,Sí,0,entretenimiento,—,HUÉRFANA — agregar enlaces internos (hub + relacionadas),Media
/calculadora-configuracion-pc-bottleneck,calculadora-configuracion-pc-bottleneck,Calculadora de Cuello de Botella (Bottleneck) PC 2026,Calculadora de Cuello de Botella (Bottleneck) PC,entretenimiento,CalcLayoutV2 ([...slug].astro),calculadora bottleneck,Ocio en casa (tiempo/cantidad),(self),Sí,Sí,0,entretenimiento,—,HUÉRFANA — agregar enlaces internos (hub + relacionadas),Media
/calculadora-consumo-datos-moviles-streaming,calculadora-consumo-datos-moviles-streaming,Consumo de Datos Móviles por Streaming 2026 | Hacé Cuentas,Consumo de Datos Móviles por Streaming 2026,tecnologia,CalcLayoutV2 ([...slug].astro),consumo datos moviles streaming,Ocio en casa (tiempo/cantidad),(self),Sí,Sí,0,entretenimiento,—,HUÉRFANA — agregar enlaces internos (hub + relacionadas),Media
/calculadora-costo-gaming-por-hora,calculadora-costo-gaming-por-hora,Costo por hora de gaming: calculadora + tabla comparativa | Hacé Cuentas,¿Cuánto cuesta el gaming por hora? Calculadora y comparativa,entretenimiento,CalcLayoutV2 ([...slug].astro),costo por hora gaming,Ocio en casa (tiempo/cantidad),(self),Sí,Sí,0,entretenimiento,—,HUÉRFANA — agregar enlaces internos (hub + relacionadas),Media
/calculadora-costo-suscripciones-mensual,calculadora-costo-suscripciones-mensual,Cuánto Gasto en Suscripciones por Mes 2026 | Hacé Cuentas,¿Cuánto Gastás en Suscripciones por Mes?,entretenimiento,CalcLayoutV2 ([...slug].astro),costo suscripciones mensual,Ocio en casa (tiempo/cantidad),(self),Sí,Sí,0,entretenimiento,—,HUÉRFANA — agregar enlaces internos (hub + relacionadas),Media
/calculadora-cpm-cpc-conversion-ads,calculadora-cpm-cpc-conversion-ads,"CPM, CPC y CPA: Calculadora de Métricas de Ads 2026 | Hacé Cuentas","CPM, CPC y CPA: Calculadora de Métricas de Ads",entretenimiento,CalcLayoutV2 ([...slug].astro),calculadora cpm cpc,Ocio en casa (tiempo/cantidad),(self),Sí,Sí,0,entretenimiento,—,HUÉRFANA — agregar enlaces internos (hub + relacionadas),Media
/calculadora-crecimiento-seguidores-proyeccion,calculadora-crecimiento-seguidores-proyeccion,Crecimiento de Cuenta: proyectá tus seguidores — Calculadora,Calculadora de proyección de crecimiento de seguidores,entretenimiento,CalcLayoutV2 ([...slug].astro),proyeccion seguidores,Ocio en casa (tiempo/cantidad),(self),Sí,Sí,0,entretenimiento,—,HUÉRFANA — agregar enlaces internos (hub + relacionadas),Media
/calculadora-cuerda-guitarra-tension,calculadora-cuerda-guitarra-tension,Tensión de cuerdas de guitarra: calculadora + tabla por calibre | Hacé Cuentas,Calculadora de tensión de cuerdas de guitarra (libras y kg),entretenimiento,CalcLayoutV2 ([...slug].astro),tension cuerdas guitarra,Ocio en casa (tiempo/cantidad),(self),Sí,Sí,0,entretenimiento,—,HUÉRFANA — agregar enlaces internos (hub + relacionadas),Media
/calculadora-decibelios-distancia-sonido,calculadora-decibelios-distancia-sonido,Calculadora de Decibelios a Distancia 2026 | Hacé Cuentas,Calculadora de Decibelios a Distancia,entretenimiento,CalcLayoutV2 ([...slug].astro),calculadora decibelios distancia,Ocio en casa (tiempo/cantidad),(self),Sí,Sí,0,entretenimiento,—,HUÉRFANA — agregar enlaces internos (hub + relacionadas),Media
/calculadora-delay-tiempo-ms-bpm,calculadora-delay-tiempo-ms-bpm,Delay en MS por BPM 2026 | Hacé Cuentas,Delay en MS por BPM,entretenimiento,CalcLayoutV2 ([...slug].astro),delay ms bpm,Ocio en casa (tiempo/cantidad),(self),Sí,Sí,0,entretenimiento,—,HUÉRFANA — agregar enlaces internos (hub + relacionadas),Media
/calculadora-descanso-post-maraton-regla-1-dia-km,calculadora-descanso-post-maraton-regla-1-dia-km,Días de descanso post maratón: calculadora + tabla | Hacé Cuentas,Calculadora de descanso post maratón (regla 1 día / 2 km),deportes,CalcLayoutV2 ([...slug].astro),días de descanso post maratón,Ocio en casa (tiempo/cantidad),(self),Sí,Sí,0,entretenimiento,—,HUÉRFANA — agregar enlaces internos (hub + relacionadas),Media
/calculadora-descanso-entre-series-gimnasio,calculadora-descanso-entre-series-gimnasio,Tiempo de Descanso entre Series 2026 | Hacé Cuentas,Tiempo de Descanso entre Series en el Gimnasio,deportes,CalcLayoutV2 ([...slug].astro),calculadora descanso entre series,Ocio en casa (tiempo/cantidad),(self),Sí,Sí,0,entretenimiento,—,HUÉRFANA — agregar enlaces internos (hub + relacionadas),Media
/calculadora-distancia-focal-equivalente,calculadora-distancia-focal-equivalente,Distancia Focal Equivalente (Crop Factor) | Hacé Cuentas,Calculadora de Distancia Focal Equivalente (Crop Factor),entretenimiento,CalcLayoutV2 ([...slug].astro),distancia focal equivalente,Ocio en casa (tiempo/cantidad),(self),Sí,Sí,0,entretenimiento,—,HUÉRFANA — agregar enlaces internos (hub + relacionadas),Media
/calculadora-energia-pc-gaming-costo-mes,calculadora-energia-pc-gaming-costo-mes,Calculadora de Consumo Eléctrico PC Gaming 2026,Calculadora de Consumo Eléctrico PC Gaming,entretenimiento,CalcLayoutV2 ([...slug].astro),consumo electrico pc gaming,Ocio en casa (tiempo/cantidad),(self),Sí,Sí,0,entretenimiento,—,HUÉRFANA — agregar enlaces internos (hub + relacionadas),Media
/calculadora-exposicion-triangulo,calculadora-exposicion-triangulo,Triángulo de Exposición Fotográfica 2026 | Hacé Cuentas,Triángulo de Exposición Fotográfica,entretenimiento,CalcLayoutV2 ([...slug].astro),triangulo exposicion,Ocio en casa (tiempo/cantidad),(self),Sí,Sí,0,entretenimiento,—,HUÉRFANA — agregar enlaces internos (hub + relacionadas),Media
/calculadora-filtro-nd-pasos-exposicion,calculadora-filtro-nd-pasos-exposicion,Calculadora de Filtro ND y Pasos de Exposición 2026,Calculadora de Filtro ND y Pasos de Exposición,entretenimiento,CalcLayoutV2 ([...slug].astro),calculadora filtro nd,Ocio en casa (tiempo/cantidad),(self),Sí,Sí,0,entretenimiento,—,HUÉRFANA — agregar enlaces internos (hub + relacionadas),Media
/calculadora-flash-numero-guia-distancia,calculadora-flash-numero-guia-distancia,Calculadora de Número Guía de Flash 2026 | Hacé Cuentas,Calculadora de Número Guía de Flash,entretenimiento,CalcLayoutV2 ([...slug].astro),numero guia flash,Ocio en casa (tiempo/cantidad),(self),Sí,Sí,0,entretenimiento,—,HUÉRFANA — agregar enlaces internos (hub + relacionadas),Media
/calculadora-gaming-fps-componentes-pc-armar-presupuesto,calculadora-gaming-fps-componentes-pc-armar-presupuesto,Calculadora PC gamer precio 2026 — Gratis | Hacé Cuentas,PC gamer precio,tecnologia,CalcLayoutV2 ([...slug].astro),calculadora pc gamer precio 2026,Ocio en casa (tiempo/cantidad),(self),Sí,Sí,0,entretenimiento,—,HUÉRFANA — agregar enlaces internos (hub + relacionadas),Media
/calculadora-hidratacion-corredor-maraton-carrera,calculadora-hidratacion-corredor-maraton-carrera,Cuánta agua tomar corriendo: calculadora + tabla | Hacé Cuentas,Calculadora de hidratación para corredores: agua y sodio por carrera,deportes,CalcLayoutV2 ([...slug].astro),cuánta agua tomar corriendo,Ocio en casa (tiempo/cantidad),(self),Sí,Sí,0,entretenimiento,—,HUÉRFANA — agregar enlaces internos (hub + relacionadas),Media
/calculadora-impedancia-circuito-rlc,calculadora-impedancia-circuito-rlc,Impedancia circuito RLC serie: calculadora + tabla | Hacé Cuentas,"Calculadora de impedancia RLC serie — Z, ángulo de fase y resonancia",electronica,CalcLayoutV2 ([...slug].astro),impedancia circuito rlc,Ocio en casa (tiempo/cantidad),(self),Sí,Sí,0,entretenimiento,—,HUÉRFANA — agregar enlaces internos (hub + relacionadas),Media
/calculadora-impresion-dpi-calidad,calculadora-impresion-dpi-calidad,DPI para Impresión: ¿Cuántos Necesito? | Hacé Cuentas,¿Cuántos DPI Necesito para Imprimir?,entretenimiento,CalcLayoutV2 ([...slug].astro),dpi impresion calidad,Ocio en casa (tiempo/cantidad),(self),Sí,Sí,0,entretenimiento,—,HUÉRFANA — agregar enlaces internos (hub + relacionadas),Media
/calculadora-influencer-tarifa-estimada,calculadora-influencer-tarifa-estimada,Calculadora de Tarifa Estimada de Influencer 2026,Calculadora de Tarifa Estimada de Influencer,entretenimiento,CalcLayoutV2 ([...slug].astro),tarifa influencer,Ocio en casa (tiempo/cantidad),(self),Sí,Sí,0,entretenimiento,—,HUÉRFANA — agregar enlaces internos (hub + relacionadas),Media
/calculadora-leer-rapido-palabras-por-minuto-tiempo-libro,calculadora-leer-rapido-palabras-por-minuto-tiempo-libro,Cuánto tardo en leer un libro según mi velocidad lectora (WPM) 2026 | Hacé Cuentas,¿Cuánto tardo en leer un libro según mi velocidad de lectura (WPM)?,educacion,CalcLayoutV2 ([...slug].astro),palabras por minuto lectura,Ocio en casa (tiempo/cantidad),(self),Sí,Sí,0,entretenimiento,—,HUÉRFANA — agregar enlaces internos (hub + relacionadas),Media
/calculadora-megapixeles-impresion-tamano,calculadora-megapixeles-impresion-tamano,Megapíxeles → Tamaño de Impresión: calculadora + tabla | Hacé Cuentas,Calculadora de Megapíxeles a Tamaño de Impresión,entretenimiento,CalcLayoutV2 ([...slug].astro),megapixeles impresion tamaño,Ocio en casa (tiempo/cantidad),(self),Sí,Sí,0,entretenimiento,—,HUÉRFANA — agregar enlaces internos (hub + relacionadas),Media
/calculadora-mejor-hora-publicar,calculadora-mejor-hora-publicar,Mejor hora para publicar en redes sociales: calculadora + tabla | Hacé Cuentas,Calculadora: mejor hora para publicar en redes sociales,entretenimiento,CalcLayoutV2 ([...slug].astro),mejor hora publicar instagram,Ocio en casa (tiempo/cantidad),(self),Sí,Sí,0,entretenimiento,—,HUÉRFANA — agregar enlaces internos (hub + relacionadas),Media
/calculadora-memoria-fotos-capacidad,calculadora-memoria-fotos-capacidad,Calculadora de Fotos que Entran en Tarjeta SD 2026,Calculadora de Fotos que Entran en Tarjeta SD,entretenimiento,CalcLayoutV2 ([...slug].astro),cuantas fotos tarjeta sd,Ocio en casa (tiempo/cantidad),(self),Sí,Sí,0,entretenimiento,—,HUÉRFANA — agregar enlaces internos (hub + relacionadas),Media
/calculadora-peliculas-sin-subtitulos-horas-idioma,calculadora-peliculas-sin-subtitulos-horas-idioma,Ver sin subtítulos: calculadora de horas según nivel + tabla | Hacé Cuentas,¿Cuántas horas hasta ver películas sin subtítulos?,idiomas,CalcLayoutV2 ([...slug].astro),cuántas horas para ver sin subtítulos,Ocio en casa (tiempo/cantidad),(self),Sí,Sí,0,entretenimiento,—,HUÉRFANA — agregar enlaces internos (hub + relacionadas),Media
/calculadora-ping-latencia-distancia,calculadora-ping-latencia-distancia,Ping y Latencia según Distancia al Servidor | Hacé Cuentas,Calculadora de Ping y Latencia según Distancia al Servidor,entretenimiento,CalcLayoutV2 ([...slug].astro),calculadora ping latencia,Ocio en casa (tiempo/cantidad),(self),Sí,Sí,0,entretenimiento,—,HUÉRFANA — agregar enlaces internos (hub + relacionadas),Media
/calculadora-plan-entrenamiento-21k-semi-maraton-semanas,calculadora-plan-entrenamiento-21k-semi-maraton-semanas,Plan entrenamiento 21K: ¿cuántas semanas? + tabla por nivel | Hacé Cuentas,Plan de entrenamiento para el 21K — ¿cuántas semanas necesitás según tu nivel?,deportes,CalcLayoutV2 ([...slug].astro),plan entrenamiento 21k,Ocio en casa (tiempo/cantidad),(self),Sí,Sí,0,entretenimiento,maraton-plan,"Posible dup cluster ""maraton-plan"" — evaluar canonical o mejor enlazado",Alta
/calculadora-plan-entrenamiento-maraton-42k-semanas,calculadora-plan-entrenamiento-maraton-42k-semanas,Calculadora Plan entrenamiento MARATON 42K 2026,Plan entrenamiento MARATON 42K,deportes,CalcLayoutV2 ([...slug].astro),plan entrenamiento maraton 42k,Ocio en casa (tiempo/cantidad),(self),Sí,Sí,0,entretenimiento,maraton-plan,"Posible dup cluster ""maraton-plan"" — evaluar canonical o mejor enlazado",Alta
/calculadora-price-to-book-ratio-valor-libros,calculadora-price-to-book-ratio-valor-libros,Price-to-Book Ratio (P/B) 2026 — Gratis | Hacé Cuentas,Price-to-Book Ratio (P/B),finanzas,CalcLayoutV2 ([...slug].astro),price to book ratio,Ocio en casa (tiempo/cantidad),(self),Sí,Sí,0,entretenimiento,—,HUÉRFANA — agregar enlaces internos (hub + relacionadas),Media
/calculadora-probabilidad-drop-loot,calculadora-probabilidad-drop-loot,Calculadora de Probabilidad de Drop y Loot 2026,Calculadora de Probabilidad de Drop y Loot,entretenimiento,CalcLayoutV2 ([...slug].astro),calculadora drop rate,Ocio en casa (tiempo/cantidad),(self),Sí,Sí,0,entretenimiento,—,HUÉRFANA — agregar enlaces internos (hub + relacionadas),Media
/calculadora-probabilidad-loteria-premio,calculadora-probabilidad-loteria-premio,"Probabilidad Lotería 2026: Quini, Loto, Powerball","Calculadora de probabilidad de ganar la lotería (Quini 6, Loto, EuroMillones)",entretenimiento,CalcLayoutV2 ([...slug].astro),probabilidad loteria,Ocio en casa (tiempo/cantidad),(self),Sí,Sí,0,entretenimiento,—,HUÉRFANA — agregar enlaces internos (hub + relacionadas),Media
/calculadora-rankeo-elo-puntos,calculadora-rankeo-elo-puntos,Calculadora de Puntos ELO después de Partida 2026,Calculadora de Puntos ELO después de Partida,entretenimiento,CalcLayoutV2 ([...slug].astro),calculadora elo,Ocio en casa (tiempo/cantidad),(self),Sí,Sí,0,entretenimiento,—,HUÉRFANA — agregar enlaces internos (hub + relacionadas),Media
/calculadora-resistencia-led-serie-paralelo,calculadora-resistencia-led-serie-paralelo,Calculadora Resistencia LED 2026 — Limitadora | Hacé Cuentas,Calculadora de resistencia limitadora para LED,electronica,CalcLayoutV2 ([...slug].astro),resistencia para led,Ocio en casa (tiempo/cantidad),(self),Sí,Sí,0,entretenimiento,—,HUÉRFANA — agregar enlaces internos (hub + relacionadas),Media
/calculadora-resistencia-paralelo-serie,calculadora-resistencia-paralelo-serie,Calculadora de resistencias en serie y paralelo 2026,Calculadora de resistencias en serie y paralelo,electronica,CalcLayoutV2 ([...slug].astro),resistencias en paralelo calculadora,Ocio en casa (tiempo/cantidad),(self),Sí,Sí,0,entretenimiento,—,HUÉRFANA — agregar enlaces internos (hub + relacionadas),Media
/calculadora-resolucion-pantalla-ppi,calculadora-resolucion-pantalla-ppi,PPI de Pantalla: Calculá la Densidad de Píxeles | Hacé Cuentas,PPI de Pantalla: Calculá la Densidad de Píxeles,entretenimiento,CalcLayoutV2 ([...slug].astro),calculadora ppi,Ocio en casa (tiempo/cantidad),(self),Sí,Sí,0,entretenimiento,—,HUÉRFANA — agregar enlaces internos (hub + relacionadas),Media
/calculadora-roi-publicidad-redes,calculadora-roi-publicidad-redes,ROI de Publicidad en Redes Sociales 2026 | Hacé Cuentas,ROI de Publicidad en Redes Sociales,entretenimiento,CalcLayoutV2 ([...slug].astro),roi publicidad redes,Ocio en casa (tiempo/cantidad),(self),Sí,Sí,0,entretenimiento,—,HUÉRFANA — agregar enlaces internos (hub + relacionadas),Media
/calculadora-sensibilidad-mouse-dpi-juego,calculadora-sensibilidad-mouse-dpi-juego,Calculadora de Sensibilidad de Mouse y DPI entre,Calculadora de Sensibilidad de Mouse y DPI entre Juegos,entretenimiento,CalcLayoutV2 ([...slug].astro),sensibilidad mouse,Ocio en casa (tiempo/cantidad),(self),Sí,Sí,0,entretenimiento,—,HUÉRFANA — agregar enlaces internos (hub + relacionadas),Media
/calculadora-stream-bitrate-calidad,calculadora-stream-bitrate-calidad,Calculadora de Bitrate Ideal para Streaming 2026,Calculadora de Bitrate Ideal para Streaming,entretenimiento,CalcLayoutV2 ([...slug].astro),bitrate streaming twitch,Ocio en casa (tiempo/cantidad),(self),Sí,Sí,0,entretenimiento,—,HUÉRFANA — agregar enlaces internos (hub + relacionadas),Media
/calculadora-tiempo-en-redes-sociales,calculadora-tiempo-en-redes-sociales,¿Cuánto tiempo pasás en redes sociales? Calculá tus horas 2026 | Hacé Cuentas,¿Cuánto tiempo pasás en redes sociales? Calculá tus horas al día y al año,entretenimiento,CalcLayoutV2 ([...slug].astro),tiempo en redes sociales,Ocio en casa (tiempo/cantidad),(self),Sí,Sí,0,entretenimiento,—,HUÉRFANA — agregar enlaces internos (hub + relacionadas),Media
/calculadora-tiempo-lectura-paginas-estudio,calculadora-tiempo-lectura-paginas-estudio,¿Cuánto tardo en leer? Calculadora por páginas + tabla | Hacé Cuentas,Calculadora de tiempo de lectura por páginas (con tabla de referencia),educacion,CalcLayoutV2 ([...slug].astro),cuanto tardo en leer,Ocio en casa (tiempo/cantidad),(self),Sí,Sí,0,entretenimiento,—,HUÉRFANA — agregar enlaces internos (hub + relacionadas),Media
/calculadora-tiempo-maraton-predictor,calculadora-tiempo-maraton-predictor,Calculadora de tiempo en maratón y media maratón 2026,Calculadora de tiempo en maratón y media maratón,deportes,CalcLayoutV2 ([...slug].astro),calculadora tiempo maraton,Ocio en casa (tiempo/cantidad),(self),Sí,Sí,0,entretenimiento,maraton-plan,"Posible dup cluster ""maraton-plan"" — evaluar canonical o mejor enlazado",Alta
/calculadora-time-lapse-duracion-fotos,calculadora-time-lapse-duracion-fotos,Time-Lapse: cuántas fotos necesitás y espacio en SD | Hacé Cuentas,"Time-Lapse: calculá fotos, duración e intervalo de disparo",entretenimiento,CalcLayoutV2 ([...slug].astro),calculadora time lapse,Ocio en casa (tiempo/cantidad),(self),Sí,Sí,0,entretenimiento,—,HUÉRFANA — agregar enlaces internos (hub + relacionadas),Media
/calculadora-transposicion-acordes,calculadora-transposicion-acordes,Transponer Acordes: calculadora + tabla de semitonos | Hacé Cuentas,Calculadora para Transponer Acordes,entretenimiento,CalcLayoutV2 ([...slug].astro),transponer acordes,Ocio en casa (tiempo/cantidad),(self),Sí,Sí,0,entretenimiento,—,HUÉRFANA — agregar enlaces internos (hub + relacionadas),Media
/calculadora-volumen-semanal-hipertrofia-musculo-series,calculadora-volumen-semanal-hipertrofia-musculo-series,Calculadora Volumen semanal hipertrofia 2026 | Hacé Cuentas,Volumen semanal hipertrofia,salud,CalcLayoutV2 ([...slug].astro),calculadora volumen semanal hipertrofia 2026,Ocio en casa (tiempo/cantidad),(self),Sí,Sí,0,entretenimiento,—,HUÉRFANA — agregar enlaces internos (hub + relacionadas),Media
/calculadora-cerveza-invitado-evento,calculadora-cerveza-invitado-evento,Cuántas Cervezas por Persona para una Fiesta — Calculadora,Cantidad de cerveza por invitado en evento,cocina,CalcLayoutV2 ([...slug].astro),cerveza por invitado,Planificación evento / presupuesto,(self),Sí,Sí,16,fiestas,—,Mantener; reforzar enlace a maestra de su familia,Baja
/calculadora-presupuesto-casamiento-por-invitado,calculadora-presupuesto-casamiento-por-invitado,Presupuesto de Casamiento por Invitado | Hacé Cuentas,Presupuesto de Casamiento por Invitado,vida,CalcLayoutV2 ([...slug].astro),presupuesto casamiento,Planificación evento / presupuesto,(self),Sí,Sí,16,fiestas,—,Mantener; reforzar enlace a maestra de su familia,Baja
/calculadora-meseros-necesarios-invitados,calculadora-meseros-necesarios-invitados,Calculadora de Meseros Necesarios por Invitados 2026,Calculadora de Meseros Necesarios por Invitados,vida,CalcLayoutV2 ([...slug].astro),mozos por invitado,Planificación evento / presupuesto,(self),Sí,Sí,14,fiestas,—,Mantener; reforzar enlace a maestra de su familia,Baja
/calculadora-presupuesto-cumple-15-quinceanera,calculadora-presupuesto-cumple-15-quinceanera,Presupuesto Cumple de 15 2026: Costo por Invitado | Hacé Cuentas,Presupuesto de Cumple de 15: ¿Cuánto cuesta por invitado?,vida,CalcLayoutV2 ([...slug].astro),presupuesto cumple de 15,Planificación evento / presupuesto,(self),Sí,Sí,12,fiestas,—,Mantener; reforzar enlace a maestra de su familia,Baja
/calculadora-presupuesto-graduacion,calculadora-presupuesto-graduacion,Presupuesto Fiesta de Graduación 2026 | Hacé Cuentas,Presupuesto Fiesta de Graduación 2026,vida,CalcLayoutV2 ([...slug].astro),presupuesto fiesta de graduación,Planificación evento / presupuesto,(self),Sí,Sí,12,fiestas,—,Mantener; reforzar enlace a maestra de su familia,Baja
/calculadora-costo-boda-argentina,calculadora-costo-boda-argentina,Calculadora de Costo de Boda en Argentina 2026,Calculadora de Costo de Boda en Argentina,vida,CalcLayoutV2 ([...slug].astro),costo boda argentina 2026,Planificación evento / presupuesto,(self),Sí,Sí,12,fiestas,—,Mantener; reforzar enlace a maestra de su familia,Baja
/calculadora-costo-fiesta-cumpleanos-infantil-invitados,calculadora-costo-fiesta-cumpleanos-infantil-invitados,Calculadora Fiesta infantil presupuesto 2026 | Hacé Cuentas,Fiesta infantil presupuesto,familia,CalcLayoutV2 ([...slug].astro),fiesta infantil presupuesto,Planificación evento / presupuesto,(self),Sí,Sí,12,fiestas,presupuesto-cumple,"Cluster ""presupuesto-cumple"" — enlazar a la maestra, evaluar canonical",Alta
/calculadora-cumpleanos-invitados-gastar-torta-regalos,calculadora-cumpleanos-invitados-gastar-torta-regalos,Cuánto gastar en un cumpleaños: calculadora + tabla 2026 | Hacé Cuentas,Cuánto gastar en un cumpleaños,vida,CalcLayoutV2 ([...slug].astro),cuanto gastar en un cumpleaños,Planificación evento / presupuesto,(self),Sí,Sí,12,fiestas,presupuesto-cumple,"Cluster ""presupuesto-cumple"" — enlazar a la maestra, evaluar canonical",Alta
/calculadora-presupuesto-cumpleanos,calculadora-presupuesto-cumpleanos,Calculadora de Presupuesto de Cumpleaños 2026 | Hacé Cuentas,Calculadora de Presupuesto de Cumpleaños,entretenimiento,CalcLayoutV2 ([...slug].astro),presupuesto cumpleaños,Planificación evento / presupuesto,(self),Sí,Sí,12,fiestas,presupuesto-cumple,CANDIDATA A HERRAMIENTA MAESTRA — ampliar,Alta
/calculadora-vino-por-invitado-horas-evento,calculadora-vino-por-invitado-horas-evento,Calculadora Vino por Invitado Evento 2026 | Hacé Cuentas,Cantidad de vino por invitado según horas de evento,cocina,CalcLayoutV2 ([...slug].astro),vino por invitado,Planificación evento / presupuesto,(self),Sí,Sí,11,fiestas,vino-evento,"Cluster ""vino-evento"" — enlazar a la maestra, evaluar canonical",Alta
/calculadora-agua-por-invitado-fiesta,calculadora-agua-por-invitado-fiesta,Calculadora Agua por Invitado en Fiesta 2026 — Gratis,Calculadora de Agua por Invitado en Fiesta,vida,CalcLayoutV2 ([...slug].astro),agua por invitado fiesta,Planificación evento / presupuesto,(self),Sí,Sí,10,fiestas,—,Mantener; reforzar enlace a maestra de su familia,Baja
/calculadora-torta-personas-kg-porciones,calculadora-torta-personas-kg-porciones,Torta por Personas: Cuántos Kg y Porciones Necesitás 2026 | Hacé Cuentas,Torta por Personas: Cuántos Kg y Porciones Necesitás,vida,CalcLayoutV2 ([...slug].astro),torta por persona,Planificación evento / presupuesto,(self),Sí,Sí,10,fiestas,torta,"Cluster ""torta"" — enlazar a la maestra, evaluar canonical",Alta
/calculadora-pizza-por-invitado-porciones,calculadora-pizza-por-invitado-porciones,Cuántas Pizzas por Invitado — Porciones por Tamaño,Calculadora de Pizza por Invitado - Porciones,vida,CalcLayoutV2 ([...slug].astro),pizza por persona,Planificación evento / presupuesto,(self),Sí,Sí,9,fiestas,pizza-cantidad,"Cluster ""pizza-cantidad"" — enlazar a la maestra, evaluar canonical",Alta
/calculadora-vajilla-alquiler-invitados,calculadora-vajilla-alquiler-invitados,Calculadora de Vajilla para Alquiler por Invitados 2026,Calculadora de Vajilla para Alquiler por Invitados,vida,CalcLayoutV2 ([...slug].astro),vajilla casamiento,Planificación evento / presupuesto,(self),Sí,Sí,9,fiestas,—,Mantener; reforzar enlace a maestra de su familia,Baja
/calculadora-vino-por-invitado-cena,calculadora-vino-por-invitado-cena,Calculadora de Vino por Invitado para Cena 2026,Calculadora de Vino por Invitado para Cena,vida,CalcLayoutV2 ([...slug].astro),vino por invitado,Planificación evento / presupuesto,(self),Sí,Sí,9,fiestas,vino-evento,"Cluster ""vino-evento"" — enlazar a la maestra, evaluar canonical",Alta
/calculadora-canape-por-invitado-coctel,calculadora-canape-por-invitado-coctel,Canapés por persona para cóctel: cuántos calcular 2026 | Hacé Cuentas,Canapés por persona para cóctel: cuántos calcular,vida,CalcLayoutV2 ([...slug].astro),canape por invitado,Planificación evento / presupuesto,(self),Sí,Sí,8,fiestas,—,Mantener; reforzar enlace a maestra de su familia,Baja
/calculadora-fernet-cola-por-invitado-juntada,calculadora-fernet-cola-por-invitado-juntada,Cuánto fernet comprar por persona: calculadora + tabla | Hacé Cuentas,Calculadora de fernet y Coca por invitado,vida,CalcLayoutV2 ([...slug].astro),cuánto fernet comprar por persona,Planificación evento / presupuesto,(self),Sí,Sí,8,fiestas,fernet,"Cluster ""fernet"" — enlazar a la maestra, evaluar canonical",Alta
/calculadora-gaseosa-por-invitado-cumple-infantil,calculadora-gaseosa-por-invitado-cumple-infantil,Calculadora de Gaseosa por Invitado en Cumple Infantil,Calculadora de Gaseosa por Invitado en Cumple Infantil,vida,CalcLayoutV2 ([...slug].astro),gaseosa por invitado,Planificación evento / presupuesto,(self),Sí,Sí,8,fiestas,—,Mantener; reforzar enlace a maestra de su familia,Baja
/calculadora-bebidas-evento-litros-por-persona,calculadora-bebidas-evento-litros-por-persona,"Calcular Bebida para Evento 2026: Litros por Persona (30, 50, 100)",Calculadora de bebidas para evento o fiesta,cocina,CalcLayoutV2 ([...slug].astro),bebidas por persona evento,Planificación evento / presupuesto,(self),Sí,Sí,7,fiestas,bebidas-evento,"Cluster ""bebidas-evento"" — enlazar a la maestra, evaluar canonical",Alta
/calculadora-fiambre-queso-por-invitado-picada,calculadora-fiambre-queso-por-invitado-picada,Fiambre y Queso por Invitado en Picada 2026 — Online,Calculadora de Fiambre y Queso por Invitado en Picada,vida,CalcLayoutV2 ([...slug].astro),picada por persona,Planificación evento / presupuesto,(self),Sí,Sí,7,fiestas,—,Mantener; reforzar enlace a maestra de su familia,Baja
/calculadora-whisky-por-invitado-evento,calculadora-whisky-por-invitado-evento,Cuántas Personas Rinde una Botella de Whisky — Evento,Calculadora de Whisky por Invitado para Evento,vida,CalcLayoutV2 ([...slug].astro),whisky por invitado,Planificación evento / presupuesto,(self),Sí,Sí,7,fiestas,—,Mantener; reforzar enlace a maestra de su familia,Baja
/calculadora-bocadillos-por-invitado-evento-coffee-break,calculadora-bocadillos-por-invitado-evento-coffee-break,Bocadillos por persona en coffee break: calculadora + tabla | Hacé Cuentas,¿Cuántos bocadillos por persona necesito para el coffee break?,cocina,CalcLayoutV2 ([...slug].astro),bocadillos por persona coffee break,Planificación evento / presupuesto,(self),Sí,Sí,6,fiestas,—,Mantener; reforzar enlace a maestra de su familia,Baja
/calculadora-helado-litros-por-evento-invitados-tipos,calculadora-helado-litros-por-evento-invitados-tipos,Calculadora de Helado para Eventos 2026 | Hacé Cuentas,¿Cuánto helado necesitás para tu evento?,cocina,CalcLayoutV2 ([...slug].astro),helado litros evento invitados,Planificación evento / presupuesto,(self),Sí,Sí,6,fiestas,—,Mantener; reforzar enlace a maestra de su familia,Baja
/calculadora-pisco-sour-receta,calculadora-pisco-sour-receta,Calculadora Pisco Sour Invitados 2026 — Gratis,Calculadora de Pisco Sour para invitados,cocina,CalcLayoutV2 ([...slug].astro),Pisco Sour receta,Planificación evento / presupuesto,(self),Sí,Sí,6,fiestas,—,Mantener; reforzar enlace a maestra de su familia,Baja
/calculadora-sushi-piezas-por-persona-evento-cumpleanos,calculadora-sushi-piezas-por-persona-evento-cumpleanos,Sushi por persona: ¿cuántas piezas pedir? + tabla | Hacé Cuentas,¿Cuántas piezas de sushi por persona? Calculadora para eventos,cocina,CalcLayoutV2 ([...slug].astro),cuantas piezas de sushi por persona,Planificación evento / presupuesto,(self),Sí,Sí,6,fiestas,sushi-porcion,"Cluster ""sushi-porcion"" — enlazar a la maestra, evaluar canonical",Alta
/calculadora-mundial-2026-descanso-entre-partidos,calculadora-mundial-2026-descanso-entre-partidos,Descanso entre Partidos — Mundial 2026: ¿Cumple las 48hs FIFA? | Hacé Cuentas,Calculadora de descanso entre partidos — Mundial 2026,deportes,CalcLayoutV2 ([...slug].astro),descanso entre partidos mundial 2026,Planificación evento / presupuesto,(self),Sí,Sí,5,fiestas,—,Mantener; reforzar enlace a maestra de su familia,Baja
/calculadora-levadura-fermentacion-pizza-pan,calculadora-levadura-fermentacion-pizza-pan,¿Cuánta levadura por kilo de harina? Calculadora + tabla | Hacé Cuentas,"Calculadora de levadura y tiempo de fermentación (pizza, pan y masa madre)",cocina,CalcLayoutV2 ([...slug].astro),cuanta levadura por kilo de harina,Planificación evento / presupuesto,(self),Sí,Sí,4,fiestas,—,Mantener; reforzar enlace a maestra de su familia,Baja
/calculadora-invitaciones-cumple-numero,calculadora-invitaciones-cumple-numero,Calculadora de Invitaciones 2026 — Cuántas Imprimir,Calculadora de Invitaciones por Cantidad de Invitados,vida,CalcLayoutV2 ([...slug].astro),invitaciones casamiento,Planificación evento / presupuesto,(self),Sí,Sí,3,fiestas,—,Mantener; reforzar enlace a maestra de su familia,Baja
/calculadora-aperol-spritz-proporciones,calculadora-aperol-spritz-proporciones,Calculadora Aperol Spritz Invitados 2026 | Hacé Cuentas,Calculadora de Aperol Spritz para invitados,cocina,CalcLayoutV2 ([...slug].astro),Aperol Spritz receta,Planificación evento / presupuesto,(self),Sí,Sí,2,fiestas,—,Mantener; reforzar enlace a maestra de su familia,Baja
/calculadora-cotillon-cumple-personas,calculadora-cotillon-cumple-personas,Cotillón por persona: cuánto comprar + tabla | Hacé Cuentas,¿Cuánto cotillón por persona? Calculadora + tabla por evento,vida,CalcLayoutV2 ([...slug].astro),cuanto cotillon por persona,Planificación evento / presupuesto,(self),Sí,Sí,2,fiestas,—,Mantener; reforzar enlace a maestra de su familia,Baja
/calculadora-gin-tonic-proporciones,calculadora-gin-tonic-proporciones,Calculadora Gin Tonic Invitados 2026 — Gratis Online,Calculadora de Gin Tonic para invitados,cocina,CalcLayoutV2 ([...slug].astro),Gin Tonic receta,Planificación evento / presupuesto,(self),Sí,Sí,2,fiestas,—,Mantener; reforzar enlace a maestra de su familia,Baja
/calculadora-mojito-cubano-ingredientes,calculadora-mojito-cubano-ingredientes,Calculadora Mojito Cubano Invitados 2026 | Hacé Cuentas,Calculadora de Mojito Cubano para invitados,cocina,CalcLayoutV2 ([...slug].astro),Mojito receta,Planificación evento / presupuesto,(self),Sí,Sí,2,fiestas,—,Mantener; reforzar enlace a maestra de su familia,Baja
/calculadora-rendimiento-masa-empanadas-cantidad,calculadora-rendimiento-masa-empanadas-cantidad,Cuántas Empanadas Salen por Kilo de Masa 2026: Calculadora,Calculadora de rendimiento de masa para empanadas,cocina,CalcLayoutV2 ([...slug].astro),masa empanadas cantidad,Planificación evento / presupuesto,(self),Sí,Sí,2,fiestas,—,Mantener; reforzar enlace a maestra de su familia,Baja
/calculadora-fernet-cola-proporciones,calculadora-fernet-cola-proporciones,Calculadora Fernet con Cola Invitados 2026 | Hacé Cuentas,Calculadora de Fernet con Cola para invitados,cocina,CalcLayoutV2 ([...slug].astro),Fernet con Cola receta,Planificación evento / presupuesto,(self),Sí,Sí,1,fiestas,fernet,"Cluster ""fernet"" — enlazar a la maestra, evaluar canonical",Alta
/calculadora-regalo-boda-apropiado-invitado,calculadora-regalo-boda-apropiado-invitado,Calculadora de Regalo de Boda Apropiado por Invitado,Calculadora de Regalo de Boda Apropiado por Invitado,vida,CalcLayoutV2 ([...slug].astro),regalo casamiento,Planificación evento / presupuesto,(self),Sí,Sí,1,fiestas,—,Mantener; reforzar enlace a maestra de su familia,Baja
/calculadora-regalos-invitado-souvenir,calculadora-regalos-invitado-souvenir,Souvenirs por Invitado: Cuántos Comprar y Cuánto Gastar | Hacé Cuentas,Souvenirs por Invitado: Cuántos Comprar y Cuánto Gastar,vida,CalcLayoutV2 ([...slug].astro),souvenirs casamiento,Planificación evento / presupuesto,(self),Sí,Sí,1,fiestas,—,Mantener; reforzar enlace a maestra de su familia,Baja
/calculadora-sillas-mesas-invitados,calculadora-sillas-mesas-invitados,¿Cuántas mesas y sillas para invitados? Calculadora + tabla | Hacé Cuentas,Calculadora de Mesas y Sillas por Invitados,vida,CalcLayoutV2 ([...slug].astro),cuántas mesas para mis invitados,Planificación evento / presupuesto,(self),Sí,Sí,1,fiestas,—,Mantener; reforzar enlace a maestra de su familia,Baja
/calculadora-masa-pizza-ingredientes-porciones,calculadora-masa-pizza-ingredientes-porciones,Calculadora de masa de pizza 2026 — Gratis | Hacé Cuentas,Calculadora de masa de pizza,cocina,CalcLayoutV2 ([...slug].astro),calculadora masa pizza,Planificación evento / presupuesto,(self),Sí,Sí,1,fiestas,pizza-masa,"Cluster ""pizza-masa"" — enlazar a la maestra, evaluar canonical",Alta
/calculadora-sushi-por-invitado-cena,calculadora-sushi-por-invitado-cena,¿Cuánto Sushi Pedir por Persona para una Cena? | Hacé Cuentas,¿Cuánto Sushi Pedir por Persona para una Cena?,vida,CalcLayoutV2 ([...slug].astro),sushi por invitado,Planificación evento / presupuesto,(self),Sí,Sí,0,fiestas,sushi-porcion,"Posible dup cluster ""sushi-porcion"" — evaluar canonical o mejor enlazado",Alta
/calculadora-cantidad-pizzas-por-invitados-pizzeria,calculadora-cantidad-pizzas-por-invitados-pizzeria,Calculadora Pizzas por Invitados 2026 — ¿Cuántas pizzas pedir?,Pizzas por cantidad de invitados,cocina,CalcLayoutV2 ([...slug].astro),calculadora pizzas por invitados,Planificación evento / presupuesto,/calculadora-pizza-por-invitado-porciones,Sí,No,0,fiestas,pizza-cantidad,Ya canonicalizada → calculadora-pizza-por-invitado-porciones (mantener),Baja
/calculadora-fecha-boda-ideal,calculadora-fecha-boda-ideal,Calculadora de Fecha Ideal para Casarse 2026 | Hacé Cuentas,Calculadora de Fecha Ideal para tu Boda 2026,vida,CalcLayoutV2 ([...slug].astro),fecha ideal boda 2026,Planificación evento / presupuesto,(self),Sí,Sí,0,fiestas,—,HUÉRFANA — agregar enlaces internos (hub + relacionadas),Media-alta
/calculadora-masa-pizza-casera-gramos-invitados,calculadora-masa-pizza-casera-gramos-invitados,Masa de pizza casera: cuánta harina y agua por persona + tabla | Hacé Cuentas,Calculadora de masa pizza casera: gramos por invitado,cocina,CalcLayoutV2 ([...slug].astro),masa pizza casera gramos por persona,Planificación evento / presupuesto,/calculadora-masa-pizza-ingredientes-porciones,Sí,No,0,fiestas,pizza-masa,Ya canonicalizada → calculadora-masa-pizza-ingredientes-porciones (mantener),Baja
/calculadora-porciones-torta-cumpleanos-invitados-tamano,calculadora-porciones-torta-cumpleanos-invitados-tamano,Calculadora Porciones de Torta por Tamaño y Molde 2026 | Hacé Cuentas,Calculadora de porciones de torta por tamaño,cocina,CalcLayoutV2 ([...slug].astro),calculadora porciones torta,Planificación evento / presupuesto,/calculadora-torta-personas-kg-porciones,Sí,No,0,fiestas,torta,Ya canonicalizada → calculadora-torta-personas-kg-porciones (mantener),Baja
/calculadora-porciones-torta-tamano-molde,calculadora-porciones-torta-tamano-molde,Calculadora de porciones de torta según molde 2026,Calculadora de porciones de torta según molde,cocina,CalcLayoutV2 ([...slug].astro),calculadora porciones torta,Planificación evento / presupuesto,(self),Sí,Sí,0,fiestas,torta,"Posible dup cluster ""torta"" — evaluar canonical o mejor enlazado",Alta
/calculadora-proximo-cumpleanos,calculadora-proximo-cumpleanos,Calculadora Próximo Cumpleaños 2026 — Gratis | Hacé Cuentas,Calculadora de Cuánto Falta para tu Próximo Cumpleaños,vida,CalcLayoutV2 ([...slug].astro),proximo cumpleaños,Planificación evento / presupuesto,(self),Sí,Sí,0,fiestas,—,HUÉRFANA — agregar enlaces internos (hub + relacionadas),Media-alta
/calculadora-madera-necesaria-mueble,calculadora-madera-necesaria-mueble,Calculadora de madera necesaria para un mueble 2026,Calculadora de madera necesaria para un mueble,construccion,CalcLayoutV2 ([...slug].astro),calculadora madera mueble,Proyecto DIY (materiales/costo),(self),Sí,Sí,14,hogar,—,CANDIDATA A HERRAMIENTA MAESTRA — ampliar,Baja
/calculadora-cesped-semillas-kg-m2,calculadora-cesped-semillas-kg-m2,Calculadora de Semillas de Césped 2026 — Kg por m²,Calculadora de kg de semillas para césped nuevo,jardineria,CalcLayoutV2 ([...slug].astro),semillas césped kg m2,Proyecto DIY (materiales/costo),(self),Sí,Sí,10,hogar,cesped-semilla,"Cluster ""cesped-semilla"" — enlazar a la maestra, evaluar canonical",Alta
/calculadora-distancia-entre-plantas-espaciado,calculadora-distancia-entre-plantas-espaciado,Cuántas Plantas Caben por m² — Distancia de Siembra,Calculadora de distancia entre plantas según especie,jardineria,CalcLayoutV2 ([...slug].astro),distancia entre plantas,Proyecto DIY (materiales/costo),(self),Sí,Sí,10,hogar,—,Mantener; reforzar enlace a maestra de su familia,Baja
/calculadora-azulejos-baldosas-metros-cuadrados-cantidad,calculadora-azulejos-baldosas-metros-cuadrados-cantidad,Calculadora Azulejos m² cantidad cajas 2026 | Hacé Cuentas,Azulejos m² cantidad cajas,construccion,CalcLayoutV2 ([...slug].astro),azulejos baldosas metros cuadrados cantidad,Proyecto DIY (materiales/costo),(self),Sí,Sí,9,hogar,pisos-ceramica,"Cluster ""pisos-ceramica"" — enlazar a la maestra, evaluar canonical",Alta
/calculadora-calendario-siembra-hemisferio-norte,calculadora-calendario-siembra-hemisferio-norte,Calculadora Calendario siembra Norte (MX/US/ES) 2026,Calendario siembra Norte (MX/US/ES),jardineria,CalcLayoutV2 ([...slug].astro),calendario siembra norte (mx/us/es),Proyecto DIY (materiales/costo),(self),Sí,Sí,9,hogar,siembra-cal,"Cluster ""siembra-cal"" — enlazar a la maestra, evaluar canonical",Alta
/calculadora-calendario-siembra-hemisferio-sur,calculadora-calendario-siembra-hemisferio-sur,Calculadora Calendario siembra Sur (AR/Chile/Uru) 2026,Calendario siembra Sur (AR/Chile/Uru),jardineria,CalcLayoutV2 ([...slug].astro),calendario siembra hemisferio sur,Proyecto DIY (materiales/costo),(self),Sí,Sí,9,hogar,siembra-cal,"Cluster ""siembra-cal"" — enlazar a la maestra, evaluar canonical",Alta
/calculadora-cosecha-esperada-huerta-kg,calculadora-cosecha-esperada-huerta-kg,Cosecha esperada por cultivo y m² de huerta 2026 | Hacé Cuentas,Cosecha esperada por cultivo y m² de huerta,jardineria,CalcLayoutV2 ([...slug].astro),cosecha esperada huerta kg,Proyecto DIY (materiales/costo),(self),Sí,Sí,9,hogar,—,Mantener; reforzar enlace a maestra de su familia,Baja
/calculadora-pasto-semilla-kg-m2-cesped-sembrar,calculadora-pasto-semilla-kg-m2-cesped-sembrar,Calculadora de Semilla de Pasto por m² — Cuántos kg Necesitás,Calculadora de semilla de pasto por m²,construccion,CalcLayoutV2 ([...slug].astro),calculadora semilla pasto por m2,Proyecto DIY (materiales/costo),(self),Sí,Sí,9,hogar,cesped-semilla,"Cluster ""cesped-semilla"" — enlazar a la maestra, evaluar canonical",Alta
/calculadora-semillas-por-m2-huerta,calculadora-semillas-por-m2-huerta,Calculadora Semillas por m² de huerta 2026 | Hacé Cuentas,Semillas por m² de huerta,jardineria,CalcLayoutV2 ([...slug].astro),semillas por m2 huerta,Proyecto DIY (materiales/costo),(self),Sí,Sí,9,hogar,—,Mantener; reforzar enlace a maestra de su familia,Baja
/calculadora-siembra-calendario-argentina-zona,calculadora-siembra-calendario-argentina-zona,Calendario de Siembra Argentina: Zona y Mes | Hacé Cuentas,Calendario de siembra en Argentina: qué sembrar según zona y mes,jardineria,CalcLayoutV2 ([...slug].astro),calendario siembra argentina,Proyecto DIY (materiales/costo),(self),Sí,Sí,9,hogar,siembra-cal,"Cluster ""siembra-cal"" — enlazar a la maestra, evaluar canonical",Alta
/calculadora-riego-goteo-litros-hora-planta,calculadora-riego-goteo-litros-hora-planta,Calculadora de riego por goteo: litros por hora,Calculadora de riego por goteo: litros por hora según tipo de planta,jardineria,CalcLayoutV2 ([...slug].astro),riego por goteo,Proyecto DIY (materiales/costo),(self),Sí,Sí,8,hogar,—,Mantener; reforzar enlace a maestra de su familia,Baja
/calculadora-ceramicos-m2-cajas,calculadora-ceramicos-m2-cajas,Calculadora Cerámicos cajas por m² +descarte 2026,Cerámicos cajas por m² +descarte,construccion,CalcLayoutV2 ([...slug].astro),cerámicos cajas por m² +descarte,Proyecto DIY (materiales/costo),(self),Sí,Sí,7,hogar,pisos-ceramica,"Cluster ""pisos-ceramica"" — enlazar a la maestra, evaluar canonical",Alta
/calculadora-deck-madera-tablas-tornillos,calculadora-deck-madera-tablas-tornillos,Calculadora de Deck de Madera 2026 — Gratis | Hacé Cuentas,Calculadora de Deck de Madera,construccion,CalcLayoutV2 ([...slug].astro),calculadora deck madera,Proyecto DIY (materiales/costo),(self),Sí,Sí,7,hogar,—,Mantener; reforzar enlace a maestra de su familia,Baja
/calculadora-piso-flotante-m2-tablas,calculadora-piso-flotante-m2-tablas,Calculadora de Piso Flotante por m² 2026 | Hacé Cuentas,Calculadora de Piso Flotante por m²,construccion,CalcLayoutV2 ([...slug].astro),piso flotante por m2,Proyecto DIY (materiales/costo),(self),Sí,Sí,7,hogar,pisos-ceramica,"Cluster ""pisos-ceramica"" — enlazar a la maestra, evaluar canonical",Alta
/calculadora-pisos-ceramicos-porcellanato-cajas,calculadora-pisos-ceramicos-porcellanato-cajas,Calculadora de Pisos Cerámicos y Porcellanato 2026,¿Cuántas cajas de cerámico o porcellanato necesito?,construccion,CalcLayoutV2 ([...slug].astro),cuantas cajas de ceramico necesito,Proyecto DIY (materiales/costo),(self),Sí,Sí,7,hogar,pisos-ceramica,"Cluster ""pisos-ceramica"" — enlazar a la maestra, evaluar canonical",Alta
/calculadora-zocalo-metros-lineal,calculadora-zocalo-metros-lineal,Calculadora Zócalo — metros lineales 2026 | Hacé Cuentas,Zócalo — metros lineales,construccion,CalcLayoutV2 ([...slug].astro),zócalo — metros lineales,Proyecto DIY (materiales/costo),(self),Sí,Sí,7,hogar,—,Mantener; reforzar enlace a maestra de su familia,Baja
/calculadora-costo-mensual-pileta,calculadora-costo-mensual-pileta,"Costo mensual de una pileta: agua, luz y químicos 2026 | Hacé Cuentas",¿Cuánto cuesta mantener una pileta por mes?,hogar,CalcLayoutV2 ([...slug].astro),costo mensual pileta,Proyecto DIY (materiales/costo),(self),Sí,Sí,5,hogar,pileta-mant,"Cluster ""pileta-mant"" — enlazar a la maestra, evaluar canonical",Alta
/calculadora-m2-pared-descontando-aberturas-pintura,calculadora-m2-pared-descontando-aberturas-pintura,Calcular m² de pared descontando aberturas: calculadora + tabla | Hacé Cuentas,"Calculadora de m² de pared netos descontando ventanas, puertas y huecos",construccion,CalcLayoutV2 ([...slug].astro),calcular m2 pared para pintar,Proyecto DIY (materiales/costo),(self),Sí,Sí,4,hogar,pintura,"Cluster ""pintura"" — enlazar a la maestra, evaluar canonical",Alta
/calculadora-conversor-litros-pintura-por-metro-cuadrado,calculadora-conversor-litros-pintura-por-metro-cuadrado,Conversor de metros cuadrados a litros de pintura 2026,Conversor de metros cuadrados a litros de pintura,construccion,CalcLayoutV2 ([...slug].astro),conversor pintura metros cuadrados,Proyecto DIY (materiales/costo),(self),Sí,Sí,4,hogar,pintura,"Cluster ""pintura"" — enlazar a la maestra, evaluar canonical",Alta
/calculadora-rollos-empapelado-papel-pared,calculadora-rollos-empapelado-papel-pared,Cuántos rollos de empapelado necesito 2026 | Hacé Cuentas,Calculadora de rollos de empapelado (papel pintado),hogar,CalcLayoutV2 ([...slug].astro),cuantos rollos de empapelado necesito,Proyecto DIY (materiales/costo),(self),Sí,Sí,3,hogar,—,Mantener; reforzar enlace a maestra de su familia,Baja
/calculadora-pileta-natacion-litros-m3,calculadora-pileta-natacion-litros-m3,Calculadora de Volumen de Pileta 2026 — Gratis,Calculadora de Volumen de Pileta,construccion,CalcLayoutV2 ([...slug].astro),litros pileta natacion,Proyecto DIY (materiales/costo),(self),Sí,Sí,3,hogar,pileta-mant,"Cluster ""pileta-mant"" — enlazar a la maestra, evaluar canonical",Alta
/calculadora-pintura-por-m2-litros-latas,calculadora-pintura-por-m2-litros-latas,Calculadora de pintura por m² 2026: litros y latas,¿Cuántos litros de pintura necesito?,construccion,CalcLayoutV2 ([...slug].astro),calculadora pintura m2,Proyecto DIY (materiales/costo),(self),Sí,Sí,3,hogar,pintura,CANDIDATA A HERRAMIENTA MAESTRA — ampliar,Alta
/calculadora-metros-cuadrados-terreno-irregular-poligono,calculadora-metros-cuadrados-terreno-irregular-poligono,Metros cuadrados terreno irregular polígono — | Hacé Cuentas,Metros cuadrados de terreno irregular (polígono 3-8 lados),construccion,CalcLayoutV2 ([...slug].astro),metros cuadrados terreno irregular,Proyecto DIY (materiales/costo),(self),Sí,Sí,2,hogar,—,Mantener; reforzar enlace a maestra de su familia,Baja
/calculadora-agua-riego-plantas-dia,calculadora-agua-riego-plantas-dia,Calculadora Agua de riego por planta/día 2026 | Hacé Cuentas,Agua de riego por planta/día,jardineria,CalcLayoutV2 ([...slug].astro),calculadora agua de riego por planta/día 2026,Proyecto DIY (materiales/costo),(self),Sí,Sí,1,hogar,—,Mantener; reforzar enlace a maestra de su familia,Baja
/calculadora-jardin-vertical-plantas-m2,calculadora-jardin-vertical-plantas-m2,Plantas por m² para Jardín Vertical 2026 — Calculadora | Hacé Cuentas,¿Cuántas plantas necesitás para tu jardín vertical?,jardineria,CalcLayoutV2 ([...slug].astro),jardín vertical plantas m2,Proyecto DIY (materiales/costo),(self),Sí,Sí,1,hogar,—,Mantener; reforzar enlace a maestra de su familia,Baja
/calculadora-agua-jardin-consumo-mensual-m2,calculadora-agua-jardin-consumo-mensual-m2,Consumo de Agua Mensual para Riego de Jardín | Hacé Cuentas,Calculadora de consumo de agua mensual para riego de jardín,jardineria,CalcLayoutV2 ([...slug].astro),agua jardín mensual,Proyecto DIY (materiales/costo),(self),Sí,Sí,0,hogar,—,HUÉRFANA — agregar enlaces internos (hub + relacionadas),Media-alta
/calculadora-alambre-cerco-perimetral-metros,calculadora-alambre-cerco-perimetral-metros,Calculadora de Alambre para Cerco Perimetral 2026,Calculadora de Alambre para Cerco Perimetral,construccion,CalcLayoutV2 ([...slug].astro),alambre cerco perimetral metros,Proyecto DIY (materiales/costo),(self),Sí,Sí,0,hogar,—,HUÉRFANA — agregar enlaces internos (hub + relacionadas),Media-alta
/calculadora-costo-cesped-sintetico-m2,calculadora-costo-cesped-sintetico-m2,Costo de césped sintético por m² 2026 | Hacé Cuentas,Calculadora de costo de césped sintético por m²,jardineria,CalcLayoutV2 ([...slug].astro),costo cesped sintetico m2,Proyecto DIY (materiales/costo),(self),Sí,Sí,0,hogar,—,HUÉRFANA — agregar enlaces internos (hub + relacionadas),Media-alta
/calculadora-metros-cuadrados-vivienda-por-persona,calculadora-metros-cuadrados-vivienda-por-persona,Metros cuadrados por persona en una vivienda 2026 | Hacé Cuentas,¿Cuántos metros cuadrados por persona necesita una vivienda?,hogar,CalcLayoutV2 ([...slug].astro),metros cuadrados por persona,Proyecto DIY (materiales/costo),(self),Sí,Sí,0,hogar,—,HUÉRFANA — agregar enlaces internos (hub + relacionadas),Media-alta
/calculadora-caldera-potencia-kw-ambiente-metros,calculadora-caldera-potencia-kw-ambiente-metros,Calcular kW de Caldera por Ambiente: fórmula + tabla | Hacé Cuentas,¿Cuántos kW necesita tu caldera por ambiente? Calculadora,construccion,CalcLayoutV2 ([...slug].astro),calcular kw caldera por ambiente,Proyecto DIY (materiales/costo),(self),Sí,Sí,0,hogar,—,HUÉRFANA — agregar enlaces internos (hub + relacionadas),Media-alta
/calculadora-cantidad-plantas-seto-metros,calculadora-cantidad-plantas-seto-metros,Cuántas plantas necesito para un seto | Hacé Cuentas,¿Cuántas plantas necesito para un seto?,jardineria,CalcLayoutV2 ([...slug].astro),cantidad plantas seto metros,Proyecto DIY (materiales/costo),(self),Sí,Sí,0,hogar,—,HUÉRFANA — agregar enlaces internos (hub + relacionadas),Media-alta
/calculadora-conversor-bolsas-cemento-por-metro-cubico,calculadora-conversor-bolsas-cemento-por-metro-cubico,Cuántas Bolsas de Cemento por m³ — Conversor + Tabla,Conversor de metros cúbicos a bolsas de cemento,construccion,CalcLayoutV2 ([...slug].astro),calculadora conversor bolsas cemento metro,Proyecto DIY (materiales/costo),(self),Sí,Sí,0,hogar,—,HUÉRFANA — agregar enlaces internos (hub + relacionadas),Media-alta
/calculadora-conversor-metros-lineales-a-metros-cuadrados,calculadora-conversor-metros-lineales-a-metros-cuadrados,Metros Lineales a Metros Cuadrados: Calculadora + Tabla 2026,Conversor de metros lineales a metros cuadrados,construccion,CalcLayoutV2 ([...slug].astro),conversor de metros lineales a metros cuadrados,Proyecto DIY (materiales/costo),(self),Sí,Sí,0,hogar,—,HUÉRFANA — agregar enlaces internos (hub + relacionadas),Media-alta
/calculadora-conversor-pie-tabla-a-metro-cubico,calculadora-conversor-pie-tabla-a-metro-cubico,Conversor de pies tabla a metros cúbicos 2026 | Hacé Cuentas,Conversor de pies tabla a metros cúbicos,construccion,CalcLayoutV2 ([...slug].astro),conversor pie tabla a metro cubico,Proyecto DIY (materiales/costo),(self),Sí,Sí,0,hogar,—,HUÉRFANA — agregar enlaces internos (hub + relacionadas),Media-alta
/calculadora-perfil-aluminio-metros-lineales-ventana,calculadora-perfil-aluminio-metros-lineales-ventana,Metros lineales de perfil de aluminio para ventanas: calculadora + tabla | Hacé Cuentas,Calculadora de metros lineales de perfil de aluminio para ventanas,construccion,CalcLayoutV2 ([...slug].astro),metros lineales perfil aluminio ventana,Proyecto DIY (materiales/costo),(self),Sí,Sí,0,hogar,—,HUÉRFANA — agregar enlaces internos (hub + relacionadas),Media-alta
/calculadora-profundidad-siembra-semilla,calculadora-profundidad-siembra-semilla,Profundidad de Siembra por Tipo de Semilla | Hacé Cuentas,Calculadora de profundidad de siembra según tipo de semilla,jardineria,CalcLayoutV2 ([...slug].astro),profundidad siembra semilla,Proyecto DIY (materiales/costo),(self),Sí,Sí,0,hogar,—,HUÉRFANA — agregar enlaces internos (hub + relacionadas),Media-alta
/calculadora-riego-automatico-programacion-minutos,calculadora-riego-automatico-programacion-minutos,Calculadora de programación de riego automático 2026,Calculadora de programación de riego automático,jardineria,CalcLayoutV2 ([...slug].astro),riego automático programación,Proyecto DIY (materiales/costo),(self),Sí,Sí,0,hogar,—,HUÉRFANA — agregar enlaces internos (hub + relacionadas),Media-alta
/calculadora-tornillos-durlock-placa-yeso-m2,calculadora-tornillos-durlock-placa-yeso-m2,Calculadora de Tornillos para Durlock / Placas de Yeso,Calculadora de Tornillos para Durlock / Placas de Yeso,construccion,CalcLayoutV2 ([...slug].astro),tornillos durlock por m2,Proyecto DIY (materiales/costo),(self),Sí,Sí,0,hogar,—,HUÉRFANA — agregar enlaces internos (hub + relacionadas),Media-alta
/calculadora-yeso-cielorraso-placas-m2,calculadora-yeso-cielorraso-placas-m2,Calculadora de Yeso para Cielorraso 2026 | Hacé Cuentas,Calculadora de Yeso para Cielorraso,construccion,CalcLayoutV2 ([...slug].astro),placas yeso cielorraso m2,Proyecto DIY (materiales/costo),(self),Sí,Sí,0,hogar,—,HUÉRFANA — agregar enlaces internos (hub + relacionadas),Media-alta
/calculadora-comida-perro-diaria-gramos,calculadora-comida-perro-diaria-gramos,Cuántos gramos de comida por día debe comer tu perro,Cuántos gramos de comida por día debe comer tu perro,mascotas,CalcLayoutV2 ([...slug].astro),gramos comida perro,Mascota (presupuesto/rutina),(self),Sí,Sí,24,mascotas,—,Mantener; reforzar enlace a maestra de su familia,Alta
/calculadora-edad-humana-por-raza-perro,calculadora-edad-humana-por-raza-perro,Calculadora Edad Humana del Perro por Raza 2026,Edad humana del perro según raza,mascotas,CalcLayoutV2 ([...slug].astro),edad humana perro,Mascota (presupuesto/rutina),(self),Sí,Sí,19,mascotas,—,Mantener; reforzar enlace a maestra de su familia,Baja
/calculadora-edad-perro-humano,calculadora-edad-perro-humano,Edad del Perro en Años Humanos 2026 | Hacé Cuentas,Edad del Perro en Años Humanos,mascotas,CalcLayoutV2 ([...slug].astro),edad perro años humanos,Mascota (presupuesto/rutina),(self),Sí,No,19,mascotas,—,Mantener; reforzar enlace a maestra de su familia,Baja
/calculadora-expectativa-vida-raza-perro,calculadora-expectativa-vida-raza-perro,¿Cuánto vive un perro según su raza? Calculadora + tabla | Hacé Cuentas,¿Cuánto vive un perro? Calculadora de expectativa de vida por raza,mascotas,CalcLayoutV2 ([...slug].astro),cuanto vive un perro,Mascota (presupuesto/rutina),(self),Sí,Sí,15,mascotas,—,Mantener; reforzar enlace a maestra de su familia,Baja
/calculadora-comida-gato-diaria-gramos,calculadora-comida-gato-diaria-gramos,Gramos de comida por día para tu gato 2026 — Online,Cuántos gramos de comida por día debe comer tu gato,mascotas,CalcLayoutV2 ([...slug].astro),gramos comida gato,Mascota (presupuesto/rutina),(self),Sí,Sí,11,mascotas,—,Mantener; reforzar enlace a maestra de su familia,Baja
/calculadora-arena-sanitaria-gato-kg-mes,calculadora-arena-sanitaria-gato-kg-mes,Cuánta arena sanitaria necesita tu gato por mes 2026,Cuánta arena sanitaria necesita tu gato por mes,mascotas,CalcLayoutV2 ([...slug].astro),arena sanitaria gato kg mes,Mascota (presupuesto/rutina),(self),Sí,Sí,7,mascotas,—,Mantener; reforzar enlace a maestra de su familia,Baja
/calculadora-costo-mensual-mascota-perro-gato,calculadora-costo-mensual-mascota-perro-gato,¿Cuánto cuesta tener un perro o gato por mes? + tabla 2026 | Hacé Cuentas,¿Cuánto cuesta tener un perro o gato por mes en Argentina?,mascotas,CalcLayoutV2 ([...slug].astro),cuanto cuesta tener un perro por mes,Mascota (presupuesto/rutina),(self),Sí,Sí,7,mascotas,—,Mantener; reforzar enlace a maestra de su familia,Baja
/calculadora-minutos-paseo-perro-raza-edad,calculadora-minutos-paseo-perro-raza-edad,¿Cuántos minutos de paseo necesita mi perro? | Hacé Cuentas,¿Cuántos minutos de paseo necesita mi perro?,mascotas,CalcLayoutV2 ([...slug].astro),minutos paseo perro,Mascota (presupuesto/rutina),(self),Sí,Sí,7,mascotas,—,Mantener; reforzar enlace a maestra de su familia,Baja
/calculadora-paseos-perro-minutos-raza-energia,calculadora-paseos-perro-minutos-raza-energia,Calculadora de Minutos de Paseo para Perros por Raza 2026 | Hacé Cuentas,¿Cuántos minutos de paseo necesita tu perro según su raza?,mascotas,CalcLayoutV2 ([...slug].astro),cuántos minutos pasear perro,Mascota (presupuesto/rutina),(self),Sí,Sí,7,mascotas,—,Mantener; reforzar enlace a maestra de su familia,Baja
/calculadora-tamano-cucha-perro-medidas,calculadora-tamano-cucha-perro-medidas,Tamaño Ideal de Cucha por Raza de Perro | Hacé Cuentas,Calculadora de tamaño de cucha ideal para tu perro,mascotas,CalcLayoutV2 ([...slug].astro),tamano cucha perro,Mascota (presupuesto/rutina),(self),Sí,Sí,7,mascotas,—,Mantener; reforzar enlace a maestra de su familia,Baja
/calculadora-comida-tortuga-diaria-gramos,calculadora-comida-tortuga-diaria-gramos,Comida Diaria de la Tortuga en Gramos 2026 | Hacé Cuentas,Cuánto debe comer tu tortuga por día en gramos,mascotas,CalcLayoutV2 ([...slug].astro),comida tortuga,Mascota (presupuesto/rutina),(self),Sí,Sí,4,mascotas,—,Mantener; reforzar enlace a maestra de su familia,Baja
/calculadora-temperatura-acuario-especie,calculadora-temperatura-acuario-especie,Temperatura Acuario por Especie 2026 Online Gratis,Qué temperatura necesita tu acuario según los peces,mascotas,CalcLayoutV2 ([...slug].astro),temperatura acuario,Mascota (presupuesto/rutina),(self),Sí,Sí,4,mascotas,—,Mantener; reforzar enlace a maestra de su familia,Baja
/calculadora-expectativa-vida-tortuga-terrestre,calculadora-expectativa-vida-tortuga-terrestre,¿Cuánto vive una tortuga terrestre? Calculadora + tabla por especie | Hacé Cuentas,Calculadora de expectativa de vida de tortuga terrestre,mascotas,CalcLayoutV2 ([...slug].astro),cuanto vive una tortuga terrestre,Mascota (presupuesto/rutina),(self),Sí,Sí,3,mascotas,—,Mantener; reforzar enlace a maestra de su familia,Baja
/calculadora-agua-pez-betta-litros,calculadora-agua-pez-betta-litros,Cuántos Litros Necesita un Pez Betta: calculadora + tabla | Hacé Cuentas,Calculadora de litros para acuario de pez Betta,mascotas,CalcLayoutV2 ([...slug].astro),cuántos litros necesita un pez betta,Mascota (presupuesto/rutina),(self),Sí,Sí,2,mascotas,—,Mantener; reforzar enlace a maestra de su familia,Baja
/calculadora-alimento-acuario-por-pez,calculadora-alimento-acuario-por-pez,Alimento para Acuario por Pez 2026 — Gratis | Hacé Cuentas,Cuánto alimento darle a tus peces por día,mascotas,CalcLayoutV2 ([...slug].astro),cuanto alimento peces,Mascota (presupuesto/rutina),(self),Sí,Sí,2,mascotas,—,Mantener; reforzar enlace a maestra de su familia,Baja
/calculadora-comida-diaria-conejo-peso,calculadora-comida-diaria-conejo-peso,Comida Diaria Conejo segun Peso 2026 — Gratis Online,Cuánto debe comer tu conejo por día,mascotas,CalcLayoutV2 ([...slug].astro),comida conejo dia,Mascota (presupuesto/rutina),(self),Sí,Sí,2,mascotas,—,Mantener; reforzar enlace a maestra de su familia,Baja
/calculadora-edad-humana-tortuga,calculadora-edad-humana-tortuga,Edad de la Tortuga en Años Humanos 2026 — Gratis,Calculá la edad humana equivalente de tu tortuga,mascotas,CalcLayoutV2 ([...slug].astro),edad tortuga humanos,Mascota (presupuesto/rutina),(self),Sí,Sí,2,mascotas,—,Mantener; reforzar enlace a maestra de su familia,Baja
/calculadora-expectativa-vida-reptiles-especie,calculadora-expectativa-vida-reptiles-especie,Expectativa de Vida de Reptiles por Especie 2026,Cuánto vive un reptil según la especie y los cuidados,mascotas,CalcLayoutV2 ([...slug].astro),cuanto vive reptil,Mascota (presupuesto/rutina),(self),Sí,Sí,2,mascotas,—,Mantener; reforzar enlace a maestra de su familia,Baja
/calculadora-cachorros-camada-raza,calculadora-cachorros-camada-raza,Calculadora Cachorros por Camada según Raza 2026,Cantidad de cachorros por camada según raza,mascotas,CalcLayoutV2 ([...slug].astro),cachorros por camada raza,Mascota (presupuesto/rutina),(self),Sí,Sí,1,mascotas,—,Mantener; reforzar enlace a maestra de su familia,Baja
/calculadora-costo-mensual-raza-gato,calculadora-costo-mensual-raza-gato,Costo Mensual de un Gato según Raza 2026 | Hacé Cuentas,Cuánto cuesta tener un gato por mes según su raza,mascotas,CalcLayoutV2 ([...slug].astro),cuanto cuesta tener un gato,Mascota (presupuesto/rutina),(self),Sí,Sí,1,mascotas,—,Mantener; reforzar enlace a maestra de su familia,Baja
/calculadora-tortuga-acuatica-tamano-acuario-filtro-litros,calculadora-tortuga-acuatica-tamano-acuario-filtro-litros,Litros para tortuga acuática: calculadora + tabla de referencia | Hacé Cuentas,Calculadora de tamaño de acuario para tortuga acuática,mascotas,CalcLayoutV2 ([...slug].astro),cuantos litros necesita una tortuga acuatica,Mascota (presupuesto/rutina),(self),Sí,Sí,1,mascotas,—,Mantener; reforzar enlace a maestra de su familia,Baja
/calculadora-tortuga-acuatica-uvb-watts-pecera,calculadora-tortuga-acuatica-uvb-watts-pecera,Calculadora UVB tortuga acuática 2026: watts según caparazón y litros,Tortuga acuática — watts UVB por tamaño y altura de lámpara,mascotas,CalcLayoutV2 ([...slug].astro),uvb tortuga acuatica watts,Mascota (presupuesto/rutina),(self),Sí,Sí,1,mascotas,—,Mantener; reforzar enlace a maestra de su familia,Baja
/calculadora-edad-gato-anos-humanos,calculadora-edad-gato-anos-humanos,Edad del Gato en Años Humanos 2026 — Gratis | Hacé Cuentas,Edad del gato en años humanos,mascotas,CalcLayoutV2 ([...slug].astro),edad gato años humanos,Mascota (presupuesto/rutina),(self),Sí,Sí,1,mascotas,—,Mantener; reforzar enlace a maestra de su familia,Baja
/calculadora-comida-bulldog-frances-cantidad-edad-peso,calculadora-comida-bulldog-frances-cantidad-edad-peso,¿Cuánta comida darle a un Bulldog Francés? Calculadora + tabla | Hacé Cuentas,¿Cuánta comida necesita un Bulldog Francés? Calculá la ración exacta,mascotas,CalcLayoutV2 ([...slug].astro),cuánta comida darle a un bulldog francés,Mascota (presupuesto/rutina),(self),Sí,Sí,0,mascotas,—,HUÉRFANA — agregar enlaces internos (hub + relacionadas),Media
/calculadora-comida-yorkshire-terrier-porcion-diaria-edad,calculadora-comida-yorkshire-terrier-porcion-diaria-edad,Comida para Yorkshire Terrier: gramos por día + tabla | Hacé Cuentas,¿Cuánto comer debe un Yorkshire Terrier? Calculadora de porción diaria,mascotas,CalcLayoutV2 ([...slug].astro),cuanto darle de comer a un yorkshire terrier,Mascota (presupuesto/rutina),(self),Sí,Sí,0,mascotas,—,HUÉRFANA — agregar enlaces internos (hub + relacionadas),Media
/calculadora-ejercicio-diario-raza-perro,calculadora-ejercicio-diario-raza-perro,Ejercicio diario del perro según raza 2026 | Hacé Cuentas,Ejercicio diario del perro según raza,mascotas,CalcLayoutV2 ([...slug].astro),ejercicio perro raza,Mascota (presupuesto/rutina),(self),Sí,Sí,0,mascotas,—,HUÉRFANA — agregar enlaces internos (hub + relacionadas),Media
/calculadora-espacio-jaula-hamster-tamano,calculadora-espacio-jaula-hamster-tamano,Tamaño mínimo de jaula para hámster: calculadora + tabla | Hacé Cuentas,¿Qué tamaño de jaula necesita tu hámster?,mascotas,CalcLayoutV2 ([...slug].astro),tamaño jaula hamster,Mascota (presupuesto/rutina),(self),Sí,Sí,0,mascotas,—,HUÉRFANA — agregar enlaces internos (hub + relacionadas),Media
/calculadora-gato-persa-grooming-bano-frecuencia-costo,calculadora-gato-persa-grooming-bano-frecuencia-costo,"Gato Persa: grooming, baño y costo anual — calculadora | Hacé Cuentas","Calculadora de grooming para gato persa: frecuencia, tiempo y costo",mascotas,CalcLayoutV2 ([...slug].astro),grooming gato persa,Mascota (presupuesto/rutina),(self),Sí,Sí,0,mascotas,—,HUÉRFANA — agregar enlaces internos (hub + relacionadas),Media
/calculadora-castracion-edad-ideal-perro-gato,calculadora-castracion-edad-ideal-perro-gato,Cuándo castrar a tu perro o gato: edad ideal | Hacé Cuentas,Cuándo castrar a tu perro o gato: edad ideal según especie y tamaño,mascotas,CalcLayoutV2 ([...slug].astro),edad castrar perro,Mascota (presupuesto/rutina),(self),Sí,Sí,0,mascotas,—,HUÉRFANA — agregar enlaces internos (hub + relacionadas),Media
/calculadora-comida-cachorro-gramos-edad,calculadora-comida-cachorro-gramos-edad,Gramos de Comida para Cachorro según Edad | Hacé Cuentas,Cuántos gramos de comida necesita un cachorro según su edad,mascotas,CalcLayoutV2 ([...slug].astro),comida cachorro gramos,Mascota (presupuesto/rutina),(self),Sí,Sí,0,mascotas,—,HUÉRFANA — agregar enlaces internos (hub + relacionadas),Media
/calculadora-conejo-comida-heno-peso-edad,calculadora-conejo-comida-heno-peso-edad,"¿Cuánto come un conejo? Calculadora heno, pellets y verduras | Hacé Cuentas","¿Cuánto debe comer un conejo? Heno, pellets y verduras por peso",mascotas,CalcLayoutV2 ([...slug].astro),conejo comida heno peso edad,Mascota (presupuesto/rutina),(self),Sí,Sí,0,mascotas,—,HUÉRFANA — agregar enlaces internos (hub + relacionadas),Media
/calculadora-costo-veterinario-consulta-promedio,calculadora-costo-veterinario-consulta-promedio,Precio Consulta Veterinaria Argentina 2026: Calculadora,Calculadora de costo veterinario por tipo de consulta,mascotas,CalcLayoutV2 ([...slug].astro),costo veterinario argentina,Mascota (presupuesto/rutina),(self),Sí,Sí,0,mascotas,—,HUÉRFANA — agregar enlaces internos (hub + relacionadas),Media
/calculadora-edad-cachorro-humano,calculadora-edad-cachorro-humano,Edad cachorro en años humanos: tabla mes a mes | Hacé Cuentas,Edad del cachorro en años humanos — tabla mes a mes,mascotas,CalcLayoutV2 ([...slug].astro),cachorro meses años humanos,Mascota (presupuesto/rutina),(self),Sí,Sí,0,mascotas,—,HUÉRFANA — agregar enlaces internos (hub + relacionadas),Media
/calculadora-edad-humana-conejo-anos,calculadora-edad-humana-conejo-anos,Edad de tu Conejo en Años Humanos — Tabla por Raza,Calculadora de edad humana de un conejo,mascotas,CalcLayoutV2 ([...slug].astro),edad conejo anos humanos,Mascota (presupuesto/rutina),(self),Sí,Sí,0,mascotas,—,HUÉRFANA — agregar enlaces internos (hub + relacionadas),Media
/calculadora-edad-gato-humano-formula-anos,calculadora-edad-gato-humano-formula-anos,Calculadora Edad gato a humano 2026 — Gratis | Hacé Cuentas,Edad gato a humano,mascotas,CalcLayoutV2 ([...slug].astro),edad gato humano formula anos,Mascota (presupuesto/rutina),(self),Sí,Sí,0,mascotas,—,HUÉRFANA — agregar enlaces internos (hub + relacionadas),Media
/calculadora-edad-perro-humano-raza-tamano,calculadora-edad-perro-humano-raza-tamano,Edad de Perro en Años Humanos según Tamaño 2026 | Hacé Cuentas,Edad de perro en años humanos según tamaño,mascotas,CalcLayoutV2 ([...slug].astro),edad perro humano raza tamano,Mascota (presupuesto/rutina),(self),Sí,No,0,mascotas,—,HUÉRFANA — agregar enlaces internos (hub + relacionadas),Media
/calculadora-edad-perro-anos-humanos,calculadora-edad-perro-anos-humanos,Calculadora Edad Perro en Años Humanos — Fórmula AVMA,Edad de tu perro en años humanos (fórmula AVMA con tamaño),mascotas,CalcLayoutV2 ([...slug].astro),edad perro años humanos,Mascota (presupuesto/rutina),(self),Sí,Sí,0,mascotas,—,HUÉRFANA — agregar enlaces internos (hub + relacionadas),Media
/calculadora-envejecer-mascota-humano-tabla-raza-tamano,calculadora-envejecer-mascota-humano-tabla-raza-tamano,Edad de mi perro en años humanos: calculadora + tabla por tamaño | Hacé Cuentas,Calculadora de edad de tu mascota en años humanos,mascotas,CalcLayoutV2 ([...slug].astro),edad de mi perro en años humanos,Mascota (presupuesto/rutina),(self),Sí,Sí,0,mascotas,—,HUÉRFANA — agregar enlaces internos (hub + relacionadas),Media
/calculadora-esperanza-vida-gato-raza-indoor,calculadora-esperanza-vida-gato-raza-indoor,Cuántos años vive un gato según raza y estilo de vida,Cuántos años vive un gato según raza y estilo de vida,mascotas,CalcLayoutV2 ([...slug].astro),esperanza de vida gato,Mascota (presupuesto/rutina),(self),Sí,Sí,0,mascotas,—,HUÉRFANA — agregar enlaces internos (hub + relacionadas),Media
/calculadora-fecha-celo-perra,calculadora-fecha-celo-perra,Calculadora del Próximo Celo de Perra 2026 | Hacé Cuentas,Calculadora del Próximo Celo de Perra,mascotas,CalcLayoutV2 ([...slug].astro),celo perra calculadora,Mascota (presupuesto/rutina),(self),Sí,Sí,0,mascotas,—,HUÉRFANA — agregar enlaces internos (hub + relacionadas),Media
/calculadora-frecuencia-bano-perro-raza-tipo-pelo,calculadora-frecuencia-bano-perro-raza-tipo-pelo,¿Cada cuánto bañar a un perro? Calculadora + tabla por raza | Hacé Cuentas,¿Cada cuánto bañar a un perro? Calculadora por tipo de pelo,mascotas,CalcLayoutV2 ([...slug].astro),cada cuanto bañar perro,Mascota (presupuesto/rutina),(self),Sí,Sí,0,mascotas,—,HUÉRFANA — agregar enlaces internos (hub + relacionadas),Media
/calculadora-frecuencia-corte-unas-perro-gato,calculadora-frecuencia-corte-unas-perro-gato,Cada cuánto cortarle las uñas a tu perro o gato 2026,Cada cuánto cortarle las uñas a tu perro o gato,mascotas,CalcLayoutV2 ([...slug].astro),corte uñas perro cada cuanto,Mascota (presupuesto/rutina),(self),Sí,Sí,0,mascotas,—,HUÉRFANA — agregar enlaces internos (hub + relacionadas),Media
/calculadora-gestacion-perro-gato-duracion-parto,calculadora-gestacion-perro-gato-duracion-parto,Calculadora de gestacion y fecha de parto animal 2026,Calculadora de gestacion y fecha de parto animal,mascotas,CalcLayoutV2 ([...slug].astro),gestacion perro dias,Mascota (presupuesto/rutina),(self),Sí,Sí,0,mascotas,—,HUÉRFANA — agregar enlaces internos (hub + relacionadas),Media
/calculadora-gestacion-perra,calculadora-gestacion-perra,Calculadora de Fecha de Parto de Perra 2026 | Hacé Cuentas,Calculadora de Fecha de Parto de Perra,mascotas,CalcLayoutV2 ([...slug].astro),gestación perra días,Mascota (presupuesto/rutina),(self),Sí,Sí,0,mascotas,—,HUÉRFANA — agregar enlaces internos (hub + relacionadas),Media
/calculadora-alimento-diario-perro,calculadora-alimento-diario-perro,Cuánto alimento necesita tu perro al día 2026 | Hacé Cuentas,Cuánto alimento necesita tu perro al día,mascotas,CalcLayoutV2 ([...slug].astro),alimento diario perro,Mascota (presupuesto/rutina),(self),Sí,Sí,0,mascotas,—,HUÉRFANA — agregar enlaces internos (hub + relacionadas),Media
/calculadora-litros-pecera-acuario-cantidad-peces,calculadora-litros-pecera-acuario-cantidad-peces,Calculadora de Litros de Acuario — cuántos peces entran,Calculadora de litros de pecera por cantidad de peces,mascotas,CalcLayoutV2 ([...slug].astro),litros pecera peces,Mascota (presupuesto/rutina),(self),Sí,Sí,0,mascotas,—,HUÉRFANA — agregar enlaces internos (hub + relacionadas),Media
/calculadora-potencia-hp-kw-cv,calculadora-potencia-hp-kw-cv,"HP a kW, kW a CV y CV a HP | Conversor de Potencia","Conversor de potencia: HP a kW, kW a CV y CV a HP",automotor,CalcLayoutV2 ([...slug].astro),convertir hp a kw,Herramienta,(self),Sí,Sí,20,otros-automotor,—,Mantener; reforzar enlace a maestra de su familia,Baja
/calculadora-cilindrada-motor-cc-litros,calculadora-cilindrada-motor-cc-litros,Calculadora Cilindrada de Motor cc ↔ Litros 2026,Calculadora Cilindrada de Motor cc ↔ Litros,automotor,CalcLayoutV2 ([...slug].astro),cilindrada motor cc litros,Herramienta,(self),Sí,Sí,8,otros-automotor,—,Mantener; reforzar enlace a maestra de su familia,Baja
/calculadora-velocidad-maxima-relacion-potencia-peso,calculadora-velocidad-maxima-relacion-potencia-peso,Relación Potencia/Peso y Velocidad Máxima de un Auto | Hacé Cuentas,Relación Potencia/Peso y Velocidad Máxima de un Auto,automotor,CalcLayoutV2 ([...slug].astro),relacion potencia peso auto,Herramienta,(self),Sí,Sí,3,otros-automotor,—,Mantener; reforzar enlace a maestra de su familia,Baja
/calculadora-vtv-vencimiento-turno,calculadora-vtv-vencimiento-turno,VTV Vencimiento y Turno 2026 Online Argentina,Calculadora VTV — Vencimiento y Turno,automotor,CalcLayoutV2 ([...slug].astro),vtv vencimiento,Herramienta,(self),Sí,Sí,3,otros-automotor,—,Mantener; reforzar enlace a maestra de su familia,Baja
/calculadora-costo-total-propiedad-auto-anual,calculadora-costo-total-propiedad-auto-anual,Calculadora TCO Auto Anual 2026 Argentina Gratis,Calculadora Costo Total de Propiedad Auto (TCO Anual),automotor,CalcLayoutV2 ([...slug].astro),costo total propiedad auto,Herramienta,(self),Sí,Sí,2,otros-automotor,—,Mantener; reforzar enlace a maestra de su familia,Baja
/calculadora-financiacion-auto-cuota-prendario,calculadora-financiacion-auto-cuota-prendario,Calculadora Cuota Préstamo Prendario Auto 2026,Calculadora Cuota Préstamo Prendario Auto,automotor,CalcLayoutV2 ([...slug].astro),cuota prendario auto,Herramienta,(self),Sí,Sí,2,otros-automotor,—,Mantener; reforzar enlace a maestra de su familia,Baja
/calculadora-neumaticos-medida-equivalente,calculadora-neumaticos-medida-equivalente,Calculadora Medidas Neumáticos Equivalentes 2026 Gratis,Calculadora Neumáticos — Medida Equivalente,automotor,CalcLayoutV2 ([...slug].astro),medida neumatico equivalente,Herramienta,(self),Sí,Sí,2,otros-automotor,—,Mantener; reforzar enlace a maestra de su familia,Baja
/calculadora-presion-neumaticos-psi-bar,calculadora-presion-neumaticos-psi-bar,Calculadora Presión de Neumáticos PSI ↔ Bar 2026,Calculadora Presión de Neumáticos PSI ↔ Bar,automotor,CalcLayoutV2 ([...slug].astro),presion neumaticos psi bar,Herramienta,(self),Sí,Sí,2,otros-automotor,—,Mantener; reforzar enlace a maestra de su familia,Baja
/calculadora-transfer-auto-costo-registro,calculadora-transfer-auto-costo-registro,Calcular Transferencia de Auto: Costo Total 2026 | Hacé Cuentas,Calculadora Costo de Transferencia de Auto,automotor,CalcLayoutV2 ([...slug].astro),transferencia auto costo,Herramienta,(self),Sí,Sí,2,otros-automotor,—,Mantener; reforzar enlace a maestra de su familia,Baja
/calculadora-amortizacion-auto-valor-residual,calculadora-amortizacion-auto-valor-residual,Calculadora Amortización Auto Valor Residual 2026 AR,Calculadora Amortización de Auto y Valor Residual,automotor,CalcLayoutV2 ([...slug].astro),amortizacion auto,Herramienta,(self),Sí,Sí,1,otros-automotor,—,Mantener; reforzar enlace a maestra de su familia,Baja
/calculadora-multa-transito-puntos-licencia,calculadora-multa-transito-puntos-licencia,Calculadora Multa de Tránsito y Puntos de Licencia 2026,Calculadora Multa de Tránsito y Puntos de Licencia,automotor,CalcLayoutV2 ([...slug].astro),multa transito argentina,Herramienta,(self),Sí,Sí,1,otros-automotor,—,Mantener; reforzar enlace a maestra de su familia,Baja
/calculadora-seguro-auto-estimacion-precio,calculadora-seguro-auto-estimacion-precio,Cuánto Cuesta el Seguro de Auto 2026 — Estimador Online,¿Cuánto cuesta el seguro de auto? Estimá el precio 2026,automotor,CalcLayoutV2 ([...slug].astro),seguro auto precio,Herramienta,(self),Sí,No,0,otros-automotor,—,HUÉRFANA — agregar enlaces internos (hub + relacionadas),Media
/calculadora-capacidad-carga-camioneta-peso-util,calculadora-capacidad-carga-camioneta-peso-util,Capacidad de Carga de una Camioneta 2026 | Hacé Cuentas,Capacidad de Carga de una Camioneta,automotor,CalcLayoutV2 ([...slug].astro),capacidad carga camioneta peso util,Herramienta,(self),Sí,Sí,0,otros-automotor,—,HUÉRFANA — agregar enlaces internos (hub + relacionadas),Media
/calculadora-cca-bateria-auto-temperatura-motor,calculadora-cca-bateria-auto-temperatura-motor,CCA batería auto 2026 — Calculadora gratis | Hacé Cuentas,CCA batería auto: calculá el mínimo según cilindrada,automotor,CalcLayoutV2 ([...slug].astro),cca batería auto,Herramienta,(self),Sí,Sí,0,otros-automotor,—,HUÉRFANA — agregar enlaces internos (hub + relacionadas),Media
/calculadora-cilindrada-motor-relacion-potencia,calculadora-cilindrada-motor-relacion-potencia,Calcular potencia de motor por cilindrada (cc a HP): calculadora + tabla | Hacé Cuentas,Calculadora de cilindrada a potencia: cc → HP estimado,automotor,CalcLayoutV2 ([...slug].astro),calcular potencia motor por cilindrada,Herramienta,(self),Sí,Sí,0,otros-automotor,—,HUÉRFANA — agregar enlaces internos (hub + relacionadas),Media
/calculadora-consumo-aire-acondicionado-auto-extra,calculadora-consumo-aire-acondicionado-auto-extra,Consumo de Aire Acondicionado en Auto 2026 | Hacé Cuentas,Consumo extra de aire acondicionado en el auto,automotor,CalcLayoutV2 ([...slug].astro),calculadora consumo extra de a/a 2026,Herramienta,(self),Sí,Sí,0,otros-automotor,—,HUÉRFANA — agregar enlaces internos (hub + relacionadas),Media
/calculadora-conversion-torque-nm-lb-ft-kgm,calculadora-conversion-torque-nm-lb-ft-kgm,Convertir Nm a lb·ft y kg·m: tabla + calculadora | Hacé Cuentas,Convertir torque: Nm ↔ lb·ft ↔ kg·m,automotor,CalcLayoutV2 ([...slug].astro),convertir nm a lb ft,Herramienta,(self),Sí,Sí,0,otros-automotor,—,HUÉRFANA — agregar enlaces internos (hub + relacionadas),Media
/calculadora-cuota-prestamo-auto-frances-argentino,calculadora-cuota-prestamo-auto-frances-argentino,Calculadora Cuota préstamo auto (francés) 2026,Cuota préstamo auto (francés),automotor,CalcLayoutV2 ([...slug].astro),cuota prestamo auto frances argentino,Herramienta,(self),Sí,Sí,0,otros-automotor,—,HUÉRFANA — agregar enlaces internos (hub + relacionadas),Media
/calculadora-distancia-frenado-velocidad-adhesion,calculadora-distancia-frenado-velocidad-adhesion,Distancia de frenado: calculadora + tabla por velocidad | Hacé Cuentas,Calculadora de distancia de frenado por velocidad y adherencia,automotor,CalcLayoutV2 ([...slug].astro),distancia de frenado,Herramienta,(self),Sí,Sí,0,otros-automotor,—,HUÉRFANA — agregar enlaces internos (hub + relacionadas),Media
/calculadora-multa-transito-valor,calculadora-multa-transito-valor,Calculadora de Multas de Tránsito 2026 — Gratis,Calculadora de Multas de Tránsito,automotor,CalcLayoutV2 ([...slug].astro),multa transito valor,Herramienta,(self),Sí,Sí,0,otros-automotor,—,HUÉRFANA — agregar enlaces internos (hub + relacionadas),Media
/calculadora-presion-neumatico-psi-bar-auto,calculadora-presion-neumatico-psi-bar-auto,Presión neumáticos: convertir PSI a Bar y kPa + tabla | Hacé Cuentas,Convertir PSI a Bar y kPa en neumáticos: calculadora + tabla de valores,automotor,CalcLayoutV2 ([...slug].astro),convertir psi a bar neumático,Herramienta,(self),Sí,Sí,0,otros-automotor,—,HUÉRFANA — agregar enlaces internos (hub + relacionadas),Media
/simulador-costo-mantener-auto,simulador-costo-mantener-auto,¿Cuánto cuesta mantener un auto en Argentina? Simulador 2026,Simulador: cuánto te cuesta tener tu auto,automotor,CalcLayoutV2 ([...slug].astro),cuanto cuesta mantener un auto,Herramienta,(self),Sí,Sí,0,otros-automotor,—,HUÉRFANA — agregar enlaces internos (hub + relacionadas),Media
/calculadora-suspension-altura-libre-piso-auto,calculadora-suspension-altura-libre-piso-auto,Altura libre al piso (clearance) de autos 2026 | Hacé Cuentas,Altura libre al piso (clearance) de autos 2026,automotor,CalcLayoutV2 ([...slug].astro),calculadora altura libre piso 2026,Herramienta,(self),Sí,Sí,0,otros-automotor,—,HUÉRFANA — agregar enlaces internos (hub + relacionadas),Media
/calculadora-valuacion-fiscal-automotor-argentina,calculadora-valuacion-fiscal-automotor-argentina,Calculadora Valuación Fiscal Automotor Argentina 2026 — Patente por provincia,Calculadora de Valuación Fiscal Automotor en Argentina (impuesto por provincia 2026),automotor,CalcLayoutV2 ([...slug].astro),valuacion fiscal automotor argentina,Herramienta,(self),Sí,Sí,0,otros-automotor,—,HUÉRFANA — agregar enlaces internos (hub + relacionadas),Media
/calculadora-vtv-costo-provincia-2026,calculadora-vtv-costo-provincia-2026,Calculadora VTV costo 2026 por provincia 2026 | Hacé Cuentas,VTV costo 2026 por provincia,automotor,CalcLayoutV2 ([...slug].astro),vtv costo provincia 2026,Herramienta,(self),Sí,Sí,0,otros-automotor,—,HUÉRFANA — agregar enlaces internos (hub + relacionadas),Media
/calculadora-temperatura-horno-celsius-fahrenheit-gas,calculadora-temperatura-horno-celsius-fahrenheit-gas,"Temperatura del horno en °C, °F y gas mark (1-9) 2026","Temperatura del horno en °C, °F y gas mark (1-9)",cocina,CalcLayoutV2 ([...slug].astro),conversor temperatura horno,Herramienta,(self),Sí,Sí,10,otros-cocina,horno-temp,"Cluster ""horno-temp"" — enlazar a la maestra, evaluar canonical",Alta
/calculadora-abv-cerveza-og-fg,calculadora-abv-cerveza-og-fg,ABV Cerveza: calculadora OG/FG + tabla por estilo | Hacé Cuentas,Calculadora de ABV en cerveza casera (OG y FG),cocina,CalcLayoutV2 ([...slug].astro),calcular abv cerveza,Herramienta,(self),Sí,Sí,9,otros-cocina,—,Mantener; reforzar enlace a maestra de su familia,Baja
/calculadora-cold-brew-ratio,calculadora-cold-brew-ratio,Cold Brew Ratio: cuánto café y agua usar + tabla | Hacé Cuentas,Calculadora de ratio cold brew (concentrado o listo para tomar),cocina,CalcLayoutV2 ([...slug].astro),cold brew ratio,Herramienta,(self),Sí,Sí,7,otros-cocina,—,Mantener; reforzar enlace a maestra de su familia,Baja
/calculadora-espresso-tds-yield,calculadora-espresso-tds-yield,TDS y Yield del Espresso — Calculadora Gratis | Hacé Cuentas,Calculá el TDS y yield de tu espresso,cocina,CalcLayoutV2 ([...slug].astro),espresso tds,Herramienta,(self),Sí,Sí,6,otros-cocina,—,Mantener; reforzar enlace a maestra de su familia,Baja
/calculadora-moka-pot-agua-cafe,calculadora-moka-pot-agua-cafe,Café y Agua para Moka Pot — Calculadora Gratis | Hacé Cuentas,¿Cuánto café y agua necesita tu Moka Pot?,cocina,CalcLayoutV2 ([...slug].astro),moka receta,Herramienta,(self),Sí,Sí,6,otros-cocina,—,Mantener; reforzar enlace a maestra de su familia,Baja
/calculadora-priming-sugar-carbonatacion-cerveza,calculadora-priming-sugar-carbonatacion-cerveza,Calculadora Priming Sugar Cerveza 2026 | Gratis Online,Priming sugar para carbonatar cerveza casera,cocina,CalcLayoutV2 ([...slug].astro),priming sugar cerveza,Herramienta,(self),Sí,Sí,4,otros-cocina,—,Mantener; reforzar enlace a maestra de su familia,Baja
/calculadora-conversion-temperaturas-horno-gas-electrico,calculadora-conversion-temperaturas-horno-gas-electrico,Calculadora Temperaturas horno gas/eléctrico 2026,Temperaturas horno gas/eléctrico,cocina,CalcLayoutV2 ([...slug].astro),conversion temperaturas horno gas electrico,Herramienta,(self),Sí,Sí,4,otros-cocina,horno-temp,"Cluster ""horno-temp"" — enlazar a la maestra, evaluar canonical",Alta
/calculadora-conversor-fahrenheit-a-celsius-horno,calculadora-conversor-fahrenheit-a-celsius-horno,Conversor de grados Fahrenheit a grados Celsius 2026 |,Conversor de grados Fahrenheit a grados Celsius,cocina,CalcLayoutV2 ([...slug].astro),conversor fahrenheit a celsius,Herramienta,(self),Sí,Sí,4,otros-cocina,horno-temp,"Cluster ""horno-temp"" — enlazar a la maestra, evaluar canonical",Alta
/calculadora-leudado-pan-levadura-tiempo-temperatura,calculadora-leudado-pan-levadura-tiempo-temperatura,Tiempo de leudado del pan: calculadora por temperatura + tabla | Hacé Cuentas,Tiempo de leudado del pan según temperatura y levadura,cocina,CalcLayoutV2 ([...slug].astro),tiempo de leudado del pan,Herramienta,(self),Sí,Sí,4,otros-cocina,—,Mantener; reforzar enlace a maestra de su familia,Baja
/calculadora-calorias-copa-vino,calculadora-calorias-copa-vino,Calorías copa de vino: cuántas tiene según tipo + tabla | Hacé Cuentas,¿Cuántas calorías tiene una copa de vino? Calculadora por tipo y ml,cocina,CalcLayoutV2 ([...slug].astro),calorias copa vino,Herramienta,(self),Sí,Sí,3,otros-cocina,—,Mantener; reforzar enlace a maestra de su familia,Baja
/calculadora-final-volume-cerveza-fermentador,calculadora-final-volume-cerveza-fermentador,Volumen final al fermentador: calculadora de pérdidas en cerveza casera | Hacé Cuentas,"Calculadora de volumen al fermentador: trub, lúpulo y pérdidas",cocina,CalcLayoutV2 ([...slug].astro),volumen final fermentador cerveza,Herramienta,(self),Sí,Sí,3,otros-cocina,—,Mantener; reforzar enlace a maestra de su familia,Baja
/calculadora-ibu-cerveza-lupulo-tinseth,calculadora-ibu-cerveza-lupulo-tinseth,Calcular IBU cerveza con fórmula Tinseth + tabla estilos | Hacé Cuentas,Calculadora IBU cerveza — fórmula Tinseth con tabla por estilo,cocina,CalcLayoutV2 ([...slug].astro),calcular ibu cerveza,Herramienta,(self),Sí,Sí,2,otros-cocina,—,Mantener; reforzar enlace a maestra de su familia,Baja
/calculadora-alcohol-attenuation-levadura,calculadora-alcohol-attenuation-levadura,Calcular atenuación levadura cerveza: aparente y real + tabla cepas | Hacé Cuentas,Calculadora de atenuación de levadura (aparente y real),cocina,CalcLayoutV2 ([...slug].astro),atenuacion levadura cerveza,Herramienta,(self),Sí,Sí,1,otros-cocina,—,Mantener; reforzar enlace a maestra de su familia,Baja
/calculadora-evaporation-rate-boil,calculadora-evaporation-rate-boil,Tasa de Evaporación en Hervor Cerveza 2026 | Hacé Cuentas,Tasa de evaporación en hervor (boil-off) cerveza,cocina,CalcLayoutV2 ([...slug].astro),boil off rate,Herramienta,(self),Sí,Sí,1,otros-cocina,—,Mantener; reforzar enlace a maestra de su familia,Baja
/calculadora-ayuno-intermitente-16-8-ventana-horario,calculadora-ayuno-intermitente-16-8-ventana-horario,Calculadora Ayuno intermitente 16/8 2026 | Hacé Cuentas,Ayuno intermitente 16/8,cocina,CalcLayoutV2 ([...slug].astro),calculadora ayuno intermitente 16/8 2026,Herramienta,(self),Sí,Sí,0,otros-cocina,—,HUÉRFANA — agregar enlaces internos (hub + relacionadas),Media
/calculadora-bebidas-evento-cerveza-vino-refresco-calculadora,calculadora-bebidas-evento-cerveza-vino-refresco-calculadora,Calculadora Bebidas por evento 2026 — Gratis | Hacé Cuentas,Bebidas por evento,cocina,CalcLayoutV2 ([...slug].astro),calculadora bebidas por evento 2026,Herramienta,(self),Sí,Sí,0,otros-cocina,bebidas-evento,"Posible dup cluster ""bebidas-evento"" — evaluar canonical o mejor enlazado",Alta
/calculadora-calorias-bebida-alcoholica,calculadora-calorias-bebida-alcoholica,Calculadora de calorías en bebidas alcohólicas 2026,Calculadora de calorías en bebidas alcohólicas,cocina,CalcLayoutV2 ([...slug].astro),calorias bebidas alcoholicas,Herramienta,(self),Sí,Sí,0,otros-cocina,—,HUÉRFANA — agregar enlaces internos (hub + relacionadas),Media
/calculadora-calorias-plato-argentino-tipico,calculadora-calorias-plato-argentino-tipico,Calorías de platos argentinos típicos | Hacé Cuentas,Calorías de platos argentinos típicos,cocina,CalcLayoutV2 ([...slug].astro),calorias platos argentinos,Herramienta,(self),Sí,Sí,0,otros-cocina,—,HUÉRFANA — agregar enlaces internos (hub + relacionadas),Media
/calculadora-temperatura-aceite-fritura-punto-humo,calculadora-temperatura-aceite-fritura-punto-humo,Punto de humo del aceite: tabla + temperatura para freír | Hacé Cuentas,Punto de humo del aceite y temperatura ideal para freír,cocina,CalcLayoutV2 ([...slug].astro),punto de humo aceite,Herramienta,(self),Sí,Sí,0,otros-cocina,—,HUÉRFANA — agregar enlaces internos (hub + relacionadas),Media
/calculadora-tiempo-descongelado-alimentos-peso,calculadora-tiempo-descongelado-alimentos-peso,Calculadora de tiempo de descongelado 2026 | Hacé Cuentas,Calculadora de tiempo de descongelado,cocina,CalcLayoutV2 ([...slug].astro),calculadora descongelar alimentos,Herramienta,(self),Sí,Sí,0,otros-cocina,—,HUÉRFANA — agregar enlaces internos (hub + relacionadas),Media
/calculadora-tiempo-marinado-carne-pescado,calculadora-tiempo-marinado-carne-pescado,Tiempo de marinado para carne y pescado 2026 | Hacé Cuentas,Tiempo de marinado para carne y pescado,cocina,CalcLayoutV2 ([...slug].astro),tiempo marinado carne,Herramienta,(self),Sí,Sí,0,otros-cocina,—,HUÉRFANA — agregar enlaces internos (hub + relacionadas),Media
/calculadora-tornillos-madera-tipo-largo,calculadora-tornillos-madera-tipo-largo,Tornillo para madera: qué largo y diámetro usar según espesor | Hacé Cuentas,Tornillo para madera: largo y diámetro según espesor de tabla,construccion,CalcLayoutV2 ([...slug].astro),qué tornillo usar para madera,Herramienta,(self),Sí,Sí,9,otros-construccion,—,Mantener; reforzar enlace a maestra de su familia,Baja
/calculadora-pegamento-ceramicas-bolsas-m2-area,calculadora-pegamento-ceramicas-bolsas-m2-area,¿Cuántas bolsas de pegamento para cerámica? + tabla por m² | Hacé Cuentas,Calculadora de bolsas de pegamento para cerámica y porcellanato,construccion,CalcLayoutV2 ([...slug].astro),cuántas bolsas de pegamento para cerámica,Herramienta,(self),Sí,Sí,7,otros-construccion,pisos-ceramica,"Cluster ""pisos-ceramica"" — enlazar a la maestra, evaluar canonical",Alta
/calculadora-calefaccion-watts-kcal-ambiente,calculadora-calefaccion-watts-kcal-ambiente,Watts/Kcal para Calefaccionar Ambiente | Hacé Cuentas,¿Cuántos watts / kcal/h necesito para calefaccionar mi ambiente?,construccion,CalcLayoutV2 ([...slug].astro),calculadora calefaccion ambiente,Herramienta,(self),Sí,Sí,6,otros-construccion,—,Mantener; reforzar enlace a maestra de su familia,Baja
/calculadora-hierro-construccion-losa-m2,calculadora-hierro-construccion-losa-m2,¿Cuántos kilos de hierro necesito por m² de losa? 2026,¿Cuántos kilos de hierro necesito por m² de losa?,construccion,CalcLayoutV2 ([...slug].astro),hierro por m2 losa,Herramienta,(self),Sí,Sí,6,otros-construccion,—,Mantener; reforzar enlace a maestra de su familia,Baja
/calculadora-pendiente-techo-grados-porcentaje,calculadora-pendiente-techo-grados-porcentaje,"Pendiente de Techo de Chapa: grados, % y cm/m — Calculadora","Pendiente de un techo de chapa: grados, porcentaje y cm/m",construccion,CalcLayoutV2 ([...slug].astro),pendiente techo en grados,Herramienta,(self),Sí,Sí,6,otros-construccion,—,Mantener; reforzar enlace a maestra de su familia,Baja
/calculadora-arena-grava-hormigon,calculadora-arena-grava-hormigon,¿Cuánta arena y grava necesito para el hormigón? 2026,¿Cuánta arena y grava necesito para el hormigón?,construccion,CalcLayoutV2 ([...slug].astro),arena y grava para hormigon,Herramienta,(self),Sí,Sí,5,otros-construccion,—,Mantener; reforzar enlace a maestra de su familia,Baja
/calculadora-peso-madera-por-tipo-volumen,calculadora-peso-madera-por-tipo-volumen,Calculadora de peso de madera por tipo y volumen 2026,Calculadora de peso de madera por tipo y volumen,construccion,CalcLayoutV2 ([...slug].astro),peso madera calculadora,Herramienta,(self),Sí,Sí,5,otros-construccion,—,Mantener; reforzar enlace a maestra de su familia,Baja
/calculadora-estantes-madera-soporte-peso,calculadora-estantes-madera-soporte-peso,Calculadora de estante de madera: peso máximo | Hacé Cuentas,Calculadora de estante de madera: peso máximo soportado,construccion,CalcLayoutV2 ([...slug].astro),estante peso maximo,Herramienta,(self),Sí,Sí,4,otros-construccion,—,Mantener; reforzar enlace a maestra de su familia,Baja
/calculadora-aire-acondicionado-frigorias-ambiente,calculadora-aire-acondicionado-frigorias-ambiente,¿Cuántas frigorías necesito para mi aire | Hacé Cuentas,¿Cuántas frigorías necesito para mi aire acondicionado?,construccion,CalcLayoutV2 ([...slug].astro),cuantas frigorias necesito,Herramienta,(self),Sí,Sí,3,otros-construccion,—,Mantener; reforzar enlace a maestra de su familia,Baja
/calculadora-corte-optimo-tablero,calculadora-corte-optimo-tablero,Calculadora de corte óptimo de tablero de MDF/melamina,Calculadora de corte óptimo de tablero de MDF/melamina,construccion,CalcLayoutV2 ([...slug].astro),corte optimo tablero,Herramienta,(self),Sí,Sí,3,otros-construccion,—,Mantener; reforzar enlace a maestra de su familia,Baja
/calculadora-electricidad-cable-amperaje-seccion,calculadora-electricidad-cable-amperaje-seccion,Seccion Cable Electrico segun Amperaje 2026 — Gratis,¿Qué sección de cable necesito según amperaje y distancia?,construccion,CalcLayoutV2 ([...slug].astro),seccion cable electrico,Herramienta,(self),Sí,Sí,3,otros-construccion,—,Mantener; reforzar enlace a maestra de su familia,Baja
/calculadora-barniz-aceite-m2-madera,calculadora-barniz-aceite-m2-madera,Cuánto barniz o aceite necesito por m² de madera 2026 | Hacé Cuentas,¿Cuánto barniz o aceite necesito por m² de madera?,construccion,CalcLayoutV2 ([...slug].astro),barniz madera m2,Herramienta,(self),Sí,Sí,2,otros-construccion,—,Mantener; reforzar enlace a maestra de su familia,Baja
/calculadora-capacidad-tanque-cisterna-litros,calculadora-capacidad-tanque-cisterna-litros,Calcular Capacidad en Litros de Cisterna o Tanque 2026 | Hacé Cuentas,¿Cuántos litros tiene mi tanque o cisterna?,construccion,CalcLayoutV2 ([...slug].astro),calcular litros tanque,Herramienta,(self),Sí,Sí,2,otros-construccion,—,Mantener; reforzar enlace a maestra de su familia,Baja
/calculadora-tejas-techo-m2,calculadora-tejas-techo-m2,Cuántas Tejas por m² Necesito: Calculadora 2026,¿Cuántas tejas necesito para mi techo?,construccion,CalcLayoutV2 ([...slug].astro),cuantas tejas por m2,Herramienta,(self),Sí,Sí,2,otros-construccion,—,Mantener; reforzar enlace a maestra de su familia,Baja
/calculadora-escalera-madera-huella-contrahuella,calculadora-escalera-madera-huella-contrahuella,Escalera de Madera: Huella y Contrahuella | Hacé Cuentas,Calculadora de escalera de madera por huella y contrahuella,construccion,CalcLayoutV2 ([...slug].astro),escalera madera calculadora,Herramienta,(self),Sí,Sí,1,otros-construccion,—,Mantener; reforzar enlace a maestra de su familia,Baja
/calculadora-impermeabilizacion-techo-membrana-rollos-m2-costo,calculadora-impermeabilizacion-techo-membrana-rollos-m2-costo,Calculadora Membrana Asfáltica Techo 2026 | Hacé Cuentas,"Calculadora de membrana asfáltica: rollos, pegamento y costo total",construccion,CalcLayoutV2 ([...slug].astro),impermeabilizacion techo membrana rollos,Herramienta,(self),Sí,Sí,1,otros-construccion,—,Mantener; reforzar enlace a maestra de su familia,Baja
/calculadora-cantidad-ladrillos-metro-cuadrado-pared,calculadora-cantidad-ladrillos-metro-cuadrado-pared,Calculadora Ladrillos por m² pared 2026 — Gratis,Ladrillos por m² pared,construccion,CalcLayoutV2 ([...slug].astro),calculadora ladrillos por m² pared 2026,Herramienta,(self),Sí,Sí,1,otros-construccion,—,Mantener; reforzar enlace a maestra de su familia,Baja
/calculadora-costo-m2-construccion-argentina,calculadora-costo-m2-construccion-argentina,Costo m² Construcción Argentina 2026: USD y ARS Actualizado,Costo de construcción por m² (Argentina),construccion,CalcLayoutV2 ([...slug].astro),costo construccion m2 argentina,Herramienta,(self),Sí,Sí,1,otros-construccion,—,Mantener; reforzar enlace a maestra de su familia,Baja
/calculadora-acero-kg-m2-losa,calculadora-acero-kg-m2-losa,Calculadora Hierro por m² de losa 2026 — Gratis,Hierro por m² de losa,construccion,CalcLayoutV2 ([...slug].astro),hierro por m² de losa,Herramienta,(self),Sí,Sí,0,otros-construccion,—,HUÉRFANA — agregar enlaces internos (hub + relacionadas),Media
/calculadora-aislacion-termica-k-minimo-zona,calculadora-aislacion-termica-k-minimo-zona,Calculadora Aislación térmica K mínimo por zona 2026,Aislación térmica K mínimo por zona,construccion,CalcLayoutV2 ([...slug].astro),aislacion termica k minimo zona,Herramienta,(self),Sí,Sí,0,otros-construccion,—,HUÉRFANA — agregar enlaces internos (hub + relacionadas),Media
/calculadora-arena-relleno-terreno-m3,calculadora-arena-relleno-terreno-m3,Calculadora de Arena para Relleno de Terreno 2026,Calculadora de Arena para Relleno de Terreno,construccion,CalcLayoutV2 ([...slug].astro),arena relleno terreno m3,Herramienta,(self),Sí,Sí,0,otros-construccion,—,HUÉRFANA — agregar enlaces internos (hub + relacionadas),Media
/calculadora-bisagras-tornillos-puerta-ventana-cantidad,calculadora-bisagras-tornillos-puerta-ventana-cantidad,Cuántas bisagras y tornillos necesito para una puerta 2026 | Hacé Cuentas,¿Cuántas bisagras y tornillos necesito para una puerta?,construccion,CalcLayoutV2 ([...slug].astro),calculadora bisagras tornillos puerta 2026,Herramienta,(self),Sí,Sí,0,otros-construccion,—,HUÉRFANA — agregar enlaces internos (hub + relacionadas),Media
/calculadora-bloques-hormigon-por-m2-pared,calculadora-bloques-hormigon-por-m2-pared,Calculadora de Bloques de Hormigón por m² 2026,Calculadora de Bloques de Hormigón por m²,construccion,CalcLayoutV2 ([...slug].astro),bloques de hormigon por m2,Herramienta,(self),Sí,Sí,0,otros-construccion,—,HUÉRFANA — agregar enlaces internos (hub + relacionadas),Media
/calculadora-bombeo-cisterna-tanque-watts,calculadora-bombeo-cisterna-tanque-watts,Potencia de bomba de agua: calculadora + tabla HP | Hacé Cuentas,Calculadora de potencia de bomba de agua (watts y HP),construccion,CalcLayoutV2 ([...slug].astro),potencia bomba de agua,Herramienta,(self),Sí,Sí,0,otros-construccion,—,HUÉRFANA — agregar enlaces internos (hub + relacionadas),Media
/calculadora-aislante-termico-pared-eps-lana-vidrio-recomendado,calculadora-aislante-termico-pared-eps-lana-vidrio-recomendado,"Aislante Térmico para Paredes: EPS, Lana de Vidrio y Poliuretano según IRAM | Hacé Cuentas",Calculadora de aislante térmico para paredes según zona bioclimática (IRAM 11605),construccion,CalcLayoutV2 ([...slug].astro),aislante termico pared eps lana vidrio,Herramienta,(self),Sí,Sí,0,otros-construccion,—,HUÉRFANA — agregar enlaces internos (hub + relacionadas),Media
/calculadora-m2-casa-planos-total-construido,calculadora-m2-casa-planos-total-construido,m² totales de casa según planos — Calculadora 2026,m² totales de casa — cubiertos + semicubiertos,construccion,CalcLayoutV2 ([...slug].astro),m2 casa planos,Herramienta,(self),Sí,Sí,0,otros-construccion,—,HUÉRFANA — agregar enlaces internos (hub + relacionadas),Media
/calculadora-paneles-solares-amortizacion-anos-argentina,calculadora-paneles-solares-amortizacion-anos-argentina,Paneles solares Argentina 2026: cuántos años para amortizar | Hacé Cuentas,¿Cuántos años tardás en amortizar paneles solares en Argentina?,construccion,CalcLayoutV2 ([...slug].astro),amortizacion paneles solares argentina,Herramienta,(self),Sí,Sí,0,otros-construccion,—,HUÉRFANA — agregar enlaces internos (hub + relacionadas),Media
/calculadora-revoque-cemento-cal-arena,calculadora-revoque-cemento-cal-arena,"Cemento, Cal y Arena para Revocar Pared | Hacé Cuentas","¿Cuánto cemento, cal y arena necesito para revocar mi pared?",construccion,CalcLayoutV2 ([...slug].astro),calcular revoque por m2,Herramienta,(self),Sí,Sí,0,otros-construccion,—,HUÉRFANA — agregar enlaces internos (hub + relacionadas),Media
/calculadora-caldera-kw-m2-calefaccion,calculadora-caldera-kw-m2-calefaccion,Calculadora Caldera kW por m² calefacción 2026,Caldera kW por m² calefacción,construccion,CalcLayoutV2 ([...slug].astro),caldera kw por m² calefacción,Herramienta,(self),Sí,Sí,0,otros-construccion,—,HUÉRFANA — agregar enlaces internos (hub + relacionadas),Media
/calculadora-calefaccion-btu-necesarios-ambiente,calculadora-calefaccion-btu-necesarios-ambiente,BTU Necesarios para Calefacción por Ambiente | Hacé Cuentas,Calculadora de BTU necesarios para calefacción por ambiente,construccion,CalcLayoutV2 ([...slug].astro),BTU calefacción,Herramienta,(self),Sí,Sí,0,otros-construccion,—,HUÉRFANA — agregar enlaces internos (hub + relacionadas),Media
/calculadora-calefon-termotanque-litros-personas,calculadora-calefon-termotanque-litros-personas,Calculadora Termotanque litros familia 2026 | Hacé Cuentas,Termotanque litros familia,construccion,CalcLayoutV2 ([...slug].astro),termotanque litros familia,Herramienta,(self),Sí,Sí,0,otros-construccion,—,HUÉRFANA — agregar enlaces internos (hub + relacionadas),Media
/calculadora-cano-agua-diametro-caudal,calculadora-cano-agua-diametro-caudal,Diámetro de caño según caudal 2026 | Hacé Cuentas,Diámetro de caño según caudal,construccion,CalcLayoutV2 ([...slug].astro),cano agua diametro caudal,Herramienta,(self),Sí,Sí,0,otros-construccion,—,HUÉRFANA — agregar enlaces internos (hub + relacionadas),Media
/calculadora-cano-estructural-peso-ml,calculadora-cano-estructural-peso-ml,Calculadora de Peso de Cano Estructural 2026 | Hacé Cuentas,Calculadora de Peso de Cano Estructural,construccion,CalcLayoutV2 ([...slug].astro),peso cano estructural por metro,Herramienta,(self),Sí,Sí,0,otros-construccion,—,HUÉRFANA — agregar enlaces internos (hub + relacionadas),Media
/calculadora-cantidad-ventanas-luz-natural-m2,calculadora-cantidad-ventanas-luz-natural-m2,Ventanas para Luz Natural: ¿Cuántas Necesito? 2026 | Hacé Cuentas,¿Cuántas Ventanas Necesito para Luz Natural según los m²?,construccion,CalcLayoutV2 ([...slug].astro),ventanas luz natural m2,Herramienta,(self),Sí,Sí,0,otros-construccion,—,HUÉRFANA — agregar enlaces internos (hub + relacionadas),Media
/calculadora-cemento-arena-piedra-por-m3-hormigon,calculadora-cemento-arena-piedra-por-m3-hormigon,"Cemento, arena y piedra por m³ de hormigón 2026","Cemento, arena y piedra por m³ de hormigón",construccion,CalcLayoutV2 ([...slug].astro),calculadora cemento por m3,Herramienta,(self),Sí,Sí,0,otros-construccion,—,HUÉRFANA — agregar enlaces internos (hub + relacionadas),Media
/calculadora-cerramiento-perimetro-casa-ladrillos-costo,calculadora-cerramiento-perimetro-casa-ladrillos-costo,Calculadora Cerramiento perimetral: ladrillos y costo 2026 | Hacé Cuentas,Calculadora de cerramiento perimetral con ladrillos,construccion,CalcLayoutV2 ([...slug].astro),calculadora cerramiento perimetral ladrillos,Herramienta,(self),Sí,Sí,0,otros-construccion,—,HUÉRFANA — agregar enlaces internos (hub + relacionadas),Media
/calculadora-cortinas-medir-tela-ventana-anchotelaje,calculadora-cortinas-medir-tela-ventana-anchotelaje,Tela para cortinas: calculadora exacta + tabla de telaje | Hacé Cuentas,¿Cuánta tela necesitás para cortinas? Calculadora + tabla completa,construccion,CalcLayoutV2 ([...slug].astro),cuánta tela para cortinas,Herramienta,(self),Sí,Sí,0,otros-construccion,—,HUÉRFANA — agregar enlaces internos (hub + relacionadas),Media
/calculadora-costo-medianera-muro-lindero,calculadora-costo-medianera-muro-lindero,Calculadora de Costo de Medianera 2026 — Gratis,Calculadora de Costo de Medianera,construccion,CalcLayoutV2 ([...slug].astro),costo medianera 2026,Herramienta,(self),Sí,Sí,0,otros-construccion,—,HUÉRFANA — agregar enlaces internos (hub + relacionadas),Media
/calculadora-diametro-caneria-agua-caudal,calculadora-diametro-caneria-agua-caudal,Calculadora de Diámetro de Cañería de Agua 2026,Calculadora de Diámetro de Cañería de Agua,construccion,CalcLayoutV2 ([...slug].astro),diametro caneria agua,Herramienta,(self),Sí,Sí,0,otros-construccion,—,HUÉRFANA — agregar enlaces internos (hub + relacionadas),Media
/calculadora-escalera-huella-contrahuella-ley-blondel,calculadora-escalera-huella-contrahuella-ley-blondel,Calculadora Escalera — ley de Blondel 2026 | Hacé Cuentas,Escalera — ley de Blondel,construccion,CalcLayoutV2 ([...slug].astro),escalera — ley de blondel,Herramienta,(self),Sí,Sí,0,otros-construccion,—,HUÉRFANA — agregar enlaces internos (hub + relacionadas),Media
/calculadora-espesor-vidrio-ventana-m2,calculadora-espesor-vidrio-ventana-m2,Calculadora de Espesor de Vidrio para Ventanas 2026,Calculadora de Espesor de Vidrio para Ventanas,construccion,CalcLayoutV2 ([...slug].astro),espesor vidrio ventana,Herramienta,(self),Sí,Sí,0,otros-construccion,—,HUÉRFANA — agregar enlaces internos (hub + relacionadas),Media
/calculadora-estante-peso-maximo-material,calculadora-estante-peso-maximo-material,Calculadora de peso máximo para estantes 2026 | Hacé Cuentas,Calculadora de peso máximo para estantes,construccion,CalcLayoutV2 ([...slug].astro),peso máximo estante,Herramienta,(self),Sí,Sí,0,otros-construccion,—,HUÉRFANA — agregar enlaces internos (hub + relacionadas),Media
/calculadora-impermeabilizante-membrana-m2-techo,calculadora-impermeabilizante-membrana-m2-techo,Calculadora de Impermeabilizante / Membrana por m² 2026,Calculadora de Impermeabilizante / Membrana por m²,construccion,CalcLayoutV2 ([...slug].astro),impermeabilizante por m2,Herramienta,(self),Sí,Sí,0,otros-construccion,—,HUÉRFANA — agregar enlaces internos (hub + relacionadas),Media
/calculadora-juntas-pastina-rejuntado-ceramicos-kg,calculadora-juntas-pastina-rejuntado-ceramicos-kg,Calculadora Pastina rejuntado m² 2026 — Gratis,Pastina rejuntado m²,construccion,CalcLayoutV2 ([...slug].astro),pastina rejuntado m²,Herramienta,(self),Sí,Sí,0,otros-construccion,—,HUÉRFANA — agregar enlaces internos (hub + relacionadas),Media
/calculadora-ladrillos-por-m2-construccion,calculadora-ladrillos-por-m2-construccion,Ladrillos por m²: calculadora online 2026 | Hacé Cuentas,¿Cuántos ladrillos necesito por m²?,construccion,CalcLayoutV2 ([...slug].astro),cuantos ladrillos por m2,Herramienta,(self),Sí,Sí,0,otros-construccion,—,HUÉRFANA — agregar enlaces internos (hub + relacionadas),Media
/calculadora-malla-sima-losa-m2,calculadora-malla-sima-losa-m2,Calculadora de Malla Electrosoldada para Losa 2026,Calculadora de Malla Electrosoldada para Losa,construccion,CalcLayoutV2 ([...slug].astro),malla sima losa m2,Herramienta,(self),Sí,Sí,0,otros-construccion,—,HUÉRFANA — agregar enlaces internos (hub + relacionadas),Media
/calculadora-membrana-asfaltica-rollos,calculadora-membrana-asfaltica-rollos,Calculadora Rollos membrana asfáltica 2026 | Hacé Cuentas,Rollos membrana asfáltica,construccion,CalcLayoutV2 ([...slug].astro),membrana asfaltica rollos,Herramienta,(self),Sí,Sí,0,otros-construccion,—,HUÉRFANA — agregar enlaces internos (hub + relacionadas),Media
/calculadora-mortero-juntas-ladrillos-m2-pared,calculadora-mortero-juntas-ladrillos-m2-pared,Calculadora de Mortero para Juntas de Ladrillos 2026,Calculadora de Mortero para Juntas de Ladrillos,construccion,CalcLayoutV2 ([...slug].astro),mortero juntas ladrillos,Herramienta,(self),Sí,Sí,0,otros-construccion,—,HUÉRFANA — agregar enlaces internos (hub + relacionadas),Media
/calculadora-panel-solar-kw-consumo-hogar-autoconsumo,calculadora-panel-solar-kw-consumo-hogar-autoconsumo,Calculadora Panel solar kW hogar 2026 — Gratis,Panel solar kW hogar,construccion,CalcLayoutV2 ([...slug].astro),calculadora panel solar kw hogar 2026,Herramienta,(self),Sí,Sí,0,otros-construccion,—,HUÉRFANA — agregar enlaces internos (hub + relacionadas),Media
/calculadora-porcelanato-liquido-litros-m2,calculadora-porcelanato-liquido-litros-m2,Calculadora de Porcelanato Liquido por m² 2026,Calculadora de Porcelanato Liquido por m²,construccion,CalcLayoutV2 ([...slug].astro),porcelanato liquido litros m2,Herramienta,(self),Sí,Sí,0,otros-construccion,—,HUÉRFANA — agregar enlaces internos (hub + relacionadas),Media
/calculadora-revoque-grueso-m3-m2,calculadora-revoque-grueso-m3-m2,Calculadora Arena/cemento para revoque grueso 2026,Arena/cemento para revoque grueso,construccion,CalcLayoutV2 ([...slug].astro),calculadora arena/cemento para revoque grueso 2026,Herramienta,(self),Sí,Sí,0,otros-construccion,—,HUÉRFANA — agregar enlaces internos (hub + relacionadas),Media
/calculadora-tablero-melamina-cortes-aprovechamiento,calculadora-tablero-melamina-cortes-aprovechamiento,Calculadora Tablero melamina cortes 2026 | Hacé Cuentas,Tablero melamina cortes,construccion,CalcLayoutV2 ([...slug].astro),tablero melamina cortes,Herramienta,(self),Sí,Sí,0,otros-construccion,—,HUÉRFANA — agregar enlaces internos (hub + relacionadas),Media
/calculadora-tanque-agua-litros-personas,calculadora-tanque-agua-litros-personas,Calculadora Tanque agua L por personas 2026 | Hacé Cuentas,Tanque agua L por personas,construccion,CalcLayoutV2 ([...slug].astro),tanque agua l por personas,Herramienta,(self),Sí,Sí,0,otros-construccion,—,HUÉRFANA — agregar enlaces internos (hub + relacionadas),Media
/calculadora-ventilacion-renovaciones-aire-hora,calculadora-ventilacion-renovaciones-aire-hora,Calculadora de renovaciones de aire por hora 2026,Calculadora de renovaciones de aire por hora,construccion,CalcLayoutV2 ([...slug].astro),ventilación renovaciones hora,Herramienta,(self),Sí,Sí,0,otros-construccion,—,HUÉRFANA — agregar enlaces internos (hub + relacionadas),Media
/calculadora-viga-hormigon-h-b-dimensiones,calculadora-viga-hormigon-h-b-dimensiones,Calculadora Dimensionado viga hormigón 2026 | Hacé Cuentas,Dimensionado viga hormigón,construccion,CalcLayoutV2 ([...slug].astro),dimensionado viga hormigón,Herramienta,(self),Sí,Sí,0,otros-construccion,—,HUÉRFANA — agregar enlaces internos (hub + relacionadas),Media
/calculadora-volumen-excavacion-m3-tierra,calculadora-volumen-excavacion-m3-tierra,Calculadora de Volumen de Excavación 2026 | Hacé Cuentas,Calculadora de Volumen de Excavación,construccion,CalcLayoutV2 ([...slug].astro),volumen excavacion m3,Herramienta,(self),Sí,Sí,0,otros-construccion,—,HUÉRFANA — agregar enlaces internos (hub + relacionadas),Media
/calculadora-zapata-corrida-m3-hormigon,calculadora-zapata-corrida-m3-hormigon,Calculadora Zapata corrida — m³ hormigón 2026 | Hacé Cuentas,Zapata corrida — m³ hormigón,construccion,CalcLayoutV2 ([...slug].astro),zapata corrida — m³ hormigón,Herramienta,(self),Sí,Sí,0,otros-construccion,—,HUÉRFANA — agregar enlaces internos (hub + relacionadas),Media
/calculadora-costo-mensual-aire-acondicionado-consumo-kwh-factura,calculadora-costo-mensual-aire-acondicionado-consumo-kwh-factura,¿Cuánto gasta un aire acondicionado? Calculadora kWh + tabla 2026 | Hacé Cuentas,¿Cuánto gasta un aire acondicionado? Calculá el costo mensual en tu factura,hogar,CalcLayoutV2 ([...slug].astro),cuanto gasta un aire acondicionado,Herramienta,(self),Sí,Sí,4,otros-hogar,—,Mantener; reforzar enlace a maestra de su familia,Baja
/calculadora-tiempo-evaporacion-piscina-litros-dia,calculadora-tiempo-evaporacion-piscina-litros-dia,Evaporación de Piscina en Litros por Día: calculadora + tabla | Hacé Cuentas,¿Cuánto evapora una piscina por día? Calculadora en litros,hogar,CalcLayoutV2 ([...slug].astro),cuanto evapora una piscina por dia,Herramienta,(self),Sí,Sí,4,otros-hogar,pileta-mant,"Cluster ""pileta-mant"" — enlazar a la maestra, evaluar canonical",Alta
/calculadora-captacion-agua-lluvia-m2-techo-litros,calculadora-captacion-agua-lluvia-m2-techo-litros,Calculadora de Captación de Agua de Lluvia por Techo,Calculadora de Captación de Agua de Lluvia (m² × mm → Litros),hogar,CalcLayoutV2 ([...slug].astro),captacion agua lluvia calculadora,Herramienta,(self),Sí,Sí,3,otros-hogar,—,Mantener; reforzar enlace a maestra de su familia,Baja
/calculadora-piscina-cloro-mantenimiento-mensual-litros-tamano,calculadora-piscina-cloro-mantenimiento-mensual-litros-tamano,Cloro para Piscina: calculadora de dosis mensual + tabla | Hacé Cuentas,¿Cuánto cloro necesita tu piscina? Calculadora de dosis mensual,hogar,CalcLayoutV2 ([...slug].astro),cuanto cloro piscina,Herramienta,(self),Sí,Sí,3,otros-hogar,pileta-mant,"Cluster ""pileta-mant"" — enlazar a la maestra, evaluar canonical",Alta
/calculadora-consumo-standby-aparatos,calculadora-consumo-standby-aparatos,Consumo en standby: cuánto gastan los aparatos apagados 2026 | Hacé Cuentas,Consumo en standby: cuánto gastan tus aparatos apagados pero enchufados,hogar,CalcLayoutV2 ([...slug].astro),consumo standby aparatos,Herramienta,(self),Sí,Sí,2,otros-hogar,—,Mantener; reforzar enlace a maestra de su familia,Baja
/calculadora-costo-aire-calefactor-toda-la-noche,calculadora-costo-aire-calefactor-toda-la-noche,Costo de dejar el aire/calefactor toda la noche 2026 | Hacé Cuentas,¿Cuánto cuesta dejar el aire o calefactor prendido toda la noche?,hogar,CalcLayoutV2 ([...slug].astro),cuanto cuesta dejar el aire toda la noche,Herramienta,(self),Sí,Sí,2,otros-hogar,—,Mantener; reforzar enlace a maestra de su familia,Baja
/calculadora-tiempo-secado-ropa-aire-libre-horas,calculadora-tiempo-secado-ropa-aire-libre-horas,Tiempo secado ropa al aire libre 2026 — Horas,Calculadora de Tiempo de Secado de Ropa al Aire Libre,hogar,CalcLayoutV2 ([...slug].astro),secado ropa aire libre horas,Herramienta,(self),Sí,Sí,2,otros-hogar,—,Mantener; reforzar enlace a maestra de su familia,Baja
/calculadora-grados-dia-calefaccion-refrigeracion-hdd-cdd-consumo,calculadora-grados-dia-calefaccion-refrigeracion-hdd-cdd-consumo,Calculadora Grados-Día HDD y CDD (Calefacción y AC),Calculadora de Grados-Día de Calefacción (HDD) y Refrigeración (CDD),hogar,CalcLayoutV2 ([...slug].astro),grados dia calefaccion,Herramienta,(self),Sí,Sí,1,otros-hogar,—,Mantener; reforzar enlace a maestra de su familia,Baja
/calculadora-tarifa-electrica-edenor-edesur-segmentacion-n1-n2-n3,calculadora-tarifa-electrica-edenor-edesur-segmentacion-n1-n2-n3,Factura Luz Edenor/Edesur 2026 — Subsidio SEF (ex N1/N2/N3),Calculá tu factura de luz Edenor/Edesur con el esquema SEF 2026,hogar,CalcLayoutV2 ([...slug].astro),tarifa electrica edenor edesur 2026,Herramienta,(self),Sí,Sí,1,otros-hogar,—,Mantener; reforzar enlace a maestra de su familia,Baja
/calculadora-tarifa-gas-metrogas-naturgy-cuadro-2026,calculadora-tarifa-gas-metrogas-naturgy-cuadro-2026,Factura Gas Metrogas/Naturgy 2026 | Hacé Cuentas,Calculadora de factura de gas Metrogas/Naturgy 2026,hogar,CalcLayoutV2 ([...slug].astro),tarifa gas metrogas naturgy,Herramienta,(self),Sí,Sí,1,otros-hogar,—,Mantener; reforzar enlace a maestra de su familia,Baja
/calculadora-plantas-purificar-aire-habitacion,calculadora-plantas-purificar-aire-habitacion,Cuántas plantas para purificar el aire 2026 | Hacé Cuentas,Calculadora de plantas para purificar el aire de una habitación,hogar,CalcLayoutV2 ([...slug].astro),cuantas plantas para purificar el aire,Herramienta,(self),Sí,Sí,0,otros-hogar,—,HUÉRFANA — agregar enlaces internos (hub + relacionadas),Media
/calculadora-macetas-tamano-planta,calculadora-macetas-tamano-planta,Calculadora Tamaño maceta ideal por planta 2026,Tamaño maceta ideal por planta,jardineria,CalcLayoutV2 ([...slug].astro),tamaño maceta ideal por planta,Herramienta,(self),Sí,Sí,1,otros-jardineria,—,Mantener; reforzar enlace a maestra de su familia,Baja
/calculadora-tierra-maceta-litros-volumen,calculadora-tierra-maceta-litros-volumen,Cuántos Litros de Tierra Necesita tu Maceta — Calculadora,Calculadora de litros de tierra para maceta o cantero,jardineria,CalcLayoutV2 ([...slug].astro),litros tierra maceta,Herramienta,(self),Sí,Sí,1,otros-jardineria,—,Mantener; reforzar enlace a maestra de su familia,Baja
/calculadora-arbol-frutal-produccion-kg-anual,calculadora-arbol-frutal-produccion-kg-anual,Producción de árboles frutales en kg por año | Hacé Cuentas,Producción de árboles frutales en kg por año,jardineria,CalcLayoutV2 ([...slug].astro),producción árbol frutal,Herramienta,(self),Sí,Sí,0,otros-jardineria,—,HUÉRFANA — agregar enlaces internos (hub + relacionadas),Media
/calculadora-germinacion-tiempo-temperatura,calculadora-germinacion-tiempo-temperatura,Germinación por temperatura: días por especie + tabla | Hacé Cuentas,Calculadora de germinación: días según temperatura del suelo,jardineria,CalcLayoutV2 ([...slug].astro),días germinación temperatura,Herramienta,(self),Sí,Sí,0,otros-jardineria,—,HUÉRFANA — agregar enlaces internos (hub + relacionadas),Media
/calculadora-heladas-fecha-primera-ultima-zona,calculadora-heladas-fecha-primera-ultima-zona,Fecha de primera y última helada por zona | Hacé Cuentas,Calculadora de fecha de primera y última helada por zona,jardineria,CalcLayoutV2 ([...slug].astro),fecha helada argentina,Herramienta,(self),Sí,Sí,0,otros-jardineria,—,HUÉRFANA — agregar enlaces internos (hub + relacionadas),Media
/calculadora-hidroponia-nutrientes-ec-ppm,calculadora-hidroponia-nutrientes-ec-ppm,Calculadora Nutrientes hidroponía EC/ppm 2026 | Hacé Cuentas,Nutrientes hidroponía EC/ppm,jardineria,CalcLayoutV2 ([...slug].astro),calculadora nutrientes hidroponía ec/ppm 2026,Herramienta,(self),Sí,Sí,0,otros-jardineria,—,HUÉRFANA — agregar enlaces internos (hub + relacionadas),Media
/calculadora-lombriz-compostera-cantidad-necesaria,calculadora-lombriz-compostera-cantidad-necesaria,¿Cuántas lombrices necesito para mi compostera? Calculadora + tabla | Hacé Cuentas,¿Cuántas lombrices necesito para mi compostera?,jardineria,CalcLayoutV2 ([...slug].astro),cuántas lombrices necesito compostera,Herramienta,(self),Sí,Sí,0,otros-jardineria,—,HUÉRFANA — agregar enlaces internos (hub + relacionadas),Media
/calculadora-luz-solar-horas-planta,calculadora-luz-solar-horas-planta,Calculadora Horas de sol por planta 2026 | Hacé Cuentas,Horas de sol por planta,jardineria,CalcLayoutV2 ([...slug].astro),luz solar horas planta,Herramienta,(self),Sí,Sí,0,otros-jardineria,—,HUÉRFANA — agregar enlaces internos (hub + relacionadas),Media
/calculadora-mulching-espesor-cantidad,calculadora-mulching-espesor-cantidad,Cuánto mulch necesito por m²: calculadora + tabla | Hacé Cuentas,Calculadora de mulching: m³ y kg según superficie y espesor,jardineria,CalcLayoutV2 ([...slug].astro),cuánto mulch necesito,Herramienta,(self),Sí,Sí,0,otros-jardineria,—,HUÉRFANA — agregar enlaces internos (hub + relacionadas),Media
/calculadora-ph-suelo-correccion-calcio,calculadora-ph-suelo-correccion-calcio,Calculadora pH suelo — dosis cal agrícola 2026,pH suelo — dosis cal agrícola,jardineria,CalcLayoutV2 ([...slug].astro),ph suelo correccion calcio,Herramienta,(self),Sí,Sí,0,otros-jardineria,—,HUÉRFANA — agregar enlaces internos (hub + relacionadas),Media
/calculadora-poda-frecuencia-arbol-especie,calculadora-poda-frecuencia-arbol-especie,Frecuencia de poda según especie de árbol | Hacé Cuentas,Calculadora de frecuencia de poda según especie de árbol,jardineria,CalcLayoutV2 ([...slug].astro),poda árboles frecuencia,Herramienta,(self),Sí,Sí,0,otros-jardineria,—,HUÉRFANA — agregar enlaces internos (hub + relacionadas),Media
/calculadora-podar-rosal-cuando-fecha,calculadora-podar-rosal-cuando-fecha,Calculadora ¿Cuándo podar rosal? 2026 — Gratis,¿Cuándo podar rosal?,jardineria,CalcLayoutV2 ([...slug].astro),podar rosal cuando fecha,Herramienta,(self),Sí,Sí,0,otros-jardineria,—,HUÉRFANA — agregar enlaces internos (hub + relacionadas),Media
/calculadora-sustrato-mezcla-proporciones,calculadora-sustrato-mezcla-proporciones,Mezcla de sustrato: proporciones por tipo de planta + tabla | Hacé Cuentas,Calculadora de mezcla de sustrato: proporciones exactas por tipo de planta,jardineria,CalcLayoutV2 ([...slug].astro),mezcla sustrato proporciones,Herramienta,(self),Sí,Sí,0,otros-jardineria,—,HUÉRFANA — agregar enlaces internos (hub + relacionadas),Media
/calculadora-calorias-perro-por-raza-edad,calculadora-calorias-perro-por-raza-edad,"Calorías diarias del perro por raza, edad y actividad 2026","Calorías diarias del perro según raza, edad y actividad",mascotas,CalcLayoutV2 ([...slug].astro),calorias perro,Herramienta,(self),Sí,Sí,14,otros-mascotas,—,Mantener; reforzar enlace a maestra de su familia,Baja
/calculadora-vacunas-perro-calendario-cachorro,calculadora-vacunas-perro-calendario-cachorro,Calendario de Vacunas del Perro Cachorro 2026 | Hacé Cuentas,Calendario de vacunas del perro: cachorro y adulto,mascotas,CalcLayoutV2 ([...slug].astro),calendario vacunas perro,Herramienta,(self),Sí,No,7,otros-mascotas,—,Mantener; reforzar enlace a maestra de su familia,Baja
/calculadora-peso-ideal-golden-retriever,calculadora-peso-ideal-golden-retriever,Cuánto Debe Pesar un Golden Retriever — Tabla por Edad y Sexo,¿Cuánto debe pesar un Golden Retriever adulto?,mascotas,CalcLayoutV2 ([...slug].astro),peso ideal golden retriever,Herramienta,(self),Sí,Sí,6,otros-mascotas,—,Mantener; reforzar enlace a maestra de su familia,Baja
/calculadora-peso-ideal-labrador-retriever,calculadora-peso-ideal-labrador-retriever,Cuánto Pesa un Labrador — Tabla de Peso por Edad,Peso ideal del Labrador adulto,mascotas,CalcLayoutV2 ([...slug].astro),peso ideal labrador retriever,Herramienta,(self),Sí,Sí,6,otros-mascotas,—,Mantener; reforzar enlace a maestra de su familia,Baja
/calculadora-peso-ideal-beagle,calculadora-peso-ideal-beagle,Cuánto Debe Pesar un Beagle Adulto — Tabla de Peso Ideal,Peso ideal del Beagle adulto,mascotas,CalcLayoutV2 ([...slug].astro),peso ideal beagle,Herramienta,(self),Sí,Sí,5,otros-mascotas,—,Mantener; reforzar enlace a maestra de su familia,Baja
/calculadora-peso-ideal-husky-siberiano,calculadora-peso-ideal-husky-siberiano,Tabla de Peso del Husky Siberiano — Ideal por Edad y Sexo,Peso ideal del Husky siberiano adulto,mascotas,CalcLayoutV2 ([...slug].astro),peso ideal husky siberiano,Herramienta,(self),Sí,Sí,5,otros-mascotas,—,Mantener; reforzar enlace a maestra de su familia,Baja
/calculadora-peso-ideal-pitbull,calculadora-peso-ideal-pitbull,Cuánto Pesa un Pitbull por Edad — Tabla cachorro y adulto,Peso ideal del Pitbull adulto,mascotas,CalcLayoutV2 ([...slug].astro),peso ideal pitbull (american pit bull terrier),Herramienta,(self),Sí,Sí,5,otros-mascotas,—,Mantener; reforzar enlace a maestra de su familia,Baja
/calculadora-peso-ideal-rottweiler,calculadora-peso-ideal-rottweiler,Peso del Rottweiler por Edad: cachorro y adulto — Tabla,Peso ideal del Rottweiler adulto,mascotas,CalcLayoutV2 ([...slug].astro),peso ideal rottweiler,Herramienta,(self),Sí,Sí,5,otros-mascotas,—,Mantener; reforzar enlace a maestra de su familia,Baja
/calculadora-peso-ideal-bulldog-frances,calculadora-peso-ideal-bulldog-frances,Peso Ideal del Bulldog Francés — Tabla por Edad y Sexo,Peso ideal del Bulldog francés adulto,mascotas,CalcLayoutV2 ([...slug].astro),peso ideal bulldog francés,Herramienta,(self),Sí,Sí,4,otros-mascotas,—,Mantener; reforzar enlace a maestra de su familia,Baja
/calculadora-peso-ideal-bulldog-ingles,calculadora-peso-ideal-bulldog-ingles,Cuánto Pesa un Bulldog Inglés — Tabla por Edad y Sexo,Peso ideal del Bulldog inglés adulto,mascotas,CalcLayoutV2 ([...slug].astro),peso ideal bulldog inglés,Herramienta,(self),Sí,Sí,4,otros-mascotas,—,Mantener; reforzar enlace a maestra de su familia,Baja
/calculadora-peso-ideal-yorkshire-terrier,calculadora-peso-ideal-yorkshire-terrier,Cuánto Debe Pesar un Yorkshire — Tabla por Edad y Sexo,Peso ideal del Yorkshire adulto,mascotas,CalcLayoutV2 ([...slug].astro),peso ideal yorkshire terrier,Herramienta,(self),Sí,Sí,4,otros-mascotas,—,Mantener; reforzar enlace a maestra de su familia,Baja
/calculadora-peso-ideal-boxer,calculadora-peso-ideal-boxer,Cuánto Pesa un Boxer Adulto — Peso Ideal por Sexo,Peso ideal del Boxer adulto,mascotas,CalcLayoutV2 ([...slug].astro),peso ideal boxer,Herramienta,(self),Sí,Sí,3,otros-mascotas,—,Mantener; reforzar enlace a maestra de su familia,Baja
/calculadora-peso-ideal-dachshund-salchicha,calculadora-peso-ideal-dachshund-salchicha,Peso Ideal Dachshund Salchicha 2026 — Tabla Gratis,Peso ideal del Salchicha adulto,mascotas,CalcLayoutV2 ([...slug].astro),peso ideal dachshund (salchicha),Herramienta,(self),Sí,Sí,3,otros-mascotas,—,Mantener; reforzar enlace a maestra de su familia,Baja
/calculadora-peso-ideal-gato-raza,calculadora-peso-ideal-gato-raza,Calculadora de Peso Ideal del Gato por Raza 2026,"Peso ideal del gato según raza, sexo y contextura",mascotas,CalcLayoutV2 ([...slug].astro),peso ideal gato,Herramienta,(self),Sí,Sí,3,otros-mascotas,—,Mantener; reforzar enlace a maestra de su familia,Baja
/calculadora-peso-ideal-pastor-aleman,calculadora-peso-ideal-pastor-aleman,¿Cuánto debe pesar un Pastor Alemán? Calculadora + tabla | Hacé Cuentas,¿Cuánto debe pesar un Pastor Alemán? Calculadora de peso ideal,mascotas,CalcLayoutV2 ([...slug].astro),cuanto debe pesar un pastor alemán,Herramienta,(self),Sí,Sí,3,otros-mascotas,—,Mantener; reforzar enlace a maestra de su familia,Baja
/calculadora-dosis-antiparasitario-perro-gato-peso,calculadora-dosis-antiparasitario-perro-gato-peso,Calculadora de dosis antiparasitario para perro y gato,Calculadora de dosis antiparasitario para perro y gato,mascotas,CalcLayoutV2 ([...slug].astro),dosis antiparasitario perro,Herramienta,(self),No (noindex),No,0,otros-mascotas,—,Restringida (noindex) — no promover,Baja
/calculadora-dosis-antipulgas-peso-mascota,calculadora-dosis-antipulgas-peso-mascota,Dosis Antipulgas según Peso de Mascota | Hacé Cuentas,Calculadora de dosis antipulgas según el peso de tu mascota,mascotas,CalcLayoutV2 ([...slug].astro),dosis antipulgas perro peso,Herramienta,(self),No (noindex),No,0,otros-mascotas,—,Restringida (noindex) — no promover,Baja
/calculadora-dosis-medicamento-mascota-por-peso,calculadora-dosis-medicamento-mascota-por-peso,Calculadora de Dosis para Mascota por Peso 2026,Dosis de medicamento por peso de mascota,mascotas,CalcLayoutV2 ([...slug].astro),dosis medicamento perro,Herramienta,(self),No (noindex),No,0,otros-mascotas,—,Restringida (noindex) — no promover,Baja
/calculadora-vacunas-gato-calendario-gatito,calculadora-vacunas-gato-calendario-gatito,Calendario de Vacunas del Gato y Gatito 2026 | Hacé Cuentas,Calendario de vacunas del gato: gatito y adulto,mascotas,CalcLayoutV2 ([...slug].astro),calendario vacunas gato,Herramienta,(self),Sí,Sí,0,otros-mascotas,—,HUÉRFANA — agregar enlaces internos (hub + relacionadas),Media
/calculadora-vacunas-perro-calendario,calculadora-vacunas-perro-calendario,Calendario de Vacunas para Perros Argentina 2026,Calendario de Vacunas para Perros en Argentina,mascotas,CalcLayoutV2 ([...slug].astro),vacunas perro calendario,Herramienta,(self),Sí,Sí,0,otros-mascotas,—,HUÉRFANA — agregar enlaces internos (hub + relacionadas),Media
/calculadora-vacaciones-bariloche-presupuesto-7-dias-familia,calculadora-vacaciones-bariloche-presupuesto-7-dias-familia,Cuánto cuesta Bariloche 7 días en familia 2026 + tabla | Hacé Cuentas,Cuánto cuesta Bariloche 7 días en familia (presupuesto 2026),viajes,CalcLayoutV2 ([...slug].astro),cuanto cuesta bariloche 7 dias familia,Herramienta,(self),Sí,Sí,8,otros-viajes,—,Mantener; reforzar enlace a maestra de su familia,Baja
/calculadora-visa-usa-costo-tiempo-pasaporte,calculadora-visa-usa-costo-tiempo-pasaporte,"Precio Visa USA 2026 — costo B1/B2, tiempos y pasos","Visa USA: costo, tiempo y requisitos",viajes,CalcLayoutV2 ([...slug].astro),visa usa costo,Herramienta,(self),Sí,Sí,8,otros-viajes,—,Mantener; reforzar enlace a maestra de su familia,Baja
/calculadora-presupuesto-diario-mochilero-ciudad,calculadora-presupuesto-diario-mochilero-ciudad,¿Cuánto gasta un mochilero por día? Calculadora por ciudad + tabla | Hacé Cuentas,Calculadora de presupuesto diario mochilero por ciudad,viajes,CalcLayoutV2 ([...slug].astro),cuanto gasta un mochilero por dia,Herramienta,(self),Sí,Sí,8,otros-viajes,—,Mantener; reforzar enlace a maestra de su familia,Baja
/calculadora-pasaporte-renovacion-costo-tiempo,calculadora-pasaporte-renovacion-costo-tiempo,Renovacion Pasaporte 2026 — Costo y Tiempo Gratis,Renovación de pasaporte: costo y tiempo,viajes,CalcLayoutV2 ([...slug].astro),renovar pasaporte costo,Herramienta,(self),Sí,Sí,7,otros-viajes,—,Mantener; reforzar enlace a maestra de su familia,Baja
/calculadora-valor-millas-punto-centavos,calculadora-valor-millas-punto-centavos,Calcular valor de millas en centavos (CPM) + tabla de referencia | Hacé Cuentas,Calculadora de valor de millas en centavos (CPM),viajes,CalcLayoutV2 ([...slug].astro),valor millas centavos,Herramienta,(self),Sí,Sí,7,otros-viajes,—,Mantener; reforzar enlace a maestra de su familia,Baja
/calculadora-check-in-anticipo-horas-aeropuerto,calculadora-check-in-anticipo-horas-aeropuerto,¿Cuánto antes llegar al aeropuerto? 2026 | Hacé Cuentas,¿Cuánto antes llegar al aeropuerto?,viajes,CalcLayoutV2 ([...slug].astro),cuanto antes llegar aeropuerto 2026,Herramienta,(self),Sí,Sí,6,otros-viajes,—,Mantener; reforzar enlace a maestra de su familia,Baja
/calculadora-millas-american-aa-destino,calculadora-millas-american-aa-destino,Millas American Airlines AAdvantage por destino 2026,Millas American Airlines AAdvantage por destino,viajes,CalcLayoutV2 ([...slug].astro),millas american airlines,Herramienta,(self),Sí,Sí,6,otros-viajes,—,Mantener; reforzar enlace a maestra de su familia,Baja
/calculadora-millas-latam-destino,calculadora-millas-latam-destino,Simulador de Millas LATAM 2026 — LATAM Pass por destino,Millas LATAM LATAM Pass por destino,viajes,CalcLayoutV2 ([...slug].astro),millas latam,Herramienta,(self),Sí,Sí,4,otros-viajes,—,Mantener; reforzar enlace a maestra de su familia,Baja
/calculadora-millas-avianca-lifemiles,calculadora-millas-avianca-lifemiles,Calculadora de Millas Avianca 2026 — LifeMiles,Millas Avianca LifeMiles por destino,viajes,CalcLayoutV2 ([...slug].astro),millas avianca,Herramienta,(self),Sí,Sí,3,otros-viajes,—,Mantener; reforzar enlace a maestra de su familia,Baja
/calculadora-vacunas-obligatorias-destino-viaje,calculadora-vacunas-obligatorias-destino-viaje,Vacunas obligatorias por país 2026 | Hacé Cuentas,Vacunas obligatorias por país de destino 2026,viajes,CalcLayoutV2 ([...slug].astro),vacunas viaje,Herramienta,(self),Sí,Sí,3,otros-viajes,—,Mantener; reforzar enlace a maestra de su familia,Baja
/calculadora-visa-china-turista-costo,calculadora-visa-china-turista-costo,"Precio Visa China 2026: costo, plazos y requisitos (L)","Visa China Turista (L): costo, tiempo y requisitos",viajes,CalcLayoutV2 ([...slug].astro),visa china turista,Herramienta,(self),Sí,Sí,3,otros-viajes,—,Mantener; reforzar enlace a maestra de su familia,Baja
/calculadora-visa-schengen-europa-requisitos,calculadora-visa-schengen-europa-requisitos,¿Necesito visa para Europa? Schengen y ETIAS 2026 | Hacé Cuentas,"¿Necesito visa para Europa? Schengen, ETIAS y costos 2026",viajes,CalcLayoutV2 ([...slug].astro),necesito visa para europa,Herramienta,(self),Sí,Sí,3,otros-viajes,—,Mantener; reforzar enlace a maestra de su familia,Baja
/calculadora-escala-suficiente-tiempo,calculadora-escala-suficiente-tiempo,¿Mi escala tiene tiempo suficiente? 2026 | Hacé Cuentas,¿Mi escala tiene tiempo suficiente?,viajes,CalcLayoutV2 ([...slug].astro),escala tiempo suficiente,Herramienta,(self),Sí,Sí,2,otros-viajes,—,Mantener; reforzar enlace a maestra de su familia,Baja
/calculadora-esta-usa-requisitos,calculadora-esta-usa-requisitos,"ESTA USA 2026: Requisitos, Costo y Países Elegibles | Hacé Cuentas","ESTA USA 2026: requisitos, costo y países elegibles",viajes,CalcLayoutV2 ([...slug].astro),esta usa,Herramienta,(self),Sí,Sí,2,otros-viajes,—,Mantener; reforzar enlace a maestra de su familia,Baja
/calculadora-eta-canada-requisitos,calculadora-eta-canada-requisitos,Calculadora ETA Canadá 2026 — Requisitos y Costo Gratis,"ETA Canadá: requisitos, costo y pasaporte",viajes,CalcLayoutV2 ([...slug].astro),eta canada,Herramienta,(self),Sí,Sí,2,otros-viajes,—,Mantener; reforzar enlace a maestra de su familia,Baja
/calculadora-puntos-amex-membership-rewards,calculadora-puntos-amex-membership-rewards,Calculadora de Puntos Amex Membership Rewards 2026,Puntos Amex Membership Rewards: valor y transferencias,viajes,CalcLayoutV2 ([...slug].astro),amex membership rewards,Herramienta,(self),Sí,Sí,2,otros-viajes,—,Mantener; reforzar enlace a maestra de su familia,Baja
/calculadora-traslado-aeropuerto-ciudad-tiempo,calculadora-traslado-aeropuerto-ciudad-tiempo,Calculadora de Traslado Aeropuerto-Ciudad 2026,Tiempo de traslado aeropuerto a ciudad,viajes,CalcLayoutV2 ([...slug].astro),traslado aeropuerto ciudad,Herramienta,(self),Sí,Sí,2,otros-viajes,—,Mantener; reforzar enlace a maestra de su familia,Baja
/calculadora-vacuna-fiebre-amarilla-cuanto-antes,calculadora-vacuna-fiebre-amarilla-cuanto-antes,Vacuna Fiebre Amarilla Cuánto Antes 2026 Online,Fiebre amarilla: ¿cuánto antes aplicarme?,viajes,CalcLayoutV2 ([...slug].astro),fiebre amarilla antes viaje,Herramienta,(self),Sí,Sí,2,otros-viajes,—,Mantener; reforzar enlace a maestra de su familia,Baja
/calculadora-millas-united-mileageplus,calculadora-millas-united-mileageplus,Calculadora de Millas United 2026 — MileagePlus,Millas United MileagePlus por destino,viajes,CalcLayoutV2 ([...slug].astro),millas united,Herramienta,(self),Sí,Sí,1,otros-viajes,—,Mantener; reforzar enlace a maestra de su familia,Baja
/calculadora-visa-japon-argentino,calculadora-visa-japon-argentino,Visa Japón Argentinos y Latinos 2026 — Calculá Gratis,"Visa Japón: ¿necesito, cuánto cuesta?",viajes,CalcLayoutV2 ([...slug].astro),visa japon argentino,Herramienta,(self),Sí,Sí,1,otros-viajes,—,Mantener; reforzar enlace a maestra de su familia,Baja
/calculadora-adaptador-enchufe-voltaje-pais,calculadora-adaptador-enchufe-voltaje-pais,¿Que Adaptador de Enchufe Necesitas? 2026 | Hacé Cuentas,¿Que Adaptador de Enchufe Necesitas?,viajes,CalcLayoutV2 ([...slug].astro),adaptador enchufe viaje,Herramienta,(self),Sí,Sí,0,otros-viajes,—,HUÉRFANA — agregar enlaces internos (hub + relacionadas),Media
/calculadora-emigrar-espana-presupuesto-primer-ano-familia,calculadora-emigrar-espana-presupuesto-primer-ano-familia,¿Cuánto cuesta emigrar a España? Calculadora 2026 + tabla | Hacé Cuentas,¿Cuánto cuesta emigrar a España con familia? Calculadora 2026,viajes,CalcLayoutV2 ([...slug].astro),cuánto cuesta emigrar a España,Herramienta,(self),Sí,Sí,0,otros-viajes,—,HUÉRFANA — agregar enlaces internos (hub + relacionadas),Media
/calculadora-esqui-pase-cerro-catedral-bariloche-precio-dia,calculadora-esqui-pase-cerro-catedral-bariloche-precio-dia,Pase Cerro Catedral Bariloche 2026: precio por día según temporada,Precio del pase de esquí Cerro Catedral,viajes,CalcLayoutV2 ([...slug].astro),pase cerro catedral bariloche precio,Herramienta,(self),Sí,Sí,0,otros-viajes,—,HUÉRFANA — agregar enlaces internos (hub + relacionadas),Media
/calculadora-millas-delta-skymiles,calculadora-millas-delta-skymiles,Cuántas millas Delta necesito: calculadora + tabla | Hacé Cuentas,Cuántas millas Delta SkyMiles necesito por destino,viajes,CalcLayoutV2 ([...slug].astro),cuantas millas delta necesito,Herramienta,(self),Sí,Sí,0,otros-viajes,—,HUÉRFANA — agregar enlaces internos (hub + relacionadas),Media
/calculadora-upgrade-clase-avion-costo,calculadora-upgrade-clase-avion-costo,¿Vale la pena el upgrade a Business o First? Calculadora + tabla | Hacé Cuentas,¿Vale la pena el upgrade a Business o First Class? Calculadora de costo por hora,viajes,CalcLayoutV2 ([...slug].astro),vale la pena el upgrade a business,Herramienta,(self),Sí,Sí,0,otros-viajes,—,HUÉRFANA — agregar enlaces internos (hub + relacionadas),Media
/calculadora-visa-brasil-ciudadano-argentino,calculadora-visa-brasil-ciudadano-argentino,¿Necesito visa para ir a Brasil siendo argentino? 2026 | Hacé Cuentas,¿Necesito visa para ir a Brasil siendo argentino?,viajes,CalcLayoutV2 ([...slug].astro),visa brasil argentinos,Herramienta,(self),Sí,Sí,0,otros-viajes,—,HUÉRFANA — agregar enlaces internos (hub + relacionadas),Media
/conversor-dolar-euro-pesos-argentinos,conversor-dolar-euro-pesos-argentinos,"Conversor de monedas con dólar blue, MEP y tarjeta","Conversor de monedas con dólar blue, MEP y tarjeta",viajes,CalcLayoutV2 ([...slug].astro),conversor dolar euro real,Herramienta,(self),Sí,Sí,0,otros-viajes,—,HUÉRFANA — agregar enlaces internos (hub + relacionadas),Media
/calculadora-costo-roaming-datos-exterior,calculadora-costo-roaming-datos-exterior,Calculadora de Costo de Roaming Internacional 2026,Calculadora de Costo de Roaming Internacional,viajes,CalcLayoutV2 ([...slug].astro),roaming exterior costo,Herramienta,(self),Sí,Sí,0,otros-viajes,—,HUÉRFANA — agregar enlaces internos (hub + relacionadas),Media
/calculadora-diferencia-horaria-ciudades-paises,calculadora-diferencia-horaria-ciudades-paises,Calculadora de Diferencia Horaria entre Ciudades 2026,Calculadora de Diferencia Horaria entre Ciudades,viajes,CalcLayoutV2 ([...slug].astro),diferencia horaria entre ciudades,Herramienta,(self),Sí,Sí,0,otros-viajes,jetlag-huso,"Posible dup cluster ""jetlag-huso"" — evaluar canonical o mejor enlazado",Alta
/calculadora-emigrar-espana-presupuesto-inicial-6meses,calculadora-emigrar-espana-presupuesto-inicial-6meses,Presupuesto para Emigrar a España 2026 — Gratis | Hacé Cuentas,Presupuesto para Emigrar a España 2026,viajes,CalcLayoutV2 ([...slug].astro),calculadora emigrar españa 2026,Herramienta,(self),Sí,Sí,0,otros-viajes,—,HUÉRFANA — agregar enlaces internos (hub + relacionadas),Media
/calculadora-impuesto-pais-pasaje-avion-internacional,calculadora-impuesto-pais-pasaje-avion-internacional,Calculadora Impuesto PAIS pasaje 2026 — Gratis,Impuesto PAIS pasaje,viajes,CalcLayoutV2 ([...slug].astro),impuesto pais pasaje avion internacional,Herramienta,(self),Sí,Sí,0,otros-viajes,—,HUÉRFANA — agregar enlaces internos (hub + relacionadas),Media
/calculadora-jet-lag-zonas-horarias-adaptacion-dias,calculadora-jet-lag-zonas-horarias-adaptacion-dias,Jet lag: cuántos días tarda tu cuerpo en adaptarse | Hacé Cuentas,Jet lag: cuántos días tarda tu cuerpo en adaptarse,viajes,CalcLayoutV2 ([...slug].astro),calculadora jet lag,Herramienta,(self),Sí,No,0,otros-viajes,jetlag-huso,"Posible dup cluster ""jetlag-huso"" — evaluar canonical o mejor enlazado",Alta
/calculadora-jet-lag-recuperacion,calculadora-jet-lag-recuperacion,Calculadora Jet Lag 2026 — Días de Recuperación,Calculadora de jet lag — días de recuperación,viajes,CalcLayoutV2 ([...slug].astro),calculadora jet lag,Herramienta,(self),Sí,Sí,0,otros-viajes,jetlag-huso,"Posible dup cluster ""jetlag-huso"" — evaluar canonical o mejor enlazado",Alta
/calculadora-millaje-frecuente-aerolineas-argentinas-programas,calculadora-millaje-frecuente-aerolineas-argentinas-programas,Calculadora Millas aerolíneas AR 2026 — Gratis,Millas aerolíneas AR,viajes,CalcLayoutV2 ([...slug].astro),millaje frecuente aerolineas argentinas programas,Herramienta,(self),Sí,Sí,0,otros-viajes,—,HUÉRFANA — agregar enlaces internos (hub + relacionadas),Media
/calculadora-pasaje-aereo-millas-vs-pesos-canjear,calculadora-pasaje-aereo-millas-vs-pesos-canjear,Calculadora Millas vs pesos canje 2026 — Gratis,Millas vs pesos canje,viajes,CalcLayoutV2 ([...slug].astro),calculadora millas vs pesos canje 2026,Herramienta,(self),Sí,Sí,0,otros-viajes,—,HUÉRFANA — agregar enlaces internos (hub + relacionadas),Media
/calculadora-peso-mochila-ideal-trekking-senderismo,calculadora-peso-mochila-ideal-trekking-senderismo,Calculadora de Peso Ideal de Mochila para Trekking 2026,Calculadora de Peso Ideal de Mochila para Trekking,viajes,CalcLayoutV2 ([...slug].astro),peso mochila trekking,Herramienta,(self),Sí,Sí,0,otros-viajes,—,HUÉRFANA — agregar enlaces internos (hub + relacionadas),Media
/calculadora-visa-turismo-paises-costo-tiempo,calculadora-visa-turismo-paises-costo-tiempo,Cuánto cuesta una visa de turismo: costos por país + tabla | Hacé Cuentas,Cuánto cuesta una visa de turismo: costo y tiempo por país,viajes,CalcLayoutV2 ([...slug].astro),cuanto cuesta una visa de turismo,Herramienta,(self),Sí,Sí,0,otros-viajes,—,HUÉRFANA — agregar enlaces internos (hub + relacionadas),Media
/calculadora-working-holiday-australia-costo-ano,calculadora-working-holiday-australia-costo-ano,Calculadora Working Holiday Australia 2026 | Hacé Cuentas,Working Holiday Australia,viajes,CalcLayoutV2 ([...slug].astro),working holiday australia costo ano,Herramienta,(self),Sí,Sí,0,otros-viajes,—,HUÉRFANA — agregar enlaces internos (hub + relacionadas),Media
/calculadora-zona-horaria-diferencia-ciudades-convertir,calculadora-zona-horaria-diferencia-ciudades-convertir,Diferencia horaria entre ciudades: calculadora + tabla | Hacé Cuentas,Diferencia horaria entre ciudades: cuántas horas hay,viajes,CalcLayoutV2 ([...slug].astro),diferencia horaria entre ciudades,Herramienta,(self),Sí,Sí,0,otros-viajes,jetlag-huso,"Posible dup cluster ""jetlag-huso"" — evaluar canonical o mejor enlazado",Alta
/calculadora-costo-por-kilometro-auto,calculadora-costo-por-kilometro-auto,Cuánto Cobrar por KM Recorrido en Auto 2026 (Argentina),Calculadora Costo por Kilómetro de Auto,automotor,CalcLayoutV2 ([...slug].astro),costo por kilometro auto,Presupuesto / costo de viaje,(self),Sí,Sí,21,viajes,—,Mantener; reforzar enlace a maestra de su familia,Baja
/calculadora-consumo-nafta-litros-100km,calculadora-consumo-nafta-litros-100km,Calculadora Consumo de Nafta L/100km 2026 | Hacé Cuentas,Calculadora Consumo de Nafta L/100km,automotor,CalcLayoutV2 ([...slug].astro),consumo nafta litros 100km,Presupuesto / costo de viaje,(self),Sí,Sí,18,viajes,combustible-viaje,"Cluster ""combustible-viaje"" — enlazar a la maestra, evaluar canonical",Alta
/calculadora-autonomia-tanque-combustible,calculadora-autonomia-tanque-combustible,Calculadora Autonomía con Tanque de Combustible 2026,Calculadora Autonomía con Tanque de Combustible,automotor,CalcLayoutV2 ([...slug].astro),autonomia tanque lleno,Presupuesto / costo de viaje,(self),Sí,Sí,12,viajes,autonomia,"Cluster ""autonomia"" — enlazar a la maestra, evaluar canonical",Alta
/calculadora-emision-co2-auto-combustible,calculadora-emision-co2-auto-combustible,Calcular Emisiones de CO2 de tu Auto por Combustible,Calculadora Emisión de CO2 por Auto y Combustible,automotor,CalcLayoutV2 ([...slug].astro),emision co2 auto,Presupuesto / costo de viaje,(self),Sí,Sí,12,viajes,—,Mantener; reforzar enlace a maestra de su familia,Baja
/calculadora-comparar-nafta-vs-gnc-ahorro,calculadora-comparar-nafta-vs-gnc-ahorro,Calculadora Nafta vs GNC — Ahorro Real 2026 | Hacé Cuentas,Calculadora Nafta vs GNC — Ahorro Real,automotor,CalcLayoutV2 ([...slug].astro),nafta vs gnc ahorro,Presupuesto / costo de viaje,(self),Sí,Sí,11,viajes,gnc-nafta,"Cluster ""gnc-nafta"" — enlazar a la maestra, evaluar canonical",Alta
/calculadora-presupuesto-viaje-rio-janeiro,calculadora-presupuesto-viaje-rio-janeiro,Presupuesto Viaje Río de Janeiro 2026 Online Gratis,Presupuesto de viaje a Río de Janeiro,viajes,CalcLayoutV2 ([...slug].astro),presupuesto viaje río de janeiro,Presupuesto / costo de viaje,(self),Sí,Sí,11,viajes,presupuesto-viaje-destino,"Cluster ""presupuesto-viaje-destino"" — enlazar a la maestra, evaluar canonical",Alta
/calculadora-costo-viaje-combustible-kilometros,calculadora-costo-viaje-combustible-kilometros,Calculadora Costo viaje combustible 2026 | Hacé Cuentas,Costo viaje combustible,automotor,CalcLayoutV2 ([...slug].astro),costo viaje combustible kilometros,Presupuesto / costo de viaje,(self),Sí,Sí,11,viajes,combustible-viaje,CANDIDATA A HERRAMIENTA MAESTRA — ampliar,Alta
/calculadora-presupuesto-viaje-madrid,calculadora-presupuesto-viaje-madrid,Presupuesto viaje a Madrid 2026 | Hacé Cuentas,Presupuesto viaje a Madrid 2026,viajes,CalcLayoutV2 ([...slug].astro),presupuesto viaje madrid,Presupuesto / costo de viaje,(self),Sí,Sí,10,viajes,presupuesto-viaje-destino,"Cluster ""presupuesto-viaje-destino"" — enlazar a la maestra, evaluar canonical",Alta
/calculadora-costo-peaje-ruta,calculadora-costo-peaje-ruta,Calculadora de Costo de Peajes por Ruta 2026 | Hacé Cuentas,Calculadora de Costo de Peajes por Ruta,automotor,CalcLayoutV2 ([...slug].astro),costo peaje ruta,Presupuesto / costo de viaje,(self),Sí,Sí,10,viajes,—,Mantener; reforzar enlace a maestra de su familia,Baja
/calculadora-presupuesto-viaje,calculadora-presupuesto-viaje,Calculadora de Presupuesto de Viaje 2026 | Hacé Cuentas,Calculadora de presupuesto de viaje,viajes,CalcLayoutV2 ([...slug].astro),presupuesto de viaje,Presupuesto / costo de viaje,(self),Sí,Sí,9,viajes,presupuesto-viaje-destino,"Cluster ""presupuesto-viaje-destino"" — enlazar a la maestra, evaluar canonical",Alta
/calculadora-autonomia-tanque-lleno-kilometros,calculadora-autonomia-tanque-lleno-kilometros,Calculadora Autonomía tanque lleno 2026 — Gratis,Autonomía tanque lleno,automotor,CalcLayoutV2 ([...slug].astro),calculadora autonomía tanque lleno 2026,Presupuesto / costo de viaje,(self),Sí,Sí,8,viajes,autonomia,"Cluster ""autonomia"" — enlazar a la maestra, evaluar canonical",Alta
/calculadora-distancia-vuelo-2-ciudades,calculadora-distancia-vuelo-2-ciudades,Distancia en vuelo entre dos ciudades (Haversine) 2026,Distancia en vuelo entre dos ciudades (Haversine),viajes,CalcLayoutV2 ([...slug].astro),distancia entre ciudades,Presupuesto / costo de viaje,(self),Sí,Sí,8,viajes,—,Mantener; reforzar enlace a maestra de su familia,Baja
/calculadora-presupuesto-viaje-dubai,calculadora-presupuesto-viaje-dubai,Cuánto cuesta un viaje a Dubái 2026 | Hacé Cuentas,¿Cuánto cuesta un viaje a Dubái en 2026?,viajes,CalcLayoutV2 ([...slug].astro),presupuesto viaje dubái,Presupuesto / costo de viaje,(self),Sí,Sí,8,viajes,presupuesto-viaje-destino,"Cluster ""presupuesto-viaje-destino"" — enlazar a la maestra, evaluar canonical",Alta
/calculadora-presupuesto-viaje-lima-peru,calculadora-presupuesto-viaje-lima-peru,Presupuesto Viaje a Lima Peru 2026 — Calculadora Gratis,Presupuesto de viaje a Lima,viajes,CalcLayoutV2 ([...slug].astro),presupuesto viaje lima,Presupuesto / costo de viaje,(self),Sí,Sí,8,viajes,presupuesto-viaje-destino,"Cluster ""presupuesto-viaje-destino"" — enlazar a la maestra, evaluar canonical",Alta
/calculadora-presupuesto-viaje-santiago-chile,calculadora-presupuesto-viaje-santiago-chile,Cuánto cuesta viajar a Santiago de Chile 2026 | Hacé Cuentas,¿Cuánto cuesta viajar a Santiago de Chile en 2026?,viajes,CalcLayoutV2 ([...slug].astro),presupuesto viaje santiago,Presupuesto / costo de viaje,(self),Sí,Sí,8,viajes,presupuesto-viaje-destino,"Cluster ""presupuesto-viaje-destino"" — enlazar a la maestra, evaluar canonical",Alta
/calculadora-puntos-vs-cash-vuelo-cuando-conviene,calculadora-puntos-vs-cash-vuelo-cuando-conviene,¿Puntos o efectivo? — Punto de equilibrio 2026,¿Puntos o efectivo? — Punto de equilibrio,viajes,CalcLayoutV2 ([...slug].astro),puntos vs cash vuelo,Presupuesto / costo de viaje,(self),Sí,Sí,8,viajes,—,Mantener; reforzar enlace a maestra de su familia,Baja
/calculadora-consumo-combustible-km-litro,calculadora-consumo-combustible-km-litro,Calculadora Consumo combustible km/L 2026 | Hacé Cuentas,Consumo combustible km/L,automotor,CalcLayoutV2 ([...slug].astro),consumo combustible km litro,Presupuesto / costo de viaje,(self),Sí,Sí,8,viajes,combustible-viaje,"Cluster ""combustible-viaje"" — enlazar a la maestra, evaluar canonical",Alta
/calculadora-dias-ideales-viaje-destino,calculadora-dias-ideales-viaje-destino,¿Cuántos días de viaje necesito? Calculadora + tabla por destino | Hacé Cuentas,¿Cuántos días necesito para mi viaje? Calculadora por destino y ritmo,viajes,CalcLayoutV2 ([...slug].astro),cuantos dias de viaje necesito,Presupuesto / costo de viaje,(self),Sí,Sí,8,viajes,—,Mantener; reforzar enlace a maestra de su familia,Baja
/calculadora-equipaje-extra-costo-aerolinea,calculadora-equipaje-extra-costo-aerolinea,"Exceso de Equipaje 2026: costo por aerolínea (AR, FB, JS)",Calculadora de Costo de Equipaje Extra por Aerolínea,viajes,CalcLayoutV2 ([...slug].astro),costo exceso equipaje,Presupuesto / costo de viaje,(self),Sí,Sí,7,viajes,equipaje,"Cluster ""equipaje"" — enlazar a la maestra, evaluar canonical",Alta
/calculadora-conexion-vuelo-minimo-minutos,calculadora-conexion-vuelo-minimo-minutos,Calculadora de Conexión Mínima entre Vuelos 2026,Tiempo mínimo de conexión entre vuelos,viajes,CalcLayoutV2 ([...slug].astro),conexion minima vuelos,Presupuesto / costo de viaje,(self),Sí,Sí,3,viajes,—,Mantener; reforzar enlace a maestra de su familia,Baja
/calculadora-llegada-aeropuerto-minutos-vuelo,calculadora-llegada-aeropuerto-minutos-vuelo,¿A qué hora exacta llegar al aeropuerto? Calc 2026,¿A qué hora exacta llegar al aeropuerto?,viajes,CalcLayoutV2 ([...slug].astro),hora llegar aeropuerto,Presupuesto / costo de viaje,(self),Sí,Sí,3,viajes,—,Mantener; reforzar enlace a maestra de su familia,Baja
/calculadora-tiempo-vuelo-estimado-avion,calculadora-tiempo-vuelo-estimado-avion,Calculadora de tiempo de vuelo por km + tabla de rutas | Hacé Cuentas,Calculadora de tiempo de vuelo por distancia,viajes,CalcLayoutV2 ([...slug].astro),calculadora tiempo de vuelo,Presupuesto / costo de viaje,(self),Sí,Sí,3,viajes,—,Mantener; reforzar enlace a maestra de su familia,Baja
/calculadora-valor-millas-viajero-frecuente,calculadora-valor-millas-viajero-frecuente,Valor Milla Viajero Frecuente 2026 — Gratis Online,Valor de milla de viajero frecuente,viajes,CalcLayoutV2 ([...slug].astro),valor milla,Presupuesto / costo de viaje,(self),Sí,Sí,3,viajes,—,Mantener; reforzar enlace a maestra de su familia,Baja
/calculadora-propina-por-pais-viaje,calculadora-propina-por-pais-viaje,Propina por País 2026 — cuánto dejar en cada destino,Cuánto dejar de propina según el país y tipo de servicio,viajes,CalcLayoutV2 ([...slug].astro),cuanto dejar propina,Presupuesto / costo de viaje,(self),Sí,Sí,3,viajes,—,Mantener; reforzar enlace a maestra de su familia,Baja
/calculadora-conversion-temperatura-clima,calculadora-conversion-temperatura-clima,Temperatura y Sensación Térmica para Viajes | Hacé Cuentas,Conversor de temperatura y sensación térmica para viajes,viajes,CalcLayoutV2 ([...slug].astro),celsius a fahrenheit,Presupuesto / costo de viaje,(self),Sí,Sí,2,viajes,—,Mantener; reforzar enlace a maestra de su familia,Baja
/calculadora-descuento-vuelo-millas-vs-cash,calculadora-descuento-vuelo-millas-vs-cash,¿Me conviene pagar el vuelo con millas o en efectivo?,¿Me conviene pagar el vuelo con millas o en efectivo?,viajes,CalcLayoutV2 ([...slug].astro),millas vs cash,Presupuesto / costo de viaje,(self),Sí,Sí,2,viajes,—,Mantener; reforzar enlace a maestra de su familia,Baja
/calculadora-horario-llegada-zona-horaria,calculadora-horario-llegada-zona-horaria,Hora Local de Llegada por Zona Horaria y Vuelo,Hora local de llegada según zona horaria y duración de vuelo,viajes,CalcLayoutV2 ([...slug].astro),hora llegada vuelo,Presupuesto / costo de viaje,(self),Sí,Sí,2,viajes,jetlag-huso,"Cluster ""jetlag-huso"" — enlazar a la maestra, evaluar canonical",Alta
/calculadora-tiempo-conexion-aeropuerto-internacional,calculadora-tiempo-conexion-aeropuerto-internacional,Tiempo Mínimo de Conexión MCT en Aeropuertos 2026 | Hacé Cuentas,Tiempo mínimo de conexión (MCT) entre vuelos por aeropuerto,viajes,CalcLayoutV2 ([...slug].astro),tiempo minimo conexion,Presupuesto / costo de viaje,(self),Sí,Sí,2,viajes,—,Mantener; reforzar enlace a maestra de su familia,Baja
/calculadora-vuelo-emisiones-co2-pasajero,calculadora-vuelo-emisiones-co2-pasajero,Calculadora CO₂ por Vuelo — Huella Pasajero 2026,Emisiones de CO₂ por Vuelo: Huella de Carbono del Pasajero,viajes,CalcLayoutV2 ([...slug].astro),emisiones co2 vuelo,Presupuesto / costo de viaje,(self),Sí,Sí,2,viajes,—,Mantener; reforzar enlace a maestra de su familia,Baja
/calculadora-equipaje-mano-bodega-peso-volumen-aerolinea,calculadora-equipaje-mano-bodega-peso-volumen-aerolinea,Equipaje de mano: peso y medidas por aerolínea + tabla | Hacé Cuentas,Equipaje de mano y bodega: peso y medidas permitidas por aerolínea,viajes,CalcLayoutV2 ([...slug].astro),equipaje de mano peso y medidas,Presupuesto / costo de viaje,(self),Sí,Sí,2,viajes,equipaje,"Cluster ""equipaje"" — enlazar a la maestra, evaluar canonical",Alta
/calculadora-aceite-motor-capacidad-cambio-km,calculadora-aceite-motor-capacidad-cambio-km,¿Cada cuántos km cambiar el aceite? Calculadora 2026 | Hacé Cuentas,¿Cada cuántos km cambiar el aceite?,automotor,CalcLayoutV2 ([...slug].astro),calculadora cambio de aceite: intervalo 2026,Presupuesto / costo de viaje,(self),Sí,Sí,1,viajes,—,Mantener; reforzar enlace a maestra de su familia,Baja
/calculadora-ahorro-auto-electrico-vs-nafta-anual,calculadora-ahorro-auto-electrico-vs-nafta-anual,Calculadora Ahorro auto eléctrico vs nafta 2026,Ahorro auto eléctrico vs nafta,automotor,CalcLayoutV2 ([...slug].astro),ahorro auto eléctrico vs nafta,Presupuesto / costo de viaje,(self),Sí,Sí,1,viajes,—,Mantener; reforzar enlace a maestra de su familia,Baja
/calculadora-auto-electrico-vs-nafta-tco-5-anos-argentina,calculadora-auto-electrico-vs-nafta-tco-5-anos-argentina,TCO Auto Eléctrico vs Nafta 5 Años Argentina 2026,"Calculadora TCO: Auto Eléctrico vs Nafta (5 años, Argentina)",automotor,CalcLayoutV2 ([...slug].astro),auto electrico nafta tco,Presupuesto / costo de viaje,(self),Sí,Sí,1,viajes,—,Mantener; reforzar enlace a maestra de su familia,Baja
/calculadora-conversion-velocidad-kmh-mph-nudos,calculadora-conversion-velocidad-kmh-mph-nudos,"Convertir km/h a mph, nudos y m/s: calculadora + tabla | Hacé Cuentas",Convertir km/h ↔ mph ↔ nudos ↔ m/s,automotor,CalcLayoutV2 ([...slug].astro),convertir km/h a mph,Presupuesto / costo de viaje,(self),Sí,Sí,1,viajes,—,Mantener; reforzar enlace a maestra de su familia,Baja
/calculadora-litros-nafta-viaje-ruta-argentina,calculadora-litros-nafta-viaje-ruta-argentina,Calculadora de Litros de Nafta para un Viaje por Ruta,Calculadora de Litros de Nafta para un Viaje por Ruta,viajes,CalcLayoutV2 ([...slug].astro),litros nafta viaje ruta,Presupuesto / costo de viaje,/calculadora-costo-viaje-combustible-kilometros,Sí,No,1,viajes,combustible-viaje,Ya canonicalizada → calculadora-costo-viaje-combustible-kilometros (mantener),Baja
/calculadora-combustible-viaje-auto,calculadora-combustible-viaje-auto,Calculadora Combustible Viaje en Auto 2026: Nafta y Gasoil,Calculadora de combustible para un viaje,viajes,CalcLayoutV2 ([...slug].astro),calculadora combustible viaje,Presupuesto / costo de viaje,/calculadora-costo-viaje-combustible-kilometros,Sí,No,1,viajes,combustible-viaje,Ya canonicalizada → calculadora-costo-viaje-combustible-kilometros (mantener),Baja
/calculadora-ahorro-gnc-vs-nafta-anual-ars,calculadora-ahorro-gnc-vs-nafta-anual-ars,Calculadora Ahorro GNC vs nafta anual 2026 | Hacé Cuentas,Ahorro GNC vs nafta anual,automotor,CalcLayoutV2 ([...slug].astro),ahorro gnc vs nafta anual,Presupuesto / costo de viaje,(self),Sí,Sí,0,viajes,gnc-nafta,"Posible dup cluster ""gnc-nafta"" — evaluar canonical o mejor enlazado",Alta
/calculadora-autovia-peajes-argentina-ruta-2-ruta-3,calculadora-autovia-peajes-argentina-ruta-2-ruta-3,Calculadora Peajes Ruta 2 y Ruta 3 Argentina 2026 — Gratis | Hacé Cuentas,Peajes Ruta 2 y Ruta 3 Argentina,viajes,CalcLayoutV2 ([...slug].astro),calculadora peajes ruta 2 2026,Presupuesto / costo de viaje,(self),Sí,Sí,0,viajes,—,HUÉRFANA — agregar enlaces internos (hub + relacionadas),Media-alta
/calculadora-costo-cargar-auto-electrico-vs-nafta,calculadora-costo-cargar-auto-electrico-vs-nafta,Costo cargar auto eléctrico vs nafta 2026 | Hacé Cuentas,Costo de cargar un auto eléctrico vs. cargar nafta,automotor,CalcLayoutV2 ([...slug].astro),costo cargar auto electrico vs nafta,Presupuesto / costo de viaje,(self),Sí,Sí,0,viajes,—,HUÉRFANA — agregar enlaces internos (hub + relacionadas),Media-alta
/calculadora-equipaje-permitido-franquicia-aerolinea,calculadora-equipaje-permitido-franquicia-aerolinea,¿Cuánto equipaje permite cada aerolínea? Franquicia 2026,¿Cuánto equipaje te permite llevar cada aerolínea?,viajes,CalcLayoutV2 ([...slug].astro),cuanto equipaje permite cada aerolinea,Presupuesto / costo de viaje,(self),Sí,Sí,0,viajes,equipaje,"Posible dup cluster ""equipaje"" — evaluar canonical o mejor enlazado",Alta
/calculadora-mezcla-2-tiempos-nafta-aceite,calculadora-mezcla-2-tiempos-nafta-aceite,"Mezcla 2 tiempos: nafta y aceite (50:1, 40:1) 2026 | Hacé Cuentas",Calculadora de mezcla 2 tiempos: nafta y aceite,automotor,CalcLayoutV2 ([...slug].astro),mezcla 2 tiempos nafta aceite,Presupuesto / costo de viaje,(self),Sí,Sí,0,viajes,—,HUÉRFANA — agregar enlaces internos (hub + relacionadas),Media-alta
/calculadora-precio-remis-por-km-argentina-2026-cordoba-rosario-buenos-aires,calculadora-precio-remis-por-km-argentina-2026-cordoba-rosario-buenos-aires,"Precio Remis por KM Argentina 2026: Tarifa CABA, Córdoba, Rosario",Precio Remis por KM Argentina 2026,viajes,CalcLayoutV2 ([...slug].astro),precio remis km argentina,Presupuesto / costo de viaje,(self),Sí,Sí,0,viajes,—,HUÉRFANA — agregar enlaces internos (hub + relacionadas),Media-alta
/calculadora-correa-distribucion-cambio-intervalo-km,calculadora-correa-distribucion-cambio-intervalo-km,Calculadora Correa distribución cambio 2026 | Hacé Cuentas,Correa distribución cambio,automotor,CalcLayoutV2 ([...slug].astro),correa distribucion cambio intervalo km,Presupuesto / costo de viaje,(self),Sí,Sí,0,viajes,—,HUÉRFANA — agregar enlaces internos (hub + relacionadas),Media-alta
/calculadora-costo-mantenimiento-auto-anual-km,calculadora-costo-mantenimiento-auto-anual-km,Calculadora Costo mantenimiento anual 2026 | Hacé Cuentas,Costo mantenimiento anual,automotor,CalcLayoutV2 ([...slug].astro),calculadora costo mantenimiento anual 2026,Presupuesto / costo de viaje,(self),Sí,Sí,0,viajes,—,HUÉRFANA — agregar enlaces internos (hub + relacionadas),Media-alta
/calculadora-emisiones-co2-auto-g-km-anual,calculadora-emisiones-co2-auto-g-km-anual,Emisiones CO2 de un auto por km y año 2026 | Hacé Cuentas,Emisiones CO2 de un auto por km y año,automotor,CalcLayoutV2 ([...slug].astro),calculadora emisiones co2 anuales auto 2026,Presupuesto / costo de viaje,(self),Sí,Sí,0,viajes,—,HUÉRFANA — agregar enlaces internos (hub + relacionadas),Media-alta
/calculadora-equipaje-peso-sobrepeso-coste-por-kilo,calculadora-equipaje-peso-sobrepeso-coste-por-kilo,Sobrepeso de equipaje 2026: cuánto te cuesta por kilo | Hacé Cuentas,Sobrepeso de equipaje: cuánto te cuesta por kilo extra,viajes,CalcLayoutV2 ([...slug].astro),calculadora sobrepeso equipaje 2026,Presupuesto / costo de viaje,(self),Sí,Sí,0,viajes,equipaje,"Posible dup cluster ""equipaje"" — evaluar canonical o mejor enlazado",Alta
/calculadora-equipaje-vuelo-kg-lb-limites,calculadora-equipaje-vuelo-kg-lb-limites,"Equipaje de avión: kg, lb y límites por aerolínea 2026","Equipaje de avión: kg, lb y límites por aerolínea",viajes,CalcLayoutV2 ([...slug].astro),equipaje avion argentina,Presupuesto / costo de viaje,(self),Sí,Sí,0,viajes,equipaje,"Posible dup cluster ""equipaje"" — evaluar canonical o mejor enlazado",Alta
/calculadora-jet-lag-recuperacion-horas-diferencia-dias,calculadora-jet-lag-recuperacion-horas-diferencia-dias,Cuántos días dura el jet lag: calculadora + tabla por ruta | Hacé Cuentas,¿Cuántos días tardás en recuperarte del jet lag?,viajes,CalcLayoutV2 ([...slug].astro),cuántos días dura el jet lag,Presupuesto / costo de viaje,(self),Sí,No,0,viajes,jetlag-huso,"Posible dup cluster ""jetlag-huso"" — evaluar canonical o mejor enlazado",Alta
/calculadora-litros-nafta-por-salario-poder-compra,calculadora-litros-nafta-por-salario-poder-compra,Calculadora Litros de nafta por salario 2026 | Hacé Cuentas,Litros de nafta por salario,automotor,CalcLayoutV2 ([...slug].astro),litros nafta por salario poder compra,Presupuesto / costo de viaje,(self),Sí,Sí,0,viajes,—,HUÉRFANA — agregar enlaces internos (hub + relacionadas),Media-alta
/calculadora-maletas-peso-aerolineas-low-cost-premium,calculadora-maletas-peso-aerolineas-low-cost-premium,Exceso de equipaje aerolíneas Argentina: calculadora + tabla | Hacé Cuentas,"Calculadora de exceso de equipaje: Flybondi, JetSMART, Aerolíneas y LATAM",viajes,CalcLayoutV2 ([...slug].astro),exceso equipaje aerolíneas Argentina 2026,Presupuesto / costo de viaje,(self),Sí,Sí,0,viajes,equipaje,"Posible dup cluster ""equipaje"" — evaluar canonical o mejor enlazado",Alta
/calculadora-moneda-local-cambio-pais,calculadora-moneda-local-cambio-pais,¿Cuánta plata llevar al viaje? Calculadora de efectivo + tabla | Hacé Cuentas,¿Cuánta plata llevar al viaje? Calculadora de moneda en efectivo,viajes,CalcLayoutV2 ([...slug].astro),cuanta plata llevar al viaje,Presupuesto / costo de viaje,(self),Sí,Sí,0,viajes,—,HUÉRFANA — agregar enlaces internos (hub + relacionadas),Media-alta
/calculadora-presupuesto-viaje-vacaciones,calculadora-presupuesto-viaje-vacaciones,Presupuesto de Viaje 2026: Calculá Cuánto Cuesta tu Vacación | Hacé Cuentas,Presupuesto de viaje: ¿cuánto cuesta tu vacación?,viajes,CalcLayoutV2 ([...slug].astro),presupuesto viaje,Presupuesto / costo de viaje,/calculadora-presupuesto-viaje,Sí,No,0,viajes,presupuesto-viaje-destino,Ya canonicalizada → calculadora-presupuesto-viaje (mantener),Baja
/calculadora-ropa-maleta-dias-viaje,calculadora-ropa-maleta-dias-viaje,Calculadora de Ropa para la Maleta 2026 — Gratis,Calculadora de Ropa para la Maleta,viajes,CalcLayoutV2 ([...slug].astro),cuanta ropa llevar viaje,Presupuesto / costo de viaje,(self),Sí,Sí,0,viajes,—,HUÉRFANA — agregar enlaces internos (hub + relacionadas),Media-alta
/calculadora-vtv-ruta-vencimiento-vigencia-meses,calculadora-vtv-ruta-vencimiento-vigencia-meses,Calculadora VTV vigencia y próxima 2026 — Gratis,VTV vigencia y próxima,automotor,CalcLayoutV2 ([...slug].astro),vtv vigencia y próxima,Presupuesto / costo de viaje,(self),Sí,Sí,0,viajes,—,HUÉRFANA — agregar enlaces internos (hub + relacionadas),Media-alta
